{
  "config": {
    "train_options": {
      "learning_rate": 0.01,
      "optimizer": "SGD",
      "batch_size": 128,
      "number_of_epochs": 300,
      "loss_parameters": {
        "temperature": 0,
        "distillation_type": "CE",
        "alpha": 0.0,
        "beta": 0.0
      }
    }
  },
  "results": {
    "train_losses": [
      [
        4.330480661773682, 3.85634390335083, 3.5951386993408203,
        3.367053589630127, 3.151751862335205, 2.9527389274597167,
        2.776891315460205, 2.6379567378997804, 2.5154584297180174,
        2.400510974884033, 2.299544045639038, 2.2052334617614746,
        2.132635191345215, 2.0627692726135254, 1.9975374092102052,
        1.9415168422698974, 1.8925679597854614, 1.8394667415618897,
        1.7939472230911255, 1.7375758453369141, 1.7083349191665649,
        1.6574291818618774, 1.6238047813415528, 1.5862829738616944,
        1.546876416015625, 1.5194582992553711, 1.48814598197937,
        1.4613129955291748, 1.4321881269454957, 1.4020682098388673,
        1.3750233722686767, 1.35763657245636, 1.3256493148803712,
        1.2986528284072876, 1.2846239994049071, 1.2563238874435425,
        1.236706727027893, 1.2161109332084656, 1.1956589332580567,
        1.1728478010177612, 1.1578467473983765, 1.1385128620147704,
        1.1289379430770874, 1.1064582553863525, 1.0891194538116455,
        1.0697301467895508, 1.0551230995178222, 1.0500991109848024,
        1.0274347971916198, 1.0059989693641662, 0.9934419314384461,
        0.9901895038604737, 0.9714777309417725, 0.9559212287902832,
        0.9484384616851806, 0.9300671706199646, 0.9193131168365478,
        0.9148813908576965, 0.8915279664039611, 0.8832202306747436,
        0.8693510035037995, 0.8608411747932434
      ]
    ],
    "valid_losses": [
      [
        4.0340634498596195, 3.7763278507232667, 3.553902269744873,
        3.3246946979522707, 3.173560201263428, 2.9394091011047365,
        2.8202375396728514, 2.7065552574157716, 2.582174550628662,
        2.4660225158691405, 2.4361200298309327, 2.3423912017822266,
        2.345725238800049, 2.2236810707092287, 2.2612531715393067,
        2.2243179454803466, 2.20495336227417, 2.187334017944336,
        2.131415423202515, 2.1426931018829345, 2.076204275894165,
        2.093345408630371, 2.040826301383972, 2.035040912246704,
        2.0921799156188965, 1.9792921062469482, 2.012936485671997,
        2.0496192386627197, 1.9120927673339845, 1.9631581707000731,
        1.9204461210250854, 1.921992339706421, 1.9293909133911133,
        1.8910377117156982, 1.9509976188659668, 1.9235474609375,
        1.905694192504883, 1.9130230834960937, 1.9766435737609864,
        1.9001176780700684, 1.918261127471924, 1.8527412879943848,
        1.9073624824523925, 1.8925618034362792, 1.88253359375,
        2.047103995132446, 1.95085728225708, 2.0092098857879637,
        1.8963227054595948, 1.9818914703369142, 1.9490876945495605,
        2.037393418121338, 1.9681726428985595, 1.9232593044281006,
        1.955662469100952, 1.9570874767303468, 1.8782221925735474,
        1.968172971534729, 1.9178299604415894, 1.8961855987548828,
        1.976935210800171, 1.9278909099578858
      ]
    ],
    "train_accs": [
      [
        4.3325000000000005, 9.93, 14.099999999999998, 17.93, 21.93,
        25.282500000000002, 28.677500000000002, 31.490000000000002, 34.135,
        36.43, 38.8225, 40.637499999999996, 42.44, 43.69, 45.205, 46.57,
        47.6325, 48.915, 50.0275, 51.580000000000005, 52.085, 53.335, 54.0925,
        55.1625, 55.95250000000001, 56.325, 57.4975, 58.035000000000004,
        58.709999999999994, 59.865, 60.69, 60.6325, 61.3275, 62.239999999999995,
        62.457499999999996, 63.3175, 63.985, 64.48, 64.9025, 65.535, 65.8475,
        66.59, 66.805, 67.44250000000001, 67.61749999999999, 68.125, 68.5825,
        68.77, 69.3575, 69.73, 70.1075, 70.3275, 70.6125, 71.41, 71.685,
        71.87249999999999, 72.315, 72.03500000000001, 72.9025,
        73.30499999999999, 73.3875, 73.89750000000001
      ]
    ],
    "valid_accs": [
      [
        7.61, 10.870000000000001, 14.469999999999999, 18.73, 21.83, 25.52,
        28.15, 30.36, 32.75, 35.44, 35.58, 38.11, 37.85, 40.48,
        40.589999999999996, 41.39, 41.39, 42.71, 43.54, 43.41, 44.95,
        44.879999999999995, 46.089999999999996, 45.739999999999995,
        45.660000000000004, 47.11, 46.989999999999995, 46.739999999999995, 49.4,
        48.3, 49.21, 48.99, 49.36, 50.529999999999994, 49.53, 50.01, 50.43,
        49.76, 49.13, 50.849999999999994, 50.39, 52.01, 51.28, 51.15,
        50.739999999999995, 49.28, 49.9, 49.919999999999995, 52.01, 50.09,
        51.12, 50.42, 51.349999999999994, 51.07000000000001, 51.77,
        51.85999999999999, 52.82, 51.55, 52.1, 52.629999999999995,
        50.96000000000001, 52.190000000000005
      ]
    ],
    "train_times": [
      [
        28.122992515563965, 26.457049131393433, 26.416001558303833,
        26.65385127067566, 26.966025352478027, 27.364999294281006,
        28.236998558044434, 28.012999773025513, 27.866997480392456,
        27.424997329711914, 27.72699809074402, 27.7695415019989,
        27.72902011871338, 27.550997495651245, 28.04799747467041,
        28.35608720779419, 28.06518006324768, 27.48859167098999,
        27.53443694114685, 26.710997581481934, 26.680997371673584,
        26.795998096466064, 26.80499768257141, 27.23351001739502,
        26.82799744606018, 26.787001609802246, 26.764520168304443,
        26.877997636795044, 27.041996002197266, 26.75401496887207,
        27.00551152229309, 26.739020347595215, 26.8165123462677,
        27.237518310546875, 27.414000272750854, 26.842998266220093,
        27.453519821166992, 26.98499894142151, 27.26399803161621,
        26.93199896812439, 26.91899847984314, 27.069997549057007,
        26.96799898147583, 27.275999784469604, 27.13951277732849,
        27.03099799156189, 27.013997554779053, 27.039998054504395,
        27.07899808883667, 27.639999389648438, 27.491998434066772,
        27.557997703552246, 27.27699565887451, 27.340996265411377,
        27.92799711227417, 27.54300022125244, 27.511998653411865,
        27.316999673843384, 27.5129976272583, 27.496521949768066,
        27.398998498916626, 27.180999755859375
      ]
    ],
    "valid_times": [
      [
        4.382999897003174, 4.335999965667725, 4.334007978439331,
        4.461000204086304, 4.509000301361084, 4.690999746322632,
        4.586002349853516, 4.595000267028809, 4.618002414703369,
        4.49300217628479, 4.514002561569214, 4.523004055023193,
        4.520001173019409, 4.495002746582031, 4.704002141952515,
        4.584001541137695, 4.54600191116333, 4.515002250671387,
        4.42200231552124, 4.415002346038818, 4.426001787185669,
        4.428002595901489, 4.424002408981323, 4.456002473831177,
        4.408001899719238, 4.43699836730957, 4.417512655258179,
        4.428002119064331, 4.429027318954468, 4.436001777648926,
        4.422002792358398, 4.409002780914307, 4.494001865386963,
        4.424002170562744, 4.452999830245972, 4.470002174377441,
        4.436001300811768, 4.540002107620239, 4.469000816345215,
        4.473508358001709, 4.447002410888672, 4.5230021476745605,
        4.498999118804932, 4.467001676559448, 4.477001667022705, 4.552001953125,
        4.531002044677734, 4.420001745223999, 4.4280006885528564,
        4.515001535415649, 4.523002624511719, 4.559004068374634,
        4.522004127502441, 4.475003957748413, 4.630000591278076,
        4.476000547409058, 4.610000848770142, 4.5390002727508545,
        4.730003356933594, 4.625000238418579, 4.477000713348389,
        4.444002151489258
      ]
    ],
    "test_accuracy": 54.44,
    "convergence_iteration": 62
  }
}
