{"config": {"train_options": {"learning_rate": 0.05, "optimizer": "SGD", "batch_size": 128, "number_of_epochs": 300, "loss_parameters": {"temperature": 10, "distillation_type": "FEATURE", "alpha": 0.8, "beta": 0.3}}}, "results": {"train_losses": [[9531.2849796875, 9504.265675, 9512.20865625, 9517.0814921875, 9526.0189796875, 9521.886871875, 9527.39907578125, 9532.290221875, 9532.63838984375, 9537.5992484375, 9538.55041484375, 9543.56245546875, 9552.1710875, 9554.97300234375, 9561.073609375, 9564.9305109375, 9569.94285859375, 9577.191025, 9589.15752109375, 9598.2424640625, 9608.35629453125]], "valid_losses": [[9449.952287109376, 9499.38459921875, 9529.76593359375, 9526.895972265625, 9526.356243359374, 9512.59336875, 9536.011778125, 9540.379252734376, 9547.3054390625, 9540.207202734375, 9545.67294453125, 9564.105320703125, 9578.57749140625, 9550.715526953125, 9564.388224609374, 9583.027471875, 9587.417405859374, 9589.5089046875, 9603.332415625, 9613.51299765625, 9621.183053515624]], "train_accs": [[4.605, 10.03, 13.362499999999999, 16.014999999999997, 18.5375, 21.305, 24.587500000000002, 27.0575, 29.054999999999996, 31.075000000000003, 33.675, 35.33, 36.915, 38.9325, 40.4075, 41.980000000000004, 43.355, 45.07, 46.192499999999995, 47.22, 48.355]], "valid_accs": [[7.6, 11.89, 14.14, 17.0, 18.81, 21.099999999999998, 22.89, 26.179999999999996, 26.63, 29.92, 30.89, 32.54, 34.78, 34.68, 36.74, 37.89, 38.26, 37.580000000000005, 38.25, 40.68, 41.49]], "train_times": [[158.23943424224854, 159.38849997520447, 161.43465423583984, 158.89507341384888, 158.74142599105835, 157.74362063407898, 160.24201917648315, 159.43894982337952, 158.1700623035431, 161.23452138900757, 160.29767966270447, 157.9988932609558, 161.10495400428772, 160.91045117378235, 157.79227495193481, 158.98953008651733, 159.30729341506958, 159.6478774547577, 158.4084997177124, 160.12777733802795, 159.61813187599182]], "valid_times": [[33.36906361579895, 33.08163547515869, 33.2374324798584, 32.997775077819824, 34.093120098114014, 33.07974362373352, 33.07986807823181, 32.89528846740723, 34.33677816390991, 33.03130769729614, 32.84819531440735, 32.618377685546875, 32.82975196838379, 33.37280559539795, 33.751145362854004, 33.51844334602356, 32.931904792785645, 33.24614405632019, 33.38198184967041, 33.395620584487915, 32.54520082473755]], "test_accuracy": 42.21, "convergence_iteration": 21}}