{"config": {"train_options": {"learning_rate": 0.01, "optimizer": "SGD", "batch_size": 128, "number_of_epochs": 300, "loss_parameters": {"temperature": 5, "distillation_type": "FEATURE", "alpha": 0.8, "beta": 0.3}}}, "results": {"train_losses": [[9597.91294375, 9569.4164484375, 9552.03510625, 9539.7354125, 9534.6498984375, 9533.708175, 9532.43204921875, 9530.5933234375, 9525.96241171875, 9529.46081015625, 9529.62204609375, 9529.22556171875, 9529.89670546875, 9527.8620734375, 9529.0263109375, 9527.93917890625, 9527.61292734375, 9527.4818640625, 9528.5985109375, 9527.725721875, 9526.66175078125, 9525.32386875, 9524.61683125, 9530.07410859375, 9526.080803125, 9525.7703984375, 9526.68499140625, 9528.51666328125]], "valid_losses": [[9570.342451171875, 9554.643167578124, 9538.70290390625, 9527.908623828125, 9512.550545703125, 9509.55057109375, 9509.73350625, 9495.214537890624, 9514.745644140625, 9524.209359375, 9515.372804296874, 9514.86893125, 9513.457165234375, 9526.70770546875, 9531.188694140625, 9536.84754296875, 9517.034480859375, 9523.631059375, 9532.917879296874, 9550.493013671876, 9521.7789203125, 9520.111612109375, 9530.0422046875, 9506.099241796876, 9527.94881640625, 9515.577855078125, 9517.866206640625, 9527.846284765625]], "train_accs": [[2.235, 4.2250000000000005, 6.254999999999999, 7.8149999999999995, 9.3625, 10.405000000000001, 11.545, 12.49, 13.125, 14.14, 14.96, 15.8025, 16.400000000000002, 17.365, 17.955, 18.68, 19.564999999999998, 20.19, 20.9025, 21.91, 22.66, 23.5175, 24.195, 25.005, 25.85, 26.7225, 27.3175, 27.544999999999998]], "valid_accs": [[3.42, 5.09, 6.97, 8.559999999999999, 9.610000000000001, 10.77, 11.55, 12.55, 13.239999999999998, 13.86, 15.27, 15.370000000000001, 15.879999999999999, 16.85, 17.65, 18.26, 18.96, 19.35, 20.21, 21.060000000000002, 21.310000000000002, 22.35, 22.7, 23.98, 23.72, 25.09, 25.36, 26.090000000000003]], "train_times": [[162.63081192970276, 162.53125596046448, 161.8433690071106, 162.62204265594482, 165.26862955093384, 163.52651691436768, 162.32566952705383, 164.12288737297058, 164.5338432788849, 162.04422044754028, 163.85648846626282, 163.7299952507019, 165.40696096420288, 163.66579508781433, 164.07399368286133, 163.67620944976807, 164.49296307563782, 161.84798574447632, 163.3685393333435, 164.36814618110657, 162.5354039669037, 164.4510087966919, 163.47989678382874, 163.60299015045166, 163.88742876052856, 164.12415075302124, 163.77864718437195, 162.74978494644165]], "valid_times": [[33.77391719818115, 32.83725142478943, 35.23603868484497, 33.47948217391968, 33.711602210998535, 33.70475244522095, 33.21509838104248, 33.469990730285645, 33.61719870567322, 34.924017667770386, 34.46268558502197, 34.05108380317688, 33.27509069442749, 33.28294372558594, 33.8996102809906, 34.522804737091064, 33.24609637260437, 33.96579027175903, 33.41186571121216, 33.576040267944336, 34.921860218048096, 33.45824885368347, 33.7665479183197, 34.6253936290741, 33.82286787033081, 33.25942015647888, 33.29294514656067, 35.4231014251709]], "test_accuracy": 26.63, "convergence_iteration": 28}}