{"config": {"train_options": {"learning_rate": 0.01, "optimizer": "SGD", "batch_size": 128, "number_of_epochs": 300, "loss_parameters": {"temperature": 10, "distillation_type": "FEATURE", "alpha": 0.5, "beta": 0.3}}}, "results": {"train_losses": [[9512.6990125, 9471.3422125, 9468.5434625, 9476.21465625, 9470.90822578125, 9458.04445859375, 9446.4109625, 9433.61375546875, 9424.82539609375, 9413.8392390625, 9405.8461421875, 9401.43339765625, 9389.531946875, 9386.6480890625, 9377.09938515625, 9372.03772421875, 9368.099409375, 9359.917784375, 9353.08176640625, 9347.32828515625, 9339.4044796875, 9333.61981796875, 9327.60383671875, 9324.9677, 9319.070696875, 9314.1644234375, 9308.4492890625, 9305.35654921875, 9298.48612734375, 9291.4972015625, 9288.77133359375, 9283.3531390625, 9277.7006953125, 9273.26060859375, 9273.07895234375, 9273.59254765625, 9272.28820390625, 9271.5485421875, 9274.1083015625, 9269.13356171875, 9267.52477578125, 9275.15374921875, 9274.12086796875, 9272.592721875, 9275.32275390625, 9277.24621484375, 9275.8206015625, 9273.6557921875, 9273.84338671875, 9272.04126328125, 9272.399334375, 9273.79843359375, 9273.97708984375, 9275.64915625, 9278.2779015625, 9281.55024140625, 9284.71548359375, 9289.26535390625, 9289.09461484375, 9293.9281515625, 9300.095159375, 9302.63976953125, 9299.24375234375, 9300.17118203125, 9303.86594609375, 9304.7433578125, 9306.886915625, 9308.26302265625, 9312.31862421875, 9312.43648828125, 9318.34144609375, 9322.06213828125, 9323.0003140625]], "valid_losses": [[9487.813937890625, 9472.787348046875, 9467.0723078125, 9460.40353984375, 9461.08800078125, 9467.28741953125, 9434.86794375, 9428.15636640625, 9413.1779484375, 9398.209693359375, 9408.901628125, 9407.982402734375, 9396.150460546874, 9371.9094453125, 9360.9310875, 9362.40825546875, 9358.07495234375, 9333.63198828125, 9357.44588203125, 9339.633966796875, 9348.87503828125, 9334.373626171875, 9332.886549609375, 9334.438714453125, 9327.64548046875, 9318.9569546875, 9331.2635765625, 9297.851323828125, 9305.720683984375, 9299.735341796875, 9305.0947203125, 9284.183607421875, 9274.431137109375, 9276.6023546875, 9267.2205203125, 9283.540103125, 9272.391709765625, 9278.55177265625, 9279.690206640626, 9266.443953125, 9285.183123828125, 9282.224234375, 9278.265195703125, 9284.9439703125, 9280.746312109375, 9272.88194453125, 9276.804320703124, 9274.471113671874, 9283.992894140625, 9272.44094375, 9282.311715234375, 9265.621409765625, 9260.584776171874, 9272.909247265625, 9269.366694921875, 9285.36625703125, 9279.92140703125, 9276.39539765625, 9282.582605859376, 9295.734169140625, 9286.2291734375, 9299.381770703125, 9291.77517265625, 9294.82822109375, 9299.271841015625, 9285.793280078125, 9307.3390953125, 9300.336867578126, 9299.34330859375, 9299.636139453125, 9309.110692578124, 9312.139404296875, 9314.880044140626]], "train_accs": [[3.1625, 6.9075, 10.012500000000001, 12.839999999999998, 14.580000000000002, 16.0775, 17.395, 19.205, 21.0775, 22.57, 24.3125, 26.0175, 27.529999999999998, 29.0775, 30.23, 31.5075, 33.037499999999994, 33.9625, 35.1475, 35.92, 37.2875, 38.265, 39.2425, 40.325, 40.965, 42.035, 43.095, 44.095, 44.9625, 45.637499999999996, 46.1025, 46.862500000000004, 47.69, 48.4825, 49.075, 49.7775, 50.517500000000005, 51.112500000000004, 51.642500000000005, 52.23, 52.685, 53.305, 53.7125, 54.4875, 54.735, 55.584999999999994, 56.0325, 56.69499999999999, 57.099999999999994, 57.36, 57.91, 58.2175, 58.755, 59.34, 59.3875, 60.3475, 60.5225, 60.809999999999995, 61.097500000000004, 61.24000000000001, 61.845000000000006, 62.419999999999995, 62.6375, 63.14999999999999, 63.2725, 63.6425, 63.91, 64.145, 64.82, 65.09, 65.1725, 65.59, 65.99249999999999]], "valid_accs": [[4.8, 8.309999999999999, 10.99, 12.989999999999998, 14.63, 16.06, 16.98, 19.11, 20.349999999999998, 22.25, 23.799999999999997, 25.56, 26.02, 27.18, 28.58, 29.53, 30.680000000000003, 31.06, 32.76, 33.26, 34.599999999999994, 34.63, 36.52, 35.56, 37.71, 39.46, 38.89, 40.12, 40.1, 40.9, 40.129999999999995, 42.230000000000004, 42.699999999999996, 43.74, 42.85, 42.64, 44.59, 44.89, 45.26, 45.379999999999995, 45.6, 46.26, 45.69, 46.79, 46.46, 46.089999999999996, 46.800000000000004, 47.839999999999996, 46.73, 48.3, 47.32, 47.55, 47.71, 48.63, 49.36, 49.3, 48.69, 48.35, 48.64, 48.89, 48.97, 49.39, 47.699999999999996, 50.09, 48.08, 49.68, 50.29, 50.0, 49.17, 50.580000000000005, 51.4, 50.11, 50.54]], "train_times": [[159.71624040603638, 157.42191338539124, 159.97696924209595, 157.8506212234497, 159.69297170639038, 157.51118350028992, 159.57048749923706, 159.58841562271118, 158.75669169425964, 158.72946429252625, 157.471510887146, 157.9664134979248, 158.40808033943176, 159.40952706336975, 158.3082127571106, 159.2567172050476, 160.1340730190277, 157.94210529327393, 157.50096011161804, 158.71618008613586, 159.17660117149353, 158.6864378452301, 159.32894492149353, 158.01816630363464, 157.17050290107727, 159.59799003601074, 158.94080114364624, 158.90267419815063, 159.76201176643372, 160.56617665290833, 159.46992421150208, 157.38423132896423, 157.5046672821045, 159.86778116226196, 160.08677077293396, 159.85742235183716, 157.95205807685852, 158.39298582077026, 157.99852538108826, 159.06102776527405, 158.99735927581787, 159.3351171016693, 157.865740776062, 158.9366798400879, 159.1721169948578, 158.6517367362976, 160.54657196998596, 158.6471631526947, 159.44908237457275, 159.05504631996155, 158.54574632644653, 158.44807648658752, 158.21941614151, 159.8270983695984, 157.39931464195251, 158.52241587638855, 159.15006065368652, 160.4326992034912, 159.90188026428223, 159.01820421218872, 158.58423161506653, 158.35885000228882, 159.7707200050354, 158.61439967155457, 159.21958804130554, 159.69583344459534, 158.8860056400299, 158.7782473564148, 159.4297580718994, 158.5577826499939, 159.6108615398407, 158.24827337265015, 159.15324568748474]], "valid_times": [[33.50196838378906, 33.752569913864136, 32.86521530151367, 32.431719064712524, 32.660033226013184, 33.91740965843201, 32.98989939689636, 32.96090054512024, 33.609636306762695, 33.615257024765015, 33.27037215232849, 33.84121561050415, 33.652777671813965, 33.248716592788696, 33.15541386604309, 33.7369110584259, 33.48456573486328, 33.043357133865356, 33.500683307647705, 33.57383966445923, 33.17596697807312, 33.422422647476196, 32.96867799758911, 33.193366050720215, 33.12451148033142, 33.20763397216797, 33.25035858154297, 33.63386917114258, 33.24323630332947, 32.80796980857849, 33.00041627883911, 33.63817286491394, 33.20710301399231, 32.86751461029053, 33.45509123802185, 33.400700092315674, 32.851420640945435, 33.49459886550903, 32.90289497375488, 33.633862018585205, 32.91627526283264, 32.85057210922241, 33.18362736701965, 33.4139130115509, 33.50352692604065, 33.11839175224304, 33.30762004852295, 32.816983222961426, 33.41830229759216, 32.96161651611328, 33.06923484802246, 32.61048626899719, 33.54774713516235, 32.95467972755432, 33.093738079071045, 33.36479210853577, 33.05166792869568, 33.50906491279602, 33.465879917144775, 32.93766903877258, 32.65062689781189, 33.3891441822052, 33.31513786315918, 33.82366418838501, 32.86067795753479, 33.03331208229065, 33.14494180679321, 32.96360945701599, 33.41429257392883, 33.34493803977966, 33.707616090774536, 33.88944959640503, 33.18586587905884]], "test_accuracy": 50.349999999999994, "convergence_iteration": 73}}