{"config": {"train_options": {"learning_rate": 0.01, "optimizer": "SGD", "batch_size": 128, "number_of_epochs": 300, "loss_parameters": {"temperature": 20, "distillation_type": "FEATURE", "alpha": 0.4, "beta": 0.4}}}, "results": {"train_losses": [[12692.6964765625, 12623.7167109375, 12615.2555375, 12612.4049265625, 12598.47640625, 12595.1045890625, 12585.611825, 12578.8707546875, 12570.2786390625, 12562.15623125, 12548.6153703125, 12534.2266078125, 12518.6212734375, 12503.701425, 12494.795940625, 12491.872753125, 12481.5789375, 12475.1644015625, 12470.67736875, 12459.6420390625, 12457.2366375, 12446.7229765625, 12438.2520625, 12428.6265078125, 12427.79538125, 12426.7907875, 12417.978384375, 12414.364296875, 12408.5354421875, 12405.7202734375, 12406.0247, 12404.501234375, 12407.3620515625, 12405.8303765625, 12407.3822875, 12405.973834375, 12405.147590625, 12405.3444828125, 12406.7184515625, 12407.253659375, 12413.588509375, 12414.881228125, 12417.4883921875, 12423.45931875, 12425.4365328125, 12433.6288453125, 12436.7998203125, 12437.6959125, 12441.6109234375, 12446.085546875, 12447.44736875, 12449.31660625, 12453.548203125, 12454.5674375, 12458.315309375, 12463.844803125]], "valid_losses": [[12631.00583828125, 12622.6501453125, 12593.0157109375, 12566.773646875, 12581.4547671875, 12591.2643359375, 12585.1639234375, 12593.43267265625, 12557.89755859375, 12519.74911640625, 12522.3424359375, 12496.03966328125, 12484.300275, 12486.73098203125, 12443.8722375, 12466.7403421875, 12462.72928125, 12447.18789765625, 12426.63278515625, 12437.2112765625, 12424.9510046875, 12407.76213671875, 12399.4501421875, 12393.77264453125, 12397.83036328125, 12388.38481796875, 12384.4731140625, 12397.4709421875, 12378.29604921875, 12386.0646265625, 12383.4843046875, 12378.51705390625, 12379.27119140625, 12369.635775, 12385.03675390625, 12360.90371953125, 12373.2827328125, 12383.9783609375, 12391.35695, 12377.12141484375, 12391.890725, 12391.19581484375, 12377.66889765625, 12386.38165625, 12404.77540390625, 12397.0147234375, 12411.21646015625, 12408.1287609375, 12422.0989296875, 12417.52006953125, 12421.7878703125, 12422.77508984375, 12427.18345, 12434.71690234375, 12436.274746875, 12455.16625390625]], "train_accs": [[3.0475, 6.6225000000000005, 9.635, 12.035, 14.272499999999999, 15.992500000000001, 17.3825, 19.215, 21.154999999999998, 22.6475, 24.495, 26.040000000000003, 27.584999999999997, 29.007500000000004, 30.062499999999996, 31.595000000000002, 32.879999999999995, 34.2375, 35.3725, 36.152499999999996, 37.5875, 38.73, 39.75, 40.65, 41.8675, 42.79, 43.3925, 44.565, 45.26, 46.0225, 46.9925, 47.362500000000004, 48.175000000000004, 49.182500000000005, 49.55, 50.2925, 51.015, 51.8275, 52.0025, 52.722500000000004, 53.1575, 53.785000000000004, 54.135, 54.972500000000004, 55.50000000000001, 56.07, 56.24249999999999, 56.92, 57.25749999999999, 57.74, 58.1775, 58.7975, 58.96, 59.714999999999996, 60.035000000000004, 60.212500000000006]], "valid_accs": [[5.2299999999999995, 8.14, 10.48, 12.950000000000001, 14.940000000000001, 16.13, 17.560000000000002, 19.02, 20.77, 22.74, 24.36, 26.19, 25.180000000000003, 27.98, 29.470000000000002, 29.86, 31.78, 33.4, 32.879999999999995, 33.58, 34.12, 35.31, 35.79, 36.77, 36.559999999999995, 37.74, 38.89, 37.85, 39.67, 40.400000000000006, 41.4, 40.949999999999996, 41.46, 42.4, 42.93, 42.33, 43.13, 43.46, 43.15, 43.74, 44.09, 43.72, 44.97, 44.519999999999996, 45.660000000000004, 46.22, 45.43, 45.49, 46.18, 45.989999999999995, 46.88, 46.0, 46.71, 46.410000000000004, 46.88, 48.15]], "train_times": [[158.2060387134552, 158.66121673583984, 159.60017132759094, 158.36322498321533, 158.91745448112488, 158.61814403533936, 159.73383688926697, 158.56820511817932, 159.20384430885315, 160.62391686439514, 158.58368372917175, 159.60029983520508, 161.04538083076477, 158.1324474811554, 156.5645887851715, 160.25933480262756, 160.30233430862427, 157.75055122375488, 158.56032609939575, 159.5096468925476, 157.03061628341675, 158.54562997817993, 159.41669583320618, 159.72462940216064, 159.08425998687744, 161.22254061698914, 160.049418926239, 158.3772976398468, 159.99967455863953, 160.0923981666565, 158.32930207252502, 157.80730414390564, 159.61547899246216, 159.67474746704102, 158.48109769821167, 160.26252031326294, 160.372332572937, 158.02373361587524, 159.0752215385437, 159.59533667564392, 158.48797512054443, 158.88179731369019, 160.26270055770874, 158.30912947654724, 157.6487443447113, 159.0571846961975, 160.06148743629456, 158.72138047218323, 158.21872973442078, 158.52446866035461, 158.82572507858276, 159.02679181098938, 159.100741147995, 158.72320914268494, 157.54202508926392, 158.54129791259766]], "valid_times": [[32.5504207611084, 32.139487504959106, 33.016357421875, 32.13263487815857, 32.58828663825989, 32.707351207733154, 31.932782888412476, 32.01327848434448, 31.60615301132202, 31.89442729949951, 34.361165046691895, 32.32639956474304, 32.40928769111633, 33.416680097579956, 32.07521080970764, 33.172386169433594, 31.899168014526367, 31.561474561691284, 31.907063245773315, 32.2455677986145, 33.47121858596802, 32.27782964706421, 32.31062841415405, 32.86288571357727, 32.30365967750549, 32.491440773010254, 32.784383058547974, 32.339571475982666, 32.34585928916931, 32.771602392196655, 33.39370846748352, 32.66660690307617, 32.31587624549866, 32.322420835494995, 33.219139099121094, 32.19790768623352, 32.12956619262695, 33.01111459732056, 31.591442346572876, 32.60725283622742, 33.64919590950012, 32.76141166687012, 32.42212247848511, 32.258771896362305, 32.31045079231262, 32.31686043739319, 32.738107204437256, 33.257532596588135, 32.562763690948486, 32.797152280807495, 35.37614393234253, 32.59934997558594, 31.965487003326416, 32.02381205558777, 32.194111585617065, 32.14133930206299]], "test_accuracy": 49.43, "convergence_iteration": 56}}