{"config": {"train_options": {"learning_rate": 0.01, "optimizer": "SGD", "batch_size": 128, "number_of_epochs": 300, "loss_parameters": {"temperature": 15, "distillation_type": "FEATURE", "alpha": 0.1, "beta": 0.6}}}, "results": {"train_losses": [[19042.889459375, 18941.0033296875, 18915.819328125, 18899.6020375, 18888.5959328125, 18868.717425, 18833.7763234375, 18810.31444375, 18801.5564296875, 18781.5231328125, 18765.0156421875, 18753.1106515625, 18738.7771765625, 18716.6146765625, 18704.5559078125, 18697.1835921875, 18687.110359375, 18675.241015625, 18664.1985609375, 18653.1830265625, 18646.150828125, 18647.8329484375, 18643.4388203125, 18639.5859671875, 18627.0327453125, 18622.7548515625, 18626.481615625, 18627.8888140625, 18623.0414640625, 18616.7614375, 18606.887975, 18612.6078625, 18608.9016421875, 18604.0942484375, 18614.775709375, 18622.31146875, 18625.592228125, 18626.954621875, 18626.8846484375, 18632.204321875, 18633.0287890625, 18642.16544375, 18645.15968125, 18642.9785234375, 18651.827390625, 18655.0108953125, 18661.294459375, 18665.8060234375, 18674.480959375, 18681.2118515625, 18686.044553125, 18696.9849421875, 18700.7676234375, 18706.370325]], "valid_losses": [[18813.77902265625, 18865.846978125, 18838.79913046875, 18869.12142265625, 18895.503403125, 18834.63098671875, 18883.63989296875, 18792.09896171875, 18754.8635046875, 18737.36410078125, 18745.66380234375, 18719.17168671875, 18665.9839671875, 18654.4591859375, 18629.8141578125, 18663.95428828125, 18635.19834140625, 18634.575978125, 18617.09158359375, 18595.80906484375, 18617.0149765625, 18592.0282484375, 18635.23304609375, 18598.43781328125, 18592.776565625, 18575.77160234375, 18594.005465625, 18590.43389375, 18585.291509375, 18588.28635546875, 18604.9161046875, 18566.46273125, 18592.69064140625, 18564.30870390625, 18599.045615625, 18599.11340859375, 18591.80409296875, 18609.6301421875, 18599.96486171875, 18576.8646171875, 18614.1296203125, 18625.52812265625, 18616.6874125, 18607.84322109375, 18622.495925, 18638.78681328125, 18627.6579375, 18620.86888203125, 18652.63056484375, 18662.7538953125, 18663.676553125, 18668.20031171875, 18691.3923296875, 18684.8587078125]], "train_accs": [[3.2125, 7.172499999999999, 10.3125, 13.0125, 15.0425, 17.022499999999997, 18.5925, 20.2675, 22.15, 23.5375, 25.1325, 27.05, 28.397499999999997, 29.925, 31.66, 32.9875, 34.0625, 35.245, 36.235, 37.6325, 38.64, 39.7175, 40.5075, 41.325, 42.267500000000005, 43.4175, 44.1, 44.7825, 45.81, 46.7925, 47.36, 48.335, 48.8025, 49.572500000000005, 50.295, 50.6425, 51.31, 52.044999999999995, 52.6, 53.06999999999999, 54.135, 54.379999999999995, 54.815000000000005, 55.412499999999994, 55.97, 56.1725, 56.775, 57.377500000000005, 57.9375, 58.105, 58.825, 58.8625, 59.27, 59.995]], "valid_accs": [[4.71, 8.959999999999999, 10.5, 12.94, 14.74, 16.259999999999998, 18.34, 19.259999999999998, 21.099999999999998, 22.759999999999998, 23.64, 25.45, 27.49, 27.900000000000002, 29.15, 29.909999999999997, 31.269999999999996, 31.069999999999997, 33.33, 33.25, 33.95, 33.36, 34.97, 37.44, 36.15, 37.24, 37.62, 39.7, 38.93, 40.44, 39.33, 40.08, 41.13, 43.11, 43.56, 42.84, 41.870000000000005, 44.21, 44.49, 44.07, 44.41, 44.48, 45.09, 44.67, 45.29, 46.21, 46.129999999999995, 45.97, 46.36, 45.519999999999996, 47.11, 46.67, 46.96, 47.53]], "train_times": [[156.76598858833313, 157.50305604934692, 157.8111298084259, 157.93434619903564, 157.27305555343628, 156.46178150177002, 157.02918910980225, 157.41146636009216, 157.22793197631836, 157.5701127052307, 158.35667729377747, 157.30563831329346, 157.43784284591675, 157.59121131896973, 157.1919822692871, 157.03865218162537, 157.48531317710876, 157.9764850139618, 157.33077764511108, 157.63644695281982, 158.01418471336365, 158.77592158317566, 157.58905816078186, 157.93626832962036, 157.6100208759308, 156.63778114318848, 157.9796757698059, 157.8520667552948, 157.34576725959778, 156.89330005645752, 157.30088758468628, 157.433917760849, 156.92695236206055, 158.66657209396362, 157.11123919487, 156.9491732120514, 156.90181374549866, 157.56873607635498, 156.78851509094238, 159.74505305290222, 157.9536416530609, 159.5493516921997, 157.70183205604553, 157.20876836776733, 157.19235181808472, 159.2700035572052, 158.22697830200195, 157.7035050392151, 158.27900075912476, 157.19798922538757, 156.87364387512207, 157.05952334403992, 158.0222520828247, 158.69152784347534]], "valid_times": [[32.699378967285156, 33.022533893585205, 33.0211706161499, 32.981520891189575, 33.13776779174805, 33.02277874946594, 32.241889238357544, 33.097252368927, 32.5359263420105, 32.901209354400635, 33.1769232749939, 32.64263987541199, 33.10731887817383, 32.988587379455566, 32.85062861442566, 33.208763122558594, 33.02794122695923, 32.85223388671875, 32.24148106575012, 33.1827118396759, 32.64846420288086, 32.889829874038696, 32.56174373626709, 33.010509967803955, 33.021464109420776, 32.84043741226196, 32.426971435546875, 32.51270079612732, 33.049007177352905, 32.711506366729736, 32.13202452659607, 32.969791889190674, 32.9808874130249, 32.95278573036194, 32.271756172180176, 32.9495325088501, 32.516767263412476, 32.451698541641235, 32.696919679641724, 32.12749671936035, 32.6675705909729, 33.309162855148315, 33.31107950210571, 32.53205680847168, 32.723560094833374, 33.12448263168335, 33.06833529472351, 32.74170756340027, 32.676902532577515, 32.2841157913208, 32.549638748168945, 32.68835759162903, 32.72868251800537, 32.70292925834656]], "test_accuracy": 49.27, "convergence_iteration": 54}}