{"config": {"train_options": {"learning_rate": 0.01, "optimizer": "SGD", "batch_size": 128, "number_of_epochs": 300, "loss_parameters": {"temperature": 5, "distillation_type": "FEATURE", "alpha": 0.9, "beta": 0.4}}}, "results": {"train_losses": [[12755.102571875, 12733.8467609375, 12730.0868234375, 12717.0851421875, 12712.4451328125, 12711.287425, 12712.16891875, 12714.2146578125, 12721.7866546875, 12729.4954515625, 12734.23093125, 12739.6912765625, 12742.4127046875, 12746.21764375, 12751.77943125, 12754.7813046875, 12760.6861390625, 12764.4422015625, 12770.513384375, 12774.58413125, 12779.981940625]], "valid_losses": [[12671.51650546875, 12720.55745078125, 12714.892559375, 12722.2887296875, 12713.23013984375, 12701.92254375, 12715.13205078125, 12707.1571265625, 12713.480484375, 12736.95400625, 12730.147615625, 12730.2758125, 12748.8197453125, 12774.23405625, 12765.73626015625, 12758.55837890625, 12768.4195609375, 12763.2462734375, 12757.505275, 12775.99334375, 12778.96180078125]], "train_accs": [[1.5925000000000002, 2.2875, 3.4450000000000003, 4.4775, 5.325, 6.275, 7.17, 7.7275, 8.475000000000001, 9.0275, 9.6975, 10.1675, 10.9275, 11.3625, 11.66, 12.0425, 12.5975, 12.875, 13.4075, 14.0475, 14.29]], "valid_accs": [[2.29, 2.76, 3.71, 4.569999999999999, 6.05, 6.6000000000000005, 7.3, 8.309999999999999, 8.82, 9.44, 9.84, 10.81, 11.4, 11.219999999999999, 11.93, 12.17, 12.709999999999999, 12.620000000000001, 13.48, 13.750000000000002, 14.14]], "train_times": [[157.7321207523346, 158.65454292297363, 158.2855978012085, 159.12016892433167, 158.70252013206482, 157.33591675758362, 157.4136312007904, 156.8546426296234, 158.29607939720154, 157.74462819099426, 157.41671466827393, 158.67360377311707, 158.2547001838684, 158.33486342430115, 156.65532684326172, 158.35751366615295, 158.39244651794434, 157.01521682739258, 158.00947427749634, 157.05368638038635, 158.95479249954224]], "valid_times": [[32.82750725746155, 33.34923005104065, 33.004674196243286, 32.77222514152527, 33.39980459213257, 32.61632013320923, 33.14454007148743, 33.09780144691467, 32.92299723625183, 32.912736654281616, 32.466896295547485, 33.08045148849487, 33.10735511779785, 33.20289731025696, 32.927746057510376, 32.401896953582764, 32.7390992641449, 33.076274156570435, 33.297871351242065, 33.71784210205078, 32.73544645309448]], "test_accuracy": 14.08, "convergence_iteration": 21}}