{"config": {"train_options": {"learning_rate": 0.01, "optimizer": "SGD", "batch_size": 128, "number_of_epochs": 300, "loss_parameters": {"temperature": 15, "distillation_type": "FEATURE", "alpha": 0.2, "beta": 0.8}}}, "results": {"train_losses": [[25470.8738625, 25353.9374625, 25321.224996875, 25306.5278875, 25311.453134375, 25312.3014875, 25307.26123125, 25323.548903125, 25333.278496875, 25334.65550625, 25330.49809375, 25334.511003125, 25340.054109375, 25341.08548125, 25338.75163125, 25340.284603125, 25338.512521875, 25343.414815625, 25347.792615625, 25354.45156875, 25357.0967375, 25365.719928125, 25366.486975, 25369.77074375, 25378.084796875, 25375.133665625]], "valid_losses": [[25439.0172421875, 25380.016903125, 25359.1910890625, 25332.7405546875, 25334.750396875, 25299.8712828125, 25404.3341234375, 25320.0378, 25367.57460625, 25392.877096875, 25334.2279375, 25365.5848984375, 25390.4656171875, 25391.3997796875, 25374.706490625, 25395.64391875, 25384.259125, 25346.2874546875, 25346.9169375, 25346.9899703125, 25363.9489921875, 25388.986225, 25367.458371875, 25371.046046875, 25372.4476078125, 25395.5887984375]], "train_accs": [[2.5625, 4.677499999999999, 7.117500000000001, 9.095, 10.792499999999999, 11.9725, 13.1225, 14.2425, 15.137500000000001, 16.155, 16.975, 18.0, 18.775, 19.7525, 20.3725, 21.385, 21.685, 22.755, 23.655, 24.212500000000002, 25.169999999999998, 25.955000000000002, 26.497500000000002, 27.565, 28.352500000000003, 29.092499999999998]], "valid_accs": [[3.5999999999999996, 6.03, 8.04, 10.18, 10.68, 11.690000000000001, 13.01, 13.750000000000002, 14.799999999999999, 15.479999999999999, 15.97, 16.64, 17.47, 18.15, 19.189999999999998, 19.7, 20.27, 20.53, 21.18, 21.77, 22.689999999999998, 24.92, 23.28, 25.4, 27.060000000000002, 26.6]], "train_times": [[157.89579486846924, 157.5146005153656, 159.05138778686523, 158.51915574073792, 158.03936314582825, 156.21874856948853, 158.34413075447083, 158.20579290390015, 156.33292722702026, 157.43913388252258, 159.97032809257507, 155.987046957016, 158.75411939620972, 159.43309664726257, 156.08218455314636, 157.22139716148376, 159.14764046669006, 156.358380317688, 155.86961007118225, 156.37159776687622, 157.20555019378662, 156.76225781440735, 157.7207751274109, 158.41115379333496, 156.7598361968994, 157.2818741798401]], "valid_times": [[32.54058361053467, 31.833450078964233, 32.57513403892517, 32.88353157043457, 33.863263845443726, 32.43650555610657, 32.45245599746704, 32.70833086967468, 32.97222924232483, 33.04949355125427, 32.41207551956177, 32.00591158866882, 32.36604928970337, 32.697919845581055, 33.15760564804077, 32.15573573112488, 32.3388876914978, 33.60456848144531, 32.84241199493408, 33.915146350860596, 32.983511209487915, 33.02710747718811, 32.5697922706604, 32.314298152923584, 32.31673550605774, 32.17597246170044]], "test_accuracy": 28.24, "convergence_iteration": 26}}