{"config": {"train_options": {"learning_rate": 0.05, "optimizer": "SGD", "batch_size": 128, "number_of_epochs": 300, "loss_parameters": {"temperature": 5, "distillation_type": "FEATURE", "alpha": 0.9, "beta": 0.6}}}, "results": {"train_losses": [[19140.7274015625, 19138.8324859375, 19155.640025, 19178.32229375, 19212.5021, 19240.25071875, 19267.2246375, 19297.3594046875, 19325.7043265625, 19357.09718125, 19389.0778, 19416.0852765625, 19445.842953125, 19470.5538828125, 19493.469171875, 19511.577928125, 19540.707065625, 19560.67070625, 19580.8469140625, 19595.158415625, 19614.0544484375, 19629.709903125]], "valid_losses": [[19214.25565390625, 19156.50237578125, 19168.95950625, 19191.924059375, 19204.98450625, 19244.74668515625, 19276.0203875, 19305.41273984375, 19355.702784375, 19377.40235, 19392.15748671875, 19442.59905625, 19476.43329140625, 19490.44017734375, 19510.77478046875, 19544.69135859375, 19568.23865390625, 19563.2888765625, 19599.03949921875, 19611.1819640625, 19617.10952265625, 19633.04852734375]], "train_accs": [[2.5325, 5.2725, 7.59, 9.9625, 11.9225, 13.3025, 14.555000000000001, 15.53, 16.5125, 17.655, 18.9575, 19.865, 21.11, 22.142500000000002, 23.1, 24.0975, 25.395, 26.505000000000003, 27.595, 28.405, 29.617500000000003, 30.435000000000002]], "valid_accs": [[3.8699999999999997, 6.03, 8.469999999999999, 11.03, 12.7, 13.61, 14.510000000000002, 15.340000000000002, 16.37, 17.76, 17.49, 19.05, 19.99, 21.14, 22.42, 23.150000000000002, 23.96, 25.53, 26.14, 27.529999999999998, 26.52, 28.26]], "train_times": [[163.53864192962646, 161.46607184410095, 161.7729675769806, 162.9669008255005, 162.83976030349731, 161.56722903251648, 161.19722771644592, 161.87696719169617, 161.6080503463745, 161.83760142326355, 163.115540266037, 162.70038318634033, 160.90486979484558, 162.3071961402893, 160.75660514831543, 161.69268107414246, 160.10110783576965, 163.27828168869019, 164.09659695625305, 161.52828669548035, 162.30516719818115, 162.14171028137207]], "valid_times": [[33.33112645149231, 33.746328592300415, 33.72265315055847, 33.314218521118164, 33.24632287025452, 33.91809821128845, 33.762375354766846, 33.7387318611145, 33.89349150657654, 33.32900643348694, 33.55048751831055, 33.90784049034119, 35.20451498031616, 33.7806978225708, 33.54708242416382, 33.53878736495972, 33.724106550216675, 33.20945143699646, 33.9804573059082, 34.35553550720215, 33.88719320297241, 33.52755856513977]], "test_accuracy": 28.58, "convergence_iteration": 22}}