{"config": {"train_options": {"learning_rate": 0.05, "optimizer": "SGD", "batch_size": 128, "number_of_epochs": 300, "loss_parameters": {"temperature": 5, "distillation_type": "FEATURE", "alpha": 0.1, "beta": 0.2}}}, "results": {"train_losses": [[6223.8678625, 6137.56613359375, 6047.063240625, 5943.43066484375, 5821.2686921875, 5720.28998046875, 5652.282250390625, 5586.37981171875, 5525.88937734375, 5477.64415546875, 5451.084396875, 5417.88640234375, 5382.320626171875, 5375.258451953125, 5357.213778515625, 5325.88667421875, 5304.545379296875, 5313.44262734375, 5312.49629765625, 5302.45094921875, 5306.50425859375, 5295.4923671875, 5288.278853125, 5274.298228515625, 5272.289390234375, 5280.9463484375, 5289.673975390625, 5284.71693515625, 5243.942097265625, 5248.41193671875, 5267.11735, 5268.638215234375, 5260.586771484375, 5247.015045703125, 5234.825921875, 5220.97628828125, 5216.960334765625, 5222.091640625, 5221.660983984375, 5203.0952796875, 5179.7197140625, 5179.26264921875, 5167.0268765625, 5166.08456484375, 5169.41186796875, 5168.027030078125, 5174.946942578125, 5163.050097265625, 5128.03391875, 5118.34406953125, 5115.8933453125, 5114.69485078125, 5093.338437890625, 5085.242662109375, 5068.995184765625, 5075.339022265625, 5034.482316796875, 5022.145509375, 5001.60595625, 5005.3771359375, 4995.6353390625, 5000.72570859375, 4993.852576171875, 4985.240790625, 4982.77113125, 4956.5833296875, 4960.74807421875, 4955.1207921875, 4951.519019140625, 4928.34299609375, 4909.0719984375, 4902.86300703125, 4896.35972734375, 4869.60329921875, 4884.352270703125, 4859.728313671875, 4858.5462859375, 4859.395361328125, 4851.8676203125, 4838.29945, 4829.698237890625, 4843.967548828125, 4858.71223984375, 4875.274631640625, 4887.410618359375, 4905.25476796875, 4916.986723828125, 4936.401222265625, 4951.43692890625, 4968.191380859375, 4987.798178515625, 4999.767424609375, 5013.03443046875, 5027.313748828125, 5040.656103125, 5054.635653515625, 5068.807715234375, 5083.1617203125, 5091.849402734375, 5104.116011328125, 5112.599554296875]], "valid_losses": [[6084.833014453125, 6018.87313984375, 6036.480062890625, 5916.315080859375, 5761.302312695312, 5694.9666328125, 5663.949115039062, 5611.045727539063, 5548.926523242188, 5500.498601171875, 5493.887808203125, 5438.280723046875, 5427.6205734375, 5418.211734375, 5399.158975195312, 5364.622908007813, 5350.091222265625, 5354.307404882812, 5362.21526328125, 5331.105300390625, 5296.259394726562, 5319.84515625, 5315.90348828125, 5270.485233007813, 5293.85786171875, 5298.342711523437, 5287.222297851563, 5292.98339765625, 5259.236951367187, 5300.6744673828125, 5272.06556015625, 5280.387122851563, 5272.841727539062, 5229.483073242188, 5249.24204453125, 5237.323116992187, 5218.830381640625, 5212.593094921875, 5196.086966210937, 5172.531660742187, 5190.236103515625, 5179.289504296875, 5192.433048242187, 5166.688477539063, 5151.528879882812, 5167.554026367187, 5188.2750296875, 5143.57349921875, 5123.425621289062, 5142.1294640625, 5154.3534484375, 5104.60188125, 5114.625834960938, 5071.658423046875, 5109.876996484375, 5063.890648828125, 5039.507445507813, 5019.730120703125, 5010.408126757812, 5023.009185742188, 5024.463862695313, 5005.5783640625, 5050.74952890625, 5001.850369335937, 4922.0272404296875, 4943.2332546875, 4964.86910234375, 4959.662246875, 4934.251730078125, 4939.881791601562, 4921.053271875, 4905.361662304687, 4882.113075, 4925.19836171875, 4898.207114648438, 4878.117184179688, 4866.531173828125, 4887.053334765625, 4841.46373125, 4820.70731015625, 4815.364778515625, 4869.205557226563, 4883.971152929687, 4898.808602734375, 4914.624805273437, 4928.623146875, 4941.221037890625, 4960.70761171875, 4971.710401757812, 4998.849967773437, 5005.461774023437, 5023.300695898438, 5042.304401953125, 5054.594558398438, 5063.678838867188, 5078.797576171875, 5090.025696484375, 5101.499393554687, 5112.083911523438, 5120.112986132813, 5135.065531445312]], "train_accs": [[5.952500000000001, 13.557500000000001, 19.555, 25.205, 30.0725, 34.205000000000005, 38.1875, 41.195, 43.605, 45.895, 48.335, 50.015, 51.81249999999999, 52.8825, 54.56999999999999, 55.5975, 56.645, 57.7275, 58.68, 59.545, 60.3175, 61.245000000000005, 61.870000000000005, 62.849999999999994, 63.592499999999994, 63.6725, 64.52250000000001, 64.6725, 65.61749999999999, 65.945, 66.4625, 67.0775, 67.2825, 67.73, 68.1825, 68.855, 69.1675, 69.6, 70.07, 70.5125, 70.3475, 71.3325, 71.32, 71.5425, 72.07000000000001, 71.8225, 72.3625, 73.0, 72.575, 73.455, 73.5275, 73.5425, 73.925, 73.82, 74.3575, 74.55000000000001, 74.765, 74.935, 75.48, 75.4325, 75.7, 75.995, 76.2025, 75.765, 76.325, 76.5175, 76.75999999999999, 76.875, 77.0475, 77.14750000000001, 77.10000000000001, 77.2175, 77.755, 77.97, 78.0225, 77.7925, 77.8575, 78.14750000000001, 78.8275, 78.6225, 78.45, 83.2025, 86.4375, 87.545, 87.835, 88.4475, 88.805, 89.025, 89.58749999999999, 89.83, 90.08749999999999, 90.3875, 90.4225, 90.60249999999999, 90.9025, 91.03750000000001, 91.21249999999999, 91.43, 91.3675, 91.32249999999999, 91.72749999999999]], "valid_accs": [[9.9, 13.88, 21.2, 25.31, 30.5, 32.300000000000004, 34.1, 37.1, 37.99, 40.01, 41.36, 42.43, 44.519999999999996, 43.62, 45.11, 45.34, 46.68, 47.93, 46.39, 47.93, 48.79, 48.449999999999996, 49.35, 49.4, 49.25, 49.54, 52.27, 49.769999999999996, 50.99, 51.83, 50.57000000000001, 52.12, 53.13, 53.269999999999996, 52.790000000000006, 51.32, 53.300000000000004, 52.78, 51.019999999999996, 53.11, 52.33, 53.05, 53.239999999999995, 52.7, 52.31, 52.2, 51.74999999999999, 52.1, 51.300000000000004, 52.239999999999995, 51.24999999999999, 52.410000000000004, 53.72, 53.04, 53.269999999999996, 51.32, 54.49, 53.63, 52.28, 52.68000000000001, 52.849999999999994, 53.42, 54.269999999999996, 52.07000000000001, 52.81, 52.49, 52.96999999999999, 51.580000000000005, 53.190000000000005, 52.89, 53.87, 53.059999999999995, 53.33, 53.43, 53.94, 53.63, 53.169999999999995, 53.779999999999994, 53.61, 53.080000000000005, 53.28000000000001, 61.27, 61.739999999999995, 62.09, 61.6, 61.44, 61.47, 61.550000000000004, 61.57, 61.38, 61.419999999999995, 61.529999999999994, 61.339999999999996, 61.49, 61.25000000000001, 61.480000000000004, 61.39, 61.28, 61.75000000000001, 61.739999999999995, 61.22]],