{"config": {"train_options": {"learning_rate": 0.01, "optimizer": "SGD", "batch_size": 128, "number_of_epochs": 300, "loss_parameters": {"temperature": 5, "distillation_type": "FEATURE", "alpha": 0.8, "beta": 0.1}}}, "results": {"train_losses": [[3191.946505859375, 3180.655649609375, 3172.978360546875, 3171.65476953125, 3172.59016171875, 3174.262488671875, 3174.5871484375, 3174.965482421875, 3175.116698046875, 3174.9897890625, 3174.026278125, 3172.689547265625, 3173.491737890625, 3172.2543078125, 3170.825916796875, 3170.6288890625, 3169.9584875, 3167.166698046875, 3165.6729765625, 3165.412875390625, 3163.884705859375, 3163.43556640625, 3163.0881984375, 3162.505619921875, 3162.455660546875, 3161.38864140625, 3160.9229296875, 3160.969983203125, 3161.391980078125, 3161.921234765625, 3160.720539453125, 3160.843975390625, 3161.963012890625, 3161.543622265625, 3163.805641796875, 3162.66776015625, 3163.589337890625, 3163.90780546875, 3164.46506640625, 3165.779582421875, 3166.204512109375, 3166.65408125, 3167.2210609375, 3168.54390546875, 3168.979430859375, 3169.748075, 3169.40330625, 3170.017274609375, 3170.67337265625, 3171.62244921875]], "valid_losses": [[3181.5244228515626, 3172.1250580078126, 3172.6413986328125, 3171.9815361328124, 3169.6510228515626, 3172.956926953125, 3168.0907728515626, 3170.8268888671873, 3165.609260546875, 3169.62275859375, 3169.3380056640626, 3167.430629296875, 3169.688123828125, 3165.871685546875, 3164.3535140625, 3168.5135580078127, 3162.8664326171875, 3161.4169337890626, 3161.435096484375, 3164.02351171875, 3156.7494248046874, 3158.0181755859376, 3155.7213421875, 3155.64859609375, 3159.780189453125, 3157.1480310546876, 3155.6922912109376, 3157.999634765625, 3154.43050078125, 3153.56913203125, 3157.5946234375, 3158.83659765625, 3158.8013017578123, 3161.695178125, 3159.3857853515624, 3162.1781888671876, 3160.778399609375, 3159.9329833984375, 3162.1573494140625, 3166.2353802734374, 3161.9428087890624, 3165.0514349609375, 3164.8252568359376, 3164.8040517578124, 3168.149637890625, 3169.8201708984375, 3171.0337908203123, 3168.1719435546875, 3169.71110546875, 3169.87080703125]], "train_accs": [[2.42, 4.8425, 6.959999999999999, 9.215, 10.715, 11.9375, 13.285, 14.2325, 15.065000000000001, 15.9, 17.244999999999997, 17.945, 19.192500000000003, 19.967499999999998, 21.0225, 21.9725, 23.23, 24.0625, 24.875, 25.9575, 26.740000000000002, 27.68, 28.5475, 29.205, 30.195, 31.075000000000003, 31.717499999999998, 32.5675, 33.239999999999995, 33.942499999999995, 35.035, 35.5275, 36.4, 36.825, 37.79, 38.405, 39.115, 39.51, 40.2575, 40.6025, 41.2825, 41.94, 42.5575, 43.26, 43.425000000000004, 44.045, 44.6875, 45.1625, 45.684999999999995, 46.085]], "valid_accs": [[3.9600000000000004, 5.58, 9.120000000000001, 10.280000000000001, 12.34, 12.740000000000002, 14.34, 14.860000000000001, 15.120000000000001, 16.259999999999998, 17.419999999999998, 17.84, 19.189999999999998, 19.88, 20.77, 21.23, 21.98, 23.56, 23.77, 24.55, 25.580000000000002, 26.11, 26.63, 27.560000000000002, 27.779999999999998, 28.689999999999998, 29.57, 30.14, 30.95, 32.07, 32.0, 32.379999999999995, 33.26, 34.71, 34.27, 34.910000000000004, 36.0, 35.89, 37.32, 36.96, 38.23, 38.3, 38.64, 38.97, 39.23, 38.95, 40.6, 40.11, 39.79, 42.05]], "train_times": [[189.16800999641418, 187.75695037841797, 186.9233386516571, 188.73644590377808, 187.02379870414734, 188.7517113685608, 187.28134679794312, 188.29777479171753, 188.22707104682922, 187.63428354263306, 187.12765526771545, 188.14074230194092, 188.37654781341553, 188.10805106163025, 189.52601885795593, 186.9712278842926, 187.23039937019348, 188.97874879837036, 190.04529929161072, 189.09736466407776, 186.9142074584961, 186.68549299240112, 188.18365287780762, 188.2682762145996, 186.1338813304901, 188.21437335014343, 183.8569233417511, 188.68230891227722, 186.175142288208, 188.35799288749695, 189.7818329334259, 187.20637607574463, 186.798681974411, 187.43063187599182, 185.6144528388977, 187.63775825500488, 189.05892205238342, 190.08298254013062, 189.8011565208435, 189.49443340301514, 188.01819014549255, 188.13970804214478, 188.34456372261047, 188.20402479171753, 187.07039380073547, 186.11143732070923, 189.16515731811523, 185.704598903656, 187.81005477905273, 188.4474151134491]], "valid_times": [[38.86051392555237, 39.14785146713257, 39.779566287994385, 40.61231231689453, 39.768049478530884, 38.828792333602905, 39.545480728149414, 39.22795033454895, 38.94181561470032, 40.244577407836914, 38.899157762527466, 38.96493935585022, 39.520811796188354, 38.973352670669556, 38.81358361244202, 39.96052813529968, 39.37193465232849, 40.01970934867859, 39.4411199092865, 39.66766691207886, 40.34002208709717, 40.056448221206665, 39.71552085876465, 38.40858864784241, 39.791502952575684, 39.25784468650818, 39.08888816833496, 40.46043634414673, 39.05306911468506, 38.705617904663086, 39.783535957336426, 38.934401512145996, 39.08852696418762, 40.00774049758911, 39.94703912734985, 39.73833703994751, 39.47636699676514, 39.3677864074707, 40.08373999595642, 39.48955416679382, 38.71299481391907, 39.463935136795044, 39.47149348258972, 39.22395586967468, 39.67253851890564, 39.936092138290405, 39.22511410713196, 39.11525225639343, 39.23141026496887, 39.30125713348389]], "test_accuracy": 42.74, "convergence_iteration": 50}}