{"config": {"train_options": {"learning_rate": 0.005, "optimizer": "SGD", "batch_size": 128, "number_of_epochs": 300, "loss_parameters": {"temperature": 10, "distillation_type": "FEATURE", "alpha": 0.3, "beta": 0.1}}}, "results": {"train_losses": [[3188.911824609375, 3173.544934375, 3165.654605078125, 3160.910413671875, 3158.392624609375, 3155.071458203125, 3151.5555546875, 3146.731692578125, 3143.768758203125, 3140.476902734375, 3134.42890078125, 3131.662834765625, 3126.449125390625, 3122.517078515625, 3118.834348828125, 3115.079683203125, 3111.363951953125, 3108.02954921875, 3104.08648671875, 3100.125476953125, 3097.057562890625, 3095.60859453125, 3093.846913671875, 3091.097573046875, 3088.22790703125, 3085.183645703125, 3082.0633984375, 3078.4301421875, 3076.859151171875, 3074.371843359375, 3072.903602734375, 3070.446196484375, 3069.79671171875, 3067.807804296875, 3065.274408203125, 3064.304400390625, 3063.2175265625, 3060.92994453125, 3059.52698984375, 3059.37966484375, 3057.597925, 3057.386859375, 3057.873107421875, 3057.543623828125, 3055.735431640625, 3054.924574609375, 3054.048409765625, 3053.200022265625, 3051.11766953125, 3050.672252734375, 3049.7090625, 3048.43751328125, 3049.639283984375, 3049.660878125, 3050.68066796875, 3050.02976953125, 3049.54873125, 3047.65119375, 3046.68386328125, 3046.32249921875, 3046.7047921875, 3046.6072109375, 3046.6524984375, 3046.57893203125, 3045.24800546875, 3045.21789921875, 3046.928073828125, 3046.26373515625, 3045.71219375, 3045.301815625, 3044.07029765625, 3044.70773515625, 3044.92303515625, 3045.68856484375, 3045.021809765625, 3045.195267578125, 3044.982637109375, 3044.89132578125, 3043.179601171875, 3045.033063671875, 3043.759733203125, 3043.576256640625, 3044.317380078125, 3045.057775, 3045.75298203125, 3046.218575390625, 3046.908721484375, 3047.537297265625, 3048.150529296875, 3048.659287890625, 3048.966258203125, 3049.55499921875, 3049.862449609375, 3050.665562109375, 3051.0977078125, 3050.859844140625]], "valid_losses": [[3180.30769609375, 3161.7414884765626, 3145.7970939453126, 3154.2109841796873, 3150.2041009765626, 3143.0032, 3137.758027734375, 3138.5225658203126, 3128.729209765625, 3126.0458615234375, 3121.05427109375, 3117.4677837890627, 3113.0056951171873, 3101.690534765625, 3106.8987732421874, 3100.834431640625, 3087.65235078125, 3090.5959884765625, 3086.9597716796875, 3086.1978185546873, 3082.4305833984376, 3086.1853859375, 3081.47071328125, 3076.5802265625, 3081.4976974609376, 3083.1807466796877, 3076.763311328125, 3073.399939453125, 3070.46911328125, 3070.91807578125, 3067.6928361328123, 3067.7705853515627, 3062.4538822265627, 3062.128818359375, 3057.3504994140626, 3058.936764453125, 3057.82120859375, 3053.2591544921875, 3058.9674208984375, 3052.952112890625, 3052.6827498046873, 3053.8790828125, 3053.0720552734374, 3052.1695705078123, 3049.1849529296874, 3050.8302890625, 3044.3019263671877, 3045.36109609375, 3046.962330859375, 3045.9835259765623, 3040.907026953125, 3044.8749609375, 3041.8266640625, 3044.720149609375, 3046.2578427734375, 3046.6209505859374, 3045.1775037109373, 3038.77187578125, 3043.075612890625, 3047.0742953125, 3040.8669419921875, 3040.86381953125, 3041.0239533203126, 3042.0253087890624, 3035.9910767578126, 3042.5114869140625, 3039.356753125, 3038.9195765625, 3036.3627080078127, 3038.279646875, 3039.399419140625, 3038.072196484375, 3039.830828515625, 3040.8713544921875, 3040.4172814453127, 3035.1863458984376, 3042.1607056640623, 3036.581936328125, 3035.773351953125, 3038.5912599609374, 3039.7988490234375, 3040.10296875, 3043.38643359375, 3043.3621994140626, 3043.1829923828127, 3043.112169921875, 3044.7868087890624, 3044.4180716796873, 3045.0026232421874, 3045.363158984375, 3045.6984783203125, 3046.8065505859377, 3047.11923125, 3047.0112703125, 3047.7686205078126, 3047.2866185546877]], "train_accs": [[3.1, 7.6875, 10.31, 12.4275, 13.972499999999998, 15.415000000000001, 17.3625, 18.975, 20.7625, 22.037499999999998, 23.4975, 25.1725, 26.572499999999998, 27.950000000000003, 29.122500000000002, 30.470000000000002, 31.759999999999998, 32.855000000000004, 33.9525, 34.9775, 36.1225, 37.0275, 37.974999999999994, 39.0225, 39.8525, 40.699999999999996, 41.68, 42.5475, 43.2325, 44.15, 44.9175, 45.71, 46.002500000000005, 46.89, 47.74, 48.46, 48.8625, 49.707499999999996, 50.127500000000005, 50.627500000000005, 51.285000000000004, 51.9075, 52.237500000000004, 52.717499999999994, 53.3075, 53.92, 54.412499999999994, 54.735, 55.1875, 55.927499999999995, 56.255, 56.879999999999995, 57.445, 57.845, 58.0225, 58.4325, 59.035000000000004, 59.475, 59.650000000000006, 60.11, 60.502500000000005, 60.612500000000004, 61.3325, 61.724999999999994, 62.0, 62.165000000000006, 62.59, 62.775000000000006, 63.28, 63.544999999999995, 63.90749999999999, 64.0075, 64.155, 64.63499999999999, 65.0425, 65.45, 65.705, 65.9725, 66.13250000000001, 66.4525, 66.635, 69.69999999999999, 70.78750000000001, 71.2025, 71.66, 71.71499999999999, 71.665, 72.045, 72.1875, 72.2625, 72.295, 72.3575, 72.595, 72.39750000000001, 72.695, 72.685]], "valid_accs": [[5.220000000000001, 9.5, 11.29, 13.01, 14.030000000000001, 15.920000000000002, 17.169999999999998, 19.32, 20.76, 21.92, 22.11, 25.240000000000002, 26.1, 26.779999999999998, 28.28, 29.13, 30.259999999999998, 31.14, 32.33, 33.28, 33.800000000000004, 34.58, 35.49, 35.85, 36.480000000000004, 37.01, 38.22, 37.95, 38.91, 38.93, 39.76, 40.39, 41.17, 40.78, 41.959999999999994, 42.1, 42.94, 42.85, 43.669999999999995, 42.76, 43.95, 44.32, 44.34, 44.41, 44.87, 45.43, 45.69, 46.36, 45.12, 44.78, 45.37, 45.629999999999995, 46.379999999999995, 46.45, 46.400000000000006, 47.43, 46.51, 47.370000000000005, 46.96, 46.35, 47.44, 47.52, 47.63, 47.589999999999996, 47.33, 48.9, 47.28, 48.3, 47.949999999999996, 48.41, 47.94, 48.43, 48.54, 47.93, 48.07, 48.47, 48.69, 48.59, 46.7, 49.419999999999995, 48.980000000000004, 53.53, 54.300000000000004, 53.580000000000005, 53.42, 54.290000000000006, 53.93, 54.25, 53.86, 53.75, 53.949999999999996, 54.06999999999999, 53.959999999999994, 53.790000000000006, 53.82, 54.32]], "train_times": [[159.66086053848267, 159.51302552223206, 160.73547410964966, 160.05578446388245, 159.59705018997192, 159.15776133537292, 158.7400050163269, 160.59985494613647, 161.4692325592041, 159.3864459991455, 157.08733415603638, 159.27837800979614, 159.43747329711914, 159.2125325202942, 160.34006476402283, 160.16854214668274, 158.92517733573914, 158.96441316604614, 159.9599597454071, 160.615984916687, 159.09366416931152, 159.80278134346008, 161.89498114585876, 160.2508487701416, 161.5278799533844, 159.33185958862305, 158.65154361724854, 159.88342332839966, 159.68081426620483, 161.1907548904419, 159.36657333374023, 160.07373881340027, 161.38165664672852, 158.50401306152344, 159.6243326663971, 159.48375463485718, 160.71913886070251, 158.2255609035492, 161.21408796310425, 160.1661012172699, 158.4717755317688, 159.8090705871582, 161.22914743423462, 158.67036056518555, 159.51741862297058, 158.73295640945435, 159.7359049320221, 157.7866861820221, 160.35171461105347, 160.74461317062378, 159.3658847808838, 157.94123315811157, 160.85515332221985, 159.52470231056213, 159.12431025505066, 159.2408435344696, 158.67355227470398, 157.6357057094574, 160.98590636253357, 159.95633816719055, 159.74959182739258, 159.66693329811096, 159.9720380306244, 160.80108308792114, 158.80883479118347, 160.65398287773132, 160.86433577537537, 159.0841143131256, 159.3991937637329, 160.72036480903625, 159.7552933692932, 159.98339319229126, 159.608323097229, 160.68498063087463, 159.81798648834229, 160.0648217201233, 159.18841791152954, 160.3177318572998, 159.47152972221375, 158.78458046913147, 161.50200700759888, 160.07265281677246, 160.25258874893188, 159.9573838710785, 158.9593105316162, 157.29725289344788, 161.6375207901001, 159.58079957962036, 158.1330304145813, 159.09090518951416, 159.6436378955841, 159.75289964675903, 160.07876443862915, 160.30004572868347, 160.45801734924316, 160.13331389427185]],