{"config": {"train_options": {"learning_rate": 0.05, "optimizer": "SGD", "batch_size": 128, "number_of_epochs": 300, "loss_parameters": {"temperature": 20, "distillation_type": "FEATURE", "alpha": 0.7, "beta": 0.7}}}, "results": {"train_losses": [[22083.0483625, 22103.9422515625, 22148.191078125, 22183.690184375, 22232.0925484375, 22275.3062, 22291.9015, 22318.0032875, 22342.758171875, 22355.390178125, 22373.782890625, 22395.42728125, 22417.5839546875, 22440.7423875, 22464.3703875, 22494.9916546875, 22522.7051953125, 22538.1576515625, 22561.7111625, 22589.151509375, 22617.46650625]], "valid_losses": [[22078.1819734375, 22279.8748984375, 22259.08999921875, 22226.14797890625, 22231.062625, 22201.71005703125, 22287.99280859375, 22297.3838640625, 22346.93031328125, 22398.8504859375, 22390.6426375, 22399.45688203125, 22450.9150328125, 22474.8668421875, 22509.364746875, 22526.8913828125, 22563.172496875, 22574.23043359375, 22581.841915625, 22610.72885, 22626.776575]], "train_accs": [[3.7575, 7.630000000000001, 10.7125, 13.5225, 15.7, 17.805, 20.3875, 22.4225, 24.54, 26.4525, 28.34, 29.74, 31.4825, 32.905, 34.3525, 35.7175, 37.4625, 38.9125, 40.1175, 40.910000000000004, 42.175000000000004]], "valid_accs": [[5.489999999999999, 8.21, 11.82, 14.06, 15.049999999999999, 17.169999999999998, 19.36, 21.16, 23.580000000000002, 25.53, 27.18, 28.29, 28.96, 30.4, 32.36, 33.94, 33.26, 35.099999999999994, 35.21, 36.74, 37.72]], "train_times": [[158.81032252311707, 159.437242269516, 159.0754382610321, 161.20882272720337, 159.39549684524536, 158.5040328502655, 159.3963222503662, 159.2065567970276, 163.49645805358887, 159.42361760139465, 160.52570009231567, 161.06278586387634, 160.99853825569153, 160.0728099346161, 159.27879858016968, 160.53916382789612, 158.97848296165466, 159.43222999572754, 160.52688574790955, 160.1649067401886, 160.6703395843506]], "valid_times": [[33.858094215393066, 33.47251892089844, 32.935994148254395, 33.03749132156372, 33.07365942001343, 35.05471992492676, 33.22728395462036, 33.1503267288208, 33.899065256118774, 33.14563035964966, 33.14042806625366, 32.79044699668884, 32.52432680130005, 34.19210171699524, 33.89449381828308, 33.62120842933655, 33.278640031814575, 33.5704140663147, 32.91978120803833, 32.79537749290466, 33.47105574607849]], "test_accuracy": 37.49, "convergence_iteration": 21}}