{"config": {"train_options": {"learning_rate": 0.005, "optimizer": "SGD", "batch_size": 128, "number_of_epochs": 300, "loss_parameters": {"temperature": 10, "distillation_type": "FEATURE", "alpha": 0.9, "beta": 0.5}}}, "results": {"train_losses": [[15950.2549015625, 15937.46398125, 15926.04290625, 15912.7407, 15903.7511828125, 15893.34375625, 15891.530965625, 15892.14675625, 15889.712653125, 15889.9993640625, 15892.7673203125, 15893.5910140625, 15893.034771875, 15891.726859375, 15890.592003125, 15890.4491828125, 15889.3144171875, 15894.03831875, 15895.4004265625, 15899.456003125, 15902.835653125, 15904.4092421875, 15909.8368109375, 15915.4449734375, 15917.0664875, 15920.8472125, 15924.457821875, 15928.2213140625, 15935.3337453125, 15939.97968125, 15941.1484234375, 15948.507775, 15953.8278828125, 15958.3715953125, 15960.2961828125, 15966.895759375]], "valid_losses": [[15906.74473671875, 15876.88376875, 15876.54331953125, 15865.9875421875, 15846.80065078125, 15853.88728984375, 15850.03051640625, 15848.91034765625, 15847.03846171875, 15844.40997109375, 15851.72683828125, 15853.33817109375, 15848.701015625, 15856.308471875, 15856.9593265625, 15838.7560046875, 15853.49933203125, 15858.04006796875, 15857.8275859375, 15863.53264296875, 15863.5661203125, 15867.1697015625, 15870.6056984375, 15876.13885703125, 15879.07938359375, 15880.634653125, 15884.5373421875, 15897.43542578125, 15892.67199375, 15902.2132078125, 15919.0900609375, 15913.26434453125, 15909.55339765625, 15916.57719296875, 15927.95151171875, 15934.1280359375]], "train_accs": [[1.075, 1.83, 2.03, 2.2925, 2.6775, 3.3175000000000003, 3.655, 4.1425, 4.4575, 4.8075, 5.220000000000001, 5.46, 5.8225, 6.005, 6.465, 6.715, 7.027500000000001, 7.2175, 7.364999999999999, 7.7775, 7.9174999999999995, 8.115, 8.59, 8.952499999999999, 9.115, 9.1675, 9.5975, 9.82, 10.02, 10.245, 10.35, 10.7375, 10.8675, 11.0925, 11.540000000000001, 11.6775]], "valid_accs": [[1.7000000000000002, 1.9900000000000002, 2.01, 2.6599999999999997, 3.38, 3.5999999999999996, 4.09, 4.26, 4.8500000000000005, 4.87, 5.21, 5.47, 5.64, 6.23, 6.49, 6.93, 6.79, 7.13, 7.6499999999999995, 7.430000000000001, 8.18, 8.43, 8.68, 8.77, 9.030000000000001, 9.21, 9.71, 9.66, 10.05, 10.43, 10.780000000000001, 11.200000000000001, 11.27, 11.450000000000001, 11.95, 11.99]], "train_times": [[294.97366094589233, 299.21445512771606, 296.1334183216095, 297.68387842178345, 297.85374999046326, 298.6572790145874, 296.06821846961975, 297.56593799591064, 296.17842388153076, 302.41899037361145, 310.30958104133606, 310.5216963291168, 311.5940182209015, 311.22517347335815, 318.389034986496, 312.47643184661865, 314.4307906627655, 312.413357257843, 314.7855577468872, 326.28735423088074, 326.2220268249512, 316.29720091819763, 315.2686710357666, 317.4928903579712, 321.460608959198, 324.4120261669159, 322.17753767967224, 326.26214838027954, 318.5969169139862, 317.81487560272217, 319.3846061229706, 317.14750027656555, 317.3380832672119, 317.7301573753357, 317.07956624031067, 317.8350636959076]], "valid_times": [[71.2449414730072, 71.3737440109253, 72.16480755805969, 71.64148426055908, 72.02026534080505, 70.9473340511322, 72.27975106239319, 71.1384162902832, 72.21949768066406, 74.45942187309265, 75.63252544403076, 74.59027147293091, 74.77432870864868, 75.16267800331116, 74.77097129821777, 75.25561261177063, 74.14178538322449, 74.85330104827881, 77.88822722434998, 78.75838041305542, 75.80468010902405, 76.0146815776825, 76.69722843170166, 75.13265061378479, 78.39621686935425, 77.76727199554443, 78.71909594535828, 77.01088809967041, 76.30935645103455, 76.94685554504395, 76.2956063747406, 76.62439203262329, 76.62400960922241, 76.49792814254761, 76.652268409729, 76.01587224006653]], "test_accuracy": 12.15, "convergence_iteration": 36}}