{"config": {"train_options": {"learning_rate": 0.05, "optimizer": "SGD", "batch_size": 128, "number_of_epochs": 300, "loss_parameters": {"temperature": 10, "distillation_type": "FEATURE", "alpha": 0.8, "beta": 0.7}}}, "results": {"train_losses": [[22211.2370015625, 22182.1380265625, 22193.4740625, 22239.497690625, 22274.4823140625, 22307.5894328125, 22337.54976875, 22375.7725140625, 22405.841496875, 22442.1360265625, 22473.62084375, 22503.308553125, 22530.1943171875, 22554.80965625, 22583.2425453125, 22613.456296875, 22637.3860015625, 22662.1856625, 22684.675290625, 22709.5231390625, 22733.545559375, 22756.1062265625, 22781.6808234375]], "valid_losses": [[22273.97768828125, 22244.71297734375, 22201.1810671875, 22283.68527421875, 22306.102615625, 22347.4960609375, 22263.769265625, 22412.09761796875, 22456.9123859375, 22481.2225859375, 22500.666465625, 22517.90470234375, 22551.26375859375, 22567.679603125, 22610.01775625, 22621.43790546875, 22630.2821265625, 22664.72102890625, 22665.43503671875, 22697.96556796875, 22729.42909609375, 22735.1638109375, 22781.580315625]], "train_accs": [[3.2099999999999995, 6.529999999999999, 8.9075, 11.04, 13.125, 15.190000000000001, 16.9925, 18.7075, 20.3725, 21.8025, 23.4075, 25.03, 26.415, 27.897499999999997, 29.2, 30.427500000000002, 31.790000000000003, 32.9875, 34.275, 35.2875, 36.4925, 37.6025, 38.515]], "valid_accs": [[4.65, 7.969999999999999, 9.87, 11.360000000000001, 13.43, 13.930000000000001, 16.16, 18.2, 18.78, 21.07, 22.45, 22.900000000000002, 25.779999999999998, 25.929999999999996, 25.96, 27.589999999999996, 27.71, 27.97, 32.16, 32.940000000000005, 33.93, 32.57, 34.86]], "train_times": [[158.6761450767517, 158.50445127487183, 160.06691789627075, 158.70995545387268, 159.78474688529968, 159.9124720096588, 159.8880317211151, 158.14398789405823, 161.14520072937012, 160.2440094947815, 161.17015624046326, 159.1650149822235, 158.72931790351868, 160.88514757156372, 159.07399249076843, 160.32692670822144, 161.32496881484985, 158.9802701473236, 158.00748229026794, 160.1649055480957, 160.04818034172058, 157.25960087776184, 159.70795345306396]], "valid_times": [[33.41698241233826, 33.15633153915405, 33.1143856048584, 33.645002126693726, 32.83115911483765, 32.23890042304993, 33.04803967475891, 34.43416452407837, 32.558961629867554, 32.75846600532532, 33.48705744743347, 33.40421652793884, 33.36361026763916, 33.04182553291321, 33.22607707977295, 32.968829870224, 32.66248798370361, 34.38329219818115, 33.262245416641235, 32.77462673187256, 33.65577173233032, 33.14511036872864, 32.286234617233276]], "test_accuracy": 34.910000000000004, "convergence_iteration": 23}}