{"config": {"train_options": {"learning_rate": 0.01, "optimizer": "SGD", "batch_size": 128, "number_of_epochs": 300, "loss_parameters": {"temperature": 5, "distillation_type": "FEATURE", "alpha": 0.1, "beta": 0.3}}}, "results": {"train_losses": [[9498.4059734375, 9472.327453125, 9448.3175640625, 9413.25229453125, 9379.91796171875, 9352.0746375, 9323.39094140625, 9293.91347734375, 9267.2275265625, 9244.26270546875, 9226.55858359375, 9209.79130078125, 9201.2615375, 9185.97048828125, 9168.56083515625, 9155.1996234375, 9144.499709375, 9129.083903125, 9116.2538203125, 9101.3188671875, 9090.74876328125, 9083.95279453125, 9071.9990625, 9068.61538828125, 9058.5705140625, 9051.860084375, 9044.2050015625, 9030.47590703125, 9025.4613796875, 9023.63123359375, 9018.92875546875, 9006.92861171875, 9007.4928359375, 9006.11478125, 9000.78534140625, 9002.60862421875, 9005.2169921875, 9008.8379375, 9009.09681015625, 9003.251771875, 8997.506053125, 9000.58901953125, 8996.899353125, 8993.6205828125, 8991.400096875, 8992.42547578125, 8993.3838828125, 8989.37458125, 8986.17947734375, 8983.5464484375, 8980.94997578125, 8980.81149375, 8983.2587203125, 8979.92250234375, 8978.30176953125, 8974.35442265625, 8971.038540625, 8974.95289375, 8977.79474375, 8973.6801515625, 8970.98690546875, 8967.96554765625, 8965.30748125, 8966.799271875, 8959.33895859375, 8956.06588515625, 8951.70340078125, 8953.6784609375, 8952.6692109375, 8951.85388046875, 8952.41668671875, 8949.82912578125, 8946.75261796875, 8949.73038984375, 8951.55776796875, 8953.2976328125, 8946.50600625, 8939.06627890625, 8940.1863265625, 8941.15715703125, 8940.11824765625, 8943.84261953125, 8946.21730078125, 8949.39343046875, 8952.01879609375, 8956.48135546875, 8958.6463078125, 8960.8065765625, 8964.82691953125, 8966.73953203125, 8967.5526484375, 8971.64912890625, 8972.79480234375, 8977.19480625, 8978.32187109375, 8980.07483515625, 8982.7456171875, 8986.20743515625, 8986.41278359375, 8989.05005546875, 8989.36682578125]], "valid_losses": [[9493.45802109375, 9462.5375078125, 9418.02818515625, 9381.82409921875, 9356.62614921875, 9333.8249875, 9328.693924609375, 9308.2763625, 9259.3496609375, 9233.350041015625, 9215.38452890625, 9221.305253125, 9195.47451953125, 9196.707863671874, 9142.889507421874, 9149.99115390625, 9157.323459765625, 9137.95736015625, 9121.3436859375, 9108.715941796874, 9093.83897421875, 9092.312837890626, 9088.602429296874, 9070.89347421875, 9072.227495703126, 9069.03935546875, 9048.7709625, 9034.754929296874, 9030.929523046874, 9039.693221484375, 9025.226425390625, 9019.687117578125, 9023.396555859375, 9009.883248046875, 9019.920112890624, 9015.000290625, 9030.27758515625, 9004.769726171875, 9026.108090234375, 9026.07660390625, 8996.83420234375, 9031.857467578126, 9006.175720703124, 8996.524978515625, 9006.2769, 8997.484796875, 9002.418966015624, 8997.611178515624, 8999.893388671875, 8989.447492578125, 8982.274094921875, 8970.891436328126, 8982.739913671874, 8987.79890078125, 8984.7356390625, 8977.81366875, 8973.73966484375, 8985.7176171875, 8974.911427734374, 8971.985350390625, 8984.558907421875, 8974.891369921876, 8977.099398046876, 8976.7976890625, 8956.505525390625, 8957.3477171875, 8955.335291796875, 8954.997147265625, 8951.138802734375, 8957.309884375, 8947.441646484374, 8953.953113671874, 8960.17724765625, 8960.324501171875, 8973.6100140625, 8957.14528046875, 8942.85873125, 8939.910376171874, 8942.924630078125, 8948.58246640625, 8938.50854296875, 8945.2948640625, 8946.932008984375, 8951.070466015624, 8952.65380703125, 8952.926580078125, 8954.66938828125, 8959.425668359376, 8960.684036328124, 8965.448128125, 8967.279378515625, 8971.029454296875, 8973.203291796875, 8975.47349765625, 8978.28924296875, 8980.21042265625, 8982.74665859375, 8981.237586328125, 8985.53694296875, 8989.822912890624, 8986.425591015624]], "train_accs": [[4.405, 9.385, 13.197500000000002, 16.1275, 19.15, 22.03, 24.4875, 26.5675, 28.71, 30.645, 32.3075, 34.332499999999996, 36.2025, 37.56, 39.085, 40.575, 41.885, 43.2875, 44.205, 45.4525, 46.415, 47.47, 48.335, 49.17, 50.0775, 50.777499999999996, 51.9575, 52.2725, 53.195, 53.905, 54.7775, 55.2725, 55.847500000000004, 56.655, 57.2375, 57.782500000000006, 58.3975, 58.940000000000005, 59.38250000000001, 59.63, 60.23, 60.5225, 61.4425, 61.68749999999999, 62.09, 62.73, 63.2825, 63.49249999999999, 63.76500000000001, 64.66, 64.935, 65.3, 65.595, 66.05499999999999, 66.515, 66.655, 67.5125, 67.51, 67.9875, 68.24249999999999, 68.4725, 68.77250000000001, 68.83, 69.6125, 69.78, 70.005, 69.94, 70.61, 70.7775, 71.1625, 71.24249999999999, 71.665, 71.58250000000001, 71.7675, 72.39999999999999, 72.84, 73.00750000000001, 73.30499999999999, 73.1725, 73.6, 73.9, 77.63250000000001, 79.38499999999999, 79.88250000000001, 80.42, 80.1775, 80.62, 80.9725, 81.11749999999999, 81.485, 81.38, 81.92, 81.7775, 81.9075, 82.0225, 81.9875, 82.36, 82.4875, 82.52000000000001, 82.5175, 82.56]], "valid_accs": [[8.12, 11.26, 14.05, 17.31, 21.16, 22.16, 23.419999999999998, 25.919999999999998, 28.23, 27.139999999999997, 29.759999999999998, 29.720000000000002, 32.6, 32.76, 35.99, 31.11, 35.410000000000004, 36.99, 38.98, 39.06, 40.47, 39.22, 41.05, 41.55, 42.85, 43.09, 43.29, 46.54, 45.0, 45.89, 46.94, 46.72, 46.28, 45.04, 47.44, 46.129999999999995, 47.910000000000004, 47.12, 48.28, 47.29, 47.81, 47.660000000000004, 49.82, 49.74, 48.89, 48.24, 50.0, 48.59, 50.7, 49.3, 49.980000000000004, 48.54, 50.18, 50.949999999999996, 50.83, 51.080000000000005, 50.56, 50.81, 50.56, 50.81, 50.11, 51.25999999999999, 50.89, 51.06, 50.28, 51.21, 50.27, 52.28, 50.349999999999994, 51.74999999999999, 50.72, 51.76, 51.94, 52.27, 52.04, 52.93, 52.49, 51.25999999999999, 51.73, 52.959999999999994, 51.790000000000006, 57.220000000000006, 57.82000000000001, 57.79, 57.66, 57.720000000000006, 58.15, 57.9, 57.89, 57.8, 57.95, 58.03, 58.18, 58.19, 57.29, 58.18, 57.69, 57.940000000000005, 57.69, 58.13, 58.03]], "train_times": [[157.94934272766113, 157.2929015159607, 157.6197304725647, 156.50132632255554, 157.9742500782013, 157.7417151927948, 156.958331823349, 156.966210603714, 156.83369326591492, 157.58255672454834, 156.65053343772888, 157.1067612171173, 157.30578351020813, 156.74232149124146, 157.01818680763245, 156.67022442817688, 156.40889596939087, 157.28218722343445, 156.55498123168945, 156.42326664924622, 157.47630667686462, 156.7671685218811, 156.1616187095642, 157.0847520828247, 156.40588116645813, 156.80268216133118, 156.41493606567383, 157.63026022911072, 158.55455589294434, 157.08039021492004, 156.26332092285156, 156.9909896850586, 157.17047476768494, 157.43597602844238, 158.11950731277466, 157.27133536338806, 157.46151757240295, 157.8587498664856, 157.50919032096863, 156.8269100189209, 157.74633049964905, 157.57355427742004, 157.06669545173645, 156.38101363182068, 157.91899156570435, 155.69319534301758, 156.72832489013672, 157.65929698944092, 157.1372652053833, 157.81421422958374, 157.2565155029297, 156.48119473457336, 157.6269838809967, 156.7541208267212, 157.3928942680359, 155.98727750778198, 157.07344126701355, 155.56341075897217, 156.2140760421753, 157.25037693977356, 157.75355219841003, 157.55786037445068, 158.23373198509216, 156.74478125572205, 156.52674651145935, 157.37127351760864, 156.42888188362122, 156.42466235160828, 156.87238955497742, 156.04260396957397, 155.57859683036804, 157.32729196548462, 156.73302173614502, 158.2923400402069, 156.9933249950409, 156.10932636260986, 156.28455018997192, 158.22232866287231, 157.0854434967041, 156.6822545528412, 155.7234332561493, 156.5108151435852, 156.587828874588, 157.1135127544403, 157.226797580719, 157.13130164146423, 156.83875250816345, 156.60213613510132, 156.5704128742218, 158.6762776374817, 156.07781314849854, 156.84619164466858, 157.57391595840454, 157.89876866340637, 155.1455078125, 156.32955646514893, 157.96708273887634, 156.5235505104065, 155.81956434249878, 158.0453541278839, 156.70475268363953]],