{"config": {"train_options": {"learning_rate": 0.05, "optimizer": "SGD", "batch_size": 128, "number_of_epochs": 300, "loss_parameters": {"temperature": 20, "distillation_type": "FEATURE", "alpha": 0.8, "beta": 0.9}}}, "results": {"train_losses": [[28933.1147375, 28924.469971875, 28937.260825, 28975.51018125, 29015.10981875, 29070.78455625, 29119.616053125, 29165.399084375, 29206.82746875, 29251.71395625, 29294.1157625, 29334.126440625, 29371.3570875, 29396.850546875, 29430.97986875, 29459.79275625, 29487.2366875, 29519.507246875, 29547.674884375, 29567.148728125, 29584.415146875]], "valid_losses": [[28931.3191609375, 28939.4738546875, 28967.6831859375, 29015.1708453125, 29082.8092375, 29130.269684375, 29161.8187859375, 29216.015615625, 29256.5540515625, 29295.26063125, 29344.695090625, 29382.282371875, 29384.79801875, 29443.875996875, 29456.1194328125, 29490.85480625, 29503.0129, 29535.980403125, 29559.5738171875, 29577.04298125, 29602.83074375]], "train_accs": [[2.1675, 4.3025, 5.7525, 7.07, 8.260000000000002, 9.3725, 10.1425, 11.129999999999999, 11.9025, 12.875, 13.48, 14.2825, 14.9075, 15.507499999999999, 16.3075, 17.075000000000003, 17.355, 18.14, 18.8425, 19.595000000000002, 20.2625]], "valid_accs": [[3.38, 4.54, 5.87, 7.180000000000001, 8.55, 9.41, 10.63, 11.59, 12.42, 13.03, 13.79, 14.299999999999999, 15.1, 15.629999999999999, 16.3, 16.63, 17.53, 18.17, 18.25, 18.39, 18.759999999999998]], "train_times": [[159.83798003196716, 159.41444492340088, 160.99415683746338, 159.44473361968994, 161.92537355422974, 159.02585291862488, 160.44287395477295, 161.19168543815613, 159.63934230804443, 159.99834322929382, 159.99827909469604, 159.47723627090454, 159.15713763237, 158.96218156814575, 159.75893235206604, 159.3503851890564, 159.08720874786377, 160.08853340148926, 161.83657670021057, 159.2820839881897, 160.7956748008728]], "valid_times": [[33.03893685340881, 34.057443141937256, 33.202359676361084, 33.07190227508545, 33.138121604919434, 32.75682997703552, 32.971272230148315, 33.422728538513184, 34.82255935668945, 33.337416648864746, 32.94515895843506, 33.701836585998535, 32.252784967422485, 32.64954733848572, 33.509708642959595, 34.028802156448364, 32.86646294593811, 33.025343894958496, 32.99772024154663, 33.1940233707428, 33.09871983528137]], "test_accuracy": 19.33, "convergence_iteration": 21}}