{"config": {"train_options": {"learning_rate": 0.05, "optimizer": "SGD", "batch_size": 128, "number_of_epochs": 300, "loss_parameters": {"temperature": 20, "distillation_type": "FEATURE", "alpha": 0.6, "beta": 0.3}}}, "results": {"train_losses": [[9459.6379015625, 9436.98039765625, 9418.0284703125, 9385.5209765625, 9352.08345703125, 9324.41602109375, 9307.68514296875, 9282.55710859375, 9263.558034375, 9248.0282984375, 9241.33069765625, 9240.64045859375, 9246.5427046875, 9244.883521875, 9247.780753125, 9256.4561359375, 9267.30524375, 9272.81325, 9280.83883984375, 9287.527690625, 9304.26978828125, 9311.879478125, 9322.623621875, 9332.48721796875, 9345.80923671875, 9362.01829453125, 9370.27699140625, 9384.58613359375, 9393.32217109375, 9397.9212734375, 9408.011134375]], "valid_losses": [[9446.15519375, 9454.876683203125, 9471.558408984374, 9391.796062109375, 9348.283205078125, 9327.68115625, 9290.9633890625, 9247.204213671876, 9251.05215625, 9245.429816796875, 9232.378000390625, 9236.110068359376, 9245.421019140626, 9255.379562109374, 9233.197533203125, 9257.80622265625, 9262.70551015625, 9270.38237890625, 9276.121235546874, 9296.7606171875, 9294.26892109375, 9308.34960234375, 9316.8448578125, 9326.286624609374, 9346.066790234376, 9348.8841515625, 9376.08911015625, 9368.99413828125, 9374.577338671876, 9380.301616796874, 9398.465406640626]], "train_accs": [[5.1775, 11.477500000000001, 16.12, 20.7, 24.785, 28.62, 31.942500000000003, 34.8525, 37.669999999999995, 39.835, 42.045, 44.07, 45.845, 47.38, 48.7375, 50.1225, 51.1975, 52.6225, 53.86, 54.9325, 55.87, 56.6175, 57.845, 58.065, 59.1175, 59.805, 60.665, 61.195, 61.662499999999994, 62.185, 62.83]], "valid_accs": [[8.28, 12.280000000000001, 16.14, 18.62, 21.65, 23.77, 28.849999999999998, 27.74, 28.689999999999998, 31.94, 35.25, 36.980000000000004, 37.0, 38.31, 38.91, 41.730000000000004, 43.7, 44.86, 44.519999999999996, 46.96, 43.419999999999995, 47.620000000000005, 44.05, 45.28, 46.089999999999996, 46.239999999999995, 47.089999999999996, 44.84, 47.949999999999996, 46.77, 47.05]], "train_times": [[158.82601523399353, 159.3956732749939, 159.90892553329468, 158.0899133682251, 163.46434450149536, 160.8842396736145, 157.90188145637512, 158.64903783798218, 160.1352002620697, 159.65090370178223, 158.02487516403198, 158.94317960739136, 160.5793902873993, 157.93224835395813, 160.95840668678284, 159.24580264091492, 158.05695962905884, 158.71448183059692, 158.43398427963257, 159.82169795036316, 159.28115844726562, 159.88412928581238, 159.1447949409485, 158.79023337364197, 160.81472730636597, 160.76436471939087, 159.54154229164124, 156.39455914497375, 159.93824172019958, 160.22518730163574, 158.18055295944214]], "valid_times": [[33.436941146850586, 33.099096059799194, 33.68242168426514, 32.62286019325256, 33.55571413040161, 32.86553239822388, 33.734314918518066, 33.18767070770264, 33.014721393585205, 33.622557640075684, 32.95736122131348, 33.27168560028076, 32.547892808914185, 32.365479946136475, 33.045795917510986, 32.89870572090149, 34.33174777030945, 33.39087438583374, 33.229840993881226, 33.51807451248169, 32.83317494392395, 32.42057752609253, 32.86088514328003, 34.474384784698486, 33.13394546508789, 32.95885515213013, 33.299158811569214, 33.32766675949097, 33.4094660282135, 33.12159061431885, 33.008023262023926]], "test_accuracy": 48.1, "convergence_iteration": 31}}