{"config": {"train_options": {"learning_rate": 0.01, "optimizer": "SGD", "batch_size": 128, "number_of_epochs": 300, "loss_parameters": {"temperature": 20, "distillation_type": "FEATURE", "alpha": 0.9, "beta": 0.2}}}, "results": {"train_losses": [[6387.31138359375, 6370.54781953125, 6361.8659, 6363.57639921875, 6365.40923046875, 6367.369415625, 6369.10221796875, 6369.7784359375, 6370.41462421875, 6373.698334375, 6375.3874703125, 6378.73243515625, 6379.163515625, 6380.8863359375, 6382.02835, 6382.7258296875, 6385.31848359375, 6386.3740578125, 6386.7461015625, 6388.73615390625, 6389.56181875, 6391.03150234375, 6392.9327140625, 6393.2655375]], "valid_losses": [[6350.63973984375, 6349.83469765625, 6348.877679296875, 6348.28468125, 6355.6095859375, 6356.063793359375, 6358.529157421875, 6359.706773046875, 6360.3363390625, 6360.457496875, 6362.96055625, 6357.229555078125, 6358.8149078125, 6365.942690625, 6358.62315078125, 6369.76309921875, 6370.87106015625, 6366.896562890625, 6371.292408203125, 6372.213713671875, 6371.33357265625, 6377.9600375, 6380.937684765625, 6372.298708203125]], "train_accs": [[2.2775, 3.66, 4.8500000000000005, 6.0225, 6.88, 7.825, 8.59, 9.485000000000001, 10.342500000000001, 11.3775, 11.9175, 12.555, 12.870000000000001, 13.4525, 13.872499999999999, 14.3825, 15.0, 15.3375, 15.840000000000002, 16.39, 16.73, 17.18, 17.8075, 18.4475]], "valid_accs": [[3.2800000000000002, 4.41, 5.800000000000001, 7.03, 7.720000000000001, 8.63, 9.56, 10.11, 10.620000000000001, 11.62, 12.07, 12.49, 12.97, 13.600000000000001, 13.900000000000002, 14.69, 15.52, 15.85, 15.89, 16.32, 17.2, 17.41, 17.96, 18.12]], "train_times": [[186.09856343269348, 187.33762788772583, 189.5222086906433, 188.83660101890564, 188.0514850616455, 188.58695101737976, 187.7778570652008, 188.74311089515686, 188.099219083786, 188.1570746898651, 186.77748584747314, 189.35742568969727, 185.73037934303284, 188.65281915664673, 187.54863739013672, 188.1453297138214, 190.49635195732117, 186.78887128829956, 187.99097800254822, 190.63290452957153, 187.8504934310913, 189.91182899475098, 188.1344654560089, 189.37855434417725]], "valid_times": [[39.63577938079834, 39.40301060676575, 39.32962441444397, 39.47983169555664, 39.578017234802246, 40.175121545791626, 39.209996700286865, 39.01838994026184, 40.06467247009277, 39.35253024101257, 39.63401913642883, 40.56931233406067, 39.68275046348572, 38.82019782066345, 39.947797775268555, 39.49695897102356, 39.73817420005798, 40.18362283706665, 39.19344186782837, 38.67777180671692, 39.55699396133423, 39.055694580078125, 40.19454550743103, 41.02558970451355]], "test_accuracy": 18.38, "convergence_iteration": 24}}