{"config": {"train_options": {"learning_rate": 0.01, "optimizer": "SGD", "batch_size": 128, "number_of_epochs": 300, "loss_parameters": {"temperature": 5, "distillation_type": "FEATURE", "alpha": 0.8, "beta": 0.5}}}, "results": {"train_losses": [[16005.9565625, 15968.9842671875, 15948.0511578125, 15937.5917515625, 15931.7082296875, 15926.91375, 15922.4060421875, 15925.349834375, 15929.06389375, 15929.62106875, 15930.5928765625, 15935.68349375, 15941.8402453125, 15937.58059375, 15940.53045625, 15939.115759375, 15941.9865375, 15946.147196875, 15947.52645, 15953.2284375, 15961.9881953125, 15964.6861359375, 15970.9264921875, 15976.1692578125, 15982.0145609375, 15983.661284375, 15986.08576875, 15992.1943359375, 15997.4950609375, 16003.431440625]], "valid_losses": [[15989.5255671875, 15994.89200625, 15982.3273796875, 15948.89640390625, 15965.77066171875, 15954.72583515625, 15942.41038359375, 15954.2642828125, 15961.18229921875, 15930.61311015625, 15938.03676328125, 15944.89436640625, 15931.5320359375, 15949.15841953125, 15946.0426546875, 15955.08991875, 15965.91865, 15953.3795078125, 15975.68466953125, 15959.6250921875, 15976.30243828125, 15998.04272890625, 15974.12782578125, 15986.755346875, 15995.61628046875, 16004.87703359375, 15995.0329140625, 16006.689075, 16008.30784609375, 16007.2524765625]], "train_accs": [[1.8975, 3.585, 5.2525, 6.882499999999999, 8.01, 9.2325, 10.42, 11.28, 12.065, 12.964999999999998, 13.942499999999999, 14.762500000000001, 15.415000000000001, 16.45, 16.84, 17.8525, 18.3625, 18.825, 19.725, 20.474999999999998, 21.295, 21.732499999999998, 22.5275, 22.9225, 23.7075, 24.275, 24.975, 25.582500000000003, 26.1775, 26.8975]], "valid_accs": [[3.1, 4.6, 6.069999999999999, 7.539999999999999, 8.44, 9.81, 10.67, 11.44, 12.4, 12.91, 14.149999999999999, 14.93, 15.299999999999999, 16.57, 16.950000000000003, 17.06, 17.66, 18.69, 19.31, 19.7, 20.549999999999997, 20.669999999999998, 21.07, 21.8, 22.68, 23.200000000000003, 23.380000000000003, 23.82, 24.09, 25.169999999999998]], "train_times": [[163.72778749465942, 163.57151103019714, 164.25884294509888, 164.13867807388306, 163.78391647338867, 163.4685788154602, 164.80955123901367, 164.78115797042847, 165.6030969619751, 162.98631024360657, 165.91727304458618, 163.9422526359558, 162.43281936645508, 162.4253330230713, 164.38354182243347, 163.139062166214, 162.20185613632202, 164.22317552566528, 165.08157896995544, 163.90807914733887, 163.17334985733032, 163.76846599578857, 162.78007221221924, 163.93327474594116, 164.92594647407532, 164.01705312728882, 165.55593299865723, 162.28791427612305, 163.97344517707825, 163.97304677963257]], "valid_times": [[33.002739667892456, 34.9958279132843, 32.99726414680481, 33.172603368759155, 32.74675488471985, 32.55052947998047, 32.46572971343994, 32.79156160354614, 32.89972448348999, 33.037421464920044, 32.365833044052124, 32.6533637046814, 35.309568643569946, 32.345478534698486, 33.96953821182251, 33.13772249221802, 33.655776023864746, 33.23205757141113, 32.73091459274292, 34.070107221603394, 32.466973304748535, 33.030038833618164, 33.16022515296936, 34.06670165061951, 33.04448866844177, 32.55888843536377, 33.169697523117065, 33.09352350234985, 33.206870794296265, 34.027525424957275]], "test_accuracy": 25.85, "convergence_iteration": 30}}