{"config": {"train_options": {"learning_rate": 0.005, "optimizer": "SGD", "batch_size": 128, "number_of_epochs": 300, "loss_parameters": {"temperature": 15, "distillation_type": "FEATURE", "alpha": 0.8, "beta": 0.9}}}, "results": {"train_losses": [[28790.350646875, 28795.489196875, 28796.09001875, 28805.45713125, 28801.633434375, 28808.54976875, 28810.486625, 28811.74823125, 28819.69755625, 28818.5528125, 28823.291871875, 28819.113603125, 28818.437821875, 28818.280621875, 28819.024103125, 28827.268909375, 28826.0877, 28830.161696875, 28836.6426375, 28840.469421875, 28840.57779375, 28848.504178125, 28849.952934375, 28852.553515625, 28857.714378125, 28866.281025]], "valid_losses": [[28781.297815625, 28766.3455984375, 28785.4484875, 28773.214678125, 28771.720578125, 28764.013896875, 28782.6697828125, 28805.5353359375, 28783.339775, 28783.7200875, 28776.2173859375, 28774.2124953125, 28773.1594265625, 28788.7380359375, 28779.3930375, 28777.8061484375, 28777.452271875, 28778.8416296875, 28790.1931609375, 28795.47530625, 28793.675396875, 28810.374409375, 28793.2277859375, 28800.868959375, 28798.992721875, 28815.1019078125]], "train_accs": [[1.0425, 1.3074999999999999, 1.205, 1.325, 1.3975, 1.6099999999999999, 1.78, 1.9625, 2.3225, 2.5025, 2.9625, 3.2925000000000004, 3.4825000000000004, 3.665, 3.7800000000000002, 3.82, 4.0125, 4.095, 4.37, 4.46, 4.505, 4.79, 5.04, 5.2625, 5.505, 5.6975]], "valid_accs": [[1.2, 1.18, 1.27, 1.41, 1.44, 1.77, 1.8599999999999999, 2.19, 2.33, 3.02, 3.1199999999999997, 3.46, 3.84, 3.66, 3.62, 3.74, 3.7600000000000002, 3.95, 4.4799999999999995, 4.71, 4.58, 4.79, 4.93, 5.21, 5.52, 5.37]], "train_times": [[311.05467915534973, 311.32417154312134, 314.57156562805176, 311.0213131904602, 309.84286999702454, 310.01007294654846, 310.61516761779785, 311.116822719574, 310.72310638427734, 309.16558027267456, 311.5449070930481, 311.5414264202118, 304.4960081577301, 304.82721281051636, 304.2358422279358, 305.4125609397888, 303.79615330696106, 305.6866283416748, 304.112606048584, 307.4981963634491, 310.5241310596466, 314.7135627269745, 314.19218730926514, 313.80984377861023, 314.3675467967987, 314.02238154411316]], "valid_times": [[74.33427500724792, 74.49934649467468, 74.26334190368652, 74.89156436920166, 74.3271758556366, 74.6362555027008, 74.56146764755249, 74.60678839683533, 74.76811504364014, 74.33889484405518, 75.08029580116272, 72.7725841999054, 72.68213963508606, 73.76300024986267, 73.15228700637817, 73.21023750305176, 73.21724605560303, 72.9629499912262, 72.97074675559998, 74.0216896533966, 76.17005586624146, 75.13416957855225, 75.61604332923889, 75.30173945426941, 74.88705134391785, 73.74173784255981]], "test_accuracy": 6.239999999999999, "convergence_iteration": 26}}