{"config": {"train_options": {"learning_rate": 0.01, "optimizer": "SGD", "batch_size": 128, "number_of_epochs": 300, "loss_parameters": {"temperature": 20, "distillation_type": "FEATURE", "alpha": 0.8, "beta": 0.8}}}, "results": {"train_losses": [[25665.59301875, 25633.30365, 25613.675853125, 25618.653740625, 25619.0890375, 25627.279915625, 25635.21770625, 25636.277153125, 25646.643059375, 25652.421225, 25660.61950625, 25670.346265625, 25678.4882625, 25679.34299375, 25689.8271875, 25696.107978125, 25701.08191875, 25707.48401875, 25716.926465625, 25728.4754125, 25737.9511875, 25740.568421875, 25750.412615625]], "valid_losses": [[25610.6174328125, 25587.2970078125, 25583.97101875, 25611.1293, 25618.7932375, 25633.1239, 25633.387384375, 25636.983134375, 25645.54450625, 25660.0702171875, 25686.107175, 25671.796515625, 25719.1565125, 25705.523875, 25703.3470890625, 25727.3840515625, 25729.212390625, 25748.929825, 25760.7390109375, 25775.6053765625, 25775.369803125, 25783.9683578125, 25787.282703125]], "train_accs": [[1.4425000000000001, 2.22, 2.825, 3.5249999999999995, 4.7125, 5.645, 6.3175, 6.8325, 7.2124999999999995, 7.835, 8.459999999999999, 9.0975, 9.547500000000001, 9.975000000000001, 10.545, 11.129999999999999, 11.3225, 11.855, 12.1025, 12.584999999999999, 12.8775, 13.19, 13.555]], "valid_accs": [[1.8800000000000001, 2.5100000000000002, 2.97, 3.8899999999999997, 5.19, 6.22, 6.5600000000000005, 6.8500000000000005, 7.24, 7.779999999999999, 8.49, 8.870000000000001, 9.17, 10.17, 10.440000000000001, 11.1, 11.26, 11.61, 12.18, 12.4, 12.559999999999999, 12.950000000000001, 13.0]], "train_times": [[190.5874583721161, 189.4539816379547, 187.2262201309204, 190.26832675933838, 187.2278380393982, 187.0810387134552, 188.05539917945862, 187.70033192634583, 188.58410835266113, 188.8786051273346, 189.7769992351532, 188.60510444641113, 189.87564373016357, 188.76856327056885, 190.31142473220825, 188.58338809013367, 185.93285989761353, 186.88218927383423, 189.47990441322327, 186.97972631454468, 187.61940264701843, 188.02289009094238, 190.31632351875305]], "valid_times": [[38.83840751647949, 40.0619957447052, 39.27774953842163, 39.18607807159424, 40.04409170150757, 40.038975954055786, 39.51340579986572, 39.79764795303345, 39.75596261024475, 40.45896053314209, 40.399051904678345, 39.596213579177856, 38.70779371261597, 40.15140175819397, 38.691426038742065, 40.00484013557434, 40.372689723968506, 39.897836685180664, 39.26222491264343, 39.132394552230835, 39.06320118904114, 39.754810094833374, 40.025943994522095]], "test_accuracy": 13.76, "convergence_iteration": 23}}