{"config": {"train_options": {"learning_rate": 0.01, "optimizer": "SGD", "batch_size": 128, "number_of_epochs": 300, "loss_parameters": {"temperature": 20, "distillation_type": "FEATURE", "alpha": 0.7, "beta": 0.2}}}, "results": {"train_losses": [[6375.97951328125, 6360.81386171875, 6354.28532890625, 6348.80631328125, 6347.30893203125, 6345.416875, 6340.91118671875, 6338.7297828125, 6334.17258984375, 6328.28087734375, 6326.07641875, 6322.4631046875, 6320.72688125, 6316.76302578125, 6313.1543796875, 6312.48884609375, 6310.4083453125, 6310.23818515625, 6307.04862578125, 6308.322978125, 6308.6722984375, 6308.056584375, 6304.98809921875, 6304.10244609375, 6302.62022734375, 6302.20411875, 6302.6646953125, 6301.9397921875, 6301.2920890625, 6300.645734375, 6300.59821640625, 6300.7899640625, 6299.9350515625, 6302.38630859375, 6302.6320546875, 6302.700821875]], "valid_losses": [[6356.233825390625, 6347.341698046875, 6326.135440234375, 6330.20973125, 6322.069078515625, 6309.515544921875, 6322.03122890625, 6315.7084296875, 6309.240992578125, 6308.825533984375, 6305.599331640625, 6307.06310703125, 6302.247377734375, 6302.683722265625, 6291.710945703125, 6286.41939140625, 6293.09913828125, 6294.86563671875, 6298.522614453125, 6289.47143515625, 6299.6026953125, 6289.10394765625, 6292.900021484375, 6299.1947359375, 6294.9223875, 6293.85296484375, 6294.0254109375, 6300.48046484375, 6299.679086328125, 6287.049379296875, 6287.54862109375, 6292.8416890625, 6299.522058984375, 6299.964949609375, 6300.91166015625, 6294.581858203125]], "train_accs": [[3.1325, 6.205, 8.8275, 11.035, 12.934999999999999, 14.59, 16.095000000000002, 17.407500000000002, 18.935, 20.4675, 21.529999999999998, 22.915, 23.885, 25.069999999999997, 26.179999999999996, 27.245, 27.947499999999998, 28.9, 29.9675, 30.865, 32.0175, 33.1225, 33.942499999999995, 34.8275, 35.7875, 36.559999999999995, 37.2425, 38.2025, 39.0025, 39.8125, 40.36, 41.3725, 42.0775, 42.8475, 43.415, 44.12]], "valid_accs": [[4.67, 7.249999999999999, 9.65, 11.66, 12.950000000000001, 14.64, 15.920000000000002, 16.98, 18.32, 19.71, 19.220000000000002, 20.09, 22.35, 23.84, 24.02, 25.44, 25.97, 27.439999999999998, 28.27, 27.689999999999998, 29.84, 30.049999999999997, 31.490000000000002, 30.5, 31.85, 32.800000000000004, 33.19, 33.51, 35.18, 34.660000000000004, 36.09, 35.82, 36.46, 37.68, 37.769999999999996, 37.92]], "train_times": [[188.0514521598816, 187.67875123023987, 187.62417125701904, 187.10432696342468, 187.03223204612732, 187.8591148853302, 184.81176471710205, 187.67517018318176, 186.2520043849945, 186.778817653656, 186.1188259124756, 185.92139744758606, 189.20013976097107, 188.9889395236969, 187.5675106048584, 185.64550399780273, 187.8379943370819, 186.39896965026855, 186.95449042320251, 186.02075004577637, 185.75227046012878, 185.15328526496887, 187.15250968933105, 184.9513475894928, 186.1821219921112, 188.74737644195557, 185.44852876663208, 184.04014992713928, 188.70874857902527, 187.15133690834045, 187.40400385856628, 187.48414874076843, 186.16266560554504, 187.0130569934845, 190.8830840587616, 186.97210383415222]], "valid_times": [[39.24756097793579, 38.63343095779419, 40.15347671508789, 40.512349367141724, 38.84752535820007, 38.718700647354126, 39.53385639190674, 38.823806047439575, 40.08148121833801, 38.89753818511963, 38.90441942214966, 38.70468473434448, 39.17044401168823, 39.80813002586365, 40.43312478065491, 39.186705350875854, 39.47249722480774, 38.682650566101074, 38.656843423843384, 38.46648454666138, 40.35911250114441, 40.574267625808716, 38.80701231956482, 38.876028299331665, 39.85285425186157, 39.56485438346863, 39.815598011016846, 39.28234648704529, 38.41250443458557, 39.79462289810181, 38.80677270889282, 38.751009464263916, 39.16523575782776, 39.20306992530823, 39.007994413375854, 39.11845517158508]], "test_accuracy": 39.03, "convergence_iteration": 36}}