{"config": {"train_options": {"learning_rate": 0.05, "optimizer": "SGD", "batch_size": 128, "number_of_epochs": 300, "loss_parameters": {"temperature": 20, "distillation_type": "FEATURE", "alpha": 0.7, "beta": 0.3}}}, "results": {"train_losses": [[9488.25568984375, 9464.89552421875, 9450.99355078125, 9434.24965390625, 9422.29439921875, 9409.32120546875, 9398.684353125, 9394.1978921875, 9389.8486546875, 9388.8169125, 9393.96950390625, 9396.05585078125, 9405.4837296875, 9412.0856703125, 9417.54903125, 9425.1760546875, 9434.84924375, 9452.99030859375, 9463.7982390625, 9470.426215625, 9482.91639296875, 9493.64417734375, 9505.34846484375, 9506.380334375, 9513.03816953125, 9526.56668125]], "valid_losses": [[9510.83391640625, 9476.8486203125, 9430.016996484375, 9407.79419921875, 9399.144747265625, 9378.447675, 9384.224689453125, 9386.011819921874, 9396.239799609375, 9381.924913671875, 9380.24161328125, 9402.7078890625, 9404.5523265625, 9397.286293359375, 9407.8927078125, 9409.3482453125, 9437.893762890624, 9460.100148046875, 9461.562404296876, 9460.59907265625, 9474.928062109375, 9485.339335546874, 9489.862140625, 9493.4417453125, 9503.96501875, 9520.886584765625]], "train_accs": [[5.34, 11.405, 15.3675, 19.189999999999998, 23.01, 26.4075, 29.6625, 32.43, 34.7375, 36.964999999999996, 39.4275, 41.175, 42.75, 44.440000000000005, 46.0775, 47.39, 48.515, 50.067499999999995, 50.99249999999999, 52.127500000000005, 53.00749999999999, 53.9575, 54.974999999999994, 55.57, 56.5825, 57.705]], "valid_accs": [[8.110000000000001, 12.41, 14.75, 18.85, 21.46, 23.62, 26.729999999999997, 30.28, 30.099999999999998, 33.6, 34.53, 35.410000000000004, 35.72, 38.940000000000005, 40.129999999999995, 39.34, 41.349999999999994, 41.67, 40.83, 42.26, 41.47, 44.93, 44.62, 45.95, 44.15, 43.7]], "train_times": [[158.0151388645172, 160.66318368911743, 159.19636011123657, 158.1308877468109, 155.8993227481842, 159.7193796634674, 160.20002007484436, 157.160222530365, 159.00268077850342, 159.36145448684692, 159.79226636886597, 158.97561502456665, 160.43500208854675, 158.67771458625793, 158.12261986732483, 160.4668745994568, 158.38225197792053, 157.77845072746277, 160.36075639724731, 160.55266118049622, 160.8962631225586, 157.95934772491455, 160.6103732585907, 158.59247541427612, 158.22434377670288, 158.20588278770447]], "valid_times": [[32.28512167930603, 32.86286902427673, 32.762704849243164, 34.040651082992554, 33.137531757354736, 33.31460881233215, 33.38932490348816, 33.35719919204712, 32.899632930755615, 32.687198638916016, 32.31834602355957, 32.856913566589355, 33.84758400917053, 34.22365641593933, 32.78914499282837, 33.47126770019531, 33.21701788902283, 33.50482726097107, 33.34690284729004, 32.778223276138306, 33.174296855926514, 32.27159357070923, 32.64128232002258, 34.48235821723938, 33.45142960548401, 33.16159510612488]], "test_accuracy": 43.74, "convergence_iteration": 26}}