{"config": {"train_options": {"learning_rate": 0.01, "optimizer": "SGD", "batch_size": 128, "number_of_epochs": 300, "loss_parameters": {"temperature": 20, "distillation_type": "FEATURE", "alpha": 0.4, "beta": 0.7}}}, "results": {"train_losses": [[22349.4962859375, 22301.9340546875, 22285.19031875, 22265.4577125, 22266.291178125, 22257.133996875, 22251.487821875, 22236.689984375, 22240.21385625, 22243.0682671875, 22241.859509375, 22248.775065625, 22243.31578125, 22248.6847359375, 22248.5206171875, 22245.4548640625, 22247.9925734375, 22249.9391953125, 22252.901278125, 22254.15355625, 22253.3876265625, 22254.4342390625, 22255.2536328125, 22253.0170390625, 22261.3836984375, 22261.2085515625, 22262.55093125, 22261.0410609375, 22264.4915015625]], "valid_losses": [[22356.8157, 22335.80867109375, 22291.98281796875, 22287.8931375, 22287.436646875, 22270.19415, 22234.25633046875, 22253.4356328125, 22223.28572734375, 22230.163534375, 22286.19912734375, 22273.767559375, 22294.61358828125, 22289.4001734375, 22253.912709375, 22250.86327421875, 22257.72031640625, 22274.806303125, 22286.05365859375, 22274.9249140625, 22255.0867578125, 22258.53329140625, 22258.4398359375, 22260.30660625, 22262.19528125, 22267.723871875, 22266.89712890625, 22269.43497265625, 22263.07355234375]], "train_accs": [[1.9275, 4.1025, 6.6875, 8.73, 10.9125, 12.2625, 13.735, 14.7125, 15.7725, 16.9875, 18.1125, 19.1525, 20.0475, 20.875, 21.9975, 22.8275, 23.7625, 24.4275, 25.2975, 26.552500000000002, 27.2825, 28.2275, 29.0425, 29.947499999999998, 31.0125, 31.874999999999996, 32.9725, 33.54, 34.3775]], "valid_accs": [[2.87, 4.77, 7.51, 9.77, 11.91, 13.320000000000002, 14.6, 15.28, 16.24, 17.44, 18.27, 18.66, 19.650000000000002, 20.06, 20.49, 22.42, 22.5, 23.27, 24.09, 25.06, 26.11, 26.669999999999998, 27.68, 27.54, 28.63, 29.94, 30.18, 31.44, 31.86]], "train_times": [[159.10939860343933, 157.89610052108765, 159.73165345191956, 160.3461434841156, 158.47139239311218, 158.5934658050537, 160.2477514743805, 159.26285028457642, 157.8007514476776, 160.87791299819946, 159.5135989189148, 157.5168719291687, 159.3542320728302, 158.9068033695221, 159.11149144172668, 158.52475214004517, 159.12379431724548, 159.04268789291382, 160.63249850273132, 159.69818711280823, 161.2363259792328, 158.22238659858704, 158.23518753051758, 159.2287802696228, 159.31698298454285, 158.5081765651703, 158.6184606552124, 158.61917185783386, 158.21939706802368]], "valid_times": [[32.935487508773804, 33.10329556465149, 32.72563862800598, 33.37812685966492, 32.887672424316406, 32.6750111579895, 33.1936514377594, 32.65450382232666, 33.27467918395996, 32.97563910484314, 32.85973811149597, 33.385682344436646, 32.98977875709534, 33.02255654335022, 35.01722717285156, 33.02616238594055, 32.83534216880798, 33.38560152053833, 32.54989194869995, 32.98429322242737, 32.989410400390625, 34.586424350738525, 32.61449646949768, 32.9140191078186, 33.61870312690735, 33.319087266922, 33.71759581565857, 33.22204041481018, 32.87509369850159]], "test_accuracy": 32.86, "convergence_iteration": 29}}