{"config": {"train_options": {"learning_rate": 0.005, "optimizer": "SGD", "batch_size": 128, "number_of_epochs": 300, "loss_parameters": {"temperature": 20, "distillation_type": "FEATURE", "alpha": 0.9, "beta": 0.6}}}, "results": {"train_losses": [[19231.99579375, 19217.1695328125, 19202.818775, 19194.3263875, 19187.3514453125, 19185.7611671875, 19187.8152453125, 19188.0962578125, 19189.8844421875, 19193.251446875, 19199.3041828125, 19203.1833375, 19204.4082859375, 19209.6113515625, 19208.7112640625, 19208.2682640625, 19213.2301484375, 19212.687459375, 19212.560396875, 19212.09353125, 19211.1808984375, 19214.2931640625, 19212.6899609375, 19217.6008453125, 19225.4543171875, 19224.5234578125, 19224.34825625]], "valid_losses": [[19169.42953828125, 19172.86543671875, 19151.091740625, 19140.19587265625, 19139.51434453125, 19125.20718828125, 19122.64964921875, 19144.34322109375, 19143.90703203125, 19145.90010546875, 19151.51069609375, 19161.62631875, 19158.95763046875, 19166.11118046875, 19155.95529296875, 19156.95399296875, 19169.727315625, 19176.64404453125, 19164.91616171875, 19170.88605859375, 19179.99818515625, 19173.33579765625, 19182.8335765625, 19187.74737734375, 19186.369584375, 19194.3307390625, 19201.8768421875]], "train_accs": [[1.525, 2.4074999999999998, 2.42, 2.88, 3.17, 3.7350000000000003, 3.8324999999999996, 4.005, 4.345000000000001, 4.6375, 4.8025, 5.029999999999999, 5.24, 5.3725000000000005, 5.6425, 6.2225, 6.6850000000000005, 6.9675, 7.2725, 7.3125, 7.5874999999999995, 7.5825000000000005, 7.875, 8.1475, 8.295, 8.445, 8.612499999999999]], "valid_accs": [[2.2800000000000002, 2.35, 2.44, 2.93, 3.3300000000000005, 3.47, 3.82, 4.0, 4.03, 4.32, 4.68, 4.84, 5.1499999999999995, 5.47, 5.8500000000000005, 6.04, 6.77, 6.97, 6.959999999999999, 7.1, 7.03, 7.6, 7.630000000000001, 7.53, 8.260000000000002, 8.200000000000001, 8.459999999999999]], "train_times": [[304.8647270202637, 306.43782901763916, 304.9481267929077, 305.03632140159607, 305.1532926559448, 306.1810984611511, 306.4020929336548, 305.1207768917084, 305.6401448249817, 304.9014701843262, 305.65931606292725, 305.398579120636, 306.3849022388458, 305.7543189525604, 305.09594655036926, 304.6411633491516, 305.78231406211853, 305.198184967041, 305.19427251815796, 305.18127059936523, 306.54762959480286, 306.3462643623352, 305.39540672302246, 305.48780703544617, 305.18091583251953, 305.653612613678, 304.62656688690186]], "valid_times": [[73.28058123588562, 73.89232802391052, 73.63607811927795, 73.2869484424591, 73.78482055664062, 73.00726413726807, 73.6297538280487, 73.06424474716187, 74.14177346229553, 73.10381937026978, 73.91836905479431, 73.87113094329834, 74.16661953926086, 74.17536664009094, 73.59335160255432, 73.83277654647827, 73.54598951339722, 73.9146249294281, 72.89526343345642, 73.81311559677124, 72.69792103767395, 73.94551134109497, 73.13828539848328, 73.88750576972961, 73.55569219589233, 74.10739398002625, 73.81240129470825]], "test_accuracy": 9.22, "convergence_iteration": 27}}