{"config": {"train_options": {"learning_rate": 0.05, "optimizer": "SGD", "batch_size": 128, "number_of_epochs": 300, "loss_parameters": {"temperature": 10, "distillation_type": "FEATURE", "alpha": 0.2, "beta": 0.6}}}, "results": {"train_losses": [[18943.2920984375, 18823.6792296875, 18734.2479671875, 18652.13534375, 18558.0027609375, 18483.5536234375, 18426.78161875, 18374.0203328125, 18351.7665046875, 18336.444584375, 18338.7907, 18343.848490625, 18330.70474375, 18326.8725359375, 18344.8974859375, 18351.9958953125, 18364.072, 18375.173796875, 18382.085046875, 18400.7031234375, 18419.2881390625, 18438.55496875, 18452.8356921875, 18477.1794828125, 18489.1960203125, 18519.5397859375, 18534.756184375, 18560.8738296875, 18581.13911875, 18589.9152640625, 18602.497553125, 18621.0211640625, 18639.487471875]], "valid_losses": [[18886.91734296875, 18790.83183125, 18685.94795546875, 18540.7241375, 18552.14710703125, 18467.625890625, 18414.39046640625, 18413.39563828125, 18340.506946875, 18342.0322109375, 18342.62487890625, 18338.093209375, 18287.3925515625, 18310.44604921875, 18304.0869875, 18338.22061171875, 18343.65528203125, 18368.00434453125, 18401.3502640625, 18360.91398984375, 18432.83969140625, 18436.17025234375, 18439.78140859375, 18428.420715625, 18478.505603125, 18488.7291828125, 18551.66743984375, 18583.0694515625, 18578.29175703125, 18604.61452578125, 18581.32970078125, 18603.0425203125, 18631.51059609375]], "train_accs": [[6.15, 12.509999999999998, 17.525, 22.067500000000003, 26.090000000000003, 29.74, 32.684999999999995, 35.8, 38.16, 40.510000000000005, 42.6925, 44.62, 46.285, 47.7675, 49.2575, 50.8175, 51.715, 53.03, 54.074999999999996, 55.2125, 55.97, 57.045, 57.809999999999995, 58.599999999999994, 59.01499999999999, 59.965, 60.5575, 61.01, 61.592499999999994, 62.7575, 62.872499999999995, 63.31, 63.9625]], "valid_accs": [[8.450000000000001, 13.19, 17.53, 22.59, 24.21, 29.04, 32.09, 33.800000000000004, 33.32, 36.82, 38.64, 39.58, 40.129999999999995, 41.55, 42.13, 42.07, 42.8, 42.16, 43.769999999999996, 45.1, 45.59, 45.71, 45.93, 44.68, 46.29, 47.38, 48.26, 48.949999999999996, 46.379999999999995, 50.8, 48.59, 50.449999999999996, 48.65]], "train_times": [[160.68013072013855, 161.11276054382324, 160.65369296073914, 160.86794424057007, 160.48184823989868, 159.49390411376953, 160.12809705734253, 161.9464135169983, 159.98908066749573, 160.35663747787476, 161.85644221305847, 162.32673907279968, 161.07668590545654, 162.3494725227356, 160.43351030349731, 161.60394263267517, 160.29735398292542, 161.55869126319885, 161.50190782546997, 160.9916341304779, 161.6927683353424, 161.19127535820007, 160.69057536125183, 160.42750716209412, 160.6281955242157, 161.07352471351624, 161.36916208267212, 162.10588574409485, 162.05082774162292, 160.82385659217834, 160.73569226264954, 162.4837031364441, 161.08404159545898]], "valid_times": [[33.48249912261963, 32.99201202392578, 34.01135969161987, 33.448840379714966, 33.57550835609436, 33.57384967803955, 33.51933145523071, 33.02288794517517, 33.72160005569458, 33.60615062713623, 33.577718019485474, 32.86292505264282, 33.85193729400635, 33.34214186668396, 33.178696393966675, 33.18893837928772, 33.398417234420776, 33.83983850479126, 33.655786991119385, 32.954041957855225, 33.927915811538696, 33.16959309577942, 33.14671230316162, 33.85039710998535, 33.13315010070801, 33.130199909210205, 34.08275771141052, 33.155306339263916, 33.09740662574768, 33.479562759399414, 33.0601806640625, 34.0726261138916, 33.26777458190918]], "test_accuracy": 49.87, "convergence_iteration": 33}}