{"config": {"train_options": {"learning_rate": 0.005, "optimizer": "SGD", "batch_size": 128, "number_of_epochs": 300, "loss_parameters": {"temperature": 10, "distillation_type": "FEATURE", "alpha": 0.4, "beta": 0.2}}}, "results": {"train_losses": [[6388.9976890625, 6352.8328234375, 6330.98945546875, 6319.0775140625, 6315.51926875, 6307.48453359375, 6300.36156875, 6296.82978359375, 6294.2345640625, 6292.167375, 6287.535859375, 6280.47199921875, 6277.41697265625, 6274.30810625, 6268.31372890625, 6267.006028125, 6266.20924609375, 6261.807590625, 6260.45323046875, 6256.30860859375, 6253.61681875, 6250.33339921875, 6245.67399140625, 6239.6780625, 6237.8040328125, 6235.31595390625, 6232.6730875, 6230.261378125, 6228.04711328125, 6226.77406640625, 6225.7704640625, 6224.87499296875, 6221.7347765625, 6221.75170078125, 6222.05929609375, 6220.58093828125, 6220.1593375, 6217.44386953125, 6219.73296640625, 6218.83742890625, 6216.20070859375, 6215.515025, 6218.0413984375, 6215.83436875, 6215.79280390625, 6216.99740234375, 6217.55784296875, 6216.84492578125, 6218.2163234375, 6216.49018828125, 6214.6167859375, 6213.74470546875, 6214.57501875, 6214.0812734375, 6216.71841484375, 6216.8158203125, 6214.3887875, 6214.0820125, 6215.57192890625, 6216.5078640625, 6216.805434375, 6216.7196078125, 6217.072828125, 6218.47554296875, 6217.4754390625, 6217.92490546875, 6218.83067109375, 6219.37376953125, 6219.5439, 6218.9357359375, 6218.7872421875, 6217.9059546875, 6218.06535703125]], "valid_losses": [[6361.36335703125, 6349.109829296875, 6324.53753984375, 6300.18416015625, 6312.41391328125, 6293.1052078125, 6286.811208203125, 6288.671507421875, 6284.713892578125, 6288.237788671875, 6284.080242578125, 6271.891873046875, 6277.584894140625, 6271.667216015625, 6269.19682265625, 6264.586813671875, 6272.53596484375, 6268.615087890625, 6256.615250390625, 6258.844528515625, 6246.540109375, 6251.479223046875, 6218.09768984375, 6240.309809375, 6230.76782890625, 6230.322771875, 6220.732409375, 6229.801319921875, 6226.697971875, 6223.172637890625, 6217.7809421875, 6223.222711328125, 6221.729610546875, 6220.00078671875, 6221.7721265625, 6214.9968234375, 6214.49370546875, 6210.607097265625, 6215.057171875, 6215.8334375, 6207.967709765625, 6212.560387109375, 6215.81340703125, 6213.840826171875, 6217.056858203125, 6210.437627734375, 6211.6110234375, 6209.68343125, 6213.108011328125, 6211.57963984375, 6215.928782421875, 6212.80066015625, 6200.46130625, 6201.65271953125, 6204.263134375, 6221.135737890625, 6206.629902734375, 6205.85697421875, 6212.10346015625, 6207.271842578125, 6212.30612890625, 6212.3744875, 6215.9150515625, 6212.088199609375, 6208.805857421875, 6208.106631640625, 6210.916003515625, 6212.388943359375, 6212.568158203125, 6210.5351765625, 6209.183983203125, 6215.983405859375, 6209.94157578125]], "train_accs": [[2.335, 5.9125, 8.4475, 10.2475, 12.105, 13.642499999999998, 15.125, 16.302500000000002, 17.625, 18.87, 19.96, 21.2975, 22.365, 23.365, 24.63, 25.545, 26.619999999999997, 27.689999999999998, 28.8525, 29.665000000000003, 30.7475, 31.825, 32.4675, 33.575, 34.699999999999996, 35.472500000000004, 36.2525, 37.155, 38.027499999999996, 38.7975, 39.625, 40.5075, 40.7975, 41.8475, 42.652499999999996, 43.2675, 43.69, 44.2875, 45.055, 45.795, 46.355000000000004, 46.745, 47.57, 48.1175, 48.405, 48.89, 49.425000000000004, 50.13999999999999, 50.970000000000006, 51.2175, 51.5875, 52.1525, 52.595000000000006, 52.93750000000001, 53.55, 54.21, 54.4325, 54.54750000000001, 55.042500000000004, 55.385, 56.2275, 56.3025, 56.815000000000005, 57.332499999999996, 57.1775, 57.9475, 58.19499999999999, 58.682500000000005, 58.8475, 59.07750000000001, 59.7425, 59.88, 60.0475]], "valid_accs": [[4.43, 7.1499999999999995, 9.15, 11.03, 12.950000000000001, 14.41, 15.329999999999998, 16.21, 18.029999999999998, 18.19, 20.03, 20.32, 22.06, 22.27, 22.63, 24.05, 24.33, 25.569999999999997, 26.400000000000002, 27.36, 28.16, 28.62, 29.62, 30.330000000000002, 30.79, 31.1, 32.89, 32.75, 33.61, 34.78, 35.35, 36.27, 35.32, 37.34, 37.21, 37.769999999999996, 39.28, 38.82, 40.160000000000004, 39.800000000000004, 38.84, 40.839999999999996, 41.52, 41.88, 41.83, 41.54, 41.25, 42.66, 43.63, 44.42, 44.57, 44.6, 45.01, 45.660000000000004, 45.12, 46.0, 45.660000000000004, 45.47, 45.96, 46.64, 46.150000000000006, 45.519999999999996, 46.75, 47.14, 47.42, 46.92, 46.489999999999995, 46.660000000000004, 47.870000000000005, 46.92, 48.199999999999996, 48.75, 48.5]], "train_times": [[157.9411334991455, 157.2506890296936, 157.5330512523651, 158.29030585289001, 157.70795845985413, 157.5177412033081, 156.9405381679535, 156.3265209197998, 157.5411093235016, 158.88131594657898, 157.3013379573822, 158.00598406791687, 157.43057203292847, 157.80653071403503, 157.8692808151245, 157.9487588405609, 157.08185029029846, 156.59988594055176, 158.87301540374756, 157.44928288459778, 157.52192378044128, 157.62470722198486, 157.4053556919098, 157.43964266777039, 159.41833019256592, 157.65309929847717, 156.34632277488708, 157.57020735740662, 158.21644067764282, 156.67250514030457, 157.96730303764343, 157.70950412750244, 156.91417860984802, 159.12124967575073, 157.43816757202148, 156.33344268798828, 158.80888319015503, 157.45353841781616, 157.84487891197205, 156.46719598770142, 158.48835587501526, 157.51771807670593, 156.28579998016357, 157.59143376350403, 157.82286977767944, 156.94287419319153, 157.38620400428772, 158.15186715126038, 157.8713254928589, 157.23438096046448, 157.06791400909424, 157.28713083267212, 158.71257543563843, 157.17135190963745, 157.79573607444763, 157.8609745502472, 156.31227326393127, 157.55499124526978, 159.36861515045166, 157.49482917785645, 157.7552137374878, 157.75686192512512, 157.34885454177856, 156.57833552360535, 157.38164806365967, 157.52925825119019, 157.04188346862793, 157.05138754844666, 156.8748128414154, 158.66368699073792, 158.61914372444153, 157.114520072937, 157.86977124214172]], "valid_times": [[33.02600073814392, 32.449928998947144, 33.25125169754028, 32.63498497009277, 32.949179887771606, 32.375662326812744, 33.08587670326233, 32.90732669830322, 33.04618692398071, 32.577237606048584, 33.26253914833069, 32.50762939453125, 32.93993258476257, 32.800209045410156, 32.7075514793396, 32.82933950424194, 32.72169494628906, 33.10757637023926, 32.665597677230835, 33.1638662815094, 33.35091972351074, 32.75775361061096, 32.77519941329956, 32.61483287811279, 32.701892375946045, 32.43966007232666, 33.30866098403931, 32.76661825180054, 33.06789684295654, 32.78365111351013, 32.415271043777466, 32.462188959121704, 33.156091928482056, 32.36304688453674, 32.55702352523804, 32.72118854522705, 32.680246353149414, 32.810672998428345, 32.42732214927673, 32.911415338516235, 33.15064549446106, 33.23624086380005, 33.048619747161865, 32.872023820877075, 33.081831216812134, 32.770052671432495, 33.13909387588501, 32.820823431015015, 32.0995876789093, 32.87490224838257, 32.62811851501465, 32.937485218048096, 32.43209671974182, 32.312565088272095, 32.64166808128357, 32.74527621269226, 33.0610830783844, 33.130584478378296, 32.63759255409241, 32.30766248703003, 32.52691102027893, 32.7488968372345, 33.18023228645325, 33.18695139884949, 32.36244773864746, 32.49116778373718, 33.04359769821167, 32.72999143600464, 32.53862953186035, 32.49151921272278, 33.094783306121826, 33.619165658950806, 32.5995454788208]], "test_accuracy": 48.809999999999995, "convergence_iteration": 73}}