{"config": {"train_options": {"learning_rate": 0.005, "optimizer": "SGD", "batch_size": 128, "number_of_epochs": 300, "loss_parameters": {"temperature": 10, "distillation_type": "FEATURE", "alpha": 0.9, "beta": 0.9}}}, "results": {"train_losses": [[28705.625840625, 28722.92133125, 28728.110165625, 28737.885734375, 28744.937378125, 28753.004525, 28741.262321875, 28746.157, 28743.507, 28742.052340625, 28740.937021875, 28743.629290625, 28740.12833125, 28741.81885625, 28748.70978125, 28743.81633125, 28746.73901875, 28752.31698125, 28757.71290625, 28768.305021875, 28769.62951875, 28775.834259375, 28785.91831875, 28785.030809375, 28792.462871875, 28801.551478125, 28810.8364625, 28815.824840625, 28816.732078125, 28824.846046875, 28837.93075, 28843.125159375, 28845.715221875, 28845.024015625]], "valid_losses": [[28671.128203125, 28679.57318125, 28667.3241640625, 28673.8118234375, 28651.09914375, 28633.129296875, 28638.9267890625, 28646.5425421875, 28634.3314703125, 28635.9833515625, 28633.48283125, 28632.39461875, 28646.144896875, 28627.5068671875, 28642.3091796875, 28652.5393671875, 28655.3235921875, 28664.42571875, 28677.33110625, 28690.7804359375, 28694.53874375, 28695.3933171875, 28718.4775203125, 28723.3349171875, 28730.9657703125, 28743.46663125, 28744.188128125, 28757.768178125, 28767.481146875, 28768.936721875, 28777.5415875, 28787.0321484375, 28808.0103015625, 28818.5370515625]], "train_accs": [[0.9625, 0.9724999999999999, 1.055, 1.5925000000000002, 1.82, 2.06, 2.335, 2.365, 2.6599999999999997, 2.775, 2.8850000000000002, 2.9325, 3.1350000000000002, 3.2625, 3.3425000000000002, 3.5900000000000003, 3.5475, 3.615, 3.8449999999999998, 4.0075, 4.06, 4.035, 4.1425, 4.19, 4.3575, 4.3075, 4.445, 4.3075, 4.4425, 4.7, 4.705, 4.9325, 4.8149999999999995, 4.905]], "valid_accs": [[0.75, 0.97, 1.4200000000000002, 1.8399999999999999, 2.06, 2.18, 2.46, 2.63, 2.6599999999999997, 3.0300000000000002, 2.8000000000000003, 3.32, 3.39, 3.44, 3.4099999999999997, 3.6999999999999997, 3.4099999999999997, 3.75, 3.8699999999999997, 3.88, 4.06, 4.3, 4.12, 4.53, 4.43, 4.6, 4.45, 4.74, 4.6899999999999995, 4.97, 4.72, 4.760000000000001, 4.73, 4.9799999999999995]], "train_times": [[268.31732630729675, 267.9556348323822, 267.8043487071991, 267.9969747066498, 267.38046312332153, 267.89537048339844, 267.46852946281433, 268.6898374557495, 268.667001247406, 267.2493920326233, 268.1889576911926, 268.0961172580719, 267.7765417098999, 267.90314292907715, 267.99098944664, 268.3136398792267, 268.10056829452515, 267.8672184944153, 268.1484520435333, 267.0786633491516, 268.2206461429596, 267.6750738620758, 277.26192331314087, 271.7166132926941, 265.4163017272949, 265.65021800994873, 265.2509858608246, 266.06425046920776, 265.68345880508423, 265.5093779563904, 266.1862578392029, 264.96588134765625, 265.43640995025635, 265.75518441200256]], "valid_times": [[64.68174624443054, 64.0757749080658, 63.82731509208679, 64.31828165054321, 64.19936394691467, 64.47324657440186, 64.2018449306488, 64.34843230247498, 64.54006314277649, 64.28459858894348, 64.29814887046814, 64.40520644187927, 63.75320601463318, 64.43384289741516, 64.36732745170593, 64.17582607269287, 64.73929762840271, 63.782822132110596, 64.27173924446106, 64.19070363044739, 64.02149176597595, 64.1466965675354, 66.82579016685486, 63.764854431152344, 63.94871807098389, 63.70777893066406, 63.95269155502319, 63.44621443748474, 63.758704662323, 63.56011629104614, 63.868932247161865, 63.87281107902527, 63.50468897819519, 63.844470262527466]], "test_accuracy": 5.21, "convergence_iteration": 34}}