{"config": {"train_options": {"learning_rate": 0.01, "optimizer": "SGD", "batch_size": 128, "number_of_epochs": 300, "loss_parameters": {"temperature": 15, "distillation_type": "FEATURE", "alpha": 0.8, "beta": 0.6}}}, "results": {"train_losses": [[19147.1686859375, 19087.6786546875, 19061.9038375, 19030.0564640625, 19026.014375, 19016.2863328125, 19016.6871765625, 19024.724940625, 19028.360059375, 19037.775371875, 19048.7995390625, 19058.977540625, 19067.498853125, 19081.8962921875, 19094.4392015625, 19097.340103125, 19113.0073265625, 19120.4656875, 19130.5110734375, 19140.65508125, 19153.35996875, 19162.14176875, 19170.06479375, 19176.1495921875, 19181.139528125, 19186.3586921875, 19200.024478125, 19207.848259375]], "valid_losses": [[19091.41379296875, 19112.91310078125, 19041.958553125, 19021.24779375, 19016.08307265625, 18986.683203125, 19020.5442890625, 18961.5308515625, 19039.07845625, 19047.52959609375, 19030.06886796875, 19064.84944140625, 19078.2072671875, 19099.052165625, 19074.5325203125, 19128.82006171875, 19149.0260546875, 19099.2773984375, 19157.98535078125, 19162.20905078125, 19164.90754609375, 19163.5232015625, 19176.9815578125, 19163.9606390625, 19194.686540625, 19192.03979296875, 19188.059778125, 19232.5688515625]], "train_accs": [[1.355, 2.5250000000000004, 4.055000000000001, 5.2875, 6.4350000000000005, 7.6225000000000005, 8.655, 9.6325, 10.3675, 11.1825, 11.522499999999999, 12.27, 13.075000000000001, 13.614999999999998, 14.317499999999999, 14.67, 15.35, 15.784999999999998, 16.165, 16.7225, 17.04, 17.53, 18.0, 18.4575, 18.8025, 19.314999999999998, 19.49, 20.2125]], "valid_accs": [[1.81, 3.2099999999999995, 5.19, 6.16, 7.39, 8.59, 9.32, 9.98, 10.96, 11.63, 11.799999999999999, 12.620000000000001, 13.100000000000001, 13.84, 14.180000000000001, 14.940000000000001, 14.63, 15.690000000000001, 16.06, 16.7, 16.55, 17.130000000000003, 18.0, 18.16, 18.75, 18.78, 19.59, 19.759999999999998]], "train_times": [[163.13580083847046, 164.30394339561462, 164.84939336776733, 163.62639784812927, 164.97777724266052, 167.66241192817688, 165.31201171875, 163.43867182731628, 164.87624764442444, 166.07967853546143, 162.79521083831787, 161.6642608642578, 164.41698551177979, 164.05239820480347, 163.31818318367004, 164.94325733184814, 164.8110637664795, 164.36563634872437, 164.8033893108368, 163.80541801452637, 165.78250360488892, 164.76249599456787, 163.08815813064575, 165.31704664230347, 164.5834925174713, 162.38808035850525, 164.10682845115662, 164.75600028038025]], "valid_times": [[33.87267327308655, 33.199074029922485, 33.0664746761322, 33.495625495910645, 33.14224314689636, 33.56179738044739, 34.741085052490234, 33.91233158111572, 33.43093156814575, 33.155109167099, 34.25539588928223, 34.292442083358765, 34.25463795661926, 33.88485789299011, 32.984036445617676, 33.616199254989624, 33.470940828323364, 33.837459087371826, 33.47789812088013, 33.367464780807495, 33.18514657020569, 34.58299016952515, 33.808433532714844, 33.694135427474976, 34.41557717323303, 33.356945514678955, 33.47964072227478, 33.16146206855774]], "test_accuracy": 20.380000000000003, "convergence_iteration": 28}}