{
  "config": {
    "train_options": {
      "learning_rate": 0.01,
      "optimizer": "SGD",
      "batch_size": 128,
      "number_of_epochs": 300,
      "loss_parameters": {
        "temperature": 20,
        "distillation_type": "FEATURE",
        "alpha": 0.3,
        "beta": 0.7
      }
    }
  },
  "results": {
    "train_losses": [
      [
        22283.1226375, 22214.1005890625, 22177.0857140625, 22161.0681984375,
        22150.7148984375, 22139.230803125, 22138.154478125, 22129.86553125,
        22119.801996875, 22112.784321875, 22113.1206234375, 22109.3592859375,
        22109.4847921875, 22104.9917703125, 22105.4920984375, 22109.4245390625,
        22105.6191078125, 22108.5790515625, 22111.2304390625, 22114.988925,
        22122.64825, 22126.7331234375, 22126.055328125, 22126.6189859375,
        22130.0658765625, 22127.3502546875, 22121.946425, 22119.1593,
        22125.68613125, 22126.786871875, 22114.8722171875, 22117.3221546875,
        22123.0545359375
      ]
    ],
    "valid_losses": [
      [
        22173.12748671875, 22153.00210703125, 22082.8773140625,
        22130.5556484375, 22117.62070234375, 22111.50718828125,
        22006.20657109375, 22049.9611703125, 22029.1117390625,
        22038.79341640625, 21998.83394921875, 22008.6371515625,
        21977.74651953125, 22046.0172953125, 22022.7245921875,
        22067.98856171875, 22066.324884375, 22055.22245234375,
        22068.40470234375, 22051.31306875, 22056.94710390625, 22087.92299921875,
        22087.6468453125, 22060.6757328125, 22114.7803703125, 22036.00676796875,
        22083.12044375, 22048.40527734375, 22063.88519453125, 22061.93871875,
        22084.70600703125, 22062.83774296875, 22067.38827734375
      ]
    ],
    "train_accs": [
      [
        2.32, 5.025, 7.42, 9.485000000000001, 11.4125, 13.014999999999999,
        14.24, 15.575, 16.725, 17.7675, 19.165, 20.1925, 21.3425, 22.24,
        23.325000000000003, 24.627499999999998, 25.717499999999998, 26.1575,
        27.33, 28.505000000000003, 29.6025, 30.167500000000004,
        31.192500000000003, 32.4625, 33.074999999999996, 34.02,
        35.247499999999995, 35.722500000000004, 37.075, 37.6025, 38.2325,
        39.0025, 39.915
      ]
    ],
    "valid_accs": [
      [
        4.01, 6.3100000000000005, 9.09, 10.7, 11.84, 13.73, 14.17, 15.53, 16.16,
        17.599999999999998, 18.0, 19.03, 20.36, 21.69, 21.6, 23.0, 24.11,
        25.019999999999996, 26.06, 27.400000000000002, 27.36,
        28.449999999999996, 29.54, 29.99, 31.35, 31.03, 32.23, 33.11, 33.12,
        34.92, 34.94, 35.29, 36.559999999999995
      ]
    ],
    "train_times": [
      [
        170.91499614715576, 164.79612851142883, 165.99509978294373,
        164.31060075759888, 163.64283919334412, 162.87917113304138,
        163.53200101852417, 163.62606525421143, 161.1744520664215,
        161.67626333236694, 162.87581849098206, 160.40942811965942,
        161.91255712509155, 160.99578619003296, 160.81305384635925,
        160.25721216201782, 161.95463824272156, 163.28980135917664,
        163.44280076026917, 163.62181544303894, 163.18498420715332,
        162.63367867469788, 166.5773265361786, 162.87192511558533,
        161.96792578697205, 166.78657460212708, 160.44627404212952,
        161.9882836341858, 161.43161702156067, 161.98778867721558,
        161.21337413787842, 165.47724771499634, 161.71627950668335
      ]
    ],
    "valid_times": [
      [
        35.47046375274658, 35.74391293525696, 37.041361570358276,
        35.02807331085205, 34.975271463394165, 35.577741861343384,
        35.11248850822449, 34.67743420600891, 34.01615357398987,
        35.36068940162659, 34.646470069885254, 33.62516784667969,
        34.00519108772278, 33.545998096466064, 33.96273946762085,
        34.94579076766968, 34.098182916641235, 35.071627140045166,
        35.080416440963745, 33.819201707839966, 34.24263381958008,
        34.22490048408508, 34.91413950920105, 34.988170862197876,
        34.425966024398804, 34.4917688369751, 34.950424671173096,
        34.75637197494507, 33.421512842178345, 33.67921829223633,
        34.32412910461426, 34.933409214019775, 34.15307021141052
      ]
    ],
    "test_accuracy": 37.93,
    "convergence_iteration": 33
  }
}
