{"config": {"train_options": {"learning_rate": 0.05, "optimizer": "SGD", "batch_size": 128, "number_of_epochs": 300, "loss_parameters": {"temperature": 10, "distillation_type": "FEATURE", "alpha": 0.8, "beta": 0.5}}}, "results": {"train_losses": [[15918.1123640625, 15884.7255984375, 15904.14435625, 15919.7232421875, 15931.042871875, 15938.4340125, 15947.330371875, 15955.48544375, 15963.75938125, 15976.85844375, 15992.8388296875, 16004.7932796875, 16026.5597984375, 16040.829796875, 16058.962959375, 16073.100465625, 16094.787528125, 16108.863190625, 16124.342203125, 16146.518959375, 16154.8350703125]], "valid_losses": [[15873.99251015625, 15890.3340765625, 15936.89278125, 15916.24506875, 15874.7275578125, 15878.70049375, 15962.209578125, 15911.09881328125, 15954.16094296875, 15942.728128125, 15960.6567578125, 16014.9178109375, 16015.07989609375, 16020.524228125, 16029.4941328125, 16047.7693796875, 16068.96510078125, 16090.9859890625, 16124.01382890625, 16123.44270390625, 16130.605171875]], "train_accs": [[4.0375000000000005, 8.790000000000001, 12.0375, 14.374999999999998, 16.814999999999998, 19.142500000000002, 21.157500000000002, 23.465, 25.5925, 27.287499999999998, 29.342499999999998, 31.019999999999996, 32.785, 34.394999999999996, 35.8925, 37.3, 38.73, 40.2675, 41.07, 42.3775, 43.54]], "valid_accs": [[6.550000000000001, 10.65, 11.58, 14.14, 16.27, 17.95, 19.53, 21.41, 22.56, 24.67, 26.58, 27.810000000000002, 28.970000000000002, 29.95, 30.769999999999996, 32.26, 33.44, 31.080000000000002, 34.75, 35.5, 35.89]], "train_times": [[159.95991563796997, 159.0913586616516, 161.68604183197021, 160.0075752735138, 157.53724908828735, 160.31206798553467, 161.33380699157715, 158.48609137535095, 161.15096354484558, 160.5671169757843, 157.9243404865265, 158.6007218360901, 160.0013701915741, 161.20247054100037, 159.39607763290405, 160.76649808883667, 158.9823226928711, 158.64001417160034, 159.23073029518127, 160.1184539794922, 160.13998985290527]], "valid_times": [[34.46469497680664, 33.171149253845215, 33.018704891204834, 33.768176555633545, 33.13676905632019, 32.60823321342468, 32.99643874168396, 33.555068254470825, 33.04205536842346, 32.72994136810303, 34.152583837509155, 33.581491231918335, 33.25760817527771, 33.94318389892578, 33.363887310028076, 33.10127329826355, 33.184951305389404, 33.73287558555603, 33.35583734512329, 33.87779927253723, 32.74808096885681]], "test_accuracy": 36.85, "convergence_iteration": 21}}