{"config": {"train_options": {"learning_rate": 0.005, "optimizer": "SGD", "batch_size": 128, "number_of_epochs": 300, "loss_parameters": {"temperature": 5, "distillation_type": "FEATURE", "alpha": 0.1, "beta": 0.9}}}, "results": {"train_losses": [[28822.520828125, 28777.664753125, 28735.717365625, 28700.61279375, 28680.161590625, 28670.084065625, 28673.224128125, 28669.009503125, 28673.986859375, 28675.604196875, 28677.80583125, 28685.4370625, 28687.701315625, 28694.202484375, 28693.470278125, 28700.4176375, 28702.952540625, 28702.34465625, 28703.333653125, 28706.532175, 28708.216171875, 28714.2329375, 28713.423028125, 28724.666834375, 28721.3395125, 28728.97685, 28728.909853125, 28722.446959375, 28730.636025, 28731.96279375, 28731.782621875, 28735.853159375, 28729.33991875, 28739.07171875]], "valid_losses": [[28777.6070078125, 28730.4728265625, 28675.7044921875, 28663.8846859375, 28638.4081703125, 28642.5046578125, 28644.14155625, 28637.444875, 28654.9043703125, 28631.4682078125, 28652.159040625, 28635.3540765625, 28644.956121875, 28630.315790625, 28653.1514390625, 28645.08775625, 28650.89975, 28660.270740625, 28672.594865625, 28690.7491234375, 28672.0912296875, 28681.3183796875, 28700.7402765625, 28711.7782328125, 28703.145215625, 28688.0311921875, 28705.699834375, 28715.2644140625, 28729.2954859375, 28719.568803125, 28737.8373578125, 28718.796259375, 28729.8216625, 28717.810546875]], "train_accs": [[1.35, 2.08, 3.215, 4.4225, 5.225, 6.0225, 6.7675, 7.385, 7.7875, 8.2575, 8.8175, 9.594999999999999, 9.969999999999999, 10.435, 10.82, 11.23, 11.555, 11.967500000000001, 12.205, 12.740000000000002, 13.0975, 13.415, 13.764999999999999, 14.12, 14.512500000000001, 14.702499999999999, 15.045, 15.3625, 15.737499999999999, 16.23, 16.3625, 16.6125, 17.02, 17.43]], "valid_accs": [[1.52, 2.62, 3.47, 4.72, 5.26, 6.29, 6.92, 7.180000000000001, 7.470000000000001, 7.93, 8.81, 9.520000000000001, 10.17, 10.07, 10.43, 10.97, 11.25, 11.84, 11.95, 12.559999999999999, 13.05, 13.370000000000001, 13.44, 13.71, 14.26, 14.67, 14.84, 14.97, 15.809999999999999, 16.0, 16.33, 16.400000000000002, 17.080000000000002, 17.36]], "train_times": [[185.39605331420898, 185.956866979599, 185.08564162254333, 185.55262327194214, 186.28131580352783, 186.7784309387207, 185.35331773757935, 185.92595076560974, 185.27387714385986, 185.10157704353333, 185.7687427997589, 185.9360363483429, 185.96036529541016, 186.83500409126282, 185.58947324752808, 186.5455892086029, 186.39295983314514, 186.52779698371887, 187.38790798187256, 185.91152167320251, 185.64520740509033, 187.54207396507263, 184.61276078224182, 186.31824612617493, 185.52755212783813, 186.33695197105408, 185.51598405838013, 187.16897583007812, 183.7803544998169, 188.95140957832336, 186.7510154247284, 187.485933303833, 185.9750144481659, 186.5246341228485]], "valid_times": [[38.72445893287659, 39.120514154434204, 39.65784788131714, 38.76025080680847, 39.28673028945923, 38.83699560165405, 39.05812954902649, 38.792906522750854, 39.49795389175415, 38.773497343063354, 39.07333159446716, 38.65851306915283, 39.06222629547119, 39.09651279449463, 38.69309139251709, 38.57137131690979, 39.26128840446472, 38.68283247947693, 39.1433424949646, 38.86398434638977, 38.74268651008606, 38.66574573516846, 38.61403441429138, 38.75745630264282, 38.26002025604248, 39.109946966171265, 39.22986912727356, 39.00510907173157, 39.23639631271362, 38.245556116104126, 38.95906043052673, 38.39988684654236, 39.23904824256897, 39.13143444061279]], "test_accuracy": 17.64, "convergence_iteration": 34}}