{"config": {"train_options": {"learning_rate": 0.005, "optimizer": "SGD", "batch_size": 128, "number_of_epochs": 300, "loss_parameters": {"temperature": 20, "distillation_type": "FEATURE", "alpha": 0.5, "beta": 0.8}}}, "results": {"train_losses": [[25464.58045, 25380.29973125, 25341.01265, 25324.880840625, 25307.848853125, 25296.901740625, 25271.052903125, 25262.360828125, 25266.211921875, 25269.10996875, 25275.56948125, 25282.306203125, 25283.11389375, 25290.76064375, 25297.3763125, 25301.9457, 25302.901028125, 25305.677434375, 25312.4395, 25319.512109375, 25321.835940625, 25324.805853125, 25331.66049375, 25332.855309375, 25332.170953125, 25333.822284375, 25337.655628125]], "valid_losses": [[25289.69263125, 25230.0338703125, 25186.2081859375, 25185.356628125, 25125.3684328125, 25096.191921875, 25088.3407953125, 25124.5711921875, 25120.5272484375, 25137.1869125, 25154.82445625, 25159.317034375, 25169.88586875, 25162.840940625, 25169.54526875, 25177.5390921875, 25188.7991, 25194.7807046875, 25215.04015, 25209.0116828125, 25223.49125, 25236.3517734375, 25227.2409953125, 25226.7346671875, 25223.63043125, 25245.0185203125, 25265.0163265625]], "train_accs": [[1.7000000000000002, 2.67, 3.5450000000000004, 4.195, 4.9, 5.6975, 6.4350000000000005, 7.04, 7.580000000000001, 8.175, 8.7625, 9.15, 9.782499999999999, 10.225, 10.8675, 11.5275, 12.0125, 12.55, 13.3075, 13.6375, 14.075, 14.285, 14.745, 15.190000000000001, 15.584999999999999, 15.962499999999999, 16.07]], "valid_accs": [[2.2399999999999998, 3.0300000000000002, 3.95, 4.73, 5.09, 6.22, 6.859999999999999, 7.32, 8.04, 8.16, 8.83, 9.49, 10.23, 10.79, 10.89, 11.33, 12.22, 12.280000000000001, 13.08, 13.530000000000001, 13.98, 14.180000000000001, 14.66, 14.63, 15.459999999999999, 15.22, 15.68]], "train_times": [[156.41218948364258, 157.6502411365509, 157.56878566741943, 157.11321353912354, 157.6321849822998, 157.7337737083435, 157.12772059440613, 157.27688694000244, 158.1444320678711, 157.53196454048157, 158.26474046707153, 158.0585482120514, 156.893568277359, 156.835209608078, 157.07652139663696, 157.52345418930054, 157.03663802146912, 156.78415942192078, 158.25110292434692, 157.3468177318573, 158.0136513710022, 157.57039189338684, 155.98748803138733, 156.5368413925171, 156.3937702178955, 157.7559220790863, 157.93248772621155]], "valid_times": [[32.72738814353943, 32.944262742996216, 32.45719647407532, 33.02499008178711, 33.12264037132263, 32.91973114013672, 32.704052209854126, 32.906275272369385, 33.26016330718994, 32.864745140075684, 33.29726791381836, 32.7695574760437, 32.86614918708801, 33.175827741622925, 32.96460270881653, 32.96313548088074, 33.007018089294434, 33.04507112503052, 32.465760469436646, 33.26361417770386, 33.363309144973755, 33.03437614440918, 32.658085346221924, 33.06119179725647, 32.87491488456726, 32.460602045059204, 32.772775650024414]], "test_accuracy": 16.64, "convergence_iteration": 27}}