{"config": {"train_options": {"learning_rate": 0.05, "optimizer": "SGD", "batch_size": 128, "number_of_epochs": 300, "loss_parameters": {"temperature": 20, "distillation_type": "FEATURE", "alpha": 0.5, "beta": 0.6}}}, "results": {"train_losses": [[19038.2526421875, 18953.668009375, 18948.7340625, 18928.5665546875, 18908.7631140625, 18875.331025, 18870.6195265625, 18861.7889984375, 18857.3743390625, 18852.66076875, 18852.0743609375, 18851.325753125, 18861.267909375, 18877.612778125, 18892.214728125, 18915.1606140625, 18933.6121453125, 18956.0914484375, 18977.5665296875, 18998.868521875, 19013.1748625, 19026.8640625, 19048.9005625, 19066.50995625, 19083.014584375, 19108.1573171875, 19120.0933609375, 19139.143653125, 19164.207775, 19179.4341015625, 19196.8168]], "valid_losses": [[18958.92708984375, 18910.90514765625, 18956.10782421875, 18920.91307421875, 18894.68875859375, 18840.70328515625, 18844.60741015625, 18800.915740625, 18856.87122421875, 18813.96238046875, 18771.19858828125, 18796.42481484375, 18825.8951890625, 18814.71078203125, 18861.69441484375, 18886.37176640625, 18919.27940859375, 18918.81786953125, 18989.27409375, 18993.042821875, 19002.52875234375, 19014.63672890625, 19031.20985546875, 19079.59460390625, 19080.798653125, 19122.86425546875, 19126.69447421875, 19148.69040234375, 19165.08360546875, 19160.0989265625, 19192.65297421875]], "train_accs": [[5.0225, 11.235000000000001, 15.032499999999999, 19.265, 22.545, 25.627499999999998, 28.744999999999997, 31.472499999999997, 34.07, 36.3025, 38.585, 40.78, 42.535000000000004, 44.0375, 45.82, 47.24, 48.1425, 49.3825, 50.517500000000005, 51.94, 53.122499999999995, 53.620000000000005, 54.49, 55.665, 56.0925, 56.63, 57.635000000000005, 58.637499999999996, 58.7975, 59.7175, 60.29750000000001]], "valid_accs": [[8.24, 12.049999999999999, 15.459999999999999, 18.44, 20.82, 21.529999999999998, 28.139999999999997, 28.199999999999996, 28.99, 32.39, 33.64, 34.81, 37.59, 37.9, 38.76, 41.85, 40.97, 41.55, 44.35, 43.47, 45.33, 44.2, 44.06, 46.45, 46.68, 46.83, 46.660000000000004, 47.64, 46.97, 50.129999999999995, 48.64]], "train_times": [[170.05786728858948, 173.5183446407318, 170.32775831222534, 169.32215881347656, 171.20849013328552, 173.5653817653656, 174.56434178352356, 174.1040177345276, 174.40244436264038, 168.23632550239563, 172.56903910636902, 172.16990113258362, 169.73408150672913, 172.95210456848145, 174.8684787750244, 174.33729577064514, 172.75601243972778, 173.5957224369049, 171.4633719921112, 173.30731320381165, 173.150484085083, 173.03768801689148, 174.43001294136047, 170.75155186653137, 171.66148614883423, 171.54415488243103, 174.1138973236084, 173.87670826911926, 173.4438498020172, 169.1966712474823, 168.8707983493805]], "valid_times": [[35.13184690475464, 35.115649461746216, 35.76854133605957, 36.49681901931763, 35.1245858669281, 35.907665729522705, 35.80845665931702, 35.071290254592896, 36.51941633224487, 35.80158448219299, 35.417227268218994, 36.90892243385315, 37.14398384094238, 36.118964195251465, 34.316046714782715, 35.13093638420105, 37.678566694259644, 35.02112030982971, 35.4315721988678, 35.28444695472717, 35.90456247329712, 35.06026816368103, 36.726826906204224, 35.80090522766113, 36.04665160179138, 35.761595487594604, 35.54878354072571, 35.9439594745636, 35.040587186813354, 35.96570539474487, 35.601147174835205]], "test_accuracy": 48.61, "convergence_iteration": 31}}