{"config": {"train_options": {"learning_rate": 0.01, "optimizer": "SGD", "batch_size": 128, "number_of_epochs": 300, "loss_parameters": {"temperature": 15, "distillation_type": "FEATURE", "alpha": 0.2, "beta": 0.2}}}, "results": {"train_losses": [[6326.2396421875, 6299.8445671875, 6285.79808203125, 6269.90212421875, 6257.79707109375, 6243.87066015625, 6225.7506453125, 6209.88492421875, 6197.00604140625, 6184.1133234375, 6166.8951609375, 6151.41476328125, 6140.0530015625, 6125.5967046875, 6114.13084921875, 6100.84892890625, 6093.00199375, 6084.91563828125, 6078.69843359375, 6072.2321265625, 6067.07535703125, 6064.10650546875, 6059.69425, 6057.853646875, 6052.24327734375, 6048.16650234375, 6048.7766140625, 6045.253765625, 6045.12858046875, 6042.6654046875, 6036.21162578125, 6035.669709375, 6031.92579140625, 6028.071134375, 6027.86205078125, 6028.42235625, 6026.4377453125, 6025.44591015625, 6028.6427703125, 6026.70881875, 6026.85762109375, 6028.45511015625, 6025.1979375, 6024.26081015625, 6021.12516328125, 6019.6654984375, 6018.62443671875, 6020.2860484375, 6019.238903125, 6018.50541171875, 6019.48578125, 6018.92401328125, 6019.36087109375, 6021.66963984375, 6019.14395078125, 6018.59180234375, 6013.2371453125, 6012.88119453125, 6013.61028828125, 6012.141840625, 6010.81083203125, 6013.526321875, 6012.17518515625, 6011.2818609375, 6010.62998671875, 6011.1211609375, 6010.09190625, 6010.48049375, 6010.50856640625, 6010.56894609375, 6011.767740625, 6012.4253546875, 6011.65953671875, 6008.03189375, 6005.0894609375, 6006.2705890625, 6007.8485796875, 6006.47451640625, 6005.02044375, 5999.9329140625, 6003.23655, 6009.356675, 6010.81715078125, 6012.34861796875, 6013.90412890625, 6016.78515234375, 6017.878184375, 6018.62996171875, 6021.27165625, 6021.512321875, 6022.27811015625, 6025.84317734375, 6026.00934609375]], "valid_losses": [[6291.55594375, 6311.35060859375, 6300.327107421875, 6269.274576953125, 6251.0001625, 6234.9243734375, 6217.985053125, 6196.446084375, 6179.920730859375, 6164.48466171875, 6155.811412109375, 6155.794912109375, 6138.637096484375, 6123.76246953125, 6100.772948046875, 6103.267649609375, 6089.13340625, 6082.506119140625, 6063.568098046875, 6064.945343359375, 6068.277980078125, 6051.941575, 6057.021857421875, 6051.353703125, 6047.239683203125, 6030.227105859375, 6040.69639140625, 6039.263831640625, 6037.2099953125, 6039.026276171875, 6040.2862078125, 6031.075190625, 6034.124430859375, 6034.277482421875, 6026.13580234375, 6020.165238671875, 6028.74362890625, 6036.13243828125, 6028.18640546875, 6030.499285546875, 6027.690806640625, 6022.65976875, 6027.8077875, 6029.47275, 6017.590608984375, 6024.680580859375, 6016.742375, 6026.62333828125, 6016.044507421875, 6016.299405078125, 6026.04204140625, 6019.017758203125, 6022.308187109375, 6021.768869140625, 6018.032552734375, 6015.33511015625, 6014.3951546875, 6018.967219140625, 6016.43121796875, 6009.4911859375, 6010.349058203125, 6014.005957421875, 6018.155241015625, 6016.133559765625, 6013.425759765625, 6003.902512890625, 6005.260997265625, 5999.646905078125, 6000.138038671875, 6011.747009765625, 6012.003595703125, 6006.75708828125, 5997.9691078125, 6007.535079296875, 6005.262919140625, 6006.68155078125, 6006.65066015625, 6002.34965, 6003.522813671875, 6010.278174609375, 6002.597479296875, 6009.6622359375, 6012.152322265625, 6014.429427734375, 6016.081054296875, 6015.28366484375, 6016.065766796875, 6017.00435, 6019.183526953125, 6020.329172265625, 6022.69425625, 6026.647497265625, 6026.488965234375]], "train_accs": [[4.3675, 9.6325, 13.084999999999999, 16.439999999999998, 19.535, 22.4375, 25.009999999999998, 27.084999999999997, 29.317500000000003, 31.275, 33.3125, 35.152499999999996, 37.075, 38.7075, 40.2375, 41.8075, 42.815, 44.375, 45.4425, 46.660000000000004, 47.775, 48.75, 49.79, 50.5975, 51.3625, 52.337500000000006, 53.385000000000005, 54.105000000000004, 54.800000000000004, 55.31, 56.2775, 56.7625, 57.462500000000006, 57.96, 58.56, 59.1925, 59.904999999999994, 60.5125, 60.762499999999996, 61.4275, 61.86000000000001, 62.2575, 62.805, 63.355, 63.707499999999996, 64.2825, 64.335, 65.16999999999999, 65.5625, 65.795, 66.2175, 66.6125, 67.2075, 67.5025, 67.785, 68.24249999999999, 68.5375, 68.88, 69.4125, 69.4725, 69.94749999999999, 70.42500000000001, 70.455, 70.78999999999999, 70.6075, 71.24000000000001, 71.5125, 72.1625, 72.4375, 72.41499999999999, 72.68, 73.0025, 73.11999999999999, 73.85000000000001, 73.66749999999999, 74.1, 74.2875, 74.30250000000001, 74.56, 75.2625, 75.2425, 78.435, 80.495, 80.865, 81.2, 81.8775, 81.925, 81.88, 82.2675, 82.58, 82.8725, 82.66250000000001, 82.8875]], "valid_accs": [[7.1, 11.66, 14.2, 17.65, 19.97, 22.8, 24.73, 25.1, 28.59, 28.349999999999998, 30.61, 32.879999999999995, 35.32, 35.980000000000004, 37.669999999999995, 36.720000000000006, 38.18, 39.879999999999995, 40.400000000000006, 40.9, 42.54, 42.809999999999995, 43.59, 42.89, 45.34, 44.86, 45.1, 46.550000000000004, 45.14, 46.97, 47.410000000000004, 48.66, 48.35, 47.589999999999996, 48.870000000000005, 49.4, 49.21, 49.82, 48.79, 50.21, 50.59, 50.14999999999999, 49.5, 48.57, 50.86000000000001, 50.49, 51.24999999999999, 51.019999999999996, 50.61, 51.04, 49.91, 50.91, 52.03, 50.449999999999996, 51.77, 52.16, 52.25, 52.080000000000005, 51.83, 52.18000000000001, 50.839999999999996, 52.059999999999995, 49.769999999999996, 50.57000000000001, 51.68000000000001, 51.88, 51.72, 51.53, 52.1, 51.480000000000004, 51.22, 51.129999999999995, 52.86, 52.11, 52.66, 52.449999999999996, 52.56999999999999, 52.0, 51.23, 52.26, 52.68000000000001, 57.76, 58.67, 58.440000000000005, 58.63, 58.440000000000005, 57.92, 58.309999999999995, 58.489999999999995, 58.93000000000001, 58.589999999999996, 58.91, 58.75]], "train_times": [[158.11449933052063, 159.75393772125244, 158.67737317085266, 158.79413104057312, 157.09596967697144, 158.6510636806488, 158.77880787849426, 159.01392602920532, 157.58750295639038, 159.74452710151672, 157.99903750419617, 159.835871219635, 158.5046169757843, 159.65239834785461, 159.2649416923523, 158.41988706588745, 158.73766922950745, 158.1690936088562, 158.09140849113464, 158.32744431495667, 158.78822302818298, 158.0313103199005, 158.30195903778076, 158.26463627815247, 157.85822176933289, 158.11388611793518, 157.60706520080566, 158.01129698753357, 158.10649633407593, 158.80257534980774, 159.42042660713196, 159.49049377441406, 159.75797963142395, 158.52414727210999, 158.73778820037842, 159.69141578674316, 158.29735589027405, 158.0588891506195, 158.56440114974976, 159.22679591178894, 159.44519472122192, 158.78442478179932, 159.78228950500488, 158.8953447341919, 157.81125354766846, 157.4474663734436, 157.8358314037323, 157.48129296302795, 159.57014989852905, 158.0922679901123, 158.51653361320496, 157.8570110797882, 158.48157143592834, 160.2974977493286, 158.11021542549133, 158.4655659198761, 158.55047631263733, 158.1743803024292, 158.4699568748474, 158.6391716003418, 158.41490054130554, 159.1624493598938, 159.14388179779053, 158.8912215232849, 159.28551411628723, 159.41889214515686, 159.18981528282166, 158.67380380630493, 158.13633251190186, 158.37096643447876, 157.3299629688263, 159.11222124099731, 158.25358533859253, 158.00543117523193, 158.03243327140808, 157.08117008209229, 159.43377351760864, 159.82878518104553, 158.38474321365356, 158.6199448108673, 158.7378478050232, 158.52834391593933, 158.46385884284973, 158.9194254875183, 157.9071638584137, 159.76385688781738, 159.4044816493988, 158.38189268112183, 158.1963312625885, 159.4552013874054, 157.470281124115, 158.301828622818, 158.88832783699036]],