{"config": {"train_options": {"learning_rate": 0.01, "optimizer": "SGD", "batch_size": 128, "number_of_epochs": 300, "loss_parameters": {"temperature": 20, "distillation_type": "FEATURE", "alpha": 0.5, "beta": 0.4}}}, "results": {"train_losses": [[12722.79519375, 12684.3030078125, 12667.5618578125, 12660.8372984375, 12655.6118109375, 12639.726003125, 12629.7785671875, 12618.2529375, 12614.29854375, 12601.9120140625, 12601.5848828125, 12599.47875, 12593.712071875, 12588.6448515625, 12588.0449203125, 12582.169371875, 12577.7498484375, 12570.997378125, 12564.7104359375, 12561.038140625, 12556.046925, 12551.0720921875, 12544.52415625, 12540.4354609375, 12535.731371875, 12537.34464375, 12535.528765625, 12535.7101828125, 12535.5885484375, 12532.17535, 12526.9116296875, 12523.252559375, 12522.9734375, 12522.142115625, 12517.99675, 12520.0877125, 12517.5725828125, 12518.5779734375, 12519.254803125, 12520.096853125, 12522.9301484375, 12527.2837328125, 12526.4875546875, 12526.9000015625, 12526.2883390625, 12528.275496875, 12530.19350625, 12528.8429984375, 12532.9000609375, 12530.9207421875, 12533.7980578125, 12538.48815625, 12537.826671875, 12544.035321875, 12548.1387765625, 12553.074025, 12549.8137921875, 12554.097278125]], "valid_losses": [[12696.82263515625, 12625.0545828125, 12654.7845953125, 12624.80052890625, 12598.74802734375, 12588.80252734375, 12600.7946515625, 12582.60316875, 12571.04078125, 12572.799515625, 12594.75134921875, 12592.38751328125, 12560.02517265625, 12535.35435390625, 12538.35554453125, 12535.40068046875, 12538.76235078125, 12525.02818125, 12523.7872078125, 12512.31556484375, 12525.54298046875, 12510.32752421875, 12515.84653515625, 12502.666734375, 12523.71344609375, 12501.01811328125, 12511.1374515625, 12526.9469625, 12491.669309375, 12497.53290546875, 12514.8333203125, 12499.9879875, 12503.9455421875, 12492.37472109375, 12502.46471328125, 12501.658709375, 12491.38740234375, 12486.4584984375, 12494.181884375, 12492.46705, 12507.21224921875, 12499.6924890625, 12498.343834375, 12509.69751953125, 12504.991425, 12504.4816265625, 12496.17664375, 12512.25523828125, 12511.2497703125, 12511.91288125, 12516.24015234375, 12509.78755546875, 12516.0401765625, 12510.3463765625, 12526.27729453125, 12518.2439734375, 12532.8503171875, 12533.3798]], "train_accs": [[2.535, 5.395, 7.805, 10.18, 12.837499999999999, 14.8675, 17.03, 18.5425, 20.205000000000002, 21.4975, 23.369999999999997, 24.63, 26.1725, 27.57, 28.657500000000002, 30.1425, 31.56, 32.7975, 33.807500000000005, 35.1325, 36.305, 37.49, 38.2725, 39.345, 40.275, 41.335, 42.2125, 43.11, 43.955, 44.9175, 45.6, 46.3575, 46.8925, 47.6775, 48.42, 49.162499999999994, 49.737500000000004, 50.24999999999999, 50.9375, 51.31250000000001, 52.345, 52.754999999999995, 53.42750000000001, 53.72, 54.3875, 54.84250000000001, 55.28999999999999, 55.7625, 56.135000000000005, 56.67, 56.855, 57.63, 58.3475, 58.5, 59.112500000000004, 59.137499999999996, 59.662499999999994, 60.0325]], "valid_accs": [[4.14, 6.63, 8.74, 12.049999999999999, 13.88, 15.7, 16.34, 18.43, 19.59, 19.509999999999998, 21.759999999999998, 24.11, 24.36, 24.51, 25.95, 27.57, 28.99, 29.080000000000002, 29.709999999999997, 30.130000000000003, 32.4, 33.900000000000006, 34.1, 35.02, 36.09, 36.42, 37.04, 38.34, 38.019999999999996, 38.49, 39.26, 39.24, 40.96, 41.82, 41.870000000000005, 41.44, 41.64, 42.84, 42.82, 42.94, 44.230000000000004, 44.66, 44.76, 44.89, 45.540000000000006, 45.800000000000004, 45.23, 46.06, 46.739999999999995, 46.51, 46.33, 45.73, 46.62, 46.300000000000004, 47.44, 47.04, 47.260000000000005, 47.82]], "train_times": [[164.55149054527283, 161.50173473358154, 162.0022053718567, 166.02890849113464, 164.93432998657227, 161.26860332489014, 163.3142285346985, 163.90716099739075, 163.35903334617615, 162.353990316391, 164.39727926254272, 163.06382751464844, 161.6212134361267, 162.17334079742432, 162.7849154472351, 163.90066981315613, 162.1121699810028, 162.5426619052887, 163.26049065589905, 162.7320008277893, 160.98856735229492, 163.12539911270142, 163.3286693096161, 161.52132058143616, 160.828382730484, 162.4084448814392, 160.86414790153503, 160.88111543655396, 163.50829792022705, 164.11296892166138, 161.56495189666748, 163.45714735984802, 162.27688121795654, 163.76376342773438, 160.6979911327362, 163.32358241081238, 162.48028254508972, 161.45991015434265, 162.76414799690247, 162.7428162097931, 162.5051612854004, 160.46949529647827, 163.90243458747864, 161.21492195129395, 161.8639099597931, 161.53411555290222, 161.89646220207214, 161.70888900756836, 160.74576020240784, 163.34775948524475, 163.02472352981567, 161.12987542152405, 160.75139498710632, 162.4639253616333, 162.07318234443665, 161.7103841304779, 163.74044156074524, 161.55503940582275]], "valid_times": [[33.795732736587524, 35.568814516067505, 34.25742483139038, 34.47284173965454, 33.243263721466064, 35.24903964996338, 34.35380792617798, 33.980698108673096, 34.94069576263428, 34.37845516204834, 33.60236620903015, 33.413386821746826, 34.386717081069946, 33.68670582771301, 33.68265748023987, 33.95125222206116, 33.44717597961426, 33.58973526954651, 33.85586190223694, 34.754573345184326, 33.90237617492676, 34.37539339065552, 32.980685234069824, 33.39502167701721, 33.24537372589111, 33.61401009559631, 34.434258460998535, 33.86619019508362, 33.4413948059082, 33.43161582946777, 33.91121768951416, 33.7916464805603, 33.22489666938782, 34.080580949783325, 33.87739086151123, 33.21074199676514, 33.62622904777527, 34.48942565917969, 32.795403242111206, 33.50970244407654, 33.89890670776367, 33.4587082862854, 32.945547580718994, 34.41314911842346, 34.633624792099, 34.106440782547, 34.16583514213562, 33.44125986099243, 34.051513671875, 33.36399531364441, 33.37116456031799, 34.45627546310425, 33.682713747024536, 34.28972554206848, 34.284563064575195, 33.656901836395264, 33.279255390167236, 33.390588998794556]], "test_accuracy": 48.8, "convergence_iteration": 58}}