{"config": {"train_options": {"learning_rate": 0.01, "optimizer": "SGD", "batch_size": 128, "number_of_epochs": 300, "loss_parameters": {"temperature": 20, "distillation_type": "FEATURE", "alpha": 0.2, "beta": 0.9}}}, "results": {"train_losses": [[28782.430465625, 28738.60375625, 28723.001340625, 28710.9365375, 28696.34743125, 28692.50274375, 28693.83856875, 28700.878225, 28694.064684375, 28698.71615625, 28689.20253125, 28694.758728125, 28693.52311875, 28700.3653, 28701.353215625, 28702.349096875, 28712.09475, 28723.7341875, 28736.373628125, 28744.236078125, 28749.51135, 28756.92313125, 28761.313184375, 28766.8316875, 28770.351853125, 28779.90964375, 28787.51555, 28792.5653625]], "valid_losses": [[28740.6672609375, 28714.7010375, 28696.0956359375, 28654.85113125, 28670.6456828125, 28634.1490375, 28635.1778046875, 28615.1060265625, 28647.8044953125, 28660.7676328125, 28666.974065625, 28674.9018171875, 28688.042078125, 28697.6207859375, 28679.9008921875, 28664.522675, 28682.418290625, 28680.8966578125, 28707.965996875, 28697.7531, 28745.07249375, 28748.9436921875, 28756.3735484375, 28739.1112453125, 28767.15084375, 28748.8801546875, 28779.22620625, 28771.90954375]], "train_accs": [[1.3625, 2.8575, 4.115, 4.7875, 5.585, 6.3525, 7.055, 8.2025, 9.125, 10.2075, 10.945, 11.6725, 12.3575, 12.7325, 13.4, 13.977500000000001, 14.405000000000001, 14.729999999999999, 15.28, 15.770000000000001, 16.150000000000002, 16.797500000000003, 17.227500000000003, 17.39, 18.185000000000002, 18.445, 18.95, 19.505]], "valid_accs": [[1.83, 3.53, 4.55, 5.71, 6.59, 7.26, 7.71, 9.08, 9.700000000000001, 10.48, 11.459999999999999, 11.75, 12.64, 13.0, 13.389999999999999, 13.56, 13.96, 14.71, 15.0, 15.659999999999998, 15.7, 16.25, 17.31, 17.599999999999998, 18.12, 18.48, 19.12, 19.28]], "train_times": [[157.36303520202637, 158.52122354507446, 158.61743545532227, 156.07191824913025, 156.44917464256287, 159.36099219322205, 156.9357533454895, 156.92283606529236, 157.98590111732483, 157.66361737251282, 155.64738655090332, 158.123854637146, 158.24415564537048, 157.1264989376068, 158.68294382095337, 158.71513438224792, 156.66685390472412, 156.38019371032715, 159.0818271636963, 156.71059823036194, 157.64822459220886, 157.18688821792603, 158.8408522605896, 158.43186950683594, 157.72096848487854, 157.38289141654968, 156.64747071266174, 156.39643812179565]], "valid_times": [[32.0496244430542, 32.28181529045105, 32.44366717338562, 33.55820035934448, 32.34139275550842, 32.9896776676178, 33.315406799316406, 32.46424126625061, 32.281874895095825, 32.74993872642517, 32.627750635147095, 32.18566656112671, 32.25036382675171, 32.29558515548706, 32.58937406539917, 31.9796142578125, 33.56276559829712, 32.3470516204834, 32.322887897491455, 32.79502320289612, 33.34266757965088, 33.17341947555542, 33.04919743537903, 32.444533824920654, 31.950502634048462, 32.123364210128784, 33.72285604476929, 31.92756152153015]], "test_accuracy": 19.259999999999998, "convergence_iteration": 28}}