{"config": {"train_options": {"learning_rate": 0.01, "optimizer": "SGD", "batch_size": 128, "number_of_epochs": 300, "loss_parameters": {"temperature": 15, "distillation_type": "FEATURE", "alpha": 0.1, "beta": 0.4}}}, "results": {"train_losses": [[12693.3657828125, 12640.78323125, 12631.0054359375, 12612.83365625, 12592.4245734375, 12570.634759375, 12547.5838578125, 12526.193915625, 12503.1774625, 12482.61670625, 12459.7529671875, 12441.7519875, 12416.3070359375, 12393.77183125, 12373.2042078125, 12356.2022890625, 12346.65338125, 12322.27968125, 12303.4000984375, 12290.1944375, 12274.1886703125, 12268.246609375, 12262.79305625, 12256.4501796875, 12256.5429046875, 12242.06745, 12223.8423953125, 12217.4883296875, 12212.5301703125, 12202.6199375, 12193.192534375, 12195.8322265625, 12186.5011734375, 12186.3732296875, 12184.7787203125, 12181.5083109375, 12182.6388984375, 12180.9978359375, 12179.567353125, 12173.3347, 12178.6739765625, 12173.43301875, 12169.623465625, 12166.6707375, 12167.321559375, 12169.1989734375, 12165.271009375, 12164.0119421875, 12164.653578125, 12166.9286703125, 12170.39628125, 12172.1220546875, 12168.788678125, 12167.7871359375, 12164.7969578125, 12162.5100234375, 12163.120915625, 12165.910771875, 12165.09210625, 12159.6094421875, 12156.403484375, 12157.23930625, 12157.38908125, 12150.419359375, 12151.63006875, 12151.5896578125, 12156.85733125, 12158.5698921875, 12158.8545140625, 12158.505140625, 12157.1749, 12154.941075, 12155.1821453125, 12158.022734375, 12158.859584375, 12163.228328125, 12157.366215625, 12160.1275109375, 12157.9974203125, 12158.3446609375, 12157.2970328125, 12164.97075625, 12167.4270078125, 12173.112284375, 12174.186228125, 12181.73948125, 12180.1365203125, 12186.0139640625, 12187.88633125, 12192.161134375]], "valid_losses": [[12525.85616796875, 12614.59189296875, 12640.52666953125, 12620.65624296875, 12579.83056875, 12530.1907515625, 12524.2259609375, 12497.8266234375, 12484.3946125, 12467.6494984375, 12421.704234375, 12423.01569453125, 12364.94695, 12374.5083671875, 12344.82850234375, 12334.76727265625, 12301.45083515625, 12308.46294921875, 12260.61738828125, 12255.35256171875, 12251.4832828125, 12231.03418828125, 12218.6714140625, 12224.14355625, 12222.76230625, 12221.5415203125, 12219.02281015625, 12206.82505078125, 12205.08483984375, 12198.60681796875, 12182.43723828125, 12181.685584375, 12183.94412421875, 12176.0837203125, 12185.22276796875, 12183.1062796875, 12176.768059375, 12159.360209375, 12181.46643515625, 12173.29481875, 12189.540671875, 12178.76900703125, 12168.16911796875, 12186.576690625, 12167.2040578125, 12156.02833671875, 12157.7768546875, 12163.514459375, 12158.7302, 12179.00323828125, 12173.7150625, 12160.890953125, 12167.1743421875, 12159.9637375, 12163.0464015625, 12171.69731875, 12157.5984484375, 12167.429978125, 12175.8238796875, 12155.81967265625, 12159.03453828125, 12156.916259375, 12154.634096875, 12150.77529609375, 12148.87823203125, 12132.193984375, 12148.41016640625, 12151.64266171875, 12163.7005546875, 12123.52407421875, 12162.62906328125, 12149.216046875, 12141.940125, 12154.7122859375, 12159.44631015625, 12158.43122890625, 12152.60396171875, 12141.798159375, 12162.34456640625, 12145.52145, 12142.92866875, 12155.5081, 12162.48838515625, 12170.05571796875, 12168.8630078125, 12173.89626171875, 12181.48036484375, 12177.9133953125, 12178.97322890625, 12188.534253125]], "train_accs": [[3.7925, 8.1825, 11.842500000000001, 14.3625, 16.8475, 18.9175, 21.0825, 23.46, 25.532500000000002, 27.560000000000002, 29.9, 31.900000000000002, 33.7825, 35.6575, 37.44, 38.945, 40.5725, 41.747499999999995, 43.0075, 44.0725, 45.26, 46.277499999999996, 47.295, 48.64, 49.0075, 50.002500000000005, 50.995000000000005, 51.910000000000004, 52.6575, 53.5925, 54.2125, 55.217499999999994, 55.765, 56.1875, 57.0225, 57.265, 57.9925, 58.41499999999999, 59.3875, 59.489999999999995, 60.39, 60.6475, 61.372499999999995, 61.62, 62.2175, 62.7675, 62.9425, 63.61, 63.89, 64.0475, 64.68, 64.845, 65.5225, 65.6875, 66.17, 66.7025, 66.9025, 67.33, 67.6125, 68.135, 68.24249999999999, 68.61500000000001, 69.17999999999999, 69.27, 69.61500000000001, 69.6575, 70.2675, 70.665, 70.685, 70.85000000000001, 71.3425, 71.6225, 71.905, 72.2275, 72.085, 72.625, 72.8225, 73.1625, 73.19, 73.475, 73.595, 77.4225, 79.1275, 79.60000000000001, 79.9625, 79.9675, 80.4525, 80.4375, 80.695, 80.75]], "valid_accs": [[5.86, 10.190000000000001, 12.33, 14.45, 16.28, 18.62, 20.95, 21.47, 24.09, 26.029999999999998, 27.68, 29.799999999999997, 32.04, 31.730000000000004, 33.15, 35.5, 36.51, 37.72, 38.72, 38.019999999999996, 38.879999999999995, 40.92, 40.25, 42.04, 43.4, 43.44, 43.87, 42.95, 45.11, 44.91, 44.74, 44.75, 45.83, 46.160000000000004, 46.87, 46.54, 47.83, 48.24, 47.02, 47.71, 47.67, 48.4, 49.27, 49.2, 48.209999999999994, 48.949999999999996, 48.65, 48.199999999999996, 48.449999999999996, 49.32, 49.18, 47.82, 49.85, 50.67, 50.72, 50.239999999999995, 47.44, 49.72, 48.309999999999995, 49.51, 46.57, 49.13, 48.28, 49.370000000000005, 50.36000000000001, 49.32, 47.61, 49.43, 51.160000000000004, 48.59, 50.980000000000004, 51.01, 51.05, 52.0, 50.42, 50.51, 51.03, 51.13999999999999, 51.09, 51.2, 51.93, 56.92, 57.38999999999999, 57.699999999999996, 57.269999999999996, 57.29, 57.46, 57.43000000000001, 57.35, 57.85]], "train_times": [[158.0667314529419, 158.24761390686035, 157.24428915977478, 157.0188889503479, 157.89898109436035, 156.28406500816345, 156.78775072097778, 157.22206950187683, 157.049391746521, 156.81913566589355, 159.13809776306152, 157.99415493011475, 156.35559487342834, 157.34930753707886, 157.19342303276062, 156.64631366729736, 156.66846632957458, 155.66555500030518, 156.58092212677002, 156.69466876983643, 157.264723777771, 156.5418791770935, 156.9093518257141, 157.1684103012085, 157.5513665676117, 156.92912030220032, 157.680997133255, 157.312926530838, 156.74406576156616, 157.03809452056885, 156.0209083557129, 157.55122089385986, 158.16342902183533, 156.54129719734192, 156.90103793144226, 157.23084783554077, 156.07625699043274, 156.75791907310486, 156.89592790603638, 158.70886778831482, 157.98356890678406, 156.1399064064026, 157.62323665618896, 156.61670541763306, 157.2353811264038, 156.72180676460266, 156.27649545669556, 156.86918878555298, 156.61188673973083, 157.79841780662537, 157.2410168647766, 159.27057266235352, 156.54026126861572, 156.70894289016724, 157.33564853668213, 157.5277452468872, 156.24627017974854, 157.0153419971466, 155.73187804222107, 156.9462263584137, 157.0527114868164, 156.4770052433014, 156.29205465316772, 156.50292325019836, 157.64021372795105, 156.93213415145874, 157.31093883514404, 156.79498934745789, 156.06752228736877, 155.7436978816986, 156.73986434936523, 157.43422412872314, 157.2501575946808, 157.6043200492859, 156.58574438095093, 155.83441162109375, 156.92433428764343, 156.54203915596008, 156.84437155723572, 156.37638878822327, 158.05134654045105, 155.4287142753601, 156.69066858291626, 157.10393238067627, 156.2685363292694, 157.54445600509644, 156.72015500068665, 157.96923279762268, 156.10237860679626, 157.33078622817993]],