{"config": {"train_options": {"learning_rate": 0.01, "optimizer": "SGD", "batch_size": 128, "number_of_epochs": 300, "loss_parameters": {"temperature": 20, "distillation_type": "FEATURE", "alpha": 0.9, "beta": 0.3}}}, "results": {"train_losses": [[9564.02923984375, 9548.7265234375, 9546.043590625, 9542.6272921875, 9541.999284375, 9539.7235796875, 9539.92245234375, 9537.2764984375, 9538.3036, 9541.7882203125, 9545.83358515625, 9548.22105703125, 9552.27421953125, 9555.033784375, 9558.020459375, 9559.84553046875, 9563.59061015625, 9565.459971875, 9568.64828828125, 9571.95289765625, 9575.11062109375, 9577.80354765625, 9580.346234375]], "valid_losses": [[9535.889167578125, 9532.062280859374, 9512.875434375, 9519.780925, 9522.07692890625, 9522.411551171876, 9521.749270703125, 9516.64175078125, 9534.213613671875, 9513.737145703126, 9527.384764453125, 9528.662203515625, 9538.723166796875, 9541.884134765625, 9543.691247265626, 9539.085526953126, 9537.93109921875, 9549.810321484376, 9552.009921484376, 9549.817173828125, 9553.63625703125, 9558.41392265625, 9554.370096875]], "train_accs": [[1.6424999999999998, 2.6825, 3.55, 4.665, 5.535, 6.2375, 6.859999999999999, 7.6725, 8.5325, 9.1375, 9.8575, 10.67, 11.68, 12.2, 12.8225, 13.71, 14.1625, 14.49, 15.0725, 15.5425, 15.934999999999999, 16.305, 16.91]], "valid_accs": [[2.5, 3.42, 4.52, 5.3, 6.09, 6.59, 7.41, 8.04, 9.01, 9.65, 10.67, 11.4, 12.389999999999999, 12.86, 13.469999999999999, 13.79, 14.09, 14.99, 15.290000000000001, 15.989999999999998, 15.920000000000002, 16.66, 16.650000000000002]], "train_times": [[160.6572654247284, 156.90197038650513, 159.9477813243866, 158.51673364639282, 159.54012894630432, 159.050523519516, 159.35972666740417, 161.0071439743042, 158.84510111808777, 158.52486610412598, 156.25501608848572, 157.69993424415588, 158.75286865234375, 158.50544142723083, 157.55176401138306, 158.31951427459717, 158.04216957092285, 157.22670578956604, 158.88923621177673, 158.0709376335144, 159.4795470237732, 157.9027500152588, 157.3325057029724]], "valid_times": [[32.902382135391235, 33.25113821029663, 34.33264183998108, 33.18876838684082, 33.57140827178955, 33.728073596954346, 33.3311972618103, 33.16609764099121, 33.10671043395996, 32.79952955245972, 33.13091802597046, 32.8492157459259, 32.68327879905701, 32.82770824432373, 32.406062602996826, 32.933554887771606, 33.3648898601532, 32.219414710998535, 33.19654417037964, 32.74130463600159, 32.65869402885437, 33.02292037010193, 33.40917229652405]], "test_accuracy": 16.64, "convergence_iteration": 23}}