{"config": {"train_options": {"learning_rate": 0.05, "optimizer": "SGD", "batch_size": 128, "number_of_epochs": 300, "loss_parameters": {"temperature": 20, "distillation_type": "FEATURE", "alpha": 0.6, "beta": 0.4}}}, "results": {"train_losses": [[12661.999121875, 12623.0725703125, 12580.1311375, 12549.5506046875, 12525.0439796875, 12497.9879015625, 12479.9826515625, 12469.2479796875, 12459.665453125, 12453.518896875, 12452.6452890625, 12446.07583125, 12443.8906828125, 12445.813178125, 12450.276465625, 12468.2627046875, 12479.206559375, 12489.554825, 12507.2166390625, 12531.6816171875, 12539.6669875, 12552.87686875, 12570.2665671875, 12583.665346875, 12597.223459375, 12606.1375625, 12615.26376875, 12631.7065671875, 12645.1791046875, 12665.8996796875, 12672.9383640625, 12681.396021875, 12692.9874390625, 12704.0030171875]], "valid_losses": [[12589.75227109375, 12569.2469109375, 12619.44088046875, 12508.0750171875, 12481.44965390625, 12459.962025, 12473.135725, 12415.6374484375, 12412.83642421875, 12431.8061578125, 12428.5846765625, 12421.25932421875, 12408.374803125, 12399.5092234375, 12421.7713828125, 12453.08314765625, 12458.11833125, 12484.5879984375, 12507.13974296875, 12528.30177890625, 12510.09467890625, 12534.77812265625, 12567.4274234375, 12569.4690921875, 12584.00928046875, 12591.6254859375, 12610.60043203125, 12638.78578125, 12627.9699, 12657.89834296875, 12674.4295140625, 12659.45333203125, 12687.9845734375, 12697.19044453125]], "train_accs": [[4.577500000000001, 10.915, 16.21, 20.6225, 24.72, 27.767500000000002, 31.1875, 34.235, 36.8075, 38.8425, 41.265, 42.8275, 44.872499999999995, 46.31, 48.11, 49.2775, 50.44499999999999, 51.925, 52.505, 53.6875, 54.425000000000004, 55.8375, 56.5775, 57.355000000000004, 58.330000000000005, 59.06249999999999, 59.5925, 60.3225, 60.870000000000005, 61.62, 61.9725, 62.55, 63.18, 63.635]], "valid_accs": [[6.83, 12.1, 17.84, 21.41, 23.52, 24.01, 28.67, 31.46, 33.379999999999995, 35.72, 37.2, 39.019999999999996, 37.75, 40.37, 42.76, 43.11, 43.980000000000004, 45.540000000000006, 47.14, 45.14, 47.25, 47.370000000000005, 48.480000000000004, 48.54, 49.5, 47.54, 47.82, 50.029999999999994, 51.32, 50.32, 49.15, 50.29, 50.32, 51.43]], "train_times": [[163.0292510986328, 161.82344937324524, 160.5117871761322, 166.7304973602295, 162.33590698242188, 159.91063928604126, 162.50065112113953, 163.71090698242188, 157.63121485710144, 158.07482147216797, 160.4927637577057, 160.35006761550903, 156.73634576797485, 159.5561966896057, 159.54101252555847, 158.5379512310028, 157.869140625, 160.3118302822113, 157.6973216533661, 158.98737287521362, 159.47207117080688, 158.3699607849121, 157.83235216140747, 160.18017649650574, 159.25139784812927, 159.55833292007446, 157.72556042671204, 159.96115136146545, 159.68538784980774, 158.31795239448547, 159.04486417770386, 159.96383094787598, 157.45994639396667, 160.0431933403015]], "valid_times": [[33.805750608444214, 34.55296564102173, 33.262256383895874, 34.158456325531006, 33.86126923561096, 33.15705442428589, 33.779696464538574, 33.59667754173279, 34.59516668319702, 32.90135192871094, 33.639655351638794, 33.31326746940613, 33.722811698913574, 33.17841815948486, 32.315152406692505, 35.15622305870056, 33.20369291305542, 32.95738363265991, 35.132896423339844, 33.89668035507202, 33.4357054233551, 33.524951219558716, 33.49180603027344, 32.636818408966064, 32.387717485427856, 34.24417805671692, 32.63794922828674, 33.43909478187561, 33.24864959716797, 32.71394085884094, 33.38802647590637, 32.51911973953247, 32.68695592880249, 32.681983947753906]], "test_accuracy": 52.31, "convergence_iteration": 34}}