{"config": {"train_options": {"learning_rate": 0.05, "optimizer": "SGD", "batch_size": 128, "number_of_epochs": 300, "loss_parameters": {"temperature": 10, "distillation_type": "FEATURE", "alpha": 0.9, "beta": 0.2}}}, "results": {"train_losses": [[6365.7979578125, 6352.8524234375, 6356.7523, 6369.64582890625, 6378.4520953125, 6387.46037578125, 6394.921459375, 6400.98715078125, 6407.65514765625, 6413.3902515625, 6418.23077734375, 6424.66598203125, 6430.4435765625, 6437.72834765625, 6441.70113203125, 6447.80906953125, 6454.88861015625, 6461.7863140625, 6467.58248828125, 6475.97981328125, 6480.20485859375]], "valid_losses": [[6334.47018203125, 6339.31382265625, 6344.78256328125, 6350.54841953125, 6361.45596015625, 6370.02503203125, 6382.748323046875, 6397.621820703125, 6395.182571484375, 6416.080261328125, 6412.937940625, 6420.437777734375, 6424.037928515625, 6436.699540234375, 6441.857102734375, 6447.33531875, 6463.038569921875, 6462.387285546875, 6473.4191828125, 6482.771740625, 6481.249473828125]], "train_accs": [[3.4075, 7.4125, 10.792499999999999, 13.334999999999999, 14.8625, 16.8625, 18.7375, 20.62, 22.8, 24.915000000000003, 26.915, 28.6625, 30.587500000000002, 32.1425, 33.25, 34.8525, 36.1, 37.625, 38.79, 40.1075, 41.1175]], "valid_accs": [[5.83, 8.85, 11.1, 12.72, 13.96, 16.33, 16.7, 18.91, 20.28, 24.34, 24.07, 27.35, 27.36, 29.659999999999997, 30.9, 31.840000000000003, 33.94, 33.57, 33.61, 34.510000000000005, 37.09]], "train_times": [[161.65508103370667, 159.66181349754333, 158.95394563674927, 160.9158616065979, 159.58027267456055, 158.7715129852295, 157.51840829849243, 161.25865864753723, 161.1937026977539, 158.7133252620697, 160.95362329483032, 162.30319094657898, 159.37961626052856, 160.00102400779724, 160.2689173221588, 159.71440720558167, 159.08786153793335, 161.0843207836151, 160.88931965827942, 159.01827096939087, 161.38846397399902]], "valid_times": [[33.438833475112915, 33.3547523021698, 33.01912331581116, 32.8154079914093, 33.446929931640625, 34.99367618560791, 32.84183859825134, 33.366655588150024, 33.20388150215149, 34.386757135391235, 33.60436248779297, 32.8209433555603, 33.009859561920166, 32.51020336151123, 33.210283279418945, 35.01295518875122, 33.49476456642151, 33.68070316314697, 33.04410147666931, 32.56972670555115, 32.76663589477539]], "test_accuracy": 37.14, "convergence_iteration": 21}}