{"config": {"train_options": {"learning_rate": 0.05, "optimizer": "SGD", "batch_size": 128, "number_of_epochs": 300, "loss_parameters": {"temperature": 10, "distillation_type": "FEATURE", "alpha": 0.7, "beta": 0.5}}}, "results": {"train_losses": [[15894.48668125, 15865.1072921875, 15861.64485, 15855.7850453125, 15857.3863890625, 15853.1259546875, 15845.4415015625, 15850.6227859375, 15848.4946421875, 15858.852565625, 15867.522334375, 15884.026421875, 15891.739540625, 15907.501078125, 15930.8423546875, 15944.7237578125, 15961.4526171875, 15972.212515625, 15991.287984375, 16012.0502140625, 16023.7794390625]], "valid_losses": [[15802.6791421875, 15843.14622265625, 15874.983275, 15841.4677390625, 15867.23390078125, 15846.65361875, 15823.5182546875, 15862.78988515625, 15857.64658671875, 15815.2708359375, 15858.5927484375, 15892.89040078125, 15884.83964453125, 15908.4616828125, 15920.68741015625, 15951.2351703125, 15957.9464359375, 15984.67176953125, 15995.49967421875, 16014.15763828125, 16037.91156640625]], "train_accs": [[4.8, 9.6975, 13.197500000000002, 16.0875, 18.9075, 21.404999999999998, 24.104999999999997, 26.735, 29.585, 31.580000000000002, 33.947500000000005, 36.1775, 37.727500000000006, 39.542500000000004, 41.199999999999996, 42.6925, 43.87, 45.3625, 46.565, 47.88, 49.2275]], "valid_accs": [[7.07, 10.18, 12.659999999999998, 16.33, 18.02, 20.4, 22.15, 24.87, 28.749999999999996, 29.549999999999997, 30.520000000000003, 33.18, 33.78, 37.1, 35.36, 39.129999999999995, 40.150000000000006, 40.88, 41.31, 42.91, 44.15]], "train_times": [[160.05255389213562, 161.2745223045349, 157.31795692443848, 159.48975706100464, 158.70938920974731, 158.52075004577637, 158.41954517364502, 160.42232728004456, 160.04585886001587, 159.68695950508118, 158.0914351940155, 160.43749904632568, 159.68242001533508, 159.26793766021729, 159.4352252483368, 157.99367427825928, 157.7193820476532, 161.07990670204163, 160.26161241531372, 158.1663269996643, 158.21649503707886]], "valid_times": [[32.02609920501709, 32.51418685913086, 34.027605056762695, 32.82719707489014, 34.773869037628174, 33.47924304008484, 33.02239394187927, 32.97081422805786, 32.90971636772156, 33.96349310874939, 32.60668444633484, 32.834752559661865, 34.62843942642212, 32.86401343345642, 33.348488569259644, 33.195382833480835, 33.09319067001343, 32.4043071269989, 32.45865249633789, 34.87544560432434, 32.372281074523926]], "test_accuracy": 43.419999999999995, "convergence_iteration": 21}}