{"config": {"train_options": {"learning_rate": 0.005, "optimizer": "SGD", "batch_size": 128, "number_of_epochs": 300, "loss_parameters": {"temperature": 20, "distillation_type": "FEATURE", "alpha": 0.6, "beta": 0.9}}}, "results": {"train_losses": [[28683.66915625, 28643.98085625, 28600.026053125, 28570.106034375, 28557.889846875, 28539.3468375, 28523.22260625, 28518.218221875, 28511.243159375, 28516.64131875, 28518.76385625, 28520.768428125, 28515.92875625, 28509.180103125, 28509.4976875, 28513.56884375, 28510.008, 28506.16346875, 28513.62410625, 28515.477875, 28523.594196875, 28525.340946875, 28533.322725, 28536.735515625, 28535.98601875, 28539.06713125, 28543.811128125, 28541.675778125, 28553.055803125, 28551.871803125, 28559.6321375, 28565.763590625, 28571.7546125, 28571.426078125]], "valid_losses": [[28609.576265625, 28503.3797046875, 28414.718678125, 28410.350503125, 28389.654371875, 28352.221325, 28368.9884859375, 28353.1407125, 28338.9266203125, 28338.365403125, 28340.1693171875, 28336.2918671875, 28337.8242625, 28323.7755234375, 28337.729578125, 28326.4371734375, 28327.9700171875, 28329.323565625, 28342.8774703125, 28356.6722359375, 28354.3211640625, 28370.2276234375, 28361.6446171875, 28366.242603125, 28370.569359375, 28362.2747453125, 28375.933734375, 28364.465659375, 28385.316153125, 28394.7357125, 28402.221075, 28415.9894078125, 28423.3724890625, 28427.948790625]], "train_accs": [[1.2149999999999999, 1.9625, 2.3924999999999996, 2.5975, 2.835, 3.2, 3.6275000000000004, 4.1075, 4.54, 4.725, 4.8075, 5.0, 5.3, 5.5925, 5.8625, 6.25, 6.5475, 6.845, 7.062499999999999, 7.327500000000001, 7.6899999999999995, 7.802499999999999, 8.165, 8.2475, 8.6375, 8.845, 9.055, 9.0425, 9.48, 9.5725, 9.71, 9.92, 10.205, 10.4825]], "valid_accs": [[1.58, 2.02, 2.55, 2.69, 2.82, 3.58, 4.08, 4.38, 4.55, 4.88, 4.99, 5.12, 5.5, 5.89, 5.99, 6.569999999999999, 7.02, 7.2700000000000005, 7.340000000000001, 7.580000000000001, 7.71, 7.969999999999999, 8.38, 8.59, 8.66, 8.91, 9.229999999999999, 9.43, 9.58, 9.959999999999999, 9.83, 10.16, 10.14, 10.71]], "train_times": [[180.98821830749512, 171.72374558448792, 180.90460777282715, 173.32270002365112, 176.28442907333374, 176.07629418373108, 174.42445516586304, 178.839501619339, 178.18060612678528, 179.11530089378357, 174.08025574684143, 180.55147075653076, 175.79007148742676, 181.28203582763672, 177.4394829273224, 175.23637914657593, 173.79070925712585, 175.24902820587158, 173.60326552391052, 171.14796376228333, 174.3642988204956, 175.16794538497925, 174.2835533618927, 174.84865760803223, 172.96872067451477, 180.02963733673096, 177.86824488639832, 174.41485381126404, 177.17087197303772, 178.71638560295105, 173.1076967716217, 175.48543691635132, 173.7037374973297, 174.1950397491455]], "valid_times": [[36.767903327941895, 37.61037278175354, 35.804757595062256, 35.879295349121094, 35.03191113471985, 37.18160676956177, 35.194817781448364, 36.83498549461365, 35.42707848548889, 37.99286365509033, 35.65812063217163, 36.52844214439392, 34.649409770965576, 38.09997892379761, 34.17501616477966, 36.14311385154724, 36.74158954620361, 38.46370530128479, 35.523906230926514, 35.7572340965271, 36.00405144691467, 35.44765067100525, 38.209139347076416, 35.65947151184082, 35.55795669555664, 35.726038217544556, 37.429004192352295, 37.199671268463135, 34.707524061203, 37.570379972457886, 37.010438680648804, 34.60031318664551, 34.899006605148315, 35.88550567626953]], "test_accuracy": 10.56, "convergence_iteration": 34}}