{"config": {"train_options": {"learning_rate": 0.005, "optimizer": "SGD", "batch_size": 128, "number_of_epochs": 300, "loss_parameters": {"temperature": 15, "distillation_type": "FEATURE", "alpha": 0.4, "beta": 0.3}}}, "results": {"train_losses": [[9562.6011578125, 9535.7085765625, 9523.62059296875, 9512.991146875, 9505.30118671875, 9499.52857578125, 9497.45223046875, 9492.79026015625, 9487.1149828125, 9488.19426875, 9484.04389140625, 9480.136375, 9472.63585234375, 9468.04597265625, 9460.92084921875, 9455.91630546875, 9449.1000890625, 9442.5217390625, 9440.15354296875, 9435.88670390625, 9429.932175, 9425.8713171875, 9422.26046171875, 9419.8164046875, 9415.42656796875, 9409.6240890625, 9409.11263046875, 9404.497365625, 9402.2725546875, 9397.84074296875, 9393.81554375, 9393.9140671875, 9391.0644734375, 9389.66881796875, 9386.049271875, 9383.07031484375, 9381.94379140625, 9376.79042734375, 9377.0086265625, 9375.81133203125, 9374.78049140625, 9372.09629140625, 9368.7912515625, 9365.593259375, 9363.02627734375, 9363.4447671875, 9359.47418515625, 9361.4015421875, 9360.169796875, 9357.76050546875, 9357.0172609375, 9356.6720953125, 9357.4601796875, 9356.46661953125, 9357.902759375, 9354.60312578125, 9353.8494609375, 9350.36534453125, 9350.862078125, 9348.169825, 9350.23173125, 9348.39924296875, 9347.91670078125, 9347.52368046875, 9349.57115234375, 9352.50273125, 9346.98026171875, 9346.5825015625, 9344.93477890625, 9346.68349921875, 9348.0615078125, 9348.15948203125, 9347.230021875, 9349.3537953125, 9348.36739375, 9352.27730625, 9353.85183359375, 9353.51454375, 9353.90143125, 9354.8775875, 9359.62324453125, 9357.5736421875, 9361.110890625, 9359.24276328125, 9361.91356015625, 9361.07504453125, 9363.0667296875, 9365.13722890625, 9364.33229140625, 9366.11215078125, 9366.116065625, 9367.010621875, 9367.11293046875, 9368.27140234375]], "valid_losses": [[9524.522244140626, 9490.34307109375, 9483.4472078125, 9472.93123359375, 9452.4916875, 9464.6350515625, 9453.235281640626, 9460.12708828125, 9451.82043359375, 9475.992000390625, 9455.777184375, 9457.12138046875, 9441.39328125, 9435.023780859376, 9429.850641796875, 9430.073239453124, 9426.26255859375, 9411.721849609376, 9410.0560140625, 9416.80622890625, 9408.740655078125, 9404.467047265625, 9402.28400546875, 9401.17554765625, 9391.565845703126, 9399.7303171875, 9397.924425390625, 9391.78878984375, 9390.986565234374, 9373.8551390625, 9373.525238671875, 9377.34271953125, 9374.92352421875, 9364.77983828125, 9365.6381953125, 9360.06866953125, 9360.9402296875, 9353.334586328125, 9360.775259375, 9357.32140703125, 9347.652703125, 9347.073692578126, 9338.975728125, 9352.915044140625, 9338.89693671875, 9336.9669390625, 9343.09142890625, 9347.7883234375, 9326.59426875, 9324.785036328125, 9326.06189609375, 9332.447790625, 9343.81200078125, 9336.659608984375, 9328.0733140625, 9326.210538671876, 9332.4331515625, 9340.003269921875, 9333.28457734375, 9330.23746328125, 9329.9582296875, 9320.401031640626, 9326.929540625, 9333.24408203125, 9326.596676171876, 9330.938501953126, 9319.98414921875, 9320.84889140625, 9338.76898671875, 9329.54356171875, 9329.61614296875, 9330.293134765625, 9326.693030859375, 9315.38676640625, 9335.348136328124, 9336.85699140625, 9326.9951671875, 9331.729880078125, 9330.7445390625, 9335.38870078125, 9331.29546796875, 9334.173224609374, 9337.784574609375, 9336.975577734374, 9337.087590234374, 9341.6825828125, 9341.986333984374, 9342.834762109374, 9339.5773671875, 9343.184447265625, 9341.41575078125, 9341.646770703124, 9340.32219140625, 9343.7970515625]], "train_accs": [[2.8925, 5.6975, 8.06, 10.174999999999999, 11.540000000000001, 13.0225, 14.377499999999998, 15.312500000000002, 16.634999999999998, 18.0125, 19.2, 20.147499999999997, 21.4775, 22.435, 23.935000000000002, 24.529999999999998, 26.0975, 27.0075, 28.1125, 28.732499999999998, 29.7325, 30.557499999999997, 31.3825, 32.122499999999995, 33.1825, 34.0075, 34.77, 35.485, 36.2375, 36.83, 37.4175, 38.372499999999995, 39.055, 39.787499999999994, 40.057500000000005, 40.862500000000004, 41.5275, 42.225, 42.6075, 43.432500000000005, 44.0875, 44.545, 45.1175, 45.3725, 46.0675, 46.5075, 46.862500000000004, 47.6075, 48.120000000000005, 48.559999999999995, 49.0375, 49.5325, 49.872499999999995, 50.56, 50.5725, 51.302499999999995, 51.4925, 52.1025, 52.6625, 52.83, 53.15, 53.8775, 54.26499999999999, 54.64750000000001, 54.845, 55.265, 55.415000000000006, 55.7275, 56.652499999999996, 56.705000000000005, 57.46, 57.477500000000006, 57.995, 58.08, 58.29, 58.425000000000004, 59.282500000000006, 58.7975, 59.365, 60.0225, 60.309999999999995, 62.8575, 63.7675, 63.6825, 63.822500000000005, 64.0525, 64.21249999999999, 64.3125, 64.315, 64.2875, 64.29249999999999, 64.66499999999999, 64.905, 64.6825]], "valid_accs": [[4.54, 7.000000000000001, 8.83, 10.09, 11.379999999999999, 12.989999999999998, 13.530000000000001, 14.49, 15.740000000000002, 17.669999999999998, 19.03, 19.12, 19.91, 21.57, 22.85, 24.21, 25.09, 26.35, 26.200000000000003, 28.42, 28.54, 29.43, 29.89, 31.09, 31.7, 31.669999999999998, 32.440000000000005, 33.94, 32.06, 34.150000000000006, 33.39, 34.99, 35.449999999999996, 35.92, 37.03, 37.59, 37.53, 37.92, 38.16, 38.59, 40.65, 39.62, 40.839999999999996, 40.550000000000004, 41.86, 40.71, 41.83, 41.28, 41.38, 40.37, 43.28, 43.44, 42.449999999999996, 43.54, 43.2, 44.14, 43.94, 45.11, 44.940000000000005, 44.13, 45.269999999999996, 44.440000000000005, 45.2, 45.95, 45.36, 46.26, 45.29, 46.47, 46.47, 47.07, 46.51, 46.02, 46.46, 47.28, 46.77, 47.07, 46.96, 47.510000000000005, 47.53, 48.0, 47.75, 51.49, 51.51, 51.07000000000001, 51.449999999999996, 51.44, 51.41, 51.370000000000005, 51.29, 51.03, 51.6, 51.61, 51.4, 51.27]], "train_times": [[157.33324456214905, 158.2827010154724, 156.95931768417358, 158.46797060966492, 156.6985592842102, 157.75449681282043, 157.67174768447876, 156.6689338684082, 158.49328088760376, 155.82448863983154, 157.9232485294342, 156.39486002922058, 156.40480542182922, 158.7634825706482, 157.13639974594116, 156.53190517425537, 158.76868605613708, 157.79272747039795, 157.93769884109497, 157.4344036579132, 158.46533155441284, 157.09619641304016, 158.39557266235352, 157.37755632400513, 158.012188911438, 156.64104986190796, 158.82278966903687, 158.84340357780457, 157.40508818626404, 157.66894268989563, 157.71516108512878, 157.66374969482422, 157.3680694103241, 158.96991729736328, 157.33563232421875, 157.24120569229126, 157.33584809303284, 156.7687704563141, 157.69311690330505, 157.51860404014587, 157.29640126228333, 157.86293387413025, 156.14682459831238, 158.3051562309265, 156.12067365646362, 156.53255796432495, 156.82980918884277, 157.42392349243164, 157.76824808120728, 158.9227397441864, 157.84776520729065, 157.18144249916077, 157.13375997543335, 158.54842233657837, 157.92883229255676, 158.11752200126648, 158.14471650123596, 158.5340142250061, 156.912433385849, 158.39917969703674, 157.48916625976562, 156.93134570121765, 157.6865952014923, 157.31194400787354, 156.22890448570251, 157.79405736923218, 157.9758071899414, 158.3554084300995, 157.59054255485535, 156.90682911872864, 158.21330499649048, 155.65060544013977, 157.7615931034088, 157.4578835964203, 157.804762840271, 158.35248923301697, 157.99296355247498, 158.1572663784027, 158.34963417053223, 157.04087829589844, 157.61632180213928, 157.99750971794128, 157.91732835769653, 155.965669631958, 156.90431022644043, 158.3849232196808, 156.6911919116974, 157.59931302070618, 158.22053813934326, 156.49150848388672, 157.06927919387817, 157.74060487747192, 158.21296215057373, 158.36557793617249]],