{"config": {"train_options": {"learning_rate": 0.01, "optimizer": "SGD", "batch_size": 128, "number_of_epochs": 300, "loss_parameters": {"temperature": 20, "distillation_type": "FEATURE", "alpha": 0.9, "beta": 0.8}}}, "results": {"train_losses": [[25532.01459375, 25529.611184375, 25530.33185, 25522.982575, 25518.58430625, 25513.061984375, 25518.416909375, 25523.91310625, 25527.7238125, 25532.291215625, 25543.7066625, 25551.6832375, 25562.56005625, 25575.783059375, 25586.7624125, 25597.232671875, 25606.921746875, 25615.62355625, 25623.054953125, 25634.35566875, 25643.9538, 25652.024578125]], "valid_losses": [[25478.9441390625, 25457.3336, 25470.6606640625, 25462.9987609375, 25459.8424828125, 25465.2910796875, 25470.090684375, 25475.5079421875, 25477.34495, 25478.4622078125, 25497.1319921875, 25511.8601125, 25520.3229109375, 25540.87279375, 25555.38158125, 25551.32488125, 25570.4319375, 25572.0870859375, 25579.8152828125, 25600.622084375, 25598.312721875, 25615.71219375]], "train_accs": [[1.045, 1.7525, 1.9625, 2.12, 2.41, 2.7, 3.08, 3.4575, 3.9350000000000005, 4.3225, 4.507499999999999, 4.8149999999999995, 5.135, 5.3775, 5.6975, 5.86, 6.3325000000000005, 6.47, 6.5775, 6.825, 7.0525, 7.185]], "valid_accs": [[1.37, 1.9900000000000002, 1.9800000000000002, 2.25, 2.79, 3.02, 3.47, 3.8699999999999997, 4.45, 4.54, 4.54, 4.859999999999999, 5.11, 5.64, 5.800000000000001, 6.1899999999999995, 6.45, 6.4, 6.8500000000000005, 6.569999999999999, 7.31, 7.39]], "train_times": [[162.98947477340698, 162.4936683177948, 163.24142479896545, 162.3977608680725, 160.93412375450134, 162.8302149772644, 161.97666835784912, 161.48939561843872, 161.2069878578186, 161.6301670074463, 159.2046673297882, 161.16805958747864, 160.4948422908783, 160.605539560318, 161.38287734985352, 159.43116450309753, 161.25789952278137, 160.39541268348694, 160.67267656326294, 159.74300265312195, 160.5506899356842, 159.95271039009094]], "valid_times": [[34.49991321563721, 33.55520677566528, 33.71425437927246, 34.094128370285034, 34.211020708084106, 34.446683406829834, 34.438732862472534, 33.90202450752258, 33.80756616592407, 34.087156534194946, 33.866042137145996, 33.20290422439575, 33.3169367313385, 33.441866874694824, 33.37694597244263, 33.19686460494995, 33.79999351501465, 32.89654326438904, 33.023375272750854, 33.43373227119446, 33.31741547584534, 33.666510343551636]], "test_accuracy": 7.31, "convergence_iteration": 22}}