{"config": {"train_options": {"learning_rate": 0.01, "optimizer": "SGD", "batch_size": 128, "number_of_epochs": 300, "loss_parameters": {"temperature": 10, "distillation_type": "FEATURE", "alpha": 0.8, "beta": 0.4}}}, "results": {"train_losses": [[12737.759596875, 12715.56154375, 12702.9966859375, 12690.42350625, 12683.885215625, 12690.0307703125, 12691.6522453125, 12692.747309375, 12693.2624890625, 12693.20810625, 12691.01525625, 12689.9184578125, 12691.331396875, 12695.7422921875, 12698.9735484375, 12701.502428125, 12702.3214375, 12701.6279875, 12701.034153125, 12702.899228125, 12705.87585625, 12706.7363828125, 12708.259059375, 12710.5430015625]], "valid_losses": [[12737.81115078125, 12719.64419921875, 12679.51849765625, 12660.80386015625, 12685.59478359375, 12709.32113125, 12690.159559375, 12661.8413125, 12683.7361234375, 12670.07187578125, 12670.532459375, 12682.80721796875, 12677.1099203125, 12669.6307328125, 12685.28006171875, 12681.202109375, 12684.53482265625, 12680.58093828125, 12683.86345859375, 12682.11564609375, 12698.6899890625, 12693.057778125, 12698.5037890625, 12700.2962890625]], "train_accs": [[2.36, 4.405, 5.7924999999999995, 7.3825, 8.735, 9.8675, 11.055, 12.445, 13.51, 14.435, 15.285000000000002, 16.0525, 16.975, 17.45, 18.32, 19.112499999999997, 19.7075, 20.51, 21.1825, 21.892500000000002, 22.842499999999998, 23.3325, 23.8325, 24.7975]], "valid_accs": [[3.71, 5.029999999999999, 6.460000000000001, 7.91, 9.3, 10.209999999999999, 11.81, 12.809999999999999, 13.58, 14.45, 14.719999999999999, 15.85, 16.76, 16.81, 17.95, 18.62, 19.23, 20.200000000000003, 20.93, 21.310000000000002, 21.59, 23.02, 23.02, 24.45]], "train_times": [[164.29054594039917, 163.6384241580963, 164.00343656539917, 163.98977613449097, 163.22946333885193, 165.22320580482483, 164.26118803024292, 164.97371244430542, 164.29930305480957, 164.7819013595581, 162.48666405677795, 164.9309720993042, 163.56232047080994, 164.084331035614, 162.37210893630981, 164.65499901771545, 164.08152222633362, 162.0759515762329, 164.66184186935425, 164.08945298194885, 163.63988423347473, 162.80245184898376, 163.09877514839172, 164.70135974884033]], "valid_times": [[33.20194888114929, 33.11601448059082, 35.21343421936035, 34.07595467567444, 33.35772466659546, 33.85477590560913, 33.22507691383362, 33.248663902282715, 33.184082984924316, 33.839736461639404, 33.58034062385559, 33.32863259315491, 33.22371006011963, 34.74809551239014, 33.509488344192505, 33.65118169784546, 32.90088391304016, 33.797799587249756, 33.25530385971069, 33.42016625404358, 34.447412967681885, 33.90161895751953, 33.54901885986328, 33.74215126037598]], "test_accuracy": 24.13, "convergence_iteration": 24}}