{"config": {"train_options": {"learning_rate": 0.01, "optimizer": "SGD", "batch_size": 128, "number_of_epochs": 300, "loss_parameters": {"temperature": 5, "distillation_type": "FEATURE", "alpha": 0.9, "beta": 0.6}}}, "results": {"train_losses": [[19206.45231875, 19159.4821453125, 19149.0244796875, 19149.128015625, 19142.532596875, 19138.2577640625, 19144.3819390625, 19144.602171875, 19136.3350046875, 19139.4213859375, 19137.46129375, 19139.9237953125, 19144.63374375, 19143.805815625, 19152.923696875, 19161.8540546875, 19171.1286921875, 19179.731503125, 19182.1499640625, 19195.88840625, 19193.81851875]], "valid_losses": [[19119.38480859375, 19127.98473515625, 19119.62011171875, 19143.7257796875, 19126.31719453125, 19137.03215234375, 19139.6656203125, 19125.28214921875, 19136.70964921875, 19131.36875859375, 19136.063965625, 19147.18992109375, 19148.08585703125, 19148.8448734375, 19154.84108671875, 19149.69989921875, 19172.9428765625, 19178.75929609375, 19179.73674609375, 19177.14056015625, 19195.99792890625]], "train_accs": [[1.295, 2.255, 2.7875, 3.4675, 3.9050000000000002, 4.3025, 4.735, 5.4025, 5.9225, 6.45, 6.99, 7.4875, 7.9, 8.4325, 8.8075, 9.3575, 9.657499999999999, 10.13, 10.674999999999999, 11.0375, 11.5775]], "valid_accs": [[1.8499999999999999, 2.75, 2.8000000000000003, 3.58, 3.62, 4.26, 4.82, 5.47, 5.86, 6.419999999999999, 6.950000000000001, 7.4399999999999995, 8.200000000000001, 8.450000000000001, 9.16, 9.49, 9.959999999999999, 10.24, 11.110000000000001, 10.979999999999999, 11.53]], "train_times": [[156.57983422279358, 156.81341361999512, 157.04944920539856, 157.73872303962708, 158.32738876342773, 157.54848074913025, 157.59524297714233, 157.3759949207306, 158.34058690071106, 157.73980402946472, 158.3351128101349, 156.88594818115234, 158.24864959716797, 157.1041178703308, 157.1086323261261, 157.14519953727722, 157.8709361553192, 157.5377447605133, 158.3682382106781, 158.30109000205994, 157.84546184539795]], "valid_times": [[32.10474443435669, 32.70627427101135, 32.1798141002655, 32.20557951927185, 32.204285860061646, 32.1787474155426, 32.067331075668335, 31.964931964874268, 32.02738356590271, 32.041324853897095, 32.24041199684143, 32.35032892227173, 31.631659030914307, 32.152225494384766, 31.688759088516235, 31.61400842666626, 32.29308271408081, 32.04426908493042, 33.50738787651062, 32.575486183166504, 31.858792781829834]], "test_accuracy": 11.799999999999999, "convergence_iteration": 21}}