{"config": {"train_options": {"learning_rate": 0.005, "optimizer": "SGD", "batch_size": 128, "number_of_epochs": 300, "loss_parameters": {"temperature": 15, "distillation_type": "FEATURE", "alpha": 0.4, "beta": 0.9}}}, "results": {"train_losses": [[28841.8945625, 28841.951728125, 28820.643203125, 28806.20441875, 28782.386621875, 28752.3211125, 28730.626721875, 28699.002775, 28699.12984375, 28690.344953125, 28680.945575, 28689.3188625, 28683.270975, 28687.293440625, 28682.137675, 28696.109990625, 28701.646503125, 28698.152996875, 28702.559871875, 28704.640115625, 28703.73108125, 28705.58689375, 28707.290196875, 28714.95435, 28718.722021875, 28721.839959375, 28724.344184375, 28741.2783, 28738.10801875]], "valid_losses": [[28785.6739671875, 28788.3684796875, 28743.2809625, 28716.679165625, 28680.4509578125, 28673.8507015625, 28614.4709125, 28617.906909375, 28612.3516984375, 28615.6872828125, 28616.5416109375, 28623.1863625, 28616.5736953125, 28612.5952875, 28631.0937453125, 28636.587815625, 28650.937175, 28617.8868, 28640.63036875, 28620.4138953125, 28634.4231109375, 28629.44470625, 28651.5560625, 28651.1551703125, 28647.763353125, 28652.767978125, 28666.2717046875, 28679.939403125, 28680.0701875]], "train_accs": [[1.095, 1.4200000000000002, 2.025, 2.535, 3.0175, 3.71, 4.2025, 4.935, 5.6225, 6.1575, 6.4225, 7.0925, 7.41, 7.969999999999999, 8.36, 8.905000000000001, 9.16, 9.672500000000001, 10.22, 10.290000000000001, 10.71, 10.9275, 11.3375, 11.522499999999999, 11.845, 12.1775, 12.27, 12.46, 12.7625]], "valid_accs": [[1.2, 1.5599999999999998, 2.4699999999999998, 2.71, 3.15, 3.8600000000000003, 4.49, 5.54, 5.81, 6.22, 6.510000000000001, 7.13, 7.41, 8.16, 8.08, 9.25, 9.26, 9.68, 10.14, 10.26, 10.66, 10.95, 11.18, 11.600000000000001, 12.120000000000001, 11.709999999999999, 12.42, 12.6, 12.36]], "train_times": [[159.3156623840332, 158.69758105278015, 156.77377033233643, 158.3123745918274, 161.34437346458435, 159.7212405204773, 155.18577980995178, 156.58508467674255, 158.34737730026245, 156.83134818077087, 158.58418250083923, 158.21894216537476, 155.25041484832764, 157.64360451698303, 158.82209300994873, 158.2486915588379, 156.40159344673157, 157.7847261428833, 158.8545343875885, 157.41085362434387, 159.7158558368683, 158.57541513442993, 157.81549382209778, 157.76794862747192, 160.34720826148987, 158.6506564617157, 156.9829671382904, 157.26749062538147, 158.0888180732727]], "valid_times": [[31.511170625686646, 32.36455321311951, 32.805288791656494, 33.34550428390503, 31.932290077209473, 31.973019123077393, 31.81728458404541, 31.993661165237427, 31.949400186538696, 31.917319297790527, 31.750927925109863, 31.45003604888916, 33.71617794036865, 32.00395941734314, 32.26170492172241, 33.16955757141113, 31.86634087562561, 32.96980333328247, 33.538519859313965, 31.650922775268555, 31.718584775924683, 31.90427827835083, 32.75313425064087, 31.811392068862915, 32.25477361679077, 32.735148191452026, 31.879973888397217, 31.90718960762024, 32.61847949028015]], "test_accuracy": 12.86, "convergence_iteration": 29}}