{"config": {"train_options": {"learning_rate": 0.01, "optimizer": "SGD", "batch_size": 128, "number_of_epochs": 300, "loss_parameters": {"temperature": 15, "distillation_type": "FEATURE", "alpha": 0.8, "beta": 0.8}}}, "results": {"train_losses": [[25555.482709375, 25511.7363, 25490.18390625, 25473.724028125, 25473.603146875, 25473.86503125, 25480.349909375, 25495.73605625, 25500.04109375, 25511.957775, 25524.17385, 25543.125465625, 25551.755146875, 25563.89014375, 25576.926840625, 25592.21625625, 25606.643828125, 25614.352275, 25625.21618125, 25636.277971875, 25654.278721875]], "valid_losses": [[25449.1460484375, 25480.49756875, 25484.238296875, 25479.0899046875, 25488.1680234375, 25498.1446765625, 25509.7248828125, 25506.5997984375, 25532.15175625, 25554.42691875, 25577.268328125, 25587.503290625, 25593.2101125, 25593.836578125, 25624.5627859375, 25648.8917625, 25649.7308078125, 25671.0361609375, 25668.26004375, 25689.1221296875, 25709.971825]], "train_accs": [[1.5425, 3.0349999999999997, 3.7575, 4.46, 4.7675, 5.38, 5.7675, 6.375, 6.955, 7.5649999999999995, 7.86, 8.295, 8.712499999999999, 9.1675, 9.594999999999999, 9.822500000000002, 10.1175, 10.57, 10.807500000000001, 11.4275, 11.7875]], "valid_accs": [[2.35, 3.37, 4.04, 4.64, 4.859999999999999, 5.59, 6.16, 6.59, 7.5600000000000005, 7.82, 8.260000000000002, 8.559999999999999, 9.11, 9.46, 9.66, 9.98, 10.45, 11.110000000000001, 11.450000000000001, 11.72, 11.62]], "train_times": [[187.70981335639954, 188.08361220359802, 187.51028442382812, 185.9930236339569, 187.10735440254211, 186.56344318389893, 189.12755823135376, 184.58082056045532, 187.0651936531067, 185.90451097488403, 186.52685809135437, 188.99462914466858, 187.495867729187, 188.36977338790894, 186.07392024993896, 188.65966200828552, 189.04212927818298, 188.04727983474731, 188.19286131858826, 185.8939986228943, 188.1407594680786]], "valid_times": [[40.27784824371338, 39.593713998794556, 39.36645174026489, 39.39358115196228, 39.28403377532959, 39.319223403930664, 40.00639462471008, 40.209492683410645, 39.17167830467224, 39.1253023147583, 39.40662431716919, 39.694639682769775, 38.54407477378845, 39.14040660858154, 40.25683879852295, 39.62059426307678, 39.96171998977661, 39.59293532371521, 39.65568971633911, 39.16851091384888, 39.83667206764221]], "test_accuracy": 11.93, "convergence_iteration": 21}}