{"config": {"train_options": {"learning_rate": 0.01, "optimizer": "SGD", "batch_size": 128, "number_of_epochs": 300, "loss_parameters": {"temperature": 10, "distillation_type": "FEATURE", "alpha": 0.5, "beta": 0.7}}}, "results": {"train_losses": [[22262.810209375, 22201.5732640625, 22204.7280578125, 22197.4635515625, 22195.1543703125, 22196.790765625, 22208.2958546875, 22211.28664375, 22205.83875625, 22199.576153125, 22204.3364921875, 22203.009065625, 22205.44345625, 22207.969178125, 22208.6698515625, 22210.0924, 22216.0440546875, 22213.550428125, 22214.2478546875, 22219.5552515625, 22212.7487859375, 22217.2462640625, 22218.6471953125, 22217.49994375, 22218.3286453125, 22221.6328671875, 22227.671925, 22228.7081796875, 22230.412865625, 22234.5895359375, 22236.860021875, 22239.2759, 22241.781946875, 22247.586653125, 22244.859384375, 22257.9060125, 22265.5063921875, 22268.780259375, 22271.0883578125, 22273.4972625, 22276.7605703125, 22279.444384375, 22286.1452875, 22289.95331875, 22291.05976875]], "valid_losses": [[22217.4621375, 22211.18840625, 22221.19376015625, 22273.01129375, 22277.5863015625, 22250.89185546875, 22270.80830625, 22209.158965625, 22214.23665859375, 22184.216659375, 22188.8627640625, 22190.37213359375, 22180.70528671875, 22196.327815625, 22182.3939125, 22193.49997265625, 22196.011896875, 22192.07662265625, 22202.66868984375, 22215.42804765625, 22188.7059109375, 22213.4805390625, 22185.55024765625, 22199.78910234375, 22158.29470859375, 22171.0119828125, 22193.860409375, 22168.4447796875, 22190.0791265625, 22180.34568046875, 22184.0560484375, 22210.78177578125, 22224.14839453125, 22223.00510703125, 22226.2113578125, 22233.63307421875, 22249.18583046875, 22253.179553125, 22260.97040390625, 22245.6252359375, 22261.55186875, 22254.24173515625, 22286.29272265625, 22282.67538984375, 22281.14742421875]], "train_accs": [[2.7875, 5.365, 6.7325, 8.5725, 10.27, 11.745, 12.745000000000001, 13.915, 14.7775, 15.842500000000001, 16.5625, 17.3575, 18.13, 18.817500000000003, 19.39, 20.45, 21.125, 22.0625, 22.6275, 23.47, 24.33, 25.36, 25.745, 26.5925, 27.152500000000003, 27.792499999999997, 28.42, 29.18, 30.0725, 30.675, 31.225, 32.105, 32.5775, 33.25, 33.947500000000005, 34.2625, 35.0975, 35.589999999999996, 36.2175, 36.7425, 37.46, 37.8125, 38.365, 38.945, 39.5625]], "valid_accs": [[4.41, 5.779999999999999, 7.2700000000000005, 8.790000000000001, 10.31, 11.25, 12.86, 13.38, 14.469999999999999, 14.89, 15.17, 16.189999999999998, 17.36, 17.669999999999998, 18.48, 19.71, 20.43, 20.27, 21.55, 21.88, 22.689999999999998, 24.21, 24.44, 24.87, 25.56, 26.26, 26.43, 26.919999999999998, 27.02, 27.500000000000004, 27.639999999999997, 28.13, 29.54, 29.73, 30.159999999999997, 32.15, 32.14, 32.39, 32.73, 33.37, 34.31, 33.52, 34.839999999999996, 34.62, 33.95]], "train_times": [[161.91176629066467, 161.80664110183716, 162.97154831886292, 160.58676671981812, 161.62376713752747, 159.72714757919312, 160.98722219467163, 157.08715224266052, 160.2564675807953, 162.77406644821167, 164.459468126297, 158.81011056900024, 160.2552468776703, 160.95283770561218, 156.65527081489563, 162.577543258667, 163.58189415931702, 160.67236995697021, 159.6616280078888, 160.80028676986694, 161.3333125114441, 157.80097842216492, 159.29207062721252, 161.78352212905884, 160.9168462753296, 161.80518651008606, 159.9715735912323, 161.5892243385315, 157.53102898597717, 162.10036373138428, 160.4543013572693, 160.50730776786804, 162.40400791168213, 163.6047921180725, 161.3071563243866, 160.66171884536743, 161.21249389648438, 161.93623971939087, 160.9401023387909, 163.22674560546875, 162.9538083076477, 161.35469484329224, 160.61389183998108, 161.65873265266418, 161.60845828056335]], "valid_times": [[33.7842435836792, 33.469337940216064, 33.148093461990356, 34.23013782501221, 33.68846344947815, 33.57351541519165, 33.786272048950195, 32.9771454334259, 34.084738969802856, 33.4159893989563, 34.586135387420654, 32.838685035705566, 32.509692668914795, 33.55746054649353, 34.48236536979675, 32.803956508636475, 33.425517082214355, 34.4045946598053, 32.74422216415405, 32.50014781951904, 34.2805860042572, 33.28463077545166, 33.73608613014221, 32.71147394180298, 33.53337240219116, 32.70058465003967, 32.88644981384277, 34.05162501335144, 33.34413027763367, 33.654481410980225, 34.075480937957764, 33.699806451797485, 34.04811239242554, 33.37054109573364, 34.65811634063721, 33.42543601989746, 33.94745397567749, 33.55926036834717, 33.299217224121094, 33.61710453033447, 33.12621331214905, 35.48295617103577, 33.68131399154663, 33.83043313026428, 32.98512578010559]], "test_accuracy": 34.699999999999996, "convergence_iteration": 45}}