{"config": {"train_options": {"learning_rate": 0.01, "optimizer": "SGD", "batch_size": 128, "number_of_epochs": 300, "loss_parameters": {"temperature": 20, "distillation_type": "FEATURE", "alpha": 0.8, "beta": 0.3}}}, "results": {"train_losses": [[9558.44622578125, 9527.62045859375, 9524.07089765625, 9515.80964140625, 9509.89884375, 9505.278690625, 9502.24711015625, 9502.73199140625, 9502.1475890625, 9501.4249765625, 9502.9445625, 9503.4084109375, 9506.2649703125, 9504.51586953125, 9505.6792953125, 9507.727771875, 9510.85059375, 9511.583809375, 9513.76049921875, 9513.56404140625, 9512.37643515625, 9514.70772421875, 9515.77916953125, 9516.77369375, 9516.5518171875, 9516.15211484375, 9518.4479703125, 9519.380540625, 9521.23357109375, 9521.3977859375]], "valid_losses": [[9510.8175015625, 9519.77730859375, 9501.38296875, 9482.378578125, 9482.527305078125, 9465.601508984375, 9478.450510546874, 9477.927352734376, 9463.120837890625, 9462.401176171876, 9465.12799140625, 9470.88422890625, 9467.737007421874, 9485.654930078124, 9472.359075, 9489.16934609375, 9485.959070703126, 9501.86595703125, 9491.258329296876, 9485.80034375, 9499.965161328126, 9499.771438671874, 9490.207541015625, 9496.773019921875, 9492.446228125, 9498.9508546875, 9508.6766265625, 9496.616907421874, 9501.920691015624, 9508.965345703125]], "train_accs": [[1.92, 3.7074999999999996, 5.7425, 7.91, 9.46, 10.84, 12.065, 12.837499999999999, 14.0075, 14.8775, 15.440000000000001, 16.1025, 16.975, 17.794999999999998, 18.5925, 19.3625, 19.855, 21.032500000000002, 22.1275, 22.4575, 23.3875, 24.252499999999998, 24.9875, 25.7375, 26.547500000000003, 27.400000000000002, 28.134999999999998, 28.9, 29.604999999999997, 30.56]], "valid_accs": [[2.97, 5.11, 6.75, 8.649999999999999, 10.17, 11.59, 12.86, 13.669999999999998, 13.969999999999999, 15.0, 15.379999999999999, 16.41, 17.41, 18.05, 18.07, 19.7, 20.21, 21.099999999999998, 20.86, 21.55, 22.32, 23.06, 22.52, 23.46, 24.68, 25.5, 26.11, 27.48, 26.88, 27.74]], "train_times": [[163.8951313495636, 163.80695939064026, 163.7452781200409, 164.01358199119568, 166.25626754760742, 163.02337741851807, 164.66957879066467, 164.15185475349426, 162.3224070072174, 164.49893045425415, 163.89699411392212, 165.27760577201843, 163.75882577896118, 165.08817267417908, 165.63689589500427, 163.76338410377502, 162.16442561149597, 166.33049058914185, 164.29324221611023, 164.12635731697083, 163.6956331729889, 165.7749319076538, 164.88789439201355, 164.6269977092743, 165.29093670845032, 164.6612195968628, 163.24812650680542, 162.72992277145386, 164.5321342945099, 165.8815836906433]], "valid_times": [[33.268027544021606, 33.073965311050415, 33.80249500274658, 33.849624156951904, 33.55701661109924, 33.83573770523071, 33.80449080467224, 33.95811176300049, 35.05766320228577, 33.47760820388794, 34.10870027542114, 34.20063591003418, 33.530545473098755, 33.98105716705322, 33.081215381622314, 34.887131452560425, 34.61871337890625, 33.789246559143066, 32.61394000053406, 34.2831928730011, 33.78335618972778, 34.04649591445923, 34.74682116508484, 34.02214074134827, 33.81187295913696, 33.71975755691528, 36.02524375915527, 34.0301079750061, 34.08289432525635, 34.28235411643982]], "test_accuracy": 28.02, "convergence_iteration": 30}}