{"config": {"train_options": {"learning_rate": 0.05, "optimizer": "SGD", "batch_size": 128, "number_of_epochs": 300, "loss_parameters": {"temperature": 10, "distillation_type": "FEATURE", "alpha": 0.9, "beta": 0.1}}}, "results": {"train_losses": [[3183.581346484375, 3178.70909765625, 3179.853204296875, 3181.1020859375, 3181.49031171875, 3185.508393359375, 3189.863024609375, 3191.8613421875, 3194.418008203125, 3197.68113671875, 3200.506651171875, 3203.519157421875, 3207.471874609375, 3210.196366015625, 3212.60886328125, 3215.561510546875, 3218.49202890625, 3221.361488671875, 3223.09657421875, 3225.71918125, 3228.61395546875]], "valid_losses": [[3171.42272578125, 3175.6722751953125, 3175.2188125, 3180.5641087890626, 3186.24107421875, 3188.69215390625, 3193.63333515625, 3196.179085546875, 3198.1505349609374, 3203.831703515625, 3200.9357326171876, 3207.2772869140626, 3208.36880078125, 3212.0695724609377, 3214.207591015625, 3218.8815646484377, 3221.2980875, 3221.859975, 3221.77760078125, 3228.2348810546873, 3230.1661646484376]], "train_accs": [[3.2199999999999998, 8.285, 11.82, 14.1725, 16.245, 18.485, 20.4925, 22.5275, 24.762500000000003, 26.747500000000002, 28.3375, 30.34, 31.825, 33.505, 35.222500000000004, 36.695, 38.4, 39.589999999999996, 41.0, 42.325, 43.4225]], "valid_accs": [[5.6000000000000005, 10.190000000000001, 11.83, 11.89, 15.36, 17.32, 18.34, 20.48, 22.59, 24.34, 23.71, 27.27, 27.82, 28.1, 30.740000000000002, 31.730000000000004, 32.45, 35.89, 33.79, 35.099999999999994, 37.49]], "train_times": [[159.9699203968048, 160.31268668174744, 159.96868348121643, 160.92258620262146, 159.53687644004822, 158.43635177612305, 159.80102396011353, 158.94965410232544, 157.62454271316528, 159.35274505615234, 160.56984901428223, 160.22364473342896, 158.75485181808472, 158.87198638916016, 160.24485874176025, 160.99324369430542, 158.657151222229, 161.90692114830017, 159.8850965499878, 159.0294644832611, 163.0223536491394]], "valid_times": [[34.08646202087402, 33.081581115722656, 32.80844807624817, 32.93765044212341, 32.597848415374756, 33.790865421295166, 32.78915047645569, 34.34959626197815, 33.678613901138306, 32.731534004211426, 32.349250078201294, 32.849265575408936, 35.02620720863342, 33.24585819244385, 32.839303731918335, 33.4995322227478, 33.39703035354614, 32.92260789871216, 32.77131795883179, 33.67076873779297, 33.00232672691345]], "test_accuracy": 38.85, "convergence_iteration": 21}}