{"config": {"train_options": {"learning_rate": 0.05, "optimizer": "SGD", "batch_size": 128, "number_of_epochs": 300, "loss_parameters": {"temperature": 15, "distillation_type": "FEATURE", "alpha": 0.8, "beta": 0.4}}}, "results": {"train_losses": [[12714.506225, 12668.4402828125, 12668.937759375, 12684.0114875, 12697.5147046875, 12712.9264, 12733.0681453125, 12743.1813859375, 12750.113459375, 12754.2067265625, 12764.4235328125, 12778.277596875, 12786.69496875, 12792.410471875, 12802.9080015625, 12815.141109375, 12826.772934375, 12835.776959375, 12850.033296875, 12860.944528125, 12870.7007921875, 12884.5324, 12899.3284984375, 12909.6981671875, 12922.8605859375]], "valid_losses": [[12669.998275, 12651.89608203125, 12643.71516328125, 12659.8430625, 12639.39751640625, 12669.9759578125, 12717.87420703125, 12696.41162421875, 12715.0484359375, 12725.68642734375, 12746.8944265625, 12744.48330234375, 12767.82321953125, 12766.414746875, 12787.2413671875, 12794.42324453125, 12798.29218984375, 12824.534328125, 12823.65307265625, 12830.47885078125, 12846.85224375, 12860.161, 12880.69593125, 12890.022559375, 12900.94878046875]], "train_accs": [[3.9575, 9.56, 12.5, 14.940000000000001, 17.0075, 19.4475, 22.31, 24.73, 27.2075, 29.7325, 31.72, 33.5175, 35.6425, 37.59, 38.9625, 40.4625, 42.0575, 43.3675, 44.445, 45.785, 47.06, 48.0225, 49.1775, 49.9425, 50.907500000000006]], "valid_accs": [[6.87, 10.549999999999999, 13.23, 15.370000000000001, 16.3, 18.77, 21.59, 24.95, 25.55, 28.389999999999997, 29.299999999999997, 30.959999999999997, 33.22, 32.6, 36.05, 35.14, 38.6, 37.669999999999995, 39.14, 40.92, 41.56, 42.38, 42.04, 42.36, 43.96]], "train_times": [[158.29305338859558, 158.5516653060913, 159.2354371547699, 158.8398060798645, 161.8788595199585, 161.28172612190247, 159.70062518119812, 159.74498176574707, 160.57579445838928, 161.026873588562, 158.93936324119568, 161.01088404655457, 160.675546169281, 159.54552292823792, 159.071391582489, 159.90622425079346, 158.69995307922363, 157.17441701889038, 160.2782039642334, 159.9263050556183, 160.32362914085388, 159.7102406024933, 158.02082014083862, 157.653146982193, 158.7838897705078]], "valid_times": [[33.76216697692871, 33.2192006111145, 32.76659321784973, 32.96786403656006, 33.27298331260681, 33.36690831184387, 33.787269592285156, 33.68138790130615, 33.40173411369324, 33.537959814071655, 33.51205039024353, 33.25950312614441, 32.989782094955444, 34.779725074768066, 33.26526689529419, 33.44107961654663, 33.52637338638306, 33.565617084503174, 33.38484501838684, 33.502845764160156, 32.6360809803009, 32.86487317085266, 33.913888692855835, 33.64629125595093, 33.691628217697144]], "test_accuracy": 44.37, "convergence_iteration": 25}}