{"config": {"train_options": {"learning_rate": 0.01, "optimizer": "SGD", "batch_size": 128, "number_of_epochs": 300, "loss_parameters": {"temperature": 5, "distillation_type": "FEATURE", "alpha": 0.9, "beta": 0.7}}}, "results": {"train_losses": [[22335.781415625, 22281.4595015625, 22257.06658125, 22253.0495171875, 22251.4952796875, 22257.535103125, 22267.77513125, 22280.8309296875, 22291.0349796875, 22301.79376875, 22305.860065625, 22313.057878125, 22314.47574375, 22320.9253328125, 22326.0725515625, 22337.50836875, 22347.34188125, 22357.7276390625, 22364.1584359375, 22372.94436875, 22381.76590625, 22390.3279234375, 22399.878703125, 22415.0648671875, 22425.1904609375]], "valid_losses": [[22254.19089609375, 22215.82318671875, 22217.57149609375, 22216.3056625, 22212.4916265625, 22241.6485046875, 22253.92840859375, 22269.7196296875, 22278.23721015625, 22286.4526125, 22279.06821796875, 22303.55505703125, 22281.91013125, 22314.89509296875, 22320.7846328125, 22339.2933546875, 22335.02860390625, 22343.187071875, 22354.4632453125, 22361.76171015625, 22378.6315015625, 22366.09115078125, 22387.3291, 22411.03846171875, 22416.19429375]], "train_accs": [[1.6549999999999998, 2.5, 3.1225, 3.615, 3.9524999999999997, 4.2675, 4.62, 4.742500000000001, 5.3025, 5.5875, 5.845000000000001, 6.467499999999999, 6.950000000000001, 7.255000000000001, 7.5725, 7.9275, 8.1275, 8.459999999999999, 8.924999999999999, 9.22, 9.62, 9.8925, 10.209999999999999, 10.4625, 10.6725]], "valid_accs": [[2.5100000000000002, 3.0, 3.5900000000000003, 3.9, 4.42, 4.78, 4.84, 5.21, 5.33, 5.62, 6.3100000000000005, 6.510000000000001, 7.3, 7.39, 7.670000000000001, 7.920000000000001, 8.62, 8.93, 8.95, 9.59, 9.69, 9.89, 10.489999999999998, 10.57, 10.79]], "train_times": [[156.82102298736572, 156.97684359550476, 157.75877285003662, 156.67692041397095, 157.8557858467102, 157.39696383476257, 157.0283682346344, 158.74062323570251, 158.35842490196228, 157.81370449066162, 156.18973994255066, 157.70624136924744, 156.91788506507874, 158.54806232452393, 157.40641164779663, 158.7780077457428, 159.15757632255554, 157.77305150032043, 158.8618199825287, 158.23410058021545, 157.65536904335022, 157.4973931312561, 158.73665809631348, 158.87979102134705, 157.91006565093994]], "valid_times": [[32.77325916290283, 32.64221262931824, 32.58343553543091, 33.6208062171936, 32.89365100860596, 32.59379506111145, 32.95502305030823, 32.41392755508423, 33.03428387641907, 33.70038890838623, 32.91017007827759, 32.43838047981262, 33.42621183395386, 32.509867668151855, 32.69731879234314, 33.33095383644104, 32.559940576553345, 33.36402463912964, 32.90863871574402, 32.797359466552734, 33.063456535339355, 33.153162479400635, 33.041635274887085, 32.887022495269775, 32.05158567428589]], "test_accuracy": 11.19, "convergence_iteration": 25}}