{"config": {"train_options": {"learning_rate": 0.01, "optimizer": "SGD", "batch_size": 128, "number_of_epochs": 300, "loss_parameters": {"temperature": 5, "distillation_type": "FEATURE", "alpha": 0.3, "beta": 0.5}}}, "results": {"train_losses": [[15914.1841453125, 15837.338615625, 15808.961553125, 15794.21024375, 15784.3683265625, 15775.305690625, 15765.6998234375, 15756.084828125, 15736.8960703125, 15728.09788125, 15716.65028125, 15709.490753125, 15704.21445625, 15696.228284375, 15683.8622390625, 15681.011790625, 15661.9921140625, 15655.869815625, 15655.566934375, 15642.7023265625, 15636.753778125, 15634.353903125, 15628.8732796875, 15615.786196875, 15614.794971875, 15610.4671859375, 15607.7208921875, 15600.3187734375, 15594.791040625, 15592.8707171875, 15587.405959375, 15579.821565625, 15582.4138484375, 15582.92446875, 15583.048090625, 15582.38270625, 15574.3267625, 15573.623253125, 15575.10115625, 15567.9683296875, 15565.5037984375, 15563.6996421875, 15566.5482265625, 15565.459790625, 15573.1362859375, 15573.145253125, 15567.9877484375, 15573.0902921875, 15572.995215625, 15579.8891171875, 15579.318659375, 15587.5665578125, 15591.492165625, 15594.0117359375, 15594.9521046875, 15596.8933765625, 15597.5892953125, 15595.07745, 15608.6497734375, 15611.5036828125, 15619.80809375, 15625.3230046875, 15628.15720625, 15631.8977296875, 15631.7738796875, 15629.28366875, 15632.4741734375, 15637.829109375, 15647.821165625, 15647.469940625]], "valid_losses": [[15870.19054609375, 15842.4413203125, 15836.70084609375, 15862.43477578125, 15886.42226640625, 15847.6737859375, 15803.55314609375, 15794.92893203125, 15769.84539375, 15749.60192734375, 15751.0905546875, 15730.29412421875, 15670.5808984375, 15675.6255046875, 15678.5908359375, 15677.93864609375, 15653.3397328125, 15658.37357421875, 15618.32990703125, 15646.114459375, 15619.29545703125, 15629.06938828125, 15609.86955625, 15624.5092453125, 15601.01075625, 15605.93045390625, 15621.84343125, 15599.2490265625, 15600.012284375, 15594.42452109375, 15599.0920171875, 15586.19162265625, 15583.241725, 15579.49087421875, 15565.9269828125, 15573.6844875, 15570.10928671875, 15574.48910625, 15568.08002265625, 15559.72579609375, 15563.7867203125, 15588.8039859375, 15582.5261921875, 15561.10204765625, 15603.7904609375, 15570.99580390625, 15575.77595703125, 15580.3418265625, 15590.910603125, 15557.12818515625, 15588.3254875, 15584.6795828125, 15575.9951515625, 15605.428903125, 15591.93033203125, 15601.296615625, 15611.57170546875, 15626.70095703125, 15608.90292890625, 15629.7003640625, 15636.10637109375, 15632.81123359375, 15640.24100078125, 15644.56024453125, 15648.3437046875, 15626.11754453125, 15638.17966953125, 15648.97343515625, 15679.736715625, 15639.37255234375]], "train_accs": [[3.6225, 7.960000000000001, 10.8675, 13.375, 15.1175, 16.5975, 18.2375, 19.81, 21.6225, 23.465, 24.865000000000002, 26.5025, 28.3375, 29.675, 31.0925, 32.2725, 33.78, 34.94, 36.025, 37.3975, 38.3825, 39.43, 40.27, 41.199999999999996, 42.3275, 43.072500000000005, 43.9425, 44.665, 45.6475, 46.332499999999996, 46.975, 47.7825, 48.7175, 49.2775, 49.6775, 50.785000000000004, 51.339999999999996, 51.64, 52.65, 52.959999999999994, 53.6875, 54.11, 54.58, 55.1525, 55.730000000000004, 56.08, 56.3375, 57.205, 57.135000000000005, 58.0425, 58.457499999999996, 58.775, 59.567499999999995, 59.885, 60.29750000000001, 60.714999999999996, 61.11, 61.1425, 61.975, 62.175000000000004, 62.39, 63.067499999999995, 63.3525, 63.8725, 63.845, 64.3825, 64.8125, 65.0025, 65.1875, 65.495]], "valid_accs": [[6.01, 8.92, 11.600000000000001, 13.489999999999998, 14.549999999999999, 15.770000000000001, 18.58, 19.62, 20.66, 21.709999999999997, 24.11, 24.75, 25.230000000000004, 27.27, 27.560000000000002, 30.320000000000004, 30.520000000000003, 32.06, 32.4, 33.660000000000004, 34.46, 34.64, 35.3, 37.09, 36.730000000000004, 36.93, 39.36, 38.93, 40.48, 38.36, 40.2, 41.65, 41.28, 41.56, 42.24, 43.54, 44.09, 44.99, 44.29, 43.22, 44.1, 45.769999999999996, 45.6, 45.08, 46.27, 45.68, 45.0, 45.410000000000004, 46.660000000000004, 44.800000000000004, 45.300000000000004, 45.86, 45.59, 46.989999999999995, 46.53, 47.599999999999994, 49.419999999999995, 48.0, 46.2, 48.010000000000005, 48.32, 48.18, 48.66, 47.85, 49.0, 48.91, 48.05, 49.65, 49.35, 48.04]], "train_times": [[165.0222988128662, 162.91323566436768, 161.6195046901703, 160.7839114665985, 161.07103633880615, 161.7071795463562, 160.12497878074646, 162.60068535804749, 161.31772923469543, 160.53988432884216, 160.8859360218048, 160.73896288871765, 161.06704688072205, 162.1232750415802, 161.7230155467987, 162.68192529678345, 161.36948227882385, 162.1781828403473, 162.31235027313232, 162.33623933792114, 162.73252391815186, 162.6654336452484, 160.3562469482422, 161.95975422859192, 162.47936272621155, 161.48824381828308, 163.14447736740112, 162.374258518219, 162.0213553905487, 162.64256262779236, 160.7877995967865, 160.62487697601318, 160.84191417694092, 162.0174412727356, 160.23619318008423, 163.0274543762207, 160.90850853919983, 161.63579154014587, 160.96963572502136, 161.56344413757324, 161.237286567688, 163.28497004508972, 161.74777960777283, 162.1197202205658, 161.41443181037903, 162.00098490715027, 162.9465615749359, 163.83555507659912, 164.1097695827484, 166.1296420097351, 162.45197105407715, 161.10401129722595, 161.22493171691895, 163.28328776359558, 161.7075355052948, 160.74236464500427, 161.0030312538147, 161.7261974811554, 162.02422618865967, 161.91562223434448, 161.7611038684845, 160.98584985733032, 162.82975387573242, 163.0673668384552, 163.43652963638306, 162.76565504074097, 162.56126809120178, 161.54542326927185, 161.37677526474, 162.60261487960815]], "valid_times": [[34.06114315986633, 33.12642049789429, 33.43710923194885, 32.97032117843628, 33.526939392089844, 33.58406591415405, 33.07549262046814, 33.37688493728638, 33.69379925727844, 33.51968264579773, 33.33541941642761, 33.42054295539856, 33.6642005443573, 33.53412914276123, 33.072429180145264, 33.606640338897705, 33.43828821182251, 33.61365723609924, 33.48103618621826, 33.74326944351196, 33.54401993751526, 32.95301342010498, 33.895273208618164, 33.75051808357239, 34.06512665748596, 33.289729833602905, 32.886521339416504, 33.6093487739563, 33.407411098480225, 33.21611452102661, 33.7177939414978, 33.82766318321228, 33.10036301612854, 33.300408124923706, 33.53865146636963, 33.52002286911011, 33.51270365715027, 33.09814429283142, 33.670897006988525, 33.67577815055847, 33.39553093910217, 34.10737419128418, 33.50767636299133, 33.694390535354614, 33.21543574333191, 34.147438526153564, 33.680838108062744, 33.156362533569336, 35.19947075843811, 34.46795082092285, 33.01251173019409, 33.520180225372314, 33.33301901817322, 33.28388214111328, 33.42042946815491, 33.35752868652344, 33.78312158584595, 32.968953132629395, 33.37902045249939, 33.61614966392517, 33.71472883224487, 33.422465324401855, 33.97185516357422, 33.54813575744629, 33.41563606262207, 33.48768901824951, 33.98790502548218, 33.63814401626587, 33.52417778968811, 33.24270439147949]], "test_accuracy": 50.18, "convergence_iteration": 70}}