{"config": {"train_options": {"learning_rate": 0.005, "optimizer": "SGD", "batch_size": 128, "number_of_epochs": 300, "loss_parameters": {"temperature": 5, "distillation_type": "FEATURE", "alpha": 0.2, "beta": 0.5}}}, "results": {"train_losses": [[15789.2837921875, 15757.7129265625, 15767.9777359375, 15759.920775, 15770.4886828125, 15774.3453140625, 15778.1588875, 15774.1365203125, 15767.73519375, 15764.7724890625, 15757.1660984375, 15751.6936796875, 15746.581303125, 15741.22325, 15733.897375, 15723.0817765625, 15716.1898296875, 15717.3796453125, 15720.10825625, 15720.612075, 15722.3932328125, 15713.736978125, 15708.279096875, 15708.4397328125, 15710.0041234375, 15702.8264984375, 15699.13265625, 15696.7187609375, 15692.40966875, 15689.43979375, 15684.827396875, 15680.1391015625, 15680.205415625, 15677.4498609375, 15677.6048953125, 15676.43941875, 15675.0860578125, 15672.81125625, 15668.1026609375, 15672.2360890625, 15669.9725015625, 15662.4821109375, 15661.14775625, 15656.2578484375, 15658.7878890625, 15661.495471875, 15657.2216734375, 15654.136428125, 15658.17063125, 15651.206478125, 15653.5200828125, 15654.087590625, 15654.148940625, 15654.46199375, 15651.0548984375, 15656.1319359375, 15651.54078125, 15648.8417578125, 15646.5546359375, 15649.223825, 15648.7041125, 15650.8378390625, 15651.365734375, 15650.51619375, 15649.83940625, 15648.4165953125, 15653.208634375, 15650.8220671875, 15652.991140625, 15648.5664296875, 15649.700965625, 15651.9693625, 15652.2111546875, 15652.8831171875, 15655.7678609375, 15658.75478125, 15655.3211578125, 15660.8129125, 15665.1552875, 15662.03919375, 15664.6656578125, 15664.508821875, 15667.9775390625]], "valid_losses": [[15753.50322890625, 15751.46237890625, 15778.19361796875, 15750.33748671875, 15765.2143890625, 15790.001853125, 15783.4470453125, 15844.721609375, 15745.35885234375, 15756.5326625, 15742.14477421875, 15771.79143359375, 15708.3730765625, 15763.1715921875, 15726.4726890625, 15767.21579453125, 15737.26606640625, 15727.15047734375, 15722.5123, 15753.44189609375, 15691.20102578125, 15718.35543515625, 15711.31578671875, 15705.10325546875, 15717.0616078125, 15709.04533046875, 15671.70849375, 15662.25115703125, 15681.3165109375, 15676.632246875, 15668.5392890625, 15687.52145546875, 15669.34891796875, 15674.269990625, 15698.74916484375, 15654.61942265625, 15663.34808828125, 15676.1730203125, 15677.0565640625, 15667.20684609375, 15685.36903203125, 15658.25472109375, 15653.526740625, 15632.9648109375, 15660.2236765625, 15655.35705234375, 15643.6038953125, 15652.26410390625, 15664.7198796875, 15626.09135390625, 15640.46440078125, 15646.68363125, 15635.76198046875, 15638.78517578125, 15642.7184015625, 15639.49008671875, 15635.05063984375, 15646.1865734375, 15639.64826640625, 15657.36485234375, 15643.4099078125, 15654.7558640625, 15625.1497484375, 15654.48546796875, 15658.9179453125, 15656.5394875, 15657.025678125, 15650.3415984375, 15656.2614765625, 15656.9028953125, 15664.52036953125, 15653.3630765625, 15645.7334578125, 15661.73586640625, 15657.6927953125, 15666.0969734375, 15675.2240984375, 15664.928365625, 15661.337928125, 15675.84263671875, 15662.69163984375, 15662.4352140625, 15666.51264453125]], "train_accs": [[2.765, 6.0225, 8.7425, 10.37, 11.8075, 13.3325, 14.557500000000001, 15.82, 17.06, 18.195, 19.220000000000002, 20.5075, 21.307499999999997, 22.2575, 23.535, 24.39, 25.44, 26.450000000000003, 27.045, 28.02, 28.815, 29.427500000000002, 30.325000000000003, 30.977500000000003, 31.81, 32.7125, 33.4825, 33.945, 34.785, 35.575, 36.185, 36.652499999999996, 37.4775, 38.0825, 38.8575, 39.4875, 40.005, 40.2275, 40.9525, 41.72, 42.4425, 42.870000000000005, 43.3, 44.0175, 44.3975, 45.084999999999994, 45.879999999999995, 46.1225, 46.650000000000006, 47.14, 47.475, 47.9875, 48.322500000000005, 49.04, 49.4775, 49.987500000000004, 49.8875, 50.71, 51.26500000000001, 51.66, 51.86500000000001, 52.405, 52.585, 52.98500000000001, 53.5, 53.8225, 54.1375, 54.655, 54.817499999999995, 55.072500000000005, 55.4225, 55.45, 56.275, 56.5775, 56.987500000000004, 56.955, 57.7025, 57.7025, 58.089999999999996, 58.2975, 58.809999999999995, 61.33, 61.75000000000001]], "valid_accs": [[4.44, 7.1, 8.75, 9.99, 11.559999999999999, 12.770000000000001, 13.700000000000001, 15.14, 16.21, 16.96, 17.32, 18.89, 19.91, 20.810000000000002, 20.71, 22.42, 22.939999999999998, 23.79, 24.240000000000002, 24.77, 25.779999999999998, 27.339999999999996, 28.15, 28.389999999999997, 29.25, 29.67, 30.09, 30.209999999999997, 31.480000000000004, 32.4, 32.36, 32.73, 33.42, 34.08, 33.68, 35.120000000000005, 34.8, 35.24, 36.17, 35.730000000000004, 36.97, 36.46, 37.8, 37.46, 38.92, 38.49, 39.68, 38.46, 40.04, 40.02, 40.1, 40.86, 41.46, 42.43, 41.6, 41.88, 41.0, 41.510000000000005, 43.08, 41.510000000000005, 43.37, 42.94, 43.45, 43.33, 44.65, 43.93, 44.91, 43.93, 43.35, 43.480000000000004, 42.46, 44.91, 44.99, 45.019999999999996, 45.73, 46.050000000000004, 45.79, 45.28, 46.61, 46.47, 47.0, 50.36000000000001, 50.8]], "train_times": [[158.79963994026184, 157.4171028137207, 157.8861653804779, 158.3963086605072, 158.78926992416382, 158.40758323669434, 158.11838817596436, 157.37227201461792, 159.22811794281006, 158.94713973999023, 157.6537606716156, 158.46578645706177, 156.6537504196167, 156.06470727920532, 157.99238848686218, 158.22636914253235, 157.7887580394745, 157.77281498908997, 156.8231327533722, 157.78083682060242, 158.59178256988525, 156.75805234909058, 157.78908228874207, 156.3105742931366, 156.33568835258484, 157.9350049495697, 158.7387571334839, 157.66734290122986, 157.88959407806396, 156.52954530715942, 158.71210074424744, 157.0768427848816, 157.49115228652954, 157.9756407737732, 157.6826252937317, 156.77644109725952, 157.7180531024933, 157.83774137496948, 157.94497299194336, 158.16927075386047, 157.70705103874207, 158.22847700119019, 159.09597373008728, 157.99235725402832, 157.86301946640015, 157.65340280532837, 157.6016969680786, 157.4487795829773, 158.13073110580444, 157.5068724155426, 157.92294430732727, 157.58539819717407, 157.6862633228302, 159.02377223968506, 157.84839415550232, 157.42444396018982, 158.51130604743958, 157.9577522277832, 158.16438722610474, 157.68612337112427, 157.13170766830444, 158.7406871318817, 156.8227071762085, 158.09591269493103, 157.98414397239685, 158.2400462627411, 156.13252067565918, 157.66774082183838, 158.58270931243896, 159.70685458183289, 156.74004554748535, 156.9400134086609, 157.0124695301056, 156.54231762886047, 157.537189245224, 159.19952297210693, 158.09262609481812, 159.18895649909973, 158.46220302581787, 157.12197136878967, 158.0477855205536, 158.4969744682312, 157.5488567352295]],