{"config": {"train_options": {"learning_rate": 0.005, "optimizer": "SGD", "batch_size": 128, "number_of_epochs": 300, "loss_parameters": {"temperature": 10, "distillation_type": "FEATURE", "alpha": 0.5, "beta": 0.2}}}, "results": {"train_losses": [[6350.36116171875, 6332.71048828125, 6328.713846875, 6323.9307859375, 6316.26945078125, 6312.5579703125, 6309.7025484375, 6305.74506640625, 6298.49584921875, 6293.86048203125, 6287.242271875, 6285.75253203125, 6281.17170390625, 6276.20775078125, 6271.17326484375, 6265.86602734375, 6263.3961484375, 6258.98917421875, 6259.13815234375, 6256.60635703125, 6253.789759375, 6251.692696875, 6249.274140625, 6246.3160328125, 6245.3001734375, 6242.49744765625, 6239.00471953125, 6236.82646953125, 6235.80983671875, 6233.98527890625, 6232.6512859375, 6229.74035234375, 6228.051375, 6227.55327578125, 6227.32236015625, 6226.30741171875, 6223.3189265625, 6225.38136171875, 6223.6589609375, 6222.3568765625, 6224.19649453125, 6222.859653125, 6220.6887296875, 6222.6526609375, 6221.43404921875, 6218.69049765625, 6218.19057734375, 6216.82351953125, 6217.15566796875, 6216.13405625, 6215.6319, 6214.57941171875, 6214.80370390625, 6217.50076484375, 6215.53536875, 6214.7565625, 6215.130678125, 6219.3560328125, 6217.37105390625, 6217.88239140625, 6217.40758515625]], "valid_losses": [[6329.001514453125, 6330.815258984375, 6316.33061484375, 6319.62691640625, 6306.94313515625, 6303.137167578125, 6314.732589453125, 6306.118883984375, 6302.59250859375, 6287.490649609375, 6274.800284765625, 6304.593911328125, 6271.988021484375, 6258.797003125, 6269.6407421875, 6252.42233515625, 6266.408876953125, 6243.13989921875, 6268.845490625, 6263.72709453125, 6252.0852828125, 6245.068462109375, 6240.037490234375, 6247.134094140625, 6231.41172265625, 6233.872105078125, 6234.03195390625, 6234.431315625, 6231.0987265625, 6221.430663671875, 6221.92724609375, 6236.969461328125, 6227.10044375, 6213.468079296875, 6223.007669140625, 6220.871228515625, 6222.762848828125, 6222.034615625, 6214.839187109375, 6218.225875, 6207.849817578125, 6218.545135546875, 6226.1933109375, 6222.959422265625, 6212.421761328125, 6219.7211890625, 6216.276053515625, 6217.01865078125, 6211.810961328125, 6218.854915625, 6208.79498046875, 6220.512893359375, 6219.547876953125, 6212.365138671875, 6212.170633203125, 6218.292508984375, 6212.47319921875, 6220.86741640625, 6222.143608984375, 6222.85699296875, 6216.456291015625]], "train_accs": [[2.4825, 5.185, 7.180000000000001, 9.01, 10.817499999999999, 12.405, 13.655000000000001, 14.8425, 15.955, 17.272499999999997, 18.43, 19.295, 20.2925, 21.307499999999997, 22.482499999999998, 23.244999999999997, 24.195, 25.4075, 26.185000000000002, 26.9175, 27.9775, 28.927500000000002, 29.845, 30.759999999999998, 31.775, 32.487500000000004, 33.0125, 34.185, 34.6775, 35.5575, 36.535000000000004, 36.817499999999995, 37.7725, 38.565, 39.4425, 39.934999999999995, 40.7425, 41.435, 41.8425, 42.41, 43.269999999999996, 43.7675, 44.3625, 44.89, 45.53, 46.02, 46.550000000000004, 47.1275, 47.7275, 47.910000000000004, 48.3975, 48.875, 49.3925, 49.8, 50.080000000000005, 50.515, 50.9525, 51.50749999999999, 52.1, 52.287499999999994, 52.817499999999995]], "valid_accs": [[3.7800000000000002, 5.82, 7.57, 9.53, 11.15, 12.280000000000001, 13.389999999999999, 14.41, 15.32, 15.920000000000002, 17.4, 18.64, 19.82, 19.81, 20.919999999999998, 21.54, 23.45, 23.71, 23.57, 24.6, 25.5, 26.810000000000002, 27.26, 27.47, 28.78, 29.909999999999997, 30.48, 31.009999999999998, 31.790000000000003, 32.12, 31.47, 32.690000000000005, 34.06, 34.77, 34.99, 35.339999999999996, 35.620000000000005, 36.17, 36.34, 36.75, 38.47, 38.080000000000005, 38.54, 38.87, 39.46, 39.95, 40.410000000000004, 40.150000000000006, 40.339999999999996, 40.510000000000005, 42.24, 41.730000000000004, 41.42, 41.54, 42.79, 42.55, 42.59, 43.39, 43.34, 44.13, 43.76]], "train_times": [[160.0755341053009, 159.6467297077179, 157.86091494560242, 158.27976775169373, 159.18649220466614, 156.650377035141, 160.41979384422302, 158.04176092147827, 159.42200183868408, 158.33978629112244, 159.29358386993408, 159.7414197921753, 156.8522675037384, 160.17420101165771, 160.07279229164124, 157.90905237197876, 159.7488570213318, 158.82635140419006, 157.88110089302063, 158.34050488471985, 159.35815048217773, 159.5601930618286, 157.542245388031, 158.15948057174683, 159.03797888755798, 158.32210755348206, 160.7813777923584, 159.3664801120758, 158.5907163619995, 159.33707642555237, 157.71876502037048, 160.72886085510254, 157.57355070114136, 159.53754043579102, 158.6954300403595, 158.68636012077332, 159.18556308746338, 159.61838173866272, 159.52067828178406, 158.40818309783936, 160.1040391921997, 157.82229924201965, 159.40306091308594, 159.72881293296814, 158.76658415794373, 157.80007028579712, 158.56926321983337, 158.70614957809448, 157.99671149253845, 159.28838658332825, 159.18962788581848, 158.14656281471252, 158.7609739303589, 158.5176339149475, 157.89663529396057, 158.84613156318665, 159.22587323188782, 159.79531502723694, 157.97482466697693, 159.14791774749756, 159.70330357551575]], "valid_times": [[32.27413725852966, 32.50084137916565, 32.303942918777466, 31.865211248397827, 32.577306032180786, 33.02282905578613, 31.983914613723755, 32.51822018623352, 33.339136600494385, 31.7042019367218, 32.207796812057495, 32.77178239822388, 32.33710479736328, 33.08035063743591, 32.48237705230713, 32.933576345443726, 32.58140707015991, 32.339370012283325, 34.054420471191406, 32.066341400146484, 32.56146264076233, 31.850056171417236, 32.36831879615784, 32.578070878982544, 32.01459574699402, 32.4141800403595, 31.978761434555054, 31.551870346069336, 33.87555456161499, 31.628854274749756, 33.15928268432617, 32.24133515357971, 31.72521734237671, 32.534342765808105, 32.82249069213867, 32.51971125602722, 32.425132751464844, 33.94175672531128, 33.24977469444275, 32.15154552459717, 32.562498569488525, 32.59830641746521, 33.54864764213562, 32.0722918510437, 32.791691303253174, 31.937756299972534, 32.2690315246582, 31.679545164108276, 32.47744560241699, 32.948058128356934, 32.10636639595032, 32.98748826980591, 32.66624450683594, 32.211549520492554, 32.24275326728821, 31.57685685157776, 31.609264850616455, 32.518736600875854, 32.31391215324402, 32.425870180130005, 32.4663302898407]], "test_accuracy": 44.230000000000004, "convergence_iteration": 61}}