{"config": {"train_options": {"learning_rate": 0.005, "optimizer": "SGD", "batch_size": 128, "number_of_epochs": 300, "loss_parameters": {"temperature": 5, "distillation_type": "FEATURE", "alpha": 0.6, "beta": 0.2}}}, "results": {"train_losses": [[6343.61986015625, 6321.86283828125, 6321.6211734375, 6324.50836875, 6325.6402390625, 6324.57675078125, 6318.61722421875, 6316.4747671875, 6311.2868671875, 6311.32027421875, 6307.58089453125, 6304.76765703125, 6302.41120859375, 6301.4956125, 6297.70658125, 6296.8547765625, 6294.61923828125, 6293.4977, 6290.18424296875, 6291.3869921875, 6289.53430390625, 6286.17589921875, 6286.40307109375, 6283.87357421875, 6282.1246765625, 6279.47019140625, 6276.94740859375, 6277.08351875, 6275.71560703125, 6273.5832875, 6270.88711640625, 6269.14263203125, 6266.770828125, 6267.5635328125, 6265.28302578125, 6263.8478125, 6262.44947421875, 6262.08455546875, 6261.89766328125, 6261.15579375, 6259.24184765625, 6259.9799859375, 6258.31219375, 6257.00716640625, 6256.350175, 6257.62057578125, 6258.9225890625, 6257.672403125, 6258.21362578125, 6258.316878125, 6257.19354453125, 6257.86698828125, 6258.26315546875, 6259.924903125, 6258.1921015625, 6260.0585828125, 6259.10243828125, 6257.44951015625, 6259.26744140625, 6258.69136015625, 6259.85631953125, 6260.95062265625, 6261.7118796875, 6261.09001328125, 6261.93075390625, 6262.6101421875, 6262.36939296875, 6263.79660625, 6264.75455390625, 6264.618878125]], "valid_losses": [[6323.4089421875, 6323.9241625, 6332.1820578125, 6350.051653125, 6326.799591015625, 6317.2090828125, 6321.986047265625, 6313.3309078125, 6311.083575390625, 6310.94573984375, 6291.00647578125, 6308.283296484375, 6295.3710078125, 6295.364305078125, 6289.2335625, 6296.254321875, 6288.34439375, 6284.192385546875, 6293.117527734375, 6288.30687109375, 6269.58031484375, 6282.59441640625, 6282.142358984375, 6275.026915234375, 6263.287712109375, 6272.434934375, 6271.485030859375, 6276.54801875, 6275.6350578125, 6262.468404296875, 6260.9573296875, 6251.0228515625, 6252.598319921875, 6255.692823828125, 6256.77673359375, 6244.6433453125, 6254.577030859375, 6250.81147734375, 6250.99682890625, 6249.8528125, 6247.286192578125, 6245.421027734375, 6253.669244140625, 6246.630710546875, 6251.759215234375, 6255.57488046875, 6251.807566796875, 6252.308394921875, 6251.6763671875, 6243.5264609375, 6252.706414453125, 6251.6422765625, 6252.14654375, 6252.7838625, 6255.19923203125, 6256.618239453125, 6244.79986328125, 6249.760632421875, 6252.8695734375, 6258.05934609375, 6260.118036328125, 6255.7105390625, 6255.56438515625, 6258.3882453125, 6261.81215390625, 6264.56951953125, 6263.559364453125, 6261.296697265625, 6261.677287890625, 6254.795718359375]], "train_accs": [[2.765, 5.6375, 7.5, 9.0725, 10.465, 12.174999999999999, 13.2175, 14.397499999999999, 15.1975, 16.055, 17.1575, 18.0775, 19.0525, 20.05, 20.837500000000002, 21.775, 22.747500000000002, 23.044999999999998, 23.799999999999997, 24.5725, 25.564999999999998, 26.322499999999998, 26.9275, 27.8825, 28.389999999999997, 29.267500000000002, 29.862499999999997, 30.427500000000002, 31.25, 31.91, 32.4975, 33.28, 33.89, 34.585, 35.1175, 35.825, 36.265, 36.9475, 37.622499999999995, 38.03, 38.6075, 39.2475, 39.6675, 40.415, 41.0, 41.245, 41.902499999999996, 42.555, 42.885, 43.4375, 43.91, 44.49, 45.019999999999996, 45.1275, 45.635, 46.0725, 46.5325, 47.315000000000005, 47.5025, 47.4, 47.972500000000004, 48.644999999999996, 49.24, 49.435, 49.6475, 49.84, 50.5725, 50.8775, 50.9675, 51.525]], "valid_accs": [[5.01, 6.02, 7.9399999999999995, 10.11, 11.5, 12.870000000000001, 14.069999999999999, 14.6, 15.61, 15.82, 16.73, 17.47, 17.04, 19.189999999999998, 19.41, 20.32, 21.17, 21.75, 22.5, 22.48, 23.53, 23.9, 25.040000000000003, 25.840000000000003, 25.64, 28.24, 27.99, 29.160000000000004, 29.849999999999998, 30.520000000000003, 30.61, 30.97, 31.619999999999997, 32.2, 32.53, 32.690000000000005, 33.89, 33.800000000000004, 34.65, 34.449999999999996, 35.32, 35.17, 35.58, 36.13, 37.169999999999995, 37.019999999999996, 37.19, 38.03, 37.69, 38.43, 38.95, 38.4, 39.4, 38.940000000000005, 40.489999999999995, 40.36, 40.08, 41.04, 41.69, 41.410000000000004, 40.93, 42.03, 42.42, 42.99, 42.74, 43.07, 43.25, 42.61, 42.28, 43.65]], "train_times": [[158.1323721408844, 156.65834546089172, 156.69707036018372, 157.38263273239136, 157.57249855995178, 157.5345118045807, 156.45930290222168, 157.1914029121399, 157.56665873527527, 157.80557131767273, 157.63168358802795, 157.23187947273254, 156.9487509727478, 158.05629014968872, 157.06643676757812, 157.76051259040833, 156.70215940475464, 158.15000772476196, 157.43655514717102, 156.2596468925476, 156.7612533569336, 157.8831489086151, 157.47515439987183, 158.58663654327393, 157.99240279197693, 157.85151028633118, 157.36161303520203, 157.40946555137634, 157.37891268730164, 157.1528296470642, 156.872211933136, 157.6226737499237, 156.6065218448639, 156.89621376991272, 157.99796748161316, 157.38564586639404, 156.2712733745575, 158.60537838935852, 156.2905294895172, 157.99367332458496, 157.21169233322144, 157.4755997657776, 157.2568907737732, 157.04226541519165, 157.53417873382568, 158.36161494255066, 157.387136220932, 156.33909440040588, 158.21779251098633, 157.4084484577179, 156.69306707382202, 156.91789364814758, 156.32889461517334, 157.90503334999084, 156.95850038528442, 158.48399686813354, 157.23229503631592, 157.75272703170776, 156.9611895084381, 157.8520221710205, 157.94107818603516, 157.01733684539795, 156.43001461029053, 156.74595737457275, 157.57384371757507, 158.83402371406555, 156.95961213111877, 157.69669222831726, 157.8276195526123, 156.51274156570435]], "valid_times": [[31.928000450134277, 32.687915325164795, 32.159038066864014, 33.39473509788513, 33.039119720458984, 32.13834190368652, 31.858346462249756, 32.53110408782959, 32.026227951049805, 32.86644530296326, 32.15546107292175, 32.037675857543945, 32.83732080459595, 32.45600414276123, 32.28426718711853, 32.03953456878662, 32.80108141899109, 32.161707162857056, 32.22839021682739, 32.07677125930786, 31.78953504562378, 32.42424154281616, 32.49370718002319, 32.07778477668762, 31.978076696395874, 31.452006816864014, 33.06465029716492, 32.135356426239014, 32.87620258331299, 31.800281524658203, 32.28892135620117, 32.27599334716797, 32.02985978126526, 32.68587064743042, 31.837287425994873, 32.798007011413574, 32.40337038040161, 31.846513271331787, 31.95726466178894, 32.105939626693726, 31.86382818222046, 31.975343227386475, 32.45846438407898, 32.87493395805359, 31.502450466156006, 32.4065957069397, 32.38019323348999, 32.507471799850464, 31.74604892730713, 32.44544291496277, 31.985642433166504, 32.39775204658508, 31.66654896736145, 31.759571075439453, 33.5168833732605, 32.282249212265015, 32.08148503303528, 32.3163685798645, 31.71571159362793, 32.481794357299805, 32.661659479141235, 31.62448811531067, 32.023499965667725, 32.456838607788086, 32.3548002243042, 32.855628967285156, 32.79249715805054, 33.10633897781372, 32.05126738548279, 31.91995668411255]], "test_accuracy": 45.35, "convergence_iteration": 70}}