{"config": {"train_options": {"learning_rate": 0.005, "optimizer": "SGD", "batch_size": 128, "number_of_epochs": 300, "loss_parameters": {"temperature": 15, "distillation_type": "FEATURE", "alpha": 0.7, "beta": 0.6}}}, "results": {"train_losses": [[19129.2870234375, 19075.740871875, 19049.741684375, 19044.4744609375, 19037.6419109375, 19033.611490625, 19028.838415625, 19023.6236359375, 19015.333453125, 19009.2337359375, 19002.6457359375, 18994.8705578125, 18999.406303125, 18995.233, 18991.117434375, 18987.0269, 18987.2368953125, 18987.572628125, 18987.02674375, 18990.807871875, 18994.1137, 18993.528171875, 18996.2233484375, 18999.289603125, 18997.537396875, 19003.1938171875, 19003.7899109375, 19004.6447171875, 19009.5219390625, 19005.7802921875, 19012.9254796875, 19013.60805, 19017.0221015625, 19018.8206765625, 19025.656784375, 19028.5142390625]], "valid_losses": [[19038.1005984375, 19028.22330078125, 19055.589296875, 19035.3011609375, 19013.61383671875, 19011.4779234375, 19011.246528125, 19015.20044375, 18988.72365859375, 18983.40857734375, 18945.38806015625, 18977.3796453125, 18968.947203125, 18973.24916171875, 18976.50755703125, 18936.61926328125, 18954.79139609375, 18938.460634375, 18959.72781328125, 18954.94347890625, 18971.959621875, 18980.31679453125, 18986.20137421875, 18974.68839296875, 18980.84895, 18987.4427953125, 18989.1117078125, 18977.5477296875, 18964.89510859375, 18976.3442390625, 18999.21066875, 18986.2179109375, 18973.91288203125, 18979.5188375, 18962.334328125, 18997.322415625]], "train_accs": [[1.3975, 2.6625, 3.6249999999999996, 4.6, 5.6675, 6.342499999999999, 7.2225, 8.27, 8.89, 9.605, 10.1675, 10.66, 11.2875, 12.045, 12.705, 13.1275, 13.685, 14.1375, 14.6275, 14.912500000000001, 15.475, 16.1, 16.247500000000002, 16.945, 17.165, 17.48, 17.8975, 18.525, 18.745, 19.18, 19.735, 20.022499999999997, 20.555, 20.572499999999998, 21.2575, 21.37]], "valid_accs": [[1.8399999999999999, 2.91, 3.93, 4.81, 5.81, 6.61, 7.580000000000001, 8.82, 9.09, 9.89, 10.16, 10.61, 11.37, 12.19, 12.58, 12.959999999999999, 13.100000000000001, 13.639999999999999, 14.680000000000001, 15.110000000000001, 15.09, 15.840000000000002, 16.0, 16.04, 16.520000000000003, 16.86, 17.64, 17.82, 18.26, 18.32, 19.189999999999998, 19.49, 19.59, 19.98, 19.900000000000002, 20.87]], "train_times": [[162.44378352165222, 164.41266632080078, 162.46298170089722, 163.23032569885254, 164.15280890464783, 159.7333948612213, 160.0606598854065, 162.61652970314026, 162.20371985435486, 162.9775402545929, 163.98857498168945, 164.30991101264954, 163.31879663467407, 163.077214717865, 161.31533074378967, 164.25998282432556, 161.3697624206543, 163.25430035591125, 164.72926473617554, 161.17362594604492, 162.1985285282135, 161.02546525001526, 164.6046497821808, 163.96722674369812, 164.10206699371338, 163.33576560020447, 160.7537944316864, 164.45831394195557, 166.08010506629944, 161.84484338760376, 160.01549410820007, 167.0021903514862, 162.36700773239136, 164.80995655059814, 160.45831751823425, 162.71167302131653]], "valid_times": [[34.687806367874146, 34.544575929641724, 34.126569509506226, 33.85174036026001, 34.919347047805786, 34.33304214477539, 34.077372550964355, 35.2321503162384, 34.46328639984131, 35.44093203544617, 35.596461057662964, 35.19462013244629, 35.37553119659424, 35.58974289894104, 34.06378507614136, 34.92081141471863, 34.194629430770874, 35.454774618148804, 34.442368030548096, 34.30977463722229, 34.42417883872986, 33.97358441352844, 34.55003023147583, 34.02291131019592, 35.32752299308777, 35.234896659851074, 34.06241512298584, 34.599567890167236, 34.254271030426025, 34.22653913497925, 33.95439147949219, 34.64482498168945, 33.7504026889801, 35.218010902404785, 35.37892150878906, 33.92604446411133]], "test_accuracy": 21.52, "convergence_iteration": 36}}