{"config": {"train_options": {"learning_rate": 0.05, "optimizer": "SGD", "batch_size": 128, "number_of_epochs": 300, "loss_parameters": {"temperature": 20, "distillation_type": "FEATURE", "alpha": 0.5, "beta": 0.2}}}, "results": {"train_losses": [[6295.54620859375, 6239.8797296875, 6191.145815625, 6156.00176015625, 6116.51988984375, 6090.5407390625, 6074.39819921875, 6052.56869921875, 6038.41560859375, 6034.1106421875, 6027.72954765625, 6015.8484296875, 6006.65624609375, 6000.1535046875, 5991.90732265625, 5992.602240625, 5998.211425, 6002.06143046875, 6006.30401328125, 6009.52049296875, 6014.51019765625, 6020.6354546875, 6018.8870765625, 6021.08046484375, 6035.812115625, 6042.3417671875, 6047.4178546875, 6051.17863828125, 6053.10303515625, 6052.6157640625, 6062.35463984375, 6066.28491796875, 6072.6991390625, 6077.60571328125, 6077.59311328125]], "valid_losses": [[6291.43193125, 6214.87167109375, 6177.367871484375, 6127.336045703125, 6085.055934375, 6072.94910078125, 6070.854028125, 6041.055295703125, 6027.2467359375, 6042.659465234375, 6005.8077984375, 6014.693379296875, 5987.9793265625, 5982.08669296875, 5976.18006875, 5993.778923046875, 5991.6752046875, 6005.58003125, 6025.15140234375, 6022.72356796875, 6013.248262109375, 6021.79023515625, 6020.22396015625, 6030.23502421875, 6052.081319921875, 6057.95486640625, 6039.748466015625, 6053.217131640625, 6052.524706640625, 6065.692215234375, 6072.100848828125, 6070.679494921875, 6095.9674765625, 6082.022275, 6084.053926171875]], "train_accs": [[6.02, 13.292499999999999, 18.087500000000002, 22.8275, 27.16, 31.1275, 34.6775, 37.5075, 40.1775, 42.6, 44.6525, 46.7025, 48.1325, 49.669999999999995, 51.2, 52.48500000000001, 53.72, 54.84, 55.915000000000006, 56.67250000000001, 57.77250000000001, 58.6675, 59.262499999999996, 60.475, 60.760000000000005, 61.595, 62.1075, 63.04, 63.44499999999999, 63.692499999999995, 64.2975, 65.10249999999999, 65.795, 66.29, 66.58500000000001]], "valid_accs": [[9.1, 13.54, 18.790000000000003, 21.64, 25.61, 29.659999999999997, 31.740000000000002, 35.709999999999994, 37.9, 39.24, 38.36, 42.04, 42.88, 44.769999999999996, 45.39, 45.86, 45.64, 46.86, 46.46, 49.46, 49.14, 49.66, 49.65, 48.18, 50.29, 51.970000000000006, 51.25999999999999, 52.01, 51.35999999999999, 51.910000000000004, 52.05, 52.849999999999994, 52.61, 49.61, 53.93]], "train_times": [[158.54679822921753, 162.2489414215088, 159.17443680763245, 159.99226665496826, 160.5020637512207, 160.55787634849548, 158.87553000450134, 158.94191026687622, 160.3799011707306, 159.9033100605011, 158.2499167919159, 159.73716354370117, 159.17656469345093, 157.67763710021973, 158.45540714263916, 158.90858697891235, 161.42785668373108, 158.16189527511597, 159.48340606689453, 160.31680154800415, 158.61261415481567, 159.628675699234, 159.67070937156677, 158.34617233276367, 159.33766913414001, 159.76257181167603, 160.79434943199158, 158.6781506538391, 159.30366802215576, 159.19637393951416, 159.601793050766, 157.88319087028503, 162.09720873832703, 159.77079129219055, 160.4023597240448]], "valid_times": [[33.10876536369324, 33.28190541267395, 32.94341492652893, 33.02559995651245, 32.75519895553589, 33.14848327636719, 33.38570785522461, 33.57110285758972, 33.309953689575195, 34.22149109840393, 32.72702765464783, 32.77047777175903, 33.25180149078369, 33.35333466529846, 32.64657711982727, 32.751824140548706, 33.92781352996826, 33.23114800453186, 33.006314516067505, 32.73544979095459, 32.81191825866699, 33.00959610939026, 33.3097243309021, 33.83650732040405, 33.255359411239624, 33.385425090789795, 33.255897521972656, 32.23011112213135, 32.610212564468384, 33.184571266174316, 33.773754596710205, 33.023621797561646, 33.097412109375, 33.36342215538025, 33.21929383277893]], "test_accuracy": 53.849999999999994, "convergence_iteration": 35}}