{"config": {"train_options": {"learning_rate": 0.005, "optimizer": "SGD", "batch_size": 128, "number_of_epochs": 300, "loss_parameters": {"temperature": 20, "distillation_type": "FEATURE", "alpha": 0.8, "beta": 0.4}}}, "results": {"train_losses": [[12743.813503125, 12706.570634375, 12687.9524390625, 12687.5720796875, 12681.9123921875, 12679.5171234375, 12675.936053125, 12669.2148609375, 12666.4003515625, 12667.4484234375, 12664.6483734375, 12667.6457640625, 12662.6168359375, 12661.5743609375, 12663.5358, 12661.6398921875, 12656.2378078125, 12657.0063359375, 12654.3376359375, 12656.693428125, 12651.098403125, 12653.1553078125, 12650.2911015625, 12653.53568125, 12652.6252, 12653.8379484375, 12655.078121875, 12655.3524578125, 12656.2990984375, 12656.7101578125, 12658.4183125, 12659.1587546875, 12659.370821875, 12661.2927609375, 12666.650896875, 12669.780834375, 12671.403134375, 12671.6226796875, 12673.8485484375, 12673.4730734375, 12679.5741078125, 12677.9578609375, 12679.1242453125, 12683.2421640625, 12682.0231203125, 12684.288259375]], "valid_losses": [[12734.22601640625, 12700.787584375, 12684.06015078125, 12683.5279109375, 12679.929590625, 12689.0250671875, 12678.4190625, 12682.46190703125, 12679.98827734375, 12697.22395078125, 12700.95861171875, 12679.8706515625, 12668.8456140625, 12680.82483125, 12668.8779171875, 12651.3603328125, 12666.68325390625, 12654.2618171875, 12646.0573734375, 12625.3450765625, 12645.94872578125, 12641.690290625, 12624.64176796875, 12619.26003203125, 12623.15252265625, 12613.37029296875, 12640.885015625, 12652.38432265625, 12660.27726640625, 12635.5553546875, 12655.381909375, 12657.48521171875, 12663.36501171875, 12660.1511, 12646.12364375, 12670.6095125, 12668.58535078125, 12665.7305765625, 12681.16418984375, 12675.55419765625, 12673.761453125, 12681.1354921875, 12688.22041796875, 12696.02575390625, 12699.19875625, 12695.18362109375]], "train_accs": [[1.41, 2.635, 3.5875, 4.4425, 5.2749999999999995, 6.11, 6.744999999999999, 7.635, 8.725, 9.3, 10.01, 10.505, 11.04, 11.6425, 12.120000000000001, 12.8175, 13.4675, 13.88, 14.512500000000001, 14.93, 15.445, 15.895000000000001, 16.21, 16.8225, 17.2375, 17.349999999999998, 17.89, 18.305, 18.845, 19.25, 19.5725, 19.975, 20.36, 20.855, 21.197499999999998, 21.685, 22.09, 22.4225, 22.855, 23.0025, 23.380000000000003, 24.044999999999998, 24.16, 24.985, 24.93, 25.040000000000003]], "valid_accs": [[1.78, 3.37, 3.7900000000000005, 4.67, 5.45, 6.02, 7.180000000000001, 8.129999999999999, 8.469999999999999, 9.31, 9.950000000000001, 10.71, 11.29, 11.75, 12.509999999999998, 12.49, 13.43, 14.01, 14.330000000000002, 14.84, 15.110000000000001, 15.540000000000001, 15.709999999999999, 16.48, 16.38, 16.96, 17.39, 17.990000000000002, 18.16, 18.72, 18.21, 18.91, 19.53, 19.919999999999998, 20.03, 20.39, 20.979999999999997, 21.32, 21.87, 21.759999999999998, 22.52, 22.43, 23.3, 23.65, 24.04, 23.96]], "train_times": [[264.54312896728516, 268.84436559677124, 262.9750642776489, 261.9375193119049, 262.50553464889526, 275.12650895118713, 273.0349841117859, 265.90021228790283, 269.19783329963684, 266.57525157928467, 265.49554777145386, 260.5924174785614, 261.3436961174011, 260.68677258491516, 261.5774185657501, 261.16262674331665, 261.159681558609, 260.6191613674164, 260.36417031288147, 261.14483523368835, 260.64767694473267, 260.70745611190796, 260.7320861816406, 260.44868302345276, 261.1623649597168, 259.82199120521545, 260.87656569480896, 260.8512146472931, 260.0544648170471, 260.9425928592682, 260.54340386390686, 260.6498644351959, 261.11321568489075, 260.28692269325256, 260.4090328216553, 260.5851380825043, 261.1002094745636, 260.88885045051575, 261.07672595977783, 260.9059362411499, 260.1355698108673, 260.8332962989807, 260.09447622299194, 260.62720799446106, 260.66747283935547, 259.26835560798645]], "valid_times": [[63.7379674911499, 63.246912717819214, 64.12869119644165, 63.425541162490845, 63.78081655502319, 67.28335118293762, 64.43178582191467, 66.3327066898346, 63.80032730102539, 63.2896454334259, 63.398895263671875, 62.6173734664917, 63.06747555732727, 62.96361422538757, 62.41906452178955, 62.86197257041931, 62.76550555229187, 62.84741473197937, 62.948246479034424, 62.43574118614197, 62.95751094818115, 62.29632568359375, 62.749563694000244, 63.07018566131592, 62.69054293632507, 62.83987045288086, 62.842254400253296, 62.75887107849121, 62.56734561920166, 62.719388246536255, 62.98027849197388, 62.17734169960022, 62.876667499542236, 62.30737519264221, 62.8031907081604, 62.884939432144165, 62.570701122283936, 62.899993896484375, 62.55117201805115, 62.808242321014404, 63.00880742073059, 62.504366636276245, 62.74158501625061, 62.24537134170532, 62.716233253479004, 62.58260536193848]], "test_accuracy": 24.44, "convergence_iteration": 46}}