{"config": {"train_options": {"learning_rate": 0.05, "optimizer": "SGD", "batch_size": 128, "number_of_epochs": 300, "loss_parameters": {"temperature": 15, "distillation_type": "FEATURE", "alpha": 0.3, "beta": 0.3}}}, "results": {"train_losses": [[9418.8597703125, 9334.91882265625, 9264.4724078125, 9178.0856375, 9099.93886875, 9031.57430234375, 8969.284015625, 8922.57296015625, 8876.51546953125, 8832.6967578125, 8799.79651015625, 8774.3791578125, 8765.1835125, 8745.52406875, 8724.92141640625, 8714.56480078125, 8706.92978046875, 8692.546609375, 8686.78856328125, 8689.2767921875, 8683.2085828125, 8686.16523671875, 8688.85620703125, 8688.20177578125, 8708.1009171875, 8702.82447578125, 8700.6338109375, 8710.8268515625, 8698.98089453125, 8717.4932640625, 8714.35516796875, 8708.666596875, 8731.53470703125, 8725.38916015625, 8738.63985078125, 8729.04571484375, 8740.11678671875, 8736.99847890625, 8738.60795703125, 8728.74601015625, 8724.6277140625]], "valid_losses": [[9316.334251953125, 9315.569405078126, 9256.09168359375, 9143.859719140624, 9065.228869921875, 8986.783565625, 8942.92959296875, 8904.68533828125, 8871.213325390625, 8793.37963046875, 8783.38630390625, 8773.7186359375, 8749.656837890625, 8698.249905078124, 8711.77681484375, 8679.318080859375, 8708.401845703125, 8673.805903125, 8675.857699609374, 8685.744366796875, 8664.5934234375, 8666.55871171875, 8671.69851171875, 8694.090754296874, 8681.02445390625, 8665.326405078125, 8689.160325, 8669.451713671875, 8695.921025, 8722.599024609375, 8699.615258203125, 8725.081517578124, 8708.66437890625, 8723.500104296874, 8729.345816796875, 8689.716206640625, 8704.668069140625, 8742.43316875, 8721.57077265625, 8716.657958984375, 8711.416734765626]], "train_accs": [[6.370000000000001, 13.8325, 19.32, 24.3575, 28.694999999999997, 32.487500000000004, 35.7575, 38.7525, 41.3125, 43.152499999999996, 45.675, 47.4, 49.120000000000005, 50.67, 52.105000000000004, 53.425, 54.584999999999994, 55.3975, 56.85249999999999, 57.555, 58.4925, 59.645, 60.282500000000006, 61.0, 61.55500000000001, 62.505, 62.73, 63.79, 63.934999999999995, 64.67500000000001, 65.5325, 65.5925, 66.3025, 66.2875, 67.2175, 67.4475, 67.945, 68.13, 68.8675, 69.05, 69.05]], "valid_accs": [[11.469999999999999, 16.57, 20.330000000000002, 25.480000000000004, 26.979999999999997, 31.430000000000003, 34.150000000000006, 35.0, 36.0, 38.56, 39.57, 41.02, 43.4, 44.99, 46.150000000000006, 45.67, 47.9, 47.55, 46.589999999999996, 48.07, 49.3, 50.839999999999996, 48.96, 49.9, 51.44, 52.28, 51.29, 52.28, 52.239999999999995, 52.27, 52.470000000000006, 52.5, 52.290000000000006, 51.21, 53.54, 53.81, 52.16, 52.480000000000004, 53.6, 52.669999999999995, 53.71]], "train_times": [[188.12281799316406, 185.88266587257385, 188.32202410697937, 188.584459066391, 189.8045744895935, 188.69422674179077, 189.43385076522827, 188.06957149505615, 186.73005056381226, 188.50738143920898, 188.3641803264618, 186.11277318000793, 188.57199335098267, 186.54185557365417, 187.30414986610413, 187.31383061408997, 187.96406888961792, 188.38654470443726, 187.72165441513062, 186.9562211036682, 187.7370946407318, 187.02815890312195, 186.81220865249634, 186.18147134780884, 184.74002385139465, 186.62156319618225, 185.9824652671814, 186.4151246547699, 187.92483973503113, 188.40745759010315, 189.4264531135559, 188.0344579219818, 187.82413363456726, 187.215149641037, 186.06364583969116, 188.58159351348877, 189.14432573318481, 186.94906973838806, 187.46140718460083, 187.61535716056824, 188.95319724082947]], "valid_times": [[38.53427219390869, 40.10183238983154, 38.24761915206909, 39.177117109298706, 38.190666913986206, 39.152865409851074, 38.02995681762695, 40.853837966918945, 37.93603539466858, 38.96249318122864, 38.38748264312744, 39.012394428253174, 39.12963581085205, 39.007168769836426, 38.62136769294739, 38.762961626052856, 39.2449688911438, 38.69869065284729, 38.677144289016724, 40.29413557052612, 39.74079656600952, 37.949801445007324, 38.571627140045166, 38.48714756965637, 38.80121564865112, 39.805015325546265, 38.52141308784485, 37.97261142730713, 38.565550088882446, 38.14004993438721, 38.534992694854736, 39.14089059829712, 39.15559148788452, 38.70248770713806, 38.73539447784424, 37.90980792045593, 41.80934929847717, 38.31867599487305, 38.96839761734009, 38.16183614730835, 39.168729305267334]], "test_accuracy": 53.5, "convergence_iteration": 41}}