{"config": {"train_options": {"learning_rate": 0.01, "optimizer": "SGD", "batch_size": 128, "number_of_epochs": 300, "loss_parameters": {"temperature": 15, "distillation_type": "FEATURE", "alpha": 0.4, "beta": 0.1}}}, "results": {"train_losses": [[3174.620067578125, 3160.905570703125, 3153.744289453125, 3148.65527265625, 3141.969753125, 3133.89853046875, 3126.06933828125, 3119.25776015625, 3113.74187109375, 3107.9635015625, 3102.054153125, 3098.10791796875, 3092.0494609375, 3086.1540890625, 3079.743106640625, 3075.626535546875, 3070.199581640625, 3066.6406875, 3064.490687890625, 3059.178310546875, 3057.865076953125, 3055.1955875, 3052.57483046875, 3049.168964453125, 3046.693465625, 3042.657799609375, 3040.879049609375, 3039.766206640625, 3038.05148046875, 3035.08313515625, 3033.4752234375, 3030.614493359375, 3027.98736015625, 3026.700985546875, 3026.393528515625, 3024.696519921875, 3024.68831875, 3023.24716640625, 3022.257896875, 3019.426061328125, 3021.06942578125, 3020.93263125, 3021.31000390625, 3020.899748046875, 3021.3671765625, 3021.11451328125, 3019.545359765625, 3019.193235546875, 3021.791962890625, 3020.82504609375, 3020.288683203125, 3021.100166015625, 3020.879350390625, 3020.909520703125, 3020.03606328125, 3021.419948828125, 3021.5920359375, 3022.412390234375, 3024.605394921875, 3024.377797265625, 3024.88064375, 3026.150516015625, 3026.627146875, 3027.33650390625, 3026.67979921875, 3025.21687109375, 3026.329261328125]], "valid_losses": [[3168.534898046875, 3155.42249921875, 3153.16253515625, 3147.8193453125, 3134.300550390625, 3139.649647265625, 3128.6730189453124, 3114.232733984375, 3112.2001890625, 3107.7426046875, 3101.7571966796877, 3091.4627408203123, 3085.8021263671876, 3080.8229560546874, 3073.779952734375, 3067.111515625, 3059.3329185546877, 3051.58615234375, 3049.451679296875, 3046.1791517578126, 3050.7553248046875, 3048.6878607421877, 3041.48468359375, 3040.5470400390627, 3037.5710796875, 3033.8475546875, 3031.1073609375, 3035.576425, 3024.6176099609374, 3022.46772578125, 3024.6249921875, 3023.54439296875, 3021.1010845703127, 3019.5199583984377, 3017.69546015625, 3015.0712548828124, 3017.6562720703123, 3015.5716283203124, 3011.7117283203124, 3013.0373943359373, 3013.0804041015626, 3011.11131484375, 3012.7026232421877, 3017.760858984375, 3015.2246564453126, 3013.5624705078126, 3008.37101015625, 3013.356859765625, 3015.89934375, 3014.5851326171874, 3020.0521509765626, 3015.0483369140625, 3015.2376625, 3013.776009375, 3015.5539509765626, 3015.6661490234374, 3019.66456640625, 3018.234119921875, 3019.9781193359377, 3018.202593359375, 3023.0588470703124, 3025.8818896484377, 3020.0624314453125, 3026.4648123046877, 3023.5929484375, 3025.059271875, 3023.0346078125]], "train_accs": [[4.6525, 9.5025, 12.8, 15.329999999999998, 17.57, 19.8375, 22.247500000000002, 24.1625, 26.045, 28.482499999999998, 29.9625, 31.635, 33.35, 35.0375, 36.4475, 37.7175, 39.4375, 40.6775, 41.8725, 43.265, 44.2525, 45.29, 46.47, 47.2925, 48.1375, 49.2975, 49.985, 50.55, 51.544999999999995, 52.3775, 53.2, 53.895, 54.347500000000004, 55.24, 55.910000000000004, 56.169999999999995, 57.04, 57.45249999999999, 57.86750000000001, 58.650000000000006, 59.035000000000004, 59.8025, 60.162499999999994, 60.23, 60.772499999999994, 61.8125, 61.9, 62.34499999999999, 62.9775, 63.407500000000006, 63.44499999999999, 63.722500000000004, 64.435, 65.0, 65.185, 65.3175, 66.09, 66.1925, 66.7625, 66.955, 67.57, 67.5225, 67.85, 68.475, 68.4375, 68.8675, 68.95]], "valid_accs": [[6.16, 10.08, 12.740000000000002, 14.760000000000002, 16.36, 19.41, 21.6, 23.95, 25.779999999999998, 27.61, 28.93, 30.44, 31.580000000000002, 32.769999999999996, 33.62, 34.65, 36.35, 35.78, 38.440000000000005, 38.33, 39.519999999999996, 40.57, 41.260000000000005, 41.44, 42.230000000000004, 43.07, 42.42, 43.64, 42.96, 44.269999999999996, 44.769999999999996, 44.440000000000005, 45.96, 45.36, 45.87, 45.97, 45.9, 47.3, 46.62, 46.989999999999995, 48.29, 46.88, 47.06, 48.980000000000004, 49.2, 48.480000000000004, 50.17, 49.309999999999995, 49.16, 47.589999999999996, 49.370000000000005, 48.57, 48.11, 50.2, 50.470000000000006, 49.46, 51.2, 49.46, 51.5, 51.28, 51.690000000000005, 51.459999999999994, 51.129999999999995, 51.690000000000005, 50.32, 50.96000000000001, 52.71]], "train_times": [[161.68706798553467, 163.58968949317932, 160.61345195770264, 161.03488731384277, 164.358318567276, 163.16121196746826, 161.0035219192505, 159.759117603302, 165.91774606704712, 163.53601169586182, 161.3980233669281, 159.40076065063477, 163.17116785049438, 161.29201579093933, 162.6929178237915, 162.67557096481323, 161.87864136695862, 162.30101537704468, 162.86512756347656, 161.0935082435608, 161.0715787410736, 160.53996992111206, 161.58955073356628, 159.99465799331665, 164.01260924339294, 167.24258613586426, 163.8313434123993, 161.55940628051758, 163.68246865272522, 169.48154759407043, 161.76429843902588, 159.85149836540222, 161.77665042877197, 159.41914820671082, 160.8555727005005, 162.55616688728333, 164.71469807624817, 160.96284222602844, 163.13812851905823, 168.33356380462646, 164.88625192642212, 166.31592774391174, 161.445867061615, 161.92046451568604, 163.95632576942444, 159.40995621681213, 165.91564059257507, 170.11775851249695, 163.54194736480713, 161.02589344978333, 161.76481008529663, 163.94417524337769, 163.7347285747528, 162.39077806472778, 163.95476007461548, 166.16267776489258, 163.83350896835327, 161.22600388526917, 168.25556826591492, 162.19359755516052, 161.31666684150696, 164.1745138168335, 161.42445254325867, 163.2234592437744, 163.006751537323, 163.04730653762817, 161.9195854663849]], "valid_times": [[34.45924639701843, 35.22778606414795, 33.94838547706604, 34.6543447971344, 35.06566762924194, 34.64140224456787, 34.0616180896759, 34.32728171348572, 34.63103532791138, 34.78679037094116, 34.15195560455322, 34.413602352142334, 34.89882469177246, 35.47046494483948, 33.82987380027771, 35.51066303253174, 34.56827521324158, 33.87094449996948, 35.36427068710327, 34.5536904335022, 34.107213497161865, 35.10212326049805, 34.297035694122314, 34.45118856430054, 34.74149680137634, 35.33097171783447, 34.328717947006226, 34.21358108520508, 35.31633925437927, 34.08551096916199, 34.64097452163696, 34.608885288238525, 34.85261511802673, 34.02801465988159, 34.45344161987305, 35.44100904464722, 34.88970112800598, 33.512035608291626, 34.933252811431885, 35.28709268569946, 34.2972207069397, 34.45457863807678, 34.32042670249939, 34.00335693359375, 33.62624764442444, 34.869784116744995, 35.11610746383667, 34.26998472213745, 34.426944732666016, 34.88700985908508, 33.48696446418762, 34.190882444381714, 34.627299785614014, 34.20048236846924, 34.742539167404175, 35.667091369628906, 33.88631629943848, 34.71357202529907, 35.24010109901428, 34.55931806564331, 34.422975301742554, 34.202083349227905, 35.7164523601532, 34.42625164985657, 34.95948648452759, 35.31196689605713, 34.15139412879944]], "test_accuracy": 52.410000000000004, "convergence_iteration": 67}}