{"config": {"train_options": {"learning_rate": 0.01, "optimizer": "SGD", "batch_size": 128, "number_of_epochs": 300, "loss_parameters": {"temperature": 20, "distillation_type": "FEATURE", "alpha": 0.3, "beta": 0.1}}}, "results": {"train_losses": [[3157.995301953125, 3150.12479296875, 3146.616071875, 3142.80321015625, 3136.000842578125, 3130.24020234375, 3122.54587578125, 3116.221910546875, 3110.06745, 3101.6190796875, 3093.90149921875, 3088.251768359375, 3081.6912703125, 3075.863946484375, 3068.672881640625, 3061.269829296875, 3055.15933359375, 3051.857073046875, 3046.3462859375, 3040.0994296875, 3034.161710546875, 3028.29425234375, 3024.65736015625, 3019.40316953125, 3016.442495703125, 3011.392626171875, 3008.0331546875, 3005.189103125, 3001.095615234375, 2996.7846765625, 2994.252272265625, 2992.9371453125, 2991.30364453125, 2989.82288671875, 2986.12796171875, 2985.146659375, 2984.336795703125, 2981.27143828125, 2980.257984375, 2978.9443296875, 2977.398719140625, 2977.571056640625, 2976.961474609375, 2974.5148390625, 2975.10742265625, 2974.96995625, 2972.91259609375, 2970.84920234375, 2969.026367578125, 2968.288296484375, 2969.77480390625, 2968.769975390625, 2968.72580859375, 2969.280558984375, 2968.104901171875, 2967.022734375, 2967.9801359375, 2968.288529296875, 2967.249871875, 2965.67865859375, 2967.641187890625, 2970.107755078125, 2969.71161171875, 2969.008153515625, 2967.382473046875, 2968.50527890625, 2969.049331640625, 2969.182970703125, 2969.900921484375, 2969.841025390625, 2967.91250703125, 2968.6055375, 2968.273062890625, 2970.236153515625, 2971.11700234375, 2971.844687890625, 2973.060289453125]], "valid_losses": [[3143.499283203125, 3150.094404296875, 3141.9105837890625, 3137.8687357421877, 3132.03592109375, 3128.8861775390624, 3115.465180078125, 3109.5472326171875, 3100.1445650390624, 3088.1692546875, 3079.40811328125, 3081.6475490234375, 3069.4723853515625, 3065.5846091796875, 3057.005646875, 3048.05583515625, 3046.102909765625, 3045.2135392578125, 3039.9958447265626, 3027.63811484375, 3026.4521619140623, 3022.030398828125, 3015.6233734375, 3012.994584375, 3005.30536015625, 3008.1398826171876, 3004.6873123046876, 2997.99475703125, 2996.2148708984373, 2990.6514048828126, 2985.9854798828123, 2991.05673671875, 2980.6855126953124, 2983.438778125, 2980.8078650390626, 2974.1456236328127, 2978.098053125, 2978.29367421875, 2973.955915625, 2973.976132421875, 2973.8212107421873, 2968.7326943359376, 2969.2455705078123, 2970.64467109375, 2966.38836796875, 2971.4339189453126, 2961.7959119140623, 2960.3335490234376, 2963.957539453125, 2961.4442623046875, 2964.44845546875, 2965.1950828125, 2966.5712390625, 2963.88421171875, 2963.674846484375, 2964.0465755859377, 2960.26658828125, 2965.0365701171877, 2960.95116875, 2960.7372228515624, 2962.701385546875, 2962.862044921875, 2964.80831640625, 2960.632751171875, 2963.198183984375, 2961.531669921875, 2960.4571576171875, 2965.5207986328123, 2967.5409154296876, 2965.962844921875, 2960.49838046875, 2962.479152734375, 2966.1412943359373, 2966.082325390625, 2965.0334880859373, 2964.044250390625, 2970.24807734375]], "train_accs": [[4.8825, 9.9, 13.225000000000001, 15.989999999999998, 18.34, 20.74, 23.305, 25.7275, 28.037499999999998, 30.2125, 32.332499999999996, 34.2625, 35.875, 37.69, 39.095, 40.365, 41.81, 43.1775, 44.6425, 45.642500000000005, 46.6175, 47.497499999999995, 48.705, 49.62, 50.595, 51.355, 51.9575, 53.169999999999995, 53.855, 54.39000000000001, 55.00000000000001, 55.885, 56.45, 57.4925, 57.8875, 58.355000000000004, 58.855000000000004, 59.4625, 60.07749999999999, 60.46, 60.8425, 61.1175, 62.065000000000005, 62.4425, 62.849999999999994, 63.2075, 63.9275, 64.29, 64.75999999999999, 64.8175, 65.1775, 66.0475, 66.14999999999999, 66.765, 66.93249999999999, 67.015, 67.55, 68.1575, 68.365, 68.5325, 68.93249999999999, 69.39999999999999, 69.85749999999999, 69.99499999999999, 70.5375, 70.44749999999999, 70.78750000000001, 71.2575, 71.4575, 71.50999999999999, 72.3175, 72.5025, 72.4975, 73.125, 72.8175, 73.3325, 73.68]], "valid_accs": [[7.23, 11.34, 14.52, 15.85, 17.849999999999998, 20.79, 23.0, 24.59, 27.22, 29.099999999999998, 29.599999999999998, 31.990000000000002, 32.6, 33.97, 36.4, 36.33, 36.59, 38.56, 37.519999999999996, 39.25, 40.760000000000005, 40.01, 43.01, 40.61, 42.16, 42.38, 43.66, 44.529999999999994, 45.43, 45.45, 45.69, 46.489999999999995, 46.129999999999995, 46.89, 46.51, 46.02, 47.24, 48.559999999999995, 48.089999999999996, 48.74, 48.16, 48.63, 48.85, 49.34, 49.36, 50.660000000000004, 48.91, 49.88, 48.199999999999996, 49.34, 48.54, 50.32, 50.56, 50.970000000000006, 49.919999999999995, 51.129999999999995, 49.68, 50.59, 50.31, 51.09, 51.43, 50.17, 50.06, 51.13999999999999, 51.9, 51.0, 51.019999999999996, 49.3, 51.370000000000005, 50.92, 50.43, 51.790000000000006, 51.129999999999995, 50.949999999999996, 52.28, 51.349999999999994, 51.910000000000004]], "train_times": [[157.58728504180908, 156.29590582847595, 158.41727018356323, 158.6100697517395, 154.82991123199463, 156.73544239997864, 157.9297113418579, 155.6384301185608, 155.5897924900055, 159.31057620048523, 155.37991666793823, 157.8323848247528, 158.83725953102112, 157.38787603378296, 156.69605374336243, 158.65792560577393, 158.2877902984619, 156.44471907615662, 158.8319799900055, 158.47867012023926, 157.0030734539032, 156.23269844055176, 158.28601956367493, 157.33963894844055, 155.72294926643372, 156.48097157478333, 157.83852219581604, 157.82121777534485, 159.40956139564514, 156.62021398544312, 155.63814544677734, 157.17322325706482, 157.122239112854, 156.78440618515015, 156.3765332698822, 158.65279912948608, 157.68685102462769, 157.0970754623413, 159.39528250694275, 156.8782286643982, 156.65620803833008, 160.04596710205078, 159.30768299102783, 156.44864797592163, 156.22138357162476, 157.24390029907227, 157.68601441383362, 155.98300194740295, 157.6546835899353, 158.49128913879395, 156.59265279769897, 157.9804756641388, 159.17359161376953, 156.20903277397156, 156.3156931400299, 158.58894324302673, 155.95849585533142, 156.1392321586609, 158.5706079006195, 157.40241622924805, 157.90045070648193, 155.7286422252655, 157.45570850372314, 155.5575635433197, 158.64610409736633, 157.03507232666016, 155.89411115646362, 156.48804879188538, 156.78629660606384, 155.94339966773987, 154.35247993469238, 156.9986011981964, 157.3145775794983, 155.24035549163818, 158.42631196975708, 157.48206734657288, 156.71691727638245]], "valid_times": [[32.83323669433594, 33.055769205093384, 32.65038466453552, 32.383572816848755, 32.18925094604492, 31.902629137039185, 32.081682443618774, 34.033639907836914, 31.82280421257019, 32.69134020805359, 33.41393446922302, 32.197001457214355, 32.48830461502075, 32.95087957382202, 32.65373086929321, 31.911918878555298, 31.89238476753235, 32.12606239318848, 31.243842840194702, 32.34345197677612, 33.20211410522461, 32.458617210388184, 34.00611591339111, 32.28168702125549, 32.18673014640808, 32.35887360572815, 32.98030090332031, 32.24841809272766, 32.15151309967041, 31.771554946899414, 34.342328786849976, 32.520212173461914, 32.018150329589844, 33.27026152610779, 32.54583263397217, 32.60256505012512, 33.18744945526123, 33.02554488182068, 32.2257239818573, 31.94319200515747, 32.00545835494995, 32.20654916763306, 31.12183380126953, 32.88385248184204, 32.565585136413574, 32.14314150810242, 32.13288879394531, 32.338135719299316, 32.44904804229736, 33.24739050865173, 32.11966800689697, 32.045034408569336, 32.35924696922302, 32.107874631881714, 32.246023654937744, 32.47952461242676, 33.65700149536133, 32.12998032569885, 33.45124912261963, 32.88790249824524, 33.16459536552429, 32.68070888519287, 32.07379078865051, 31.921746253967285, 32.664079666137695, 32.40306615829468, 34.08161425590515, 32.49282383918762, 31.64186930656433, 32.75648069381714, 33.22694635391235, 32.188101291656494, 32.44251036643982, 32.61408805847168, 33.05392575263977, 32.66569805145264, 32.16254162788391]], "test_accuracy": 52.81, "convergence_iteration": 77}}