{"config": {"train_options": {"learning_rate": 0.005, "optimizer": "SGD", "batch_size": 128, "number_of_epochs": 300, "loss_parameters": {"temperature": 15, "distillation_type": "FEATURE", "alpha": 0.7, "beta": 0.3}}}, "results": {"train_losses": [[9575.1541078125, 9553.16780859375, 9542.79111484375, 9531.97851796875, 9524.052084375, 9520.25615, 9515.307628125, 9513.4436125, 9512.98746640625, 9511.2969625, 9511.00263515625, 9514.18451484375, 9509.53238671875, 9509.8352078125, 9508.8784078125, 9509.65144609375, 9510.2637734375, 9506.09290859375, 9508.6866640625, 9505.640665625, 9505.81797890625, 9504.5093328125, 9504.26148046875, 9503.39803671875, 9499.68019765625, 9501.15485, 9496.45782265625, 9496.53997578125, 9497.111096875, 9496.06528203125, 9493.72243515625, 9492.6136625, 9492.71645703125, 9488.48843125, 9489.33911015625, 9490.70670546875, 9490.346009375, 9489.98406640625, 9486.569128125, 9488.89709453125, 9487.84806953125, 9489.1640734375, 9486.9957859375, 9490.022090625, 9489.1134375, 9488.03875859375, 9486.04343359375, 9487.94127578125, 9490.088190625, 9489.46947890625, 9487.44576328125, 9486.2721515625, 9487.00408828125, 9488.544184375, 9489.96636953125, 9490.32059765625, 9492.616184375, 9492.9965796875, 9492.37937109375, 9493.47743515625, 9497.21649765625, 9495.4985140625, 9494.703115625, 9496.09209609375, 9499.2758546875]], "valid_losses": [[9496.325475, 9525.42233203125, 9514.404893359375, 9531.142954296874, 9518.20374375, 9509.94427421875, 9514.767331640625, 9502.476790625, 9513.9257015625, 9492.487889453125, 9504.345067578124, 9512.859721875, 9484.218071875, 9509.519491015624, 9494.94885234375, 9490.84642890625, 9490.328029296876, 9492.68100078125, 9486.761965234375, 9485.59612421875, 9498.28299140625, 9492.580175390625, 9493.97004609375, 9494.657680078126, 9492.930165625, 9476.447890625, 9477.766770703125, 9496.32356875, 9478.47790546875, 9476.073126171876, 9484.375041796875, 9479.811265625, 9475.78031171875, 9485.79122265625, 9472.09945859375, 9479.47305, 9484.31958046875, 9487.519019921874, 9467.81004375, 9473.30630859375, 9469.68112734375, 9471.3833, 9473.277284375, 9477.95183984375, 9465.84060234375, 9467.57768046875, 9475.8794109375, 9477.61826796875, 9471.322395703124, 9482.7673828125, 9472.607796875, 9477.8639078125, 9476.099823046876, 9481.1292875, 9480.8657515625, 9478.55398515625, 9484.53834453125, 9488.190258984376, 9492.53965234375, 9488.175684765625, 9491.206934375, 9487.48655, 9489.985886328124, 9482.296065625, 9483.888776171874]], "train_accs": [[1.725, 2.8925, 4.237500000000001, 5.43, 6.6875, 7.807500000000001, 8.9075, 9.977500000000001, 10.8875, 11.365, 12.305000000000001, 12.8775, 13.5875, 14.34, 15.085, 15.840000000000002, 16.115, 17.0375, 17.8275, 18.2175, 18.7375, 19.6825, 19.8925, 20.8125, 21.4775, 21.88, 22.54, 23.185, 23.599999999999998, 24.2975, 24.9875, 25.319999999999997, 25.990000000000002, 26.435, 26.8975, 27.342499999999998, 28.042499999999997, 28.499999999999996, 29.1625, 29.385, 30.11, 30.3875, 30.7, 31.2075, 31.8075, 32.2875, 32.675, 33.315, 33.735, 33.825, 34.675, 34.805, 35.44, 35.785, 36.2875, 36.567499999999995, 37.0825, 37.580000000000005, 37.964999999999996, 38.2075, 38.3525, 38.895, 39.2475, 39.597500000000004, 39.8925]], "valid_accs": [[2.48, 3.42, 4.71, 6.17, 7.01, 8.3, 9.04, 10.17, 10.41, 11.540000000000001, 11.99, 12.879999999999999, 13.66, 14.249999999999998, 15.0, 15.2, 15.740000000000002, 16.59, 17.06, 17.62, 18.25, 19.02, 18.61, 19.86, 20.200000000000003, 20.53, 21.43, 21.7, 22.39, 23.05, 23.380000000000003, 23.05, 24.740000000000002, 24.36, 25.39, 25.430000000000003, 25.290000000000003, 26.52, 26.39, 27.1, 26.38, 27.88, 27.839999999999996, 28.52, 29.330000000000002, 28.939999999999998, 28.999999999999996, 29.74, 30.54, 30.95, 31.28, 31.34, 31.81, 32.76, 32.42, 32.65, 32.08, 33.53, 33.68, 33.18, 33.72, 34.260000000000005, 34.75, 34.93, 35.199999999999996]], "train_times": [[178.42281484603882, 176.97441983222961, 175.33277368545532, 178.0027358531952, 179.16887426376343, 175.5518295764923, 176.5574426651001, 173.06601929664612, 174.13731932640076, 172.75001311302185, 172.78155207633972, 174.68505430221558, 177.9982409477234, 177.80200958251953, 177.77052211761475, 177.25213170051575, 180.03102445602417, 175.1635615825653, 180.18967843055725, 174.39528822898865, 182.5344386100769, 182.20271944999695, 173.47454571723938, 179.29581594467163, 176.4062442779541, 175.20894050598145, 181.10084795951843, 178.95541858673096, 174.8078842163086, 174.034836769104, 177.41094422340393, 171.49585008621216, 171.84313011169434, 178.58911967277527, 176.83866238594055, 178.6464385986328, 170.7662169933319, 176.55682754516602, 177.56767296791077, 177.25037813186646, 173.75673007965088, 180.05636644363403, 175.30487155914307, 176.29063844680786, 179.63912343978882, 179.19072484970093, 175.6573965549469, 177.2835397720337, 177.9014377593994, 175.16480612754822, 174.76178884506226, 183.07590079307556, 174.60209965705872, 172.74955987930298, 174.99080657958984, 176.9930510520935, 180.6902813911438, 173.07822823524475, 179.85323786735535, 178.39167594909668, 173.58841848373413, 175.4763650894165, 176.77685976028442, 177.14910531044006, 178.26044607162476]], "valid_times": [[34.80861568450928, 36.644922494888306, 36.725602865219116, 37.39981651306152, 34.896209955215454, 35.689271211624146, 35.55754804611206, 39.065828800201416, 36.57338523864746, 35.006006717681885, 36.64389777183533, 36.06275796890259, 36.338759422302246, 37.04045224189758, 38.1394624710083, 37.20624661445618, 36.634257793426514, 35.82009196281433, 40.46765089035034, 36.68361806869507, 36.88063406944275, 36.121665954589844, 35.93148708343506, 36.124284982681274, 36.205780029296875, 37.5520224571228, 38.1252863407135, 39.03293776512146, 34.71017861366272, 37.14895534515381, 37.01592493057251, 37.082741022109985, 37.94549059867859, 37.285454750061035, 34.53287935256958, 37.71444845199585, 35.754295110702515, 36.20156216621399, 35.58712697029114, 38.45864748954773, 36.455463886260986, 35.68171310424805, 35.16458749771118, 35.36298370361328, 38.17873430252075, 36.289703607559204, 35.635271072387695, 35.22258520126343, 35.67301535606384, 39.3625693321228, 34.77655267715454, 37.588744163513184, 35.339826822280884, 37.49692106246948, 34.427266359329224, 36.236804485321045, 35.54329538345337, 35.71009111404419, 38.73002815246582, 33.69053792953491, 36.413591146469116, 36.814863204956055, 39.46942162513733, 37.421672344207764, 36.29955005645752]], "test_accuracy": 36.15, "convergence_iteration": 65}}