{"config": {"train_options": {"learning_rate": 0.01, "optimizer": "SGD", "batch_size": 128, "number_of_epochs": 300, "loss_parameters": {"temperature": 20, "distillation_type": "FEATURE", "alpha": 0.6, "beta": 0.7}}}, "results": {"train_losses": [[22415.0011765625, 22365.7261453125, 22360.216271875, 22357.7654546875, 22353.310146875, 22339.385890625, 22328.665071875, 22320.525615625, 22313.453, 22314.6712703125, 22318.6382171875, 22318.464359375, 22317.8054609375, 22314.6769828125, 22315.9224421875, 22322.0038796875, 22318.823284375, 22322.570659375, 22323.4584734375, 22326.8197484375, 22331.3565875, 22341.5854359375, 22342.7168828125, 22340.43021875, 22342.118140625, 22343.2974125, 22348.7730140625, 22349.4166890625, 22350.506478125, 22352.3780203125]], "valid_losses": [[22308.4550609375, 22336.70710234375, 22333.6402171875, 22350.1555953125, 22326.80184765625, 22331.2214375, 22312.66746640625, 22296.3474234375, 22302.9995453125, 22253.711796875, 22275.03427890625, 22310.4062953125, 22282.5610890625, 22272.57450546875, 22283.760128125, 22280.37526953125, 22306.29200625, 22261.0742515625, 22263.5021984375, 22296.45153984375, 22292.8220234375, 22314.52070390625, 22306.19784921875, 22327.9606953125, 22337.2759859375, 22323.02815703125, 22351.62324765625, 22344.3457953125, 22325.8688546875, 22325.3165625]], "train_accs": [[1.925, 3.435, 5.6525, 7.2725, 8.5975, 10.012500000000001, 10.99, 12.3475, 13.1825, 14.0475, 14.915000000000001, 15.695, 16.285, 16.98, 17.915, 18.3475, 19.2125, 19.975, 20.585, 21.16, 22.12, 22.759999999999998, 23.3775, 24.0075, 24.807499999999997, 25.4925, 26.4225, 26.935, 27.8625, 28.349999999999998]], "valid_accs": [[2.78, 4.31, 6.17, 7.17, 8.75, 9.81, 11.34, 12.16, 13.139999999999999, 13.819999999999999, 15.15, 15.18, 15.559999999999999, 16.220000000000002, 17.34, 17.86, 18.84, 19.21, 19.759999999999998, 20.96, 21.529999999999998, 21.759999999999998, 22.18, 23.62, 24.29, 24.58, 25.46, 26.57, 26.290000000000003, 27.79]], "train_times": [[166.11852288246155, 163.95962762832642, 165.94634079933167, 166.34374713897705, 163.9071958065033, 166.21252989768982, 164.8384976387024, 164.79220724105835, 165.04622745513916, 165.3168454170227, 164.5194227695465, 165.80072355270386, 164.48325276374817, 164.85071063041687, 166.0453519821167, 164.52955722808838, 165.99167799949646, 165.43588495254517, 163.9813871383667, 164.9787631034851, 164.9365894794464, 165.37659525871277, 165.9715540409088, 165.27048420906067, 164.3113203048706, 164.7155795097351, 164.74146223068237, 166.2003059387207, 165.35118222236633, 164.97732877731323]], "valid_times": [[34.16163992881775, 33.48987102508545, 34.50394129753113, 33.97903656959534, 33.728538513183594, 34.3342227935791, 34.111520767211914, 34.15627956390381, 34.19952726364136, 33.6745719909668, 33.66805672645569, 34.04307723045349, 34.32888054847717, 34.24375534057617, 34.16622877120972, 34.71564054489136, 33.93530011177063, 34.32463812828064, 33.659462690353394, 34.27395224571228, 34.583147048950195, 33.86943244934082, 34.18727898597717, 34.68103623390198, 34.06081795692444, 34.36261749267578, 35.005221128463745, 34.19680142402649, 34.3294198513031, 34.52432060241699]], "test_accuracy": 27.43, "convergence_iteration": 30}}