{"config": {"train_options": {"learning_rate": 0.01, "optimizer": "SGD", "batch_size": 128, "number_of_epochs": 300, "loss_parameters": {"temperature": 20, "distillation_type": "FEATURE", "alpha": 0.3, "beta": 0.9}}}, "results": {"train_losses": [[28827.915053125, 28776.522778125, 28767.385459375, 28756.408475, 28767.876696875, 28760.66815625, 28757.780984375, 28756.76233125, 28751.94824375, 28756.499525, 28768.82066875, 28776.100390625, 28783.8519875, 28789.780878125, 28798.79466875, 28815.63539375, 28821.489403125, 28830.385209375, 28843.39485, 28852.334190625, 28859.78185, 28875.215690625, 28883.8196625, 28881.298734375, 28893.799809375, 28903.97878125, 28914.568471875, 28920.153784375, 28926.25215]], "valid_losses": [[28727.0218125, 28732.6549375, 28708.7691359375, 28746.8081640625, 28745.645059375, 28731.3496, 28705.784859375, 28702.1160125, 28693.947215625, 28716.3286328125, 28722.588225, 28748.4942875, 28750.901959375, 28752.51429375, 28750.544296875, 28773.4670953125, 28777.81665, 28777.2558859375, 28815.1097953125, 28797.3995234375, 28825.8016109375, 28839.6085984375, 28824.7618265625, 28850.9539953125, 28874.544421875, 28879.9800796875, 28875.30454375, 28890.2417296875, 28916.178359375]], "train_accs": [[1.6225, 2.6525, 3.4924999999999997, 4.8575, 5.905, 6.8775, 7.7875, 8.5075, 8.9975, 9.8575, 10.555, 11.33, 11.91, 12.57, 13.05, 13.745, 14.1325, 14.6725, 15.120000000000001, 15.7925, 16.29, 16.717499999999998, 17.0925, 17.615, 17.995, 18.15, 18.7475, 19.2625, 19.415]], "valid_accs": [[1.9900000000000002, 2.6599999999999997, 3.8899999999999997, 5.0200000000000005, 6.2, 6.88, 7.99, 8.41, 8.97, 9.73, 10.52, 11.43, 11.85, 12.44, 13.469999999999999, 13.639999999999999, 14.67, 14.860000000000001, 15.47, 15.45, 15.909999999999998, 16.71, 16.61, 17.23, 17.02, 17.68, 18.22, 18.27, 18.459999999999997]], "train_times": [[162.66479086875916, 159.3511667251587, 161.72894549369812, 163.64699029922485, 162.53002643585205, 161.82285141944885, 160.91016244888306, 165.38920307159424, 163.06164002418518, 160.76829767227173, 160.79171323776245, 163.15653610229492, 162.5462384223938, 162.94476079940796, 162.52024030685425, 160.09555912017822, 161.8166365623474, 161.42277026176453, 167.45716857910156, 163.0339229106903, 160.26145792007446, 161.19244694709778, 163.45827317237854, 161.0496311187744, 162.42584705352783, 163.38020372390747, 161.43967366218567, 163.10436701774597, 159.26815629005432]], "valid_times": [[34.42961859703064, 34.40613865852356, 33.63987636566162, 34.555498361587524, 34.38042426109314, 34.125322341918945, 34.86739778518677, 34.64013075828552, 34.139039754867554, 34.289756059646606, 33.28824782371521, 35.22072386741638, 34.32646441459656, 35.23315072059631, 33.225895166397095, 34.061821699142456, 34.43556237220764, 34.32157588005066, 35.27654790878296, 34.852309226989746, 35.096378564834595, 34.76612043380737, 34.31270146369934, 33.88065767288208, 35.083388328552246, 35.54081892967224, 34.12523436546326, 35.01374626159668, 35.21654653549194]], "test_accuracy": 18.44, "convergence_iteration": 29}}