{"config": {"train_options": {"learning_rate": 0.01, "optimizer": "SGD", "batch_size": 128, "number_of_epochs": 300, "loss_parameters": {"temperature": 10, "distillation_type": "FEATURE", "alpha": 0.5, "beta": 0.2}}}, "results": {"train_losses": [[6367.88103984375, 6333.54444609375, 6324.00479453125, 6322.931534375, 6321.85343203125, 6320.90925078125, 6319.550534375, 6315.45251171875, 6312.4070578125, 6308.76691640625, 6301.882575, 6295.6365609375, 6289.33455, 6282.7014359375, 6275.5998859375, 6270.7949515625, 6266.4713578125, 6261.68008203125, 6259.6333234375, 6253.46368671875, 6248.067428125, 6243.8090828125, 6240.70201640625, 6233.51353203125, 6229.94268203125, 6226.5174546875, 6223.99678203125, 6218.54071484375, 6216.1376234375, 6215.7045375, 6212.5564875, 6212.06429453125, 6215.2307984375, 6214.25857578125, 6212.11204296875, 6209.73722265625, 6206.44993828125, 6203.67944453125, 6203.30701484375, 6203.08760625, 6201.0941640625, 6200.44138671875, 6199.977121875, 6199.15390546875, 6198.13776875, 6198.21567890625, 6199.131803125, 6201.274328125, 6201.0161, 6199.524415625, 6201.9342359375, 6201.82388515625, 6202.24729609375, 6202.308753125, 6206.33405859375, 6206.811609375, 6209.02352734375, 6210.15670703125, 6210.4245734375, 6209.4850984375, 6210.405940625, 6211.95933828125, 6210.47326796875, 6211.26033359375, 6214.52420859375, 6215.9898703125, 6218.8221875, 6220.90361171875, 6221.01516953125, 6222.7524578125, 6224.2341453125, 6224.90281015625]], "valid_losses": [[6359.054451171875, 6299.346578515625, 6302.343104296875, 6309.865685546875, 6310.843369921875, 6304.40741640625, 6314.59006328125, 6316.5651421875, 6305.71606953125, 6299.1985171875, 6286.84878359375, 6287.004993359375, 6282.114948828125, 6260.104392578125, 6242.544796484375, 6254.084412890625, 6246.049711328125, 6253.9235015625, 6243.66621640625, 6222.70664140625, 6230.4077109375, 6234.4016375, 6213.5678546875, 6213.4564484375, 6218.499844921875, 6211.962988671875, 6215.0610921875, 6209.458145703125, 6211.094515234375, 6203.2538890625, 6207.111644140625, 6201.42902265625, 6209.8753515625, 6209.450152734375, 6204.980680859375, 6202.47160703125, 6200.088787109375, 6194.727589453125, 6201.38520390625, 6195.966036328125, 6197.303200390625, 6190.09291640625, 6198.25310078125, 6189.6966609375, 6190.632748828125, 6194.884949609375, 6198.2145453125, 6193.2019296875, 6202.510704296875, 6205.661931640625, 6199.446039453125, 6187.529757421875, 6190.163760546875, 6203.55000703125, 6200.21561484375, 6193.87915390625, 6207.03870625, 6198.38368359375, 6202.12964453125, 6207.9438578125, 6203.63430625, 6211.300151953125, 6208.3109828125, 6211.944244140625, 6215.026766796875, 6220.6292484375, 6216.960009765625, 6222.824828515625, 6218.97632109375, 6218.651223828125, 6220.88913828125, 6223.0271984375]], "train_accs": [[3.9225000000000003, 8.81, 11.28, 13.472500000000002, 15.3325, 17.14, 18.73, 20.602500000000003, 21.97, 23.7225, 25.3475, 27.0875, 28.762500000000003, 30.3775, 31.380000000000003, 32.7425, 34.33, 35.245, 36.59, 37.8675, 39.0775, 40.0725, 41.205000000000005, 42.14, 43.3275, 44.432500000000005, 45.1325, 46.175, 46.910000000000004, 47.8975, 48.5875, 49.39, 49.78, 50.735, 51.3825, 52.237500000000004, 52.87, 53.3675, 54.074999999999996, 54.71, 55.19500000000001, 55.6525, 56.267500000000005, 56.8225, 57.699999999999996, 57.527499999999996, 58.152499999999996, 58.91, 59.440000000000005, 59.7275, 59.915, 60.33500000000001, 61.015, 61.419999999999995, 61.8525, 61.8925, 62.822500000000005, 62.775000000000006, 63.3675, 63.897499999999994, 64.06500000000001, 64.4325, 64.6225, 65.0175, 65.53999999999999, 65.525, 66.23750000000001, 66.385, 66.3875, 66.935, 67.57, 67.55]], "valid_accs": [[5.96, 9.55, 11.940000000000001, 13.16, 15.28, 16.63, 17.89, 19.96, 21.77, 22.62, 23.78, 25.679999999999996, 25.77, 26.75, 27.939999999999998, 29.849999999999998, 31.380000000000003, 30.570000000000004, 33.75, 32.46, 34.48, 35.78, 35.27, 35.8, 37.480000000000004, 34.8, 39.839999999999996, 37.64, 39.95, 39.800000000000004, 41.339999999999996, 42.809999999999995, 42.4, 42.54, 42.83, 44.230000000000004, 44.47, 43.9, 45.800000000000004, 45.85, 45.94, 45.61, 46.67, 47.510000000000005, 46.22, 46.04, 47.5, 47.86, 46.64, 46.52, 47.910000000000004, 46.89, 48.199999999999996, 48.72, 48.0, 47.839999999999996, 47.36, 48.55, 48.120000000000005, 48.08, 49.3, 48.17, 49.17, 48.35, 48.77, 50.33, 49.2, 48.38, 48.38, 47.510000000000005, 49.230000000000004, 50.160000000000004]], "train_times": [[158.2186360359192, 158.57548332214355, 157.6654896736145, 158.9916250705719, 157.9101541042328, 158.10499811172485, 157.8602375984192, 157.96643781661987, 157.73950052261353, 158.2746992111206, 157.379225730896, 159.0248408317566, 157.1550521850586, 157.50279903411865, 157.99288129806519, 158.2582037448883, 157.99479961395264, 159.06734657287598, 158.88918614387512, 158.17830896377563, 158.06976342201233, 159.42144870758057, 157.13190627098083, 158.59267807006836, 159.64322710037231, 159.26253533363342, 159.61876010894775, 157.60180401802063, 156.44221711158752, 158.9470453262329, 159.19405722618103, 158.5223524570465, 158.37816166877747, 158.20860958099365, 157.38333654403687, 158.49904990196228, 158.26222681999207, 158.0740396976471, 157.6657738685608, 158.9149534702301, 158.10238075256348, 158.5186505317688, 157.55532932281494, 158.58643221855164, 158.2326512336731, 157.8280508518219, 158.7279052734375, 158.28669452667236, 157.85711097717285, 157.58015036582947, 158.50271129608154, 158.78274130821228, 158.58702325820923, 157.2294671535492, 158.34622192382812, 158.0740406513214, 157.60583686828613, 159.56823229789734, 158.52368569374084, 159.35655307769775, 159.2428538799286, 159.76537919044495, 159.2678346633911, 159.61270093917847, 156.95273542404175, 158.60984587669373, 157.45232725143433, 160.19725489616394, 158.87659668922424, 159.53172898292542, 158.42963981628418, 158.0452151298523]], "valid_times": [[33.01823115348816, 32.961543798446655, 33.252376079559326, 33.04958915710449, 33.150471925735474, 33.437058448791504, 32.969277143478394, 33.345428228378296, 33.123844146728516, 32.56210398674011, 33.16295909881592, 33.41772174835205, 32.60991072654724, 33.545331716537476, 33.008625745773315, 32.83708620071411, 32.920902490615845, 33.125328063964844, 32.8876006603241, 32.78276824951172, 33.04376459121704, 32.5659704208374, 33.6727876663208, 32.780324935913086, 33.40315055847168, 33.38106322288513, 33.35915756225586, 33.39712452888489, 32.974385261535645, 32.8560152053833, 32.94163990020752, 32.85432243347168, 33.40317511558533, 33.28199791908264, 33.44815278053284, 34.135905265808105, 33.0693416595459, 32.66702675819397, 32.77716946601868, 33.19884395599365, 33.03635764122009, 32.93053126335144, 33.51234722137451, 33.230573654174805, 33.1063768863678, 32.65328001976013, 32.845048666000366, 33.330161571502686, 32.76920533180237, 32.86255431175232, 33.37215852737427, 32.62349486351013, 33.72377634048462, 32.83782124519348, 33.297481298446655, 32.88822674751282, 32.802655935287476, 33.05866289138794, 33.26498746871948, 32.658955574035645, 33.3430380821228, 33.185044050216675, 32.30863118171692, 33.00438666343689, 33.0713894367218, 33.0445339679718, 33.20817017555237, 33.03661847114563, 33.201149225234985, 33.291993141174316, 32.83631920814514, 32.80174374580383]], "test_accuracy": 50.94, "convergence_iteration": 72}}