{"config": {"train_options": {"learning_rate": 0.005, "optimizer": "SGD", "batch_size": 128, "number_of_epochs": 300, "loss_parameters": {"temperature": 15, "distillation_type": "FEATURE", "alpha": 0.2, "beta": 0.1}}}, "results": {"train_losses": [[3189.421157421875, 3173.29786328125, 3169.058623046875, 3165.227737109375, 3162.245640234375, 3158.7340984375, 3153.9771578125, 3150.5445859375, 3145.270544140625, 3140.7710234375, 3136.5630609375, 3131.136793359375, 3126.30994921875, 3121.4190453125, 3117.895887109375, 3115.957396875, 3112.549250390625, 3108.08735234375, 3106.333936328125, 3103.86638359375, 3101.657303515625, 3097.04341796875, 3093.107081640625, 3089.98492578125, 3086.20624921875, 3083.73209453125, 3081.3879953125, 3079.670171484375, 3076.71795703125, 3074.9880609375, 3073.52053671875, 3072.025794140625, 3070.25406640625, 3068.432917578125, 3067.11983984375, 3066.817008203125, 3066.635453515625, 3064.887558984375, 3063.849701171875, 3062.584127734375, 3060.409923828125, 3060.25581640625, 3059.2500828125, 3058.03080859375, 3057.523955078125, 3055.10035, 3054.5752515625, 3054.77841796875, 3054.814709765625, 3053.89568828125, 3052.483830078125, 3052.46260390625, 3052.65654609375, 3052.3423125, 3051.140412890625, 3051.369935546875, 3050.930413671875, 3051.9237625, 3051.185492578125, 3049.700891015625, 3049.89173125, 3050.039376953125, 3049.049362109375, 3049.224765625, 3048.016395703125, 3048.266186328125, 3047.939648046875, 3047.97683984375, 3047.847384765625, 3047.982273828125, 3047.47082109375, 3047.542662109375, 3045.79024921875, 3046.053612890625, 3044.9448359375, 3045.952683984375, 3045.594068359375, 3045.69458203125, 3046.517395703125, 3045.9850828125, 3047.082412109375, 3047.293370703125, 3047.85856171875, 3048.92126796875, 3050.012001171875, 3050.2295859375, 3050.60686953125, 3050.760561328125, 3051.037863671875, 3051.783389453125, 3052.16128984375, 3052.408601953125, 3052.79354296875, 3053.206731640625]], "valid_losses": [[3177.9919953125, 3167.1020876953125, 3177.2422376953127, 3173.1507224609377, 3158.4084505859373, 3152.5102037109373, 3156.155063671875, 3143.641890234375, 3144.7774349609376, 3128.1132533203127, 3124.9206564453125, 3121.592466015625, 3114.778371484375, 3112.9273576171877, 3111.8084677734373, 3105.1125298828124, 3102.6463486328125, 3102.1250603515623, 3104.99744921875, 3103.0392318359377, 3097.2426796875, 3096.306903515625, 3091.3078791015623, 3085.5591580078126, 3084.7772408203127, 3080.408053125, 3082.01397578125, 3080.26618125, 3080.3936806640627, 3076.802403515625, 3073.917718359375, 3070.71858515625, 3072.2837427734376, 3071.5304765625, 3067.0443185546874, 3070.2797455078125, 3066.7343001953127, 3062.1837826171877, 3059.132941015625, 3061.855801953125, 3061.7545232421876, 3059.2532611328124, 3061.071912890625, 3060.7470693359373, 3051.7375849609375, 3052.426834765625, 3056.1760771484373, 3054.933761328125, 3055.678034765625, 3055.349914453125, 3050.689014453125, 3053.1654095703125, 3054.4475634765627, 3053.15715078125, 3051.690777734375, 3053.90238984375, 3054.2275267578125, 3048.9545052734375, 3047.6342025390627, 3048.9073751953124, 3049.3486611328126, 3044.484113671875, 3054.1200400390626, 3049.537073828125, 3052.0342689453123, 3049.911032421875, 3045.0190943359376, 3047.9113421875, 3050.8519595703124, 3053.14972109375, 3049.265060546875, 3044.68781796875, 3046.01067421875, 3042.4424080078124, 3046.008749609375, 3042.478506640625, 3045.5944298828126, 3044.2187107421873, 3044.9433912109375, 3045.087681640625, 3046.127621484375, 3046.6566361328123, 3049.2192380859374, 3049.2480451171873, 3049.6133630859376, 3049.184788671875, 3050.9817021484373, 3050.148930078125, 3051.48170078125, 3051.651096875, 3051.9751232421877, 3052.6353671875, 3053.847437890625, 3053.0958]], "train_accs": [[2.8525, 6.64, 10.0275, 12.615000000000002, 14.802499999999998, 16.4375, 18.1625, 20.1025, 22.067500000000003, 23.745, 25.319999999999997, 27.055, 28.6025, 29.9325, 31.497500000000002, 32.7425, 34.1, 35.325, 36.795, 37.5575, 38.785, 39.9225, 40.605000000000004, 41.747499999999995, 42.735, 43.7125, 44.714999999999996, 45.4125, 45.885, 46.794999999999995, 47.675, 48.2275, 48.809999999999995, 49.6925, 50.415, 50.8675, 51.432500000000005, 52.1725, 52.845, 52.9675, 53.7475, 54.2725, 54.785, 55.37, 55.81, 56.3875, 56.9925, 57.43000000000001, 57.85, 58.225, 58.652499999999996, 59.135000000000005, 59.755, 59.987500000000004, 60.292500000000004, 60.765, 61.06, 61.504999999999995, 61.79750000000001, 62.457499999999996, 62.7, 63.245, 63.31, 63.695, 63.822500000000005, 64.345, 64.7725, 64.865, 65.33250000000001, 65.4475, 65.8975, 66.3725, 66.4075, 67.085, 67.05250000000001, 67.785, 67.64, 68.0625, 68.05250000000001, 68.245, 68.94500000000001, 71.85000000000001, 73.1225, 73.5125, 74.095, 74.2525, 74.38749999999999, 74.3225, 74.5, 74.82, 74.5625, 74.72999999999999, 74.5175, 75.0125]], "valid_accs": [[4.65, 7.9799999999999995, 10.84, 11.93, 14.6, 15.98, 17.91, 20.65, 21.42, 23.41, 24.54, 26.68, 26.090000000000003, 29.01, 29.15, 31.2, 32.72, 32.74, 33.739999999999995, 33.93, 35.510000000000005, 37.32, 37.29, 37.56, 38.54, 39.31, 39.94, 41.56, 40.72, 41.28, 42.01, 42.68, 43.9, 43.07, 43.78, 43.79, 44.41, 44.39, 42.79, 45.540000000000006, 45.9, 45.43, 46.839999999999996, 46.79, 46.42, 47.11, 47.03, 48.55, 47.57, 47.949999999999996, 47.65, 47.74, 46.760000000000005, 48.63, 48.05, 48.75, 47.82, 49.69, 48.19, 49.47, 47.72, 48.13, 49.03, 48.559999999999995, 48.480000000000004, 49.88, 46.89, 49.3, 49.14, 47.63, 48.52, 48.06, 48.209999999999994, 49.309999999999995, 49.059999999999995, 49.1, 49.78, 49.7, 47.83, 49.11, 50.32, 54.81, 55.28999999999999, 55.35, 55.44, 55.17999999999999, 54.66, 55.02, 55.08, 55.720000000000006, 55.04, 55.21, 55.45, 55.38999999999999]], "train_times": [[186.85523772239685, 185.75205397605896, 185.235915184021, 186.19701433181763, 185.7610776424408, 186.15942120552063, 186.4274981021881, 186.72873330116272, 188.35351061820984, 187.4543330669403, 185.54644966125488, 187.10623979568481, 185.45599269866943, 187.643976688385, 186.8602809906006, 185.42106175422668, 186.32498264312744, 184.1394920349121, 184.85549187660217, 186.12982296943665, 187.88193202018738, 185.5503635406494, 186.96721529960632, 186.16735363006592, 186.67873287200928, 186.57527089118958, 186.59596705436707, 188.28653621673584, 185.63591313362122, 187.31980800628662, 185.86235666275024, 187.51555037498474, 185.38945960998535, 185.0939977169037, 187.16053748130798, 187.84359216690063, 186.3831126689911, 186.61106944084167, 185.39398741722107, 186.84084630012512, 184.99703931808472, 187.99476766586304, 187.02478122711182, 184.76498293876648, 187.27074599266052, 183.38126707077026, 184.25458884239197, 186.16619300842285, 184.3946008682251, 186.8681344985962, 185.9673855304718, 185.71487641334534, 186.4326663017273, 186.82137823104858, 186.3725926876068, 185.96983361244202, 187.15562295913696, 185.94043159484863, 184.95399141311646, 184.64207291603088, 185.68134331703186, 185.3546860218048, 186.3604621887207, 187.04581809043884, 186.59837007522583, 187.23698687553406, 186.29459929466248, 187.0032570362091, 186.65038681030273, 185.86612153053284, 187.5055685043335, 186.96147871017456, 186.54690790176392, 185.56989526748657, 185.70882487297058, 186.87979531288147, 186.03277373313904, 183.60921001434326, 187.24254179000854, 186.67616486549377, 187.52541375160217, 186.542795419693, 186.93870162963867, 185.3994128704071, 185.9631814956665, 186.90627264976501, 185.71129441261292, 185.5257649421692, 184.78836464881897, 186.48667812347412, 186.9878442287445, 186.65773248672485, 186.6534960269928, 183.28135704994202]],