{"config": {"train_options": {"learning_rate": 0.005, "optimizer": "SGD", "batch_size": 128, "number_of_epochs": 300, "loss_parameters": {"temperature": 20, "distillation_type": "FEATURE", "alpha": 0.4, "beta": 0.2}}}, "results": {"train_losses": [[6389.2886703125, 6366.76236484375, 6362.09600703125, 6361.119196875, 6361.98381328125, 6360.82109765625, 6355.2578453125, 6354.336159375, 6348.76625703125, 6345.64901640625, 6339.57260546875, 6334.6793015625, 6330.98641796875, 6325.02357578125, 6321.0137171875, 6316.92269609375, 6312.42421484375, 6306.9771578125, 6301.236184375, 6292.89618359375, 6290.8652734375, 6287.1134203125, 6281.72453125, 6276.81896484375, 6272.44983125, 6270.10500390625, 6266.55626171875, 6263.809646875, 6259.192928125, 6256.18061171875, 6252.94469140625, 6251.94050625, 6251.254584375, 6249.4009328125, 6247.70964375, 6244.46991328125, 6241.86557578125, 6239.144840625, 6236.26495859375, 6235.040234375, 6232.60130703125, 6231.21904453125, 6230.92102890625, 6229.791140625, 6228.136990625, 6225.7042890625, 6226.19218359375, 6225.1667890625, 6224.20645390625, 6223.68558828125, 6224.1205875, 6225.37629453125, 6224.1575453125, 6223.585975, 6224.53592578125, 6223.31145078125, 6222.95251875, 6223.756359375, 6222.9301828125, 6224.337721875, 6224.567484375, 6224.05387109375, 6224.0459625, 6224.1360296875, 6222.120840625, 6222.02550703125, 6222.00630625, 6220.37448984375, 6217.92311796875, 6218.49092109375, 6218.25572265625, 6217.2937, 6219.8968375, 6218.39917265625, 6217.893396875, 6218.892571875]], "valid_losses": [[6341.38780390625, 6357.726166796875, 6356.244873828125, 6344.35109296875, 6356.67358046875, 6352.78524921875, 6343.845777734375, 6339.41758671875, 6324.59530234375, 6320.5616953125, 6312.743836328125, 6310.78003515625, 6306.341609765625, 6301.554342578125, 6294.713474609375, 6294.408573828125, 6298.186155078125, 6287.8299890625, 6275.92023671875, 6273.294083203125, 6274.51247421875, 6271.171152734375, 6262.90154921875, 6264.768671484375, 6258.358840625, 6258.47050625, 6255.33327109375, 6252.203547265625, 6249.028349609375, 6254.470108203125, 6240.910253125, 6243.641405078125, 6242.99701484375, 6239.783273828125, 6232.329512890625, 6235.985310546875, 6228.020208984375, 6226.292943359375, 6224.999065625, 6221.797026953125, 6224.4871671875, 6228.417201171875, 6219.428095703125, 6215.455019921875, 6209.23980703125, 6217.11304140625, 6216.477198828125, 6222.4978078125, 6211.784798828125, 6209.190616015625, 6215.63292734375, 6220.269183984375, 6219.684744921875, 6218.804969140625, 6210.872930078125, 6205.908962890625, 6212.346609765625, 6215.007075390625, 6211.942723046875, 6216.76629140625, 6220.258041796875, 6222.234805078125, 6215.070073046875, 6218.675017578125, 6213.451066796875, 6212.733155078125, 6210.93360234375, 6216.19199609375, 6214.236055078125, 6220.502645703125, 6211.413896875, 6213.116389453125, 6210.520558203125, 6210.989008203125, 6215.382240234375, 6213.315603125]], "train_accs": [[3.5475, 7.07, 9.3925, 11.03, 12.712499999999999, 14.06, 15.5825, 16.76, 17.78, 19.0275, 20.3375, 21.5525, 22.5875, 23.855, 25.082500000000003, 25.924999999999997, 27.2775, 28.3675, 29.315, 30.23, 31.0375, 32.2175, 32.805, 33.894999999999996, 34.58, 35.9975, 36.435, 37.34, 37.845, 38.6175, 39.5925, 40.435, 41.08, 41.7575, 42.235, 42.805, 43.575, 44.440000000000005, 44.845, 45.7725, 46.3225, 46.5125, 47.46, 47.894999999999996, 48.4625, 48.9825, 49.62, 49.79, 50.3625, 50.902499999999996, 51.3525, 51.959999999999994, 52.26499999999999, 52.63250000000001, 53.207499999999996, 53.3575, 53.864999999999995, 54.53, 54.76, 55.035000000000004, 55.527499999999996, 56.035000000000004, 56.34, 56.7375, 57.13, 57.545, 57.965, 58.1875, 58.2525, 58.98, 58.9225, 59.8125, 59.957499999999996, 60.0175, 60.6825, 61.017500000000005]], "valid_accs": [[5.489999999999999, 8.03, 9.82, 12.17, 13.11, 14.44, 15.98, 16.76, 18.59, 19.02, 19.66, 21.490000000000002, 22.08, 22.66, 23.72, 24.22, 25.82, 26.44, 26.919999999999998, 28.01, 28.660000000000004, 29.03, 30.220000000000002, 30.409999999999997, 30.709999999999997, 32.129999999999995, 33.07, 33.54, 34.22, 33.29, 34.910000000000004, 34.96, 35.36, 35.38, 36.38, 36.94, 36.9, 37.85, 38.15, 38.379999999999995, 38.66, 38.73, 39.97, 40.01, 40.410000000000004, 40.68, 41.260000000000005, 41.72, 41.980000000000004, 42.17, 41.57, 42.8, 42.38, 43.1, 43.59, 43.8, 44.99, 44.330000000000005, 43.61, 44.89, 45.12, 45.69, 44.43, 45.68, 44.64, 45.82, 45.08, 46.11, 45.769999999999996, 46.14, 46.760000000000005, 47.260000000000005, 46.08, 47.370000000000005, 46.19, 46.800000000000004]], "train_times": [[155.47527599334717, 158.78459310531616, 157.88005924224854, 157.6428484916687, 155.47057342529297, 157.12250185012817, 158.35023760795593, 158.6856062412262, 155.60815286636353, 157.7937788963318, 156.32580471038818, 156.75583720207214, 158.15719532966614, 157.2144479751587, 157.03910851478577, 158.56066799163818, 156.39563417434692, 156.76012253761292, 156.4091832637787, 156.38848781585693, 158.19906044006348, 157.6271858215332, 156.91608905792236, 157.82971167564392, 156.4411106109619, 157.8745858669281, 155.64525890350342, 155.3178358078003, 157.27771496772766, 157.3954176902771, 156.13051438331604, 158.38970303535461, 157.72628903388977, 157.25722789764404, 156.5726339817047, 156.72464656829834, 156.8821415901184, 157.90470910072327, 157.03258156776428, 157.08089137077332, 158.10203003883362, 157.19162607192993, 157.33546209335327, 157.30652737617493, 155.53318405151367, 157.03730058670044, 157.44565892219543, 157.86392521858215, 157.39594316482544, 156.80212831497192, 157.21997785568237, 157.5125925540924, 157.82518911361694, 157.41503024101257, 157.36112451553345, 156.0303795337677, 158.08130502700806, 156.5752239227295, 156.06327533721924, 157.7254672050476, 156.91396474838257, 156.82050371170044, 156.35457611083984, 155.4002594947815, 157.07938861846924, 157.18559384346008, 156.39871335029602, 156.99539732933044, 156.84236550331116, 158.63932418823242, 157.70152735710144, 156.7049629688263, 157.578928232193, 158.37042927742004, 156.5115520954132, 156.51319026947021]], "valid_times": [[32.220072507858276, 32.805927991867065, 32.81106185913086, 32.82882356643677, 32.65664339065552, 33.07719445228577, 32.85578012466431, 32.87232208251953, 32.5149872303009, 33.25706171989441, 32.36565089225769, 33.06608867645264, 32.803277254104614, 32.772745847702026, 32.64159655570984, 32.70849418640137, 32.60345482826233, 33.43772006034851, 32.86541271209717, 32.870572566986084, 32.79677057266235, 32.52349781990051, 32.719847440719604, 32.44328713417053, 32.98374390602112, 32.604918241500854, 32.93974566459656, 33.168442249298096, 32.15402007102966, 32.686381101608276, 32.59533905982971, 32.28903841972351, 33.09967494010925, 32.90106678009033, 32.7677788734436, 32.402997732162476, 33.074907302856445, 32.951454877853394, 32.94057583808899, 32.61202096939087, 33.049222230911255, 32.2436306476593, 33.15521478652954, 32.83289074897766, 32.88528227806091, 32.55653166770935, 32.513911485672, 33.03994917869568, 32.247851848602295, 32.35222387313843, 32.49723172187805, 32.87057185173035, 32.648722887039185, 33.20786952972412, 32.74579739570618, 32.42033910751343, 33.20026469230652, 32.7190055847168, 32.913408041000366, 33.148579835891724, 32.749396085739136, 32.656819581985474, 32.42692422866821, 32.612598180770874, 32.75244379043579, 32.61566400527954, 32.95732378959656, 32.299859046936035, 32.584259033203125, 32.69732928276062, 32.71623635292053, 33.281503438949585, 32.2101263999939, 32.988569021224976, 32.23510384559631, 32.73593211174011]], "test_accuracy": 48.38, "convergence_iteration": 76}}