{"config": {"train_options": {"learning_rate": 0.005, "optimizer": "SGD", "batch_size": 128, "number_of_epochs": 300, "loss_parameters": {"temperature": 15, "distillation_type": "FEATURE", "alpha": 0.1, "beta": 0.4}}}, "results": {"train_losses": [[12722.008046875, 12676.314321875, 12658.4486015625, 12646.3376578125, 12640.8776875, 12632.2277296875, 12620.016478125, 12613.2519203125, 12607.0386265625, 12597.08230625, 12586.0753125, 12575.798221875, 12564.75455625, 12558.5274171875, 12552.037771875, 12548.252728125, 12532.60320625, 12519.265915625, 12506.452515625, 12502.919865625, 12490.0541796875, 12481.4557109375, 12471.1688875, 12463.5841578125, 12452.89744375, 12445.8339828125, 12437.7496953125, 12433.9951203125, 12431.678621875, 12419.890215625, 12415.51033125, 12411.833671875, 12403.5030296875, 12396.217178125, 12390.2377, 12382.147125, 12384.3570015625, 12379.3496875, 12374.2877765625, 12369.4366203125, 12372.4342015625, 12365.0041046875, 12360.4523890625, 12357.3646890625, 12354.0154921875, 12353.183878125, 12349.876259375, 12346.7585, 12340.51154375, 12335.5418109375, 12330.1163953125, 12327.6819140625, 12329.061325, 12327.938825, 12326.5873078125, 12328.7409578125, 12318.6482546875, 12318.825959375, 12311.9870078125, 12312.6127359375, 12310.7244578125, 12314.49901875, 12310.6145171875, 12315.204928125, 12315.358096875, 12314.020421875, 12312.6742, 12311.164059375, 12311.690953125, 12312.942146875, 12312.0576125, 12311.5173171875, 12315.3618921875, 12313.9230171875, 12310.95056875, 12306.9766265625, 12310.748003125, 12310.6064578125, 12310.9107765625, 12308.2366453125]], "valid_losses": [[12723.9190234375, 12692.1015203125, 12660.773846875, 12651.44385625, 12628.254825, 12630.93316640625, 12629.86239140625, 12611.09974140625, 12638.9923625, 12613.6101140625, 12600.09604375, 12583.49213203125, 12577.50519296875, 12575.8769671875, 12568.6823296875, 12561.81146796875, 12533.47302265625, 12524.67115703125, 12524.5532953125, 12490.42209453125, 12489.78830078125, 12491.3118390625, 12453.1602765625, 12464.82186953125, 12467.56290703125, 12438.69302578125, 12435.035821875, 12454.589184375, 12423.363478125, 12438.1377390625, 12422.08359921875, 12427.6056125, 12417.04104609375, 12415.275878125, 12400.13546171875, 12410.12585625, 12403.935175, 12387.152825, 12392.81406171875, 12374.7892265625, 12389.6572828125, 12381.055715625, 12365.07874609375, 12378.41093203125, 12354.74016953125, 12369.6390578125, 12357.01507734375, 12352.52306328125, 12350.76858515625, 12352.89835546875, 12344.8020265625, 12335.74664140625, 12346.23151328125, 12364.25049609375, 12339.037128125, 12341.460925, 12347.76543046875, 12334.65171875, 12338.81734609375, 12315.513915625, 12336.54619453125, 12321.82027421875, 12344.0639203125, 12342.84523046875, 12323.7789171875, 12337.1341828125, 12335.9196375, 12324.96442109375, 12356.52236796875, 12339.9275390625, 12349.60093515625, 12345.20135546875, 12336.6677921875, 12350.65705546875, 12333.150484375, 12335.010140625, 12344.29855234375, 12331.578834375, 12348.49792890625, 12347.34118125]], "train_accs": [[2.9625, 6.3549999999999995, 9.6525, 11.76, 13.455, 14.879999999999999, 16.247500000000002, 17.5825, 18.935, 20.4625, 21.3525, 22.67, 24.005000000000003, 25.1575, 26.187500000000004, 27.639999999999997, 28.810000000000002, 30.0975, 31.1175, 31.9625, 33.252500000000005, 34.265, 35.58, 36.3575, 37.2025, 38.074999999999996, 39.065, 39.955, 40.9125, 41.5875, 42.365, 43.425000000000004, 43.7275, 44.677499999999995, 45.434999999999995, 45.795, 46.4275, 47.3975, 47.8275, 48.3975, 48.575, 49.364999999999995, 49.68, 50.585, 51.225, 51.635, 52.16499999999999, 52.5275, 52.8725, 53.4625, 53.947500000000005, 54.6125, 54.675, 55.462500000000006, 55.93749999999999, 56.3125, 56.71000000000001, 56.972500000000004, 57.66, 57.527499999999996, 58.089999999999996, 58.77250000000001, 58.6025, 59.345000000000006, 59.75749999999999, 59.99, 60.3325, 60.845000000000006, 60.97749999999999, 61.17, 61.655, 61.94499999999999, 62.417500000000004, 62.65500000000001, 62.675000000000004, 63.5975, 63.5975, 63.67, 64.05499999999999, 64.385]], "valid_accs": [[5.12, 7.7700000000000005, 10.89, 12.590000000000002, 13.58, 15.17, 15.870000000000001, 16.919999999999998, 18.490000000000002, 18.98, 20.66, 22.05, 23.28, 24.59, 25.34, 25.4, 27.52, 28.660000000000004, 28.51, 30.12, 29.720000000000002, 30.78, 32.23, 33.37, 34.01, 35.02, 35.08, 35.589999999999996, 36.29, 37.14, 37.9, 38.019999999999996, 38.35, 39.09, 38.58, 39.6, 40.98, 41.23, 41.92, 42.089999999999996, 41.54, 42.57, 42.5, 42.64, 43.09, 43.08, 44.41, 44.58, 44.25, 43.74, 44.7, 45.93, 45.92, 45.65, 45.67, 45.75, 46.160000000000004, 46.78, 46.48, 46.7, 47.55, 46.17, 47.599999999999994, 47.949999999999996, 48.010000000000005, 48.5, 47.870000000000005, 48.65, 47.839999999999996, 48.010000000000005, 48.39, 47.93, 48.74, 48.199999999999996, 49.94, 48.84, 49.11, 48.04, 49.59, 50.12]], "train_times": [[157.74870085716248, 159.24969792366028, 160.89563369750977, 159.9001498222351, 159.7289583683014, 159.8222291469574, 161.4113485813141, 160.6638307571411, 159.74425077438354, 158.60513734817505, 159.79519939422607, 160.55387783050537, 161.6298496723175, 162.01983952522278, 160.35162091255188, 159.69939279556274, 159.86533522605896, 159.64098501205444, 160.98034834861755, 160.96494340896606, 160.47897911071777, 160.01847457885742, 160.9638707637787, 160.75875234603882, 159.23551201820374, 159.4308726787567, 160.02872467041016, 160.8496289253235, 160.8448896408081, 160.1573362350464, 160.1782796382904, 159.41177415847778, 159.39394092559814, 160.27373266220093, 159.60721564292908, 160.12520813941956, 160.71557641029358, 160.77530813217163, 159.44865894317627, 160.623605966568, 160.3857810497284, 160.7787139415741, 159.6822385787964, 160.3321738243103, 160.78335118293762, 161.4458954334259, 160.52217960357666, 159.55069398880005, 160.553724527359, 160.73387742042542, 160.46350288391113, 161.00461649894714, 162.14559483528137, 160.94979190826416, 159.8253471851349, 160.0000765323639, 159.62127494812012, 161.81520867347717, 161.71339988708496, 160.53396940231323, 159.59804463386536, 161.7597780227661, 160.07098698616028, 159.15781092643738, 160.65423774719238, 160.76048731803894, 160.43530178070068, 160.81103539466858, 159.4886872768402, 160.5881049633026, 161.11728358268738, 159.9142143726349, 160.61343789100647, 160.69089436531067, 159.61865234375, 159.7035038471222, 161.30296635627747, 161.20591020584106, 159.47421383857727, 159.51155161857605]],