{"config": {"train_options": {"learning_rate": 0.05, "optimizer": "SGD", "batch_size": 128, "number_of_epochs": 300, "loss_parameters": {"temperature": 10, "distillation_type": "FEATURE", "alpha": 0.2, "beta": 0.8}}}, "results": {"train_losses": [[25379.72943125, 25305.049109375, 25272.192253125, 25232.3149125, 25221.172434375, 25199.921821875, 25202.696990625, 25208.57210625, 25207.612015625, 25209.98465, 25210.72894375, 25212.73, 25226.533884375, 25250.346490625, 25262.02976875, 25289.26806875, 25304.932375, 25326.019421875, 25348.736578125, 25368.5652625, 25400.37724375, 25438.30683125, 25476.376653125, 25490.409065625, 25506.836959375, 25542.16908125]], "valid_losses": [[25409.89418125, 25180.2124703125, 25125.1736875, 25135.7967859375, 25164.2326109375, 25121.9530625, 25177.744328125, 25200.9153609375, 25147.099940625, 25176.9456, 25212.0177390625, 25211.676334375, 25257.8881828125, 25267.9561671875, 25264.24289375, 25290.1413921875, 25306.33534375, 25350.8379921875, 25379.2436640625, 25392.703296875, 25423.42374375, 25476.2271609375, 25499.1319421875, 25504.9805578125, 25533.2382, 25560.9354703125]], "train_accs": [[4.075, 9.635, 13.462499999999999, 16.5675, 19.5475, 22.615, 25.417499999999997, 28.152500000000003, 30.672500000000003, 32.555, 34.637499999999996, 36.4475, 38.76, 39.839999999999996, 41.8875, 43.21, 44.5525, 45.915, 47.099999999999994, 47.9675, 49.2475, 50.2725, 51.3425, 52.0725, 53.3825, 53.81]], "valid_accs": [[7.9, 11.4, 14.330000000000002, 16.619999999999997, 20.31, 22.6, 23.18, 26.52, 28.65, 30.39, 31.44, 32.57, 33.62, 34.13, 34.78, 37.86, 38.39, 39.019999999999996, 37.72, 43.2, 43.39, 38.440000000000005, 38.72, 41.56, 44.269999999999996, 44.61]], "train_times": [[159.62399053573608, 161.59040546417236, 161.22396397590637, 161.4801971912384, 162.10385656356812, 162.87953448295593, 162.09432291984558, 160.60199666023254, 161.73726272583008, 160.87453317642212, 159.93223452568054, 160.14169263839722, 161.0129895210266, 159.22426176071167, 160.66848754882812, 162.29626655578613, 161.4825541973114, 161.9351670742035, 161.66791939735413, 160.27064990997314, 161.44430232048035, 161.12459564208984, 160.1486737728119, 162.5617551803589, 160.69680762290955, 160.63318634033203]], "valid_times": [[33.63557410240173, 33.47440719604492, 33.064821004867554, 33.02182650566101, 33.339144468307495, 33.223445892333984, 33.67061257362366, 32.977938175201416, 32.966593503952026, 33.274291038513184, 32.8267126083374, 33.67131972312927, 33.09114074707031, 33.16995334625244, 33.350769996643066, 33.32871651649475, 33.78329133987427, 33.19021153450012, 34.155694246292114, 33.41211533546448, 32.87117624282837, 33.34126257896423, 33.25997257232666, 33.03275394439697, 32.815160512924194, 32.89242959022522]], "test_accuracy": 46.07, "convergence_iteration": 26}}