{"config": {"train_options": {"learning_rate": 0.01, "optimizer": "SGD", "batch_size": 128, "number_of_epochs": 300, "loss_parameters": {"temperature": 20, "distillation_type": "FEATURE", "alpha": 0.7, "beta": 0.5}}}, "results": {"train_losses": [[15931.6084125, 15870.2575359375, 15855.304634375, 15844.210953125, 15842.4750890625, 15839.0441734375, 15837.7066, 15847.7048765625, 15853.9059703125, 15853.252359375, 15860.4184859375, 15863.0941265625, 15867.3276875, 15869.2112890625, 15869.087575, 15876.887375, 15879.402525, 15881.085371875, 15881.6956546875, 15885.711571875, 15884.3629078125]], "valid_losses": [[15795.7631125, 15844.03339296875, 15830.3447328125, 15820.78724765625, 15823.8070890625, 15819.11235703125, 15826.1098375, 15820.8480671875, 15851.73493046875, 15819.85608671875, 15829.79081015625, 15821.78804765625, 15822.93240078125, 15824.70906953125, 15832.79181796875, 15839.43013828125, 15848.27173359375, 15839.012221875, 15856.90160078125, 15861.7948734375, 15855.360215625]], "train_accs": [[2.6725, 5.3975, 7.285, 9.09, 10.8925, 12.092500000000001, 13.209999999999999, 14.0775, 14.979999999999999, 15.690000000000001, 16.4825, 17.0775, 17.985, 18.7275, 19.33, 20.135, 20.91, 21.4975, 22.25, 23.22, 24.2875]], "valid_accs": [[4.02, 6.39, 7.779999999999999, 9.81, 11.129999999999999, 12.6, 13.51, 14.149999999999999, 14.37, 15.110000000000001, 15.75, 16.54, 17.54, 18.29, 19.41, 19.78, 20.349999999999998, 21.029999999999998, 22.49, 22.96, 23.630000000000003]], "train_times": [[187.01052689552307, 187.85958409309387, 188.24490308761597, 187.40887069702148, 188.44243216514587, 186.99217224121094, 187.36322355270386, 184.77754592895508, 186.77706503868103, 187.3177695274353, 190.08114099502563, 187.41373491287231, 190.5986888408661, 188.72140860557556, 188.5693781375885, 189.5666720867157, 187.44139575958252, 189.7248411178589, 188.1100594997406, 184.12116742134094, 189.15605521202087]], "valid_times": [[40.65883231163025, 39.132314920425415, 40.32755708694458, 39.098501205444336, 39.157437324523926, 39.41477680206299, 40.52213454246521, 38.772621631622314, 38.75453758239746, 39.40147256851196, 38.926451683044434, 39.95940136909485, 41.28197526931763, 39.50527548789978, 39.68637728691101, 39.06168532371521, 38.74358105659485, 39.841381549835205, 40.02917671203613, 38.62822151184082, 39.19029211997986]], "test_accuracy": 24.65, "convergence_iteration": 21}}