{"config": {"train_options": {"learning_rate": 0.05, "optimizer": "SGD", "batch_size": 128, "number_of_epochs": 300, "loss_parameters": {"temperature": 5, "distillation_type": "FEATURE", "alpha": 0.4, "beta": 0.5}}}, "results": {"train_losses": [[15819.9300859375, 15721.0568921875, 15658.94279375, 15619.476053125, 15548.14706875, 15484.2616796875, 15428.6374359375, 15363.4689265625, 15343.50274375, 15296.9284234375, 15256.9107984375, 15225.1723984375, 15205.3967671875, 15183.6959015625, 15171.0656125, 15155.9225125, 15164.4968359375, 15182.5818421875, 15192.0784171875, 15193.2895796875, 15194.6115859375, 15204.562053125, 15219.2204859375, 15229.8068921875, 15244.9515546875, 15262.433784375, 15299.46653125, 15305.4324703125, 15321.4695640625, 15318.019990625, 15344.7570171875, 15372.9866453125, 15387.76544375, 15395.91413125, 15412.6088984375]], "valid_losses": [[15715.45031328125, 15667.85774296875, 15538.83008984375, 15531.973428125, 15454.85288125, 15389.2119703125, 15351.36027734375, 15345.2220859375, 15268.67558984375, 15230.438046875, 15215.65977265625, 15170.906653125, 15178.92208984375, 15148.56923671875, 15107.949628125, 15139.1795109375, 15124.60495703125, 15144.77386328125, 15144.8291734375, 15158.376446875, 15147.890159375, 15187.5003234375, 15174.50174140625, 15192.97489375, 15205.01199921875, 15233.32268046875, 15259.84386328125, 15296.85853359375, 15272.11492109375, 15279.7524859375, 15305.059375, 15343.06514453125, 15342.6893328125, 15383.19608203125, 15366.26147890625]], "train_accs": [[5.7075000000000005, 12.335, 16.8175, 21.025, 24.932499999999997, 28.5625, 31.605, 34.855000000000004, 37.4225, 39.7925, 42.052499999999995, 44.07, 45.495000000000005, 47.402499999999996, 48.8625, 50.192499999999995, 51.31250000000001, 52.707499999999996, 53.7575, 54.87499999999999, 55.842499999999994, 56.40500000000001, 57.285, 58.4, 59.07, 59.61, 60.2525, 61.019999999999996, 61.545, 62.0125, 62.605, 63.355, 63.5375, 64.2075, 64.57000000000001]], "valid_accs": [[8.61, 11.89, 16.39, 19.139999999999997, 22.18, 23.68, 29.25, 31.31, 34.69, 36.79, 38.03, 39.92, 40.129999999999995, 42.41, 43.25, 44.67, 45.72, 45.879999999999995, 46.81, 44.4, 45.49, 47.13, 46.28, 44.99, 49.08, 49.09, 48.63, 49.84, 48.97, 51.629999999999995, 50.61, 49.87, 51.21, 48.559999999999995, 48.92]], "train_times": [[187.28078532218933, 185.457457780838, 186.406316280365, 185.31529831886292, 188.52173924446106, 185.09867191314697, 185.34151911735535, 186.54676413536072, 185.62748384475708, 186.17072534561157, 183.6912021636963, 186.92936396598816, 185.00954246520996, 182.92384004592896, 185.71912717819214, 185.82270193099976, 186.66501355171204, 186.31203699111938, 185.84450387954712, 186.41138625144958, 188.2015609741211, 187.21518516540527, 186.58252596855164, 185.01315212249756, 185.7221715450287, 185.7134714126587, 185.72273349761963, 185.95675683021545, 186.94450879096985, 186.75566339492798, 187.627361536026, 187.59265327453613, 186.18085932731628, 185.3527250289917, 187.25092911720276]], "valid_times": [[38.37206411361694, 37.678858280181885, 38.88732171058655, 38.91916561126709, 38.50296354293823, 39.31670665740967, 39.000322580337524, 39.47577500343323, 38.59708261489868, 38.42400550842285, 38.78142333030701, 38.98623847961426, 38.172786712646484, 38.29090428352356, 38.44449424743652, 39.2844078540802, 38.83112645149231, 39.015809297561646, 38.971643924713135, 39.06946897506714, 39.13863444328308, 39.16438961029053, 39.01606750488281, 38.82908606529236, 39.08417749404907, 38.556304693222046, 39.25388216972351, 39.19443655014038, 39.13407826423645, 38.563292026519775, 38.96073031425476, 39.297903299331665, 38.982471227645874, 38.532827854156494, 38.71282196044922]], "test_accuracy": 49.57, "convergence_iteration": 35}}