{"config": {"train_options": {"learning_rate": 0.05, "optimizer": "SGD", "batch_size": 128, "number_of_epochs": 300, "loss_parameters": {"temperature": 15, "distillation_type": "FEATURE", "alpha": 0.9, "beta": 0.4}}}, "results": {"train_losses": [[12722.1499796875, 12703.9008328125, 12714.6940140625, 12740.1054640625, 12763.7649046875, 12784.4781515625, 12806.04138125, 12828.207215625, 12846.1066125, 12862.4757515625, 12883.598415625, 12902.151371875, 12918.3613640625, 12931.6796703125, 12945.8406171875, 12960.086853125, 12966.69194375, 12982.589746875, 12996.98873125, 13007.9851703125, 13022.0635828125]], "valid_losses": [[12677.6664421875, 12698.48113359375, 12754.80358984375, 12778.512765625, 12756.42681875, 12795.47213984375, 12831.176875, 12826.2481078125, 12855.5822375, 12872.15682890625, 12888.7543359375, 12905.37058359375, 12913.7720453125, 12926.42187890625, 12956.05538359375, 12957.9348125, 12965.46976015625, 12980.070196875, 12990.1105171875, 13010.2648703125, 13022.1679859375]], "train_accs": [[3.0700000000000003, 6.59, 9.3825, 11.8825, 13.5325, 14.92, 16.1125, 17.71, 19.38, 20.835, 22.31, 23.96, 25.56, 26.8675, 28.3825, 29.612500000000004, 30.775000000000002, 32.0375, 33.32, 34.515, 35.192499999999995]], "valid_accs": [[5.13, 7.829999999999999, 10.8, 12.26, 13.930000000000001, 15.57, 15.25, 16.439999999999998, 18.07, 20.61, 21.48, 22.17, 24.75, 24.57, 26.08, 28.78, 30.03, 30.53, 31.03, 31.31, 32.34]], "train_times": [[161.63635993003845, 163.38066005706787, 162.3608477115631, 161.06155228614807, 161.22427701950073, 161.8293957710266, 162.2479431629181, 161.91146731376648, 162.87016654014587, 161.53417563438416, 162.89332342147827, 160.8657157421112, 161.98203134536743, 163.7742199897766, 161.45858359336853, 160.43158149719238, 163.08900380134583, 160.90402722358704, 159.20608639717102, 161.2875485420227, 164.01254105567932]], "valid_times": [[33.2669575214386, 33.76675581932068, 33.27080535888672, 34.99665641784668, 33.80429172515869, 34.02259111404419, 34.001708030700684, 33.59056639671326, 33.27468252182007, 33.27769708633423, 33.67105555534363, 33.793147802352905, 34.5816388130188, 33.304311752319336, 32.346832513809204, 33.18282699584961, 33.41245913505554, 33.758973121643066, 33.28195881843567, 34.5030734539032, 34.047478437423706]], "test_accuracy": 32.71, "convergence_iteration": 21}}