{"config": {"train_options": {"learning_rate": 0.005, "optimizer": "SGD", "batch_size": 128, "number_of_epochs": 300, "loss_parameters": {"temperature": 10, "distillation_type": "FEATURE", "alpha": 0.6, "beta": 0.2}}}, "results": {"train_losses": [[6392.10127578125, 6372.1410640625, 6359.99014375, 6356.61023125, 6352.61271875, 6350.77292578125, 6347.70034375, 6346.28968359375, 6342.3273484375, 6341.9363640625, 6339.86497734375, 6339.28792578125, 6338.3400640625, 6335.08230703125, 6333.710996875, 6331.35118046875, 6330.26589765625, 6327.57527421875, 6326.53491328125, 6322.585840625, 6322.74456484375, 6320.7241203125, 6317.884109375, 6315.573634375, 6314.25333046875, 6311.02375546875, 6310.22198515625, 6307.98603125, 6305.4880828125, 6304.76990625, 6301.63315625, 6300.68773984375, 6299.0246703125, 6298.6055859375, 6297.97335859375, 6295.81358515625, 6295.61761640625, 6293.2397, 6292.7617609375, 6290.7721671875, 6290.9292609375, 6289.39119921875, 6288.06354296875, 6286.908715625, 6288.3728265625, 6287.53010390625, 6287.27341484375, 6287.45817734375, 6286.86781171875, 6286.46858125, 6285.95088828125, 6284.83435859375, 6284.75089765625, 6285.16961640625, 6284.167965625, 6282.68529375, 6283.66113203125, 6284.3464265625, 6283.25557109375, 6282.67019296875, 6283.65150859375, 6284.02463984375, 6283.89960625, 6284.13066484375, 6283.89973515625, 6283.771509375, 6281.2302125, 6282.06147109375, 6283.84896171875, 6284.25701171875, 6287.48527578125, 6286.24732421875, 6286.43554375, 6287.26829921875, 6288.0857859375, 6288.08101328125, 6290.5454546875]], "valid_losses": [[6393.626642578125, 6363.4985953125, 6343.133967578125, 6357.5277890625, 6336.559065234375, 6345.835188671875, 6342.556802734375, 6340.548294140625, 6342.33611484375, 6340.0569140625, 6343.26333828125, 6334.431697265625, 6335.339541796875, 6328.8893546875, 6331.264771484375, 6327.589575, 6325.582412890625, 6321.123935546875, 6326.529901171875, 6321.61257578125, 6318.974241015625, 6323.492784765625, 6317.55620703125, 6319.932189453125, 6314.144467578125, 6316.00195703125, 6309.242944921875, 6307.071148046875, 6303.51418203125, 6303.16061875, 6299.991888671875, 6297.531160546875, 6303.046637109375, 6300.947718359375, 6295.038301953125, 6295.93284140625, 6293.13929921875, 6290.4732796875, 6289.918544921875, 6288.99831015625, 6286.03844921875, 6293.11413984375, 6281.587956640625, 6283.683789453125, 6285.590626171875, 6290.992609375, 6286.419349609375, 6284.1619328125, 6285.472433203125, 6279.881458203125, 6281.275826171875, 6279.9730453125, 6282.775825390625, 6286.034537109375, 6277.441445703125, 6285.5341203125, 6277.3286359375, 6282.078090234375, 6281.16059921875, 6283.26944140625, 6284.03959921875, 6285.05680625, 6280.201347265625, 6281.103713671875, 6281.361857421875, 6280.296021484375, 6279.21281875, 6277.333282421875, 6283.969217578125, 6286.564210546875, 6283.496629296875, 6285.872680078125, 6285.900103125, 6286.74249296875, 6286.588444140625, 6289.34453125, 6287.019105859375]], "train_accs": [[1.78, 3.8899999999999997, 6.3875, 8.33, 9.9175, 11.2275, 12.217500000000001, 13.11, 14.052500000000002, 14.875, 15.705, 16.5, 17.265, 18.075, 18.9775, 19.5975, 20.3125, 20.8525, 21.7, 22.4725, 23.0975, 23.8575, 24.432499999999997, 25.0375, 25.772499999999997, 26.4275, 27.115000000000002, 27.839999999999996, 28.4375, 29.26, 30.2025, 30.830000000000002, 31.4925, 32.095, 32.66, 33.129999999999995, 33.942499999999995, 34.5775, 35.215, 35.925000000000004, 36.495, 37.0025, 37.395, 37.964999999999996, 38.3975, 38.964999999999996, 39.6325, 40.03, 40.7025, 41.285, 41.655, 42.1875, 42.51, 43.105, 43.445, 44.269999999999996, 44.735, 44.945, 45.255, 45.9525, 46.4225, 46.6425, 47.057500000000005, 47.8275, 47.8725, 48.42, 48.59, 49.25, 49.6425, 49.895, 50.0125, 50.5975, 50.980000000000004, 51.225, 51.68000000000001, 52.0025, 52.335]], "valid_accs": [[2.53, 5.11, 7.26, 9.45, 10.63, 12.02, 12.520000000000001, 13.270000000000001, 13.43, 14.85, 15.93, 16.31, 17.1, 17.75, 18.87, 19.29, 19.759999999999998, 20.369999999999997, 21.16, 21.490000000000002, 22.86, 22.99, 23.62, 24.29, 24.82, 25.05, 26.779999999999998, 26.75, 28.139999999999997, 28.050000000000004, 29.080000000000002, 28.849999999999998, 29.709999999999997, 30.34, 30.94, 31.19, 32.15, 32.12, 33.1, 33.15, 33.06, 33.93, 34.92, 34.62, 35.24, 35.21, 35.96, 35.92, 35.69, 35.96, 37.91, 37.22, 38.07, 37.65, 37.36, 39.87, 38.61, 39.78, 39.050000000000004, 40.35, 40.63, 40.71, 40.849999999999994, 40.949999999999996, 40.64, 41.449999999999996, 41.699999999999996, 42.14, 42.47, 42.199999999999996, 43.14, 42.85, 43.56, 43.480000000000004, 43.72, 43.76, 43.93]], "train_times": [[156.5983521938324, 156.77564764022827, 157.14392566680908, 158.23663520812988, 157.6894495487213, 157.14674758911133, 157.31677341461182, 156.7181839942932, 157.58122396469116, 157.12500309944153, 158.33712220191956, 157.510155916214, 156.80887413024902, 156.30379223823547, 156.03781151771545, 157.3651089668274, 158.5178210735321, 157.00104546546936, 157.34736251831055, 157.1743094921112, 158.2673864364624, 157.71295309066772, 157.39388060569763, 156.30331087112427, 158.83336353302002, 157.10588455200195, 157.82496118545532, 157.0166974067688, 157.36872601509094, 156.231605052948, 157.79933214187622, 157.97696495056152, 156.70976877212524, 156.02880764007568, 157.78869771957397, 156.90181732177734, 157.8973093032837, 156.14068722724915, 157.11527943611145, 155.16956281661987, 156.16552138328552, 158.02622056007385, 156.71234679222107, 158.55228686332703, 157.20900917053223, 158.39281797409058, 157.12787342071533, 157.80941796302795, 158.04618787765503, 157.26526045799255, 157.8567018508911, 159.05973982810974, 157.38589811325073, 156.44083642959595, 157.92986536026, 157.3290057182312, 157.3377170562744, 156.40304112434387, 156.16491198539734, 157.62114119529724, 157.07336449623108, 155.94328689575195, 156.43455696105957, 158.09343552589417, 157.10005402565002, 156.88212060928345, 156.49808979034424, 157.155371427536, 156.41126036643982, 157.93797039985657, 157.95126032829285, 156.36804866790771, 157.63493394851685, 157.19884848594666, 156.47514295578003, 157.89942979812622, 157.33810877799988]], "valid_times": [[32.902127742767334, 31.677655458450317, 32.07663083076477, 31.76639437675476, 32.0672562122345, 32.0742084980011, 32.55853486061096, 31.77815008163452, 32.13621425628662, 31.748352527618408, 31.58890128135681, 32.75004816055298, 31.862692832946777, 31.806531190872192, 32.30238389968872, 31.960472583770752, 31.898651361465454, 32.78656363487244, 31.45760178565979, 31.785366535186768, 32.193305253982544, 31.958885669708252, 32.065150022506714, 32.19382929801941, 32.117082595825195, 33.170756340026855, 32.905818939208984, 32.44025778770447, 32.026219606399536, 31.397767543792725, 32.07958269119263, 31.749489545822144, 32.9330940246582, 32.56390619277954, 32.30769634246826, 31.570305824279785, 32.671924352645874, 32.05438280105591, 31.928309679031372, 32.30345058441162, 32.11703538894653, 31.88539171218872, 31.604163885116577, 32.21837568283081, 32.56027269363403, 33.0489935874939, 32.141897201538086, 32.37070441246033, 31.985955476760864, 31.780570030212402, 32.07807898521423, 32.15502667427063, 32.108357191085815, 31.50697612762451, 31.919597148895264, 31.963828325271606, 32.332687854766846, 32.462820291519165, 32.27564811706543, 31.798494815826416, 31.75030279159546, 32.10539245605469, 31.850378036499023, 32.229010343551636, 32.1030158996582, 32.03320550918579, 31.843104362487793, 32.50846219062805, 32.31603479385376, 33.2743616104126, 31.92334771156311, 32.2542200088501, 32.50180959701538, 32.15274691581726, 32.99484133720398, 32.425673484802246, 31.77869701385498]], "test_accuracy": 45.14, "convergence_iteration": 77}}