{"config": {"train_options": {"learning_rate": 0.005, "optimizer": "SGD", "batch_size": 128, "number_of_epochs": 300, "loss_parameters": {"temperature": 15, "distillation_type": "FEATURE", "alpha": 0.2, "beta": 0.7}}}, "results": {"train_losses": [[22306.927284375, 22219.74759375, 22171.7816296875, 22141.3109171875, 22140.7535234375, 22130.4392015625, 22115.0394453125, 22101.3612703125, 22099.5662703125, 22097.7256140625, 22091.58338125, 22082.676475, 22090.400584375, 22083.247759375, 22082.538615625, 22074.3820140625, 22071.8050625, 22070.6411515625, 22068.111175, 22063.569209375, 22064.1502203125, 22066.6207796875, 22063.815984375, 22067.1185140625, 22070.6693140625, 22072.317528125, 22071.1394671875, 22072.6393484375, 22071.116325, 22068.7012109375, 22072.488440625, 22068.59426875, 22067.634928125, 22062.2150828125, 22072.3990828125, 22069.0390296875, 22073.32555625, 22075.0076765625, 22071.6340453125, 22074.000978125, 22070.8354921875, 22070.1848765625, 22067.864959375, 22069.1127296875, 22063.350603125, 22064.629296875, 22060.50243125, 22063.40924375, 22057.1584, 22059.4761921875, 22058.926234375, 22061.0326296875, 22061.644984375, 22055.4101109375, 22054.1659921875, 22056.844828125]], "valid_losses": [[22192.5373421875, 22165.99725, 22118.6183765625, 22111.247003125, 22080.8454109375, 22074.85339453125, 22046.041559375, 22032.90341328125, 22040.98874296875, 22045.471896875, 22046.77357265625, 22037.13298515625, 22045.17560390625, 22032.11779296875, 22035.924746875, 22044.33215625, 22020.41419921875, 22046.02225234375, 22006.95981796875, 22045.91275, 22031.35508125, 22026.8185859375, 22043.97753203125, 22055.6147890625, 22032.91115078125, 22053.42847578125, 22062.2480484375, 22023.45065859375, 22010.29026640625, 22041.20161875, 22022.8046734375, 22003.5775203125, 22025.9876078125, 22031.889846875, 22006.10700703125, 22003.0007609375, 22010.0108234375, 22048.54135390625, 22034.1689546875, 22041.954375, 22026.19994609375, 22061.34567578125, 22026.477915625, 22035.9182203125, 22019.262740625, 22048.3708078125, 22044.84659375, 22029.75604765625, 22031.47762578125, 22051.0374296875, 22035.49535703125, 22029.45015703125, 22046.83079453125, 22047.305684375, 22034.481153125, 22042.26762421875]], "train_accs": [[2.3175, 4.0525, 5.7825, 7.24, 8.715, 9.9325, 11.0875, 12.1025, 12.85, 13.86, 14.552499999999998, 15.145, 15.842500000000001, 16.5225, 17.150000000000002, 17.822499999999998, 18.415, 18.925, 19.695, 20.385, 20.5875, 21.4525, 22.0475, 22.6175, 22.9525, 23.7575, 24.075, 24.6775, 25.532500000000002, 25.865, 26.355, 26.82, 27.3375, 27.93, 28.715000000000003, 29.2, 29.775000000000002, 30.205, 30.935000000000002, 31.35, 31.9925, 32.2975, 32.584999999999994, 33.785, 33.917500000000004, 34.635, 35.1475, 35.245, 35.875, 36.235, 36.905, 37.18, 37.705, 37.95, 38.64, 38.7275]], "valid_accs": [[3.2800000000000002, 5.04, 6.710000000000001, 8.21, 9.86, 11.129999999999999, 11.48, 12.44, 13.889999999999999, 14.84, 14.82, 15.61, 16.009999999999998, 16.12, 17.2, 17.1, 18.05, 18.41, 19.5, 19.689999999999998, 20.07, 20.880000000000003, 21.279999999999998, 22.220000000000002, 22.41, 23.27, 24.26, 23.7, 24.52, 24.740000000000002, 25.97, 25.61, 26.41, 26.76, 27.22, 27.26, 28.42, 28.560000000000002, 29.360000000000003, 29.68, 29.93, 30.049999999999997, 30.94, 31.1, 31.230000000000004, 32.31, 31.89, 33.25, 33.650000000000006, 33.79, 33.85, 33.900000000000006, 34.13, 34.75, 36.15, 35.23]], "train_times": [[161.22431015968323, 161.82497334480286, 161.58150911331177, 160.3967785835266, 161.03370714187622, 160.3964328765869, 160.42075419425964, 161.54033064842224, 160.22600078582764, 161.9095163345337, 161.00753045082092, 160.3077974319458, 160.8612458705902, 161.99772572517395, 160.58924412727356, 161.6988503932953, 160.04199600219727, 161.8319606781006, 160.84816002845764, 159.4001579284668, 160.56481647491455, 160.2366545200348, 160.603928565979, 161.06753253936768, 160.53165483474731, 161.19952511787415, 159.86948013305664, 161.4679503440857, 160.35295748710632, 161.90103363990784, 160.99709057807922, 160.8521990776062, 160.40731000900269, 162.3305389881134, 160.87778043746948, 160.70572566986084, 161.50997281074524, 161.8782184123993, 162.21980261802673, 159.64877581596375, 161.1001431941986, 162.02995252609253, 161.3487753868103, 160.99510264396667, 161.05310010910034, 160.21636700630188, 161.61994338035583, 160.31891012191772, 161.036612033844, 161.86655044555664, 160.48396062850952, 160.44736242294312, 161.03244018554688, 160.47402930259705, 160.70088267326355, 160.59754037857056]], "valid_times": [[33.661229372024536, 33.21601843833923, 34.544682264328, 33.95145225524902, 34.17669129371643, 33.518285036087036, 33.88257646560669, 33.94905161857605, 33.32818055152893, 33.38167595863342, 33.60775279998779, 33.74749231338501, 33.63278889656067, 33.75429153442383, 33.67155694961548, 33.26965022087097, 34.00157165527344, 34.015432357788086, 33.28991627693176, 33.74310255050659, 33.239240884780884, 33.28731393814087, 33.228593826293945, 33.583335399627686, 33.426443099975586, 33.671714067459106, 33.33425712585449, 33.28211498260498, 33.01088070869446, 33.521682262420654, 33.1988046169281, 33.657508850097656, 33.531060218811035, 33.80400562286377, 33.452237367630005, 33.03221678733826, 33.76697301864624, 33.96980142593384, 33.476725816726685, 33.1644401550293, 32.33897662162781, 33.322121143341064, 33.64505362510681, 33.596962690353394, 33.57013463973999, 33.79209923744202, 33.81655192375183, 33.53651142120361, 34.07326054573059, 33.66912364959717, 33.994197607040405, 33.69890546798706, 33.62265658378601, 33.600876808166504, 33.38897347450256, 34.285383462905884]], "test_accuracy": 36.59, "convergence_iteration": 56}}