{"config": {"train_options": {"learning_rate": 0.05, "optimizer": "SGD", "batch_size": 128, "number_of_epochs": 300, "loss_parameters": {"temperature": 5, "distillation_type": "FEATURE", "alpha": 0.9, "beta": 0.4}}}, "results": {"train_losses": [[12749.6387859375, 12721.59514375, 12745.632978125, 12778.5804296875, 12801.691790625, 12814.781784375, 12830.3925265625, 12851.6977640625, 12869.6319140625, 12881.457515625, 12899.3686890625, 12913.768278125, 12926.1436140625, 12941.460596875, 12954.42965625, 12964.1000546875, 12976.1203671875, 12986.507275, 13001.0854625, 13013.1079234375, 13025.533940625]], "valid_losses": [[12745.761965625, 12746.772815625, 12799.13352421875, 12749.37008203125, 12787.84156640625, 12817.562140625, 12841.36796953125, 12838.64000625, 12838.133128125, 12890.93600703125, 12907.7396265625, 12901.6173328125, 12938.18978984375, 12958.80387578125, 12974.87133203125, 12969.2377875, 12982.60409296875, 13008.78015390625, 13010.64643828125, 13009.8680015625, 13022.40437734375]], "train_accs": [[3.1850000000000005, 7.19, 9.8025, 12.0625, 13.5775, 15.09, 16.7725, 18.5075, 20.0575, 21.765, 23.29, 24.712500000000002, 26.365, 27.534999999999997, 28.702499999999997, 29.6375, 30.955, 32.190000000000005, 33.2725, 34.3675, 35.192499999999995]], "valid_accs": [[5.6000000000000005, 8.73, 10.74, 11.799999999999999, 13.200000000000001, 15.28, 15.65, 17.16, 18.5, 21.21, 22.59, 23.13, 25.21, 26.71, 27.61, 28.000000000000004, 29.830000000000002, 30.54, 31.619999999999997, 31.669999999999998, 33.47]], "train_times": [[162.18997645378113, 158.22852182388306, 162.13102078437805, 162.74888348579407, 159.73118042945862, 160.27537059783936, 161.17039561271667, 162.4680531024933, 159.29196166992188, 162.02384281158447, 159.32442784309387, 160.3557448387146, 159.42134380340576, 161.4339554309845, 161.59405374526978, 158.6548204421997, 162.71321940422058, 160.65957260131836, 158.8464162349701, 162.06262803077698, 160.07388377189636]], "valid_times": [[33.383678913116455, 33.569928884506226, 33.0496768951416, 33.0453827381134, 36.04578161239624, 33.21858263015747, 32.6126070022583, 33.70170331001282, 33.65879416465759, 32.830933570861816, 33.16990399360657, 33.53483462333679, 33.57026958465576, 32.90151071548462, 33.26153612136841, 34.61022472381592, 33.410080432891846, 32.50422763824463, 32.92318844795227, 33.39440894126892, 33.180864095687866]], "test_accuracy": 34.12, "convergence_iteration": 21}}