{"config": {"train_options": {"learning_rate": 0.05, "optimizer": "SGD", "batch_size": 128, "number_of_epochs": 300, "loss_parameters": {"temperature": 20, "distillation_type": "FEATURE", "alpha": 0.7, "beta": 0.4}}}, "results": {"train_losses": [[12692.614503125, 12633.2711015625, 12627.1698171875, 12627.2720265625, 12623.573903125, 12614.6511546875, 12604.8363140625, 12606.6517859375, 12615.0926265625, 12626.3288546875, 12629.2174671875, 12630.947140625, 12640.1462671875, 12648.4708859375, 12653.5419984375, 12659.31138125, 12671.9712453125, 12687.62635, 12692.4230171875, 12707.040934375, 12723.1363015625, 12734.3977484375, 12747.9406359375, 12759.6608984375, 12769.8729171875, 12781.471521875, 12791.6533859375, 12802.44585625]], "valid_losses": [[12653.4247015625, 12641.05343828125, 12666.164721875, 12672.13834296875, 12649.45767421875, 12643.53004921875, 12628.7214125, 12613.10499921875, 12620.6364765625, 12618.23418125, 12632.49447578125, 12636.4811390625, 12649.39062109375, 12651.34750390625, 12649.5915234375, 12668.20813125, 12686.3394375, 12696.6252796875, 12706.87301015625, 12722.32195234375, 12733.336334375, 12747.091946875, 12755.29237421875, 12763.9838296875, 12783.30493359375, 12791.61427109375, 12797.56720234375, 12817.27417109375]], "train_accs": [[4.7325, 10.8, 14.89, 17.955, 20.9675, 24.0425, 27.200000000000003, 29.567500000000003, 32.225, 34.5175, 36.765, 38.567499999999995, 40.5925, 42.275, 43.3525, 45.35, 46.1225, 47.8275, 48.82, 49.71, 51.0375, 51.94, 53.0475, 53.8575, 54.7025, 55.325, 56.215, 57.0125]], "valid_accs": [[7.62, 12.540000000000001, 15.61, 17.580000000000002, 20.29, 23.36, 25.44, 26.900000000000002, 27.73, 30.470000000000002, 32.4, 32.73, 34.36, 37.230000000000004, 37.669999999999995, 36.68, 39.1, 39.36, 41.6, 41.31, 43.4, 43.22, 44.080000000000005, 45.94, 46.379999999999995, 45.31, 45.03, 48.809999999999995]], "train_times": [[159.83754229545593, 161.15696263313293, 159.20384764671326, 160.41846895217896, 160.20390129089355, 158.46696305274963, 158.3262505531311, 159.68476223945618, 159.38403344154358, 159.01242327690125, 159.18907570838928, 161.27577781677246, 158.34236669540405, 158.48437428474426, 160.98084330558777, 158.7723672389984, 158.92854022979736, 159.4142186641693, 159.20835852622986, 160.13004112243652, 160.91511344909668, 160.1016068458557, 157.9508547782898, 159.52159595489502, 159.67178654670715, 158.52669477462769, 158.92902827262878, 160.65991282463074]], "valid_times": [[32.91510486602783, 33.06533932685852, 32.98109006881714, 32.61167120933533, 33.599544286727905, 34.5451123714447, 33.345985651016235, 33.23647737503052, 33.56740212440491, 33.03392148017883, 32.52751064300537, 32.7654595375061, 34.126662492752075, 32.764324426651, 32.6472327709198, 33.70988368988037, 32.86079740524292, 33.527562856674194, 32.464887619018555, 32.64436459541321, 32.42687153816223, 33.05628418922424, 34.12298655509949, 32.85313677787781, 33.45529794692993, 33.48183798789978, 32.39627289772034, 32.86395788192749]], "test_accuracy": 48.82, "convergence_iteration": 28}}