{"config": {"train_options": {"learning_rate": 0.05, "optimizer": "SGD", "batch_size": 128, "number_of_epochs": 300, "loss_parameters": {"temperature": 5, "distillation_type": "FEATURE", "alpha": 0.8, "beta": 0.3}}}, "results": {"train_losses": [[9493.36380390625, 9456.05352265625, 9449.76470703125, 9446.6974, 9455.02924296875, 9460.3781578125, 9462.21348828125, 9471.672784375, 9471.65220625, 9475.47748359375, 9480.4130140625, 9488.2867046875, 9496.55276484375, 9505.9275796875, 9516.70517109375, 9525.621509375, 9534.46115625, 9544.20239140625, 9553.47841015625, 9563.2856015625, 9568.93865234375, 9578.64278046875, 9589.45361640625]], "valid_losses": [[9507.92955546875, 9457.807109375, 9440.906294140625, 9461.426124609376, 9455.131127734376, 9444.075590234375, 9473.039940234376, 9465.75285234375, 9472.222309765624, 9464.648912109375, 9482.31231875, 9491.264824609376, 9502.4457453125, 9504.45199765625, 9524.272153125, 9529.488526953124, 9554.114869140625, 9557.45749921875, 9557.4873296875, 9570.743801953126, 9585.251224609376, 9586.75696640625, 9598.704966796875]], "train_accs": [[4.6925, 10.095, 13.2875, 16.615, 19.4475, 22.725, 25.8725, 28.470000000000002, 30.7125, 33.1175, 34.925, 37.152499999999996, 38.832499999999996, 40.025, 42.017500000000005, 43.3125, 44.4675, 45.540000000000006, 46.725, 48.02, 49.1175, 49.935, 50.6425]], "valid_accs": [[8.05, 11.700000000000001, 14.92, 17.05, 19.139999999999997, 22.34, 24.709999999999997, 27.639999999999997, 29.32, 29.770000000000003, 32.769999999999996, 33.78, 34.33, 36.09, 37.09, 39.129999999999995, 39.269999999999996, 38.42, 39.72, 40.31, 41.83, 43.13, 43.53]], "train_times": [[158.99624228477478, 159.64533972740173, 158.67146110534668, 157.89017605781555, 158.81548190116882, 160.77744245529175, 158.4005835056305, 158.87673830986023, 159.72655487060547, 160.3572976589203, 157.26506638526917, 159.07229709625244, 159.9083685874939, 160.79940128326416, 159.58105993270874, 158.5756278038025, 159.61851978302002, 158.48609566688538, 160.33571457862854, 161.12765264511108, 157.54925870895386, 157.71405959129333, 159.7577588558197]], "valid_times": [[33.56739521026611, 31.898377656936646, 32.08805751800537, 34.32818865776062, 33.24524116516113, 32.85867619514465, 33.29601240158081, 33.12469244003296, 32.08807682991028, 32.52957057952881, 33.00363039970398, 32.292747259140015, 32.6376428604126, 33.48879599571228, 32.66042613983154, 32.475712060928345, 31.810471057891846, 32.59351181983948, 32.23389983177185, 31.942419290542603, 33.39677953720093, 31.651853322982788, 34.056978940963745]], "test_accuracy": 44.05, "convergence_iteration": 23}}