{"config": {"train_options": {"learning_rate": 0.005, "optimizer": "SGD", "batch_size": 128, "number_of_epochs": 300, "loss_parameters": {"temperature": 20, "distillation_type": "FEATURE", "alpha": 0.3, "beta": 0.5}}}, "results": {"train_losses": [[15904.520128125, 15860.296125, 15829.941084375, 15802.085196875, 15801.2379671875, 15799.15759375, 15801.1447765625, 15792.56455625, 15791.707134375, 15790.1508921875, 15784.6568375, 15784.1679515625, 15783.42899375, 15775.7459796875, 15778.804534375, 15774.5905828125, 15766.6995390625, 15762.008303125, 15757.2756, 15752.0851578125, 15747.60994375, 15734.636809375, 15731.9103546875, 15726.629725, 15719.502065625, 15713.4644, 15705.8007921875, 15702.78466875, 15695.19645625, 15690.60390625, 15679.520809375, 15673.7750453125, 15670.512440625, 15669.0143609375, 15663.432653125, 15655.9790578125, 15652.0713625, 15653.859878125, 15646.333196875, 15642.9710359375, 15637.9620328125, 15641.1534484375, 15638.1972265625, 15637.8508046875, 15630.24915, 15632.4209078125, 15635.0254984375, 15628.0113046875, 15627.9574984375, 15628.27205, 15633.8779, 15633.74920625, 15631.586934375, 15635.456353125, 15632.856978125, 15632.9177609375, 15632.987925, 15636.3250953125, 15632.9255171875, 15633.0323296875, 15634.241840625, 15637.5937859375, 15637.4889109375, 15636.617725, 15635.79293125, 15637.47899375, 15641.70185, 15638.98018125, 15636.4888296875, 15637.8534265625, 15640.221625, 15645.20416875, 15644.140934375, 15649.77633125, 15651.5097109375, 15655.8972546875, 15658.9393453125, 15659.6536015625, 15662.1960171875]], "valid_losses": [[15838.09020859375, 15807.433678125, 15774.09012109375, 15709.8500046875, 15707.591196875, 15769.767678125, 15699.50085234375, 15726.63949765625, 15745.15610078125, 15729.28932890625, 15699.3426453125, 15728.4372265625, 15668.92889609375, 15753.5277703125, 15735.427409375, 15717.190053125, 15727.19562421875, 15744.89406015625, 15755.066240625, 15703.7537109375, 15672.67217109375, 15686.9368125, 15686.06177890625, 15682.36641640625, 15686.13863046875, 15667.473928125, 15646.76451875, 15635.476665625, 15647.6090921875, 15646.75402578125, 15631.54494453125, 15626.13055078125, 15653.26329453125, 15642.43041953125, 15614.61528359375, 15613.7560328125, 15602.81962890625, 15609.77309609375, 15615.62293203125, 15597.1986390625, 15605.72368203125, 15603.0417796875, 15598.97027109375, 15593.994721875, 15589.0642390625, 15618.555096875, 15592.33456328125, 15598.12355703125, 15602.45175390625, 15603.39385703125, 15599.22305390625, 15608.6962859375, 15610.803865625, 15608.25894296875, 15593.1115609375, 15607.6971078125, 15615.14633125, 15611.09538046875, 15586.68662578125, 15604.00442421875, 15604.3494765625, 15607.68109921875, 15607.06839921875, 15611.501865625, 15611.73070859375, 15597.36285390625, 15612.70201796875, 15608.96106171875, 15610.17744140625, 15605.55841171875, 15611.81571953125, 15613.90313984375, 15618.36220078125, 15630.81025234375, 15627.54257734375, 15637.2704359375, 15636.70914453125, 15645.01311953125, 15628.38776796875]], "train_accs": [[2.19, 4.305, 6.2975, 8.175, 9.7475, 11.31, 12.8275, 14.215, 15.365, 16.3275, 17.2125, 18.1625, 19.18, 19.855, 21.005, 21.805, 22.814999999999998, 23.677500000000002, 24.3625, 25.412499999999998, 26.39, 27.355, 28.342499999999998, 28.8575, 29.9625, 30.5125, 31.3775, 32.232499999999995, 32.92, 33.5875, 34.48, 35.1275, 35.835, 36.4775, 37.4075, 37.8875, 38.714999999999996, 39.4275, 40.150000000000006, 40.5125, 41.160000000000004, 41.7875, 42.2175, 42.8725, 43.3925, 43.925, 44.515, 45.2575, 45.7825, 46.18, 46.33, 46.94, 47.765, 47.88, 48.5575, 48.4625, 49.1975, 49.3475, 49.995, 50.32, 50.739999999999995, 51.177499999999995, 51.515, 51.7625, 52.125, 52.795, 53.107499999999995, 53.3975, 53.642500000000005, 53.779999999999994, 54.35, 54.462500000000006, 55.2625, 55.5775, 55.735, 55.7975, 56.682500000000005, 56.7875, 57.1325]], "valid_accs": [[3.6999999999999997, 5.6899999999999995, 7.539999999999999, 9.180000000000001, 9.91, 12.17, 13.54, 14.610000000000001, 15.53, 16.42, 16.17, 17.77, 17.49, 19.009999999999998, 19.689999999999998, 20.62, 21.4, 22.52, 24.060000000000002, 24.15, 24.64, 25.380000000000003, 26.669999999999998, 27.61, 28.53, 28.15, 29.110000000000003, 29.080000000000002, 31.31, 31.56, 31.290000000000003, 32.82, 32.98, 33.76, 33.900000000000006, 34.25, 35.160000000000004, 35.199999999999996, 36.449999999999996, 36.94, 37.51, 37.36, 37.81, 38.24, 38.62, 39.21, 39.48, 39.68, 40.150000000000006, 40.2, 40.98, 41.42, 41.02, 41.47, 42.13, 42.16, 42.59, 42.64, 43.56, 42.92, 43.0, 43.45, 43.14, 42.99, 43.580000000000005, 43.580000000000005, 44.26, 44.25, 44.25, 44.800000000000004, 45.03, 44.96, 45.03, 45.25, 45.23, 45.660000000000004, 45.37, 45.43, 45.09]], "train_times": [[161.65554213523865, 160.6148054599762, 160.22663617134094, 162.39474534988403, 161.65476894378662, 161.13211297988892, 161.4125747680664, 159.19010877609253, 158.68468165397644, 159.54382705688477, 160.73698472976685, 159.6473319530487, 158.82010173797607, 157.49247217178345, 157.94389820098877, 159.6677839756012, 160.70780420303345, 158.84968423843384, 157.63148736953735, 157.8875117301941, 159.00295519828796, 160.48116159439087, 158.21743774414062, 159.31537461280823, 159.7481722831726, 158.85633826255798, 158.56319093704224, 159.6984179019928, 159.4103856086731, 158.17035579681396, 158.4148235321045, 158.4392373561859, 159.16669607162476, 159.0862374305725, 159.98618340492249, 159.56026911735535, 159.1086778640747, 158.88867163658142, 157.90189743041992, 158.48710203170776, 159.5116446018219, 159.6523826122284, 159.92436718940735, 159.09895062446594, 159.896409034729, 158.1660397052765, 160.16089057922363, 158.06282806396484, 159.35564398765564, 159.12072253227234, 159.32154822349548, 158.38727402687073, 160.2258744239807, 157.306565284729, 158.50666165351868, 158.51882195472717, 158.42208337783813, 158.73314666748047, 159.96831393241882, 157.55963706970215, 158.3713767528534, 157.48783779144287, 159.2164831161499, 158.58944463729858, 158.72963571548462, 158.97614216804504, 159.60550832748413, 158.7606463432312, 158.63774037361145, 158.72332406044006, 157.94424676895142, 159.29353976249695, 157.36578559875488, 158.37220644950867, 159.59833574295044, 158.900812625885, 157.93462753295898, 158.13266921043396, 158.6218385696411]], "valid_times": [[33.76139426231384, 33.300872564315796, 33.42788076400757, 33.57075381278992, 33.374552726745605, 33.16630673408508, 33.39918351173401, 33.488630294799805, 34.379477739334106, 33.39428353309631, 33.39550566673279, 33.496888637542725, 32.92669343948364, 33.011582374572754, 32.644105672836304, 33.44565176963806, 33.47573757171631, 32.088003396987915, 33.416706800460815, 33.302520513534546, 32.995423555374146, 32.984302043914795, 32.849234104156494, 33.05252170562744, 33.3180673122406, 33.10704302787781, 32.927571058273315, 32.77268075942993, 33.010188817977905, 33.0544319152832, 33.395827770233154, 33.030731201171875, 32.81175255775452, 33.36313009262085, 33.28482389450073, 32.99229168891907, 32.742302894592285, 32.93388032913208, 33.02685832977295, 33.81617569923401, 33.03837299346924, 32.69453239440918, 33.487160205841064, 33.51007032394409, 33.18326926231384, 33.07536315917969, 32.4446074962616, 32.690412521362305, 32.85565996170044, 32.914024114608765, 33.17675304412842, 32.395729541778564, 32.47822427749634, 32.80321168899536, 33.12703084945679, 32.72418165206909, 33.14750385284424, 32.93457651138306, 33.44004464149475, 32.732173919677734, 32.815945625305176, 32.9632613658905, 32.641483545303345, 33.12524747848511, 32.90564441680908, 33.014535903930664, 32.752378940582275, 32.67817974090576, 32.55609631538391, 32.95888638496399, 32.43655347824097, 33.1272246837616, 33.045074224472046, 32.86991620063782, 32.93204712867737, 33.39202308654785, 33.00338625907898, 33.24499773979187, 33.22765851020813]], "test_accuracy": 47.31, "convergence_iteration": 79}}