{"config": {"train_options": {"learning_rate": 0.005, "optimizer": "SGD", "batch_size": 128, "number_of_epochs": 300, "loss_parameters": {"temperature": 10, "distillation_type": "FEATURE", "alpha": 0.1, "beta": 0.4}}}, "results": {"train_losses": [[12708.164184375, 12640.25763125, 12621.2952484375, 12613.7867640625, 12607.3853796875, 12596.1343171875, 12587.6576703125, 12576.1831109375, 12564.2136046875, 12554.180053125, 12548.0460890625, 12532.9351359375, 12526.912553125, 12520.7482171875, 12514.0360421875, 12503.106, 12491.7506484375, 12484.01626875, 12472.03048125, 12463.059571875, 12452.88465625, 12446.7952796875, 12440.2363828125, 12433.135940625, 12426.3048546875, 12418.3466890625, 12409.5922609375, 12401.150496875, 12396.718040625, 12392.5532375, 12387.8973234375, 12383.26298125, 12378.87975, 12375.8728953125, 12377.610828125, 12372.2615046875, 12369.975359375, 12360.3232328125, 12356.2315546875, 12349.610984375, 12345.936075, 12346.7293203125, 12343.878003125, 12338.60881875, 12337.931940625, 12335.8262375, 12334.356765625, 12341.9314796875, 12341.3054671875, 12337.8244875, 12331.9028359375, 12334.322703125, 12339.307365625, 12338.952771875, 12334.8287953125, 12335.687334375, 12332.59628125, 12335.996465625, 12335.9566453125, 12337.8678328125, 12338.378625, 12341.7735984375, 12339.830465625, 12342.3730015625, 12344.0542046875, 12340.4583875, 12345.060771875, 12348.2739578125, 12349.0711296875, 12348.6688, 12347.2598890625, 12349.202328125, 12348.4834703125, 12354.716690625, 12349.8731265625, 12350.6310984375]], "valid_losses": [[12615.69291875, 12613.28196171875, 12628.1704625, 12582.06648671875, 12585.3780265625, 12604.00015078125, 12578.430890625, 12556.225325, 12563.49221640625, 12536.0887375, 12536.8245765625, 12506.34010703125, 12529.66385, 12517.7032828125, 12512.49972890625, 12506.01306484375, 12490.97361328125, 12482.317121875, 12474.0861140625, 12482.12986171875, 12468.484959375, 12423.14110390625, 12445.76554453125, 12440.151734375, 12437.750665625, 12437.28506171875, 12425.662090625, 12422.04487109375, 12399.9837109375, 12396.38542109375, 12390.968871875, 12372.92932265625, 12391.16151796875, 12377.22077109375, 12395.4869484375, 12382.49233046875, 12370.40922578125, 12360.76924453125, 12359.8326015625, 12368.76885234375, 12363.448275, 12342.904115625, 12355.3875234375, 12343.0290828125, 12344.98161328125, 12333.71674453125, 12349.4108796875, 12325.22896171875, 12351.44453203125, 12328.08635, 12333.21885546875, 12334.2872046875, 12347.04013828125, 12321.96656171875, 12334.14543671875, 12318.59725859375, 12323.0748515625, 12342.5295125, 12336.0478515625, 12339.01316640625, 12334.7029703125, 12342.50320703125, 12347.47914296875, 12334.998790625, 12339.66274765625, 12342.56104296875, 12339.9770296875, 12328.8176890625, 12325.490246875, 12335.8041171875, 12347.31266484375, 12344.57694375, 12349.2438375, 12344.48615390625, 12339.309753125, 12348.53345859375]], "train_accs": [[3.0875, 6.8775, 9.2, 11.254999999999999, 13.145000000000001, 14.84, 16.375, 17.782500000000002, 19.1825, 20.5125, 21.857499999999998, 23.375, 24.3575, 25.645, 26.9025, 28.17, 29.357499999999998, 30.4325, 31.345, 32.6475, 33.5775, 34.502500000000005, 35.4675, 36.49, 37.3575, 38.285000000000004, 39.3525, 40.050000000000004, 40.965, 41.75, 42.559999999999995, 43.225, 44.185, 44.83, 45.5, 46.215, 46.527499999999996, 47.5275, 48.004999999999995, 48.5, 49.195, 49.815, 50.1575, 50.847500000000004, 51.53, 51.60249999999999, 52.237500000000004, 52.88, 53.400000000000006, 53.432500000000005, 54.525, 54.732499999999995, 55.0625, 55.46, 56.18, 56.525000000000006, 56.8725, 57.120000000000005, 57.7875, 58.32000000000001, 58.2525, 58.809999999999995, 58.9275, 59.445, 59.85, 60.135000000000005, 60.49, 60.81999999999999, 61.4775, 61.612500000000004, 61.96, 62.4425, 62.705, 62.675000000000004, 63.44, 63.112500000000004]], "valid_accs": [[5.08, 8.21, 9.65, 12.2, 13.930000000000001, 14.77, 16.08, 17.53, 18.509999999999998, 19.759999999999998, 21.01, 21.790000000000003, 23.69, 24.19, 25.77, 26.36, 27.6, 28.27, 28.79, 30.17, 31.019999999999996, 32.36, 33.36, 33.85, 34.73, 35.02, 34.72, 36.75, 36.9, 37.91, 37.72, 39.550000000000004, 39.2, 39.489999999999995, 37.82, 40.52, 40.839999999999996, 41.099999999999994, 40.32, 42.449999999999996, 41.91, 42.870000000000005, 40.26, 42.72, 43.68, 43.34, 43.99, 43.86, 45.31, 45.379999999999995, 45.5, 45.85, 46.25, 46.410000000000004, 46.760000000000005, 47.449999999999996, 47.71, 47.32, 46.72, 47.96, 48.46, 48.41, 46.32, 47.67, 47.12, 48.309999999999995, 47.97, 47.839999999999996, 49.39, 48.6, 48.49, 48.91, 47.53, 49.04, 49.57, 49.220000000000006]], "train_times": [[161.30271935462952, 160.12055683135986, 160.317209482193, 160.87262678146362, 160.64703845977783, 159.71942949295044, 161.02724742889404, 161.97610783576965, 159.36189723014832, 160.50715327262878, 160.53410124778748, 160.53919887542725, 159.81052446365356, 161.01265382766724, 160.06497478485107, 159.68856048583984, 159.3045210838318, 158.39127564430237, 159.9217689037323, 158.62273645401, 158.56667757034302, 160.28786301612854, 159.41829323768616, 158.75540685653687, 159.97139477729797, 160.40118861198425, 160.6561529636383, 160.3517816066742, 162.12334036827087, 159.51481533050537, 159.35561442375183, 161.59696102142334, 160.74104070663452, 160.04206085205078, 159.50554394721985, 159.14742279052734, 160.45818281173706, 159.84700870513916, 159.03124904632568, 160.81922578811646, 161.73598170280457, 160.18545627593994, 158.69901490211487, 161.15343689918518, 160.0190658569336, 161.21220064163208, 160.48063373565674, 159.0634002685547, 158.38357424736023, 160.6332540512085, 161.33201336860657, 159.3905782699585, 161.31075859069824, 160.12553596496582, 159.6598105430603, 159.88786458969116, 160.53941416740417, 161.4332184791565, 160.78883504867554, 159.30146861076355, 160.23998737335205, 160.42658591270447, 160.7806272506714, 160.2632610797882, 159.8776295185089, 159.77082300186157, 159.51627588272095, 159.57480692863464, 160.08004927635193, 160.47864294052124, 160.2335021495819, 159.90672063827515, 161.13642024993896, 159.55933666229248, 159.4887192249298, 159.7632348537445]], "valid_times": [[33.87313175201416, 32.981398582458496, 33.21353888511658, 33.87110900878906, 33.79654502868652, 33.90050220489502, 33.257322549819946, 33.498122453689575, 33.57477784156799, 33.81083655357361, 34.108277559280396, 33.56453537940979, 33.47223901748657, 33.56698656082153, 33.84539079666138, 33.46763300895691, 33.435267210006714, 33.749441623687744, 33.57842969894409, 33.55451583862305, 33.442020416259766, 33.82858896255493, 33.35326027870178, 33.94657111167908, 33.410712242126465, 33.32551288604736, 33.595134019851685, 33.70341897010803, 33.36726212501526, 33.58318328857422, 32.941948890686035, 33.24925947189331, 33.49147415161133, 33.979631185531616, 33.601359128952026, 33.64299178123474, 33.272870779037476, 33.06870770454407, 33.85412669181824, 33.711251974105835, 33.66107535362244, 33.25814962387085, 33.821457386016846, 33.532047271728516, 33.48741412162781, 33.84580087661743, 33.13978958129883, 33.43750309944153, 33.357951164245605, 33.47901272773743, 33.40831685066223, 33.406599283218384, 33.814146280288696, 33.322487115859985, 33.03750514984131, 33.84149670600891, 33.63679218292236, 33.33305311203003, 33.29048991203308, 33.8242871761322, 33.63196802139282, 33.184231758117676, 33.459237575531006, 32.59286594390869, 33.307225704193115, 33.63256812095642, 33.01789379119873, 33.77096652984619, 33.95719575881958, 33.799328565597534, 33.502989530563354, 33.41524910926819, 33.87509226799011, 33.322895765304565, 33.13220715522766, 33.2931694984436]], "test_accuracy": 51.04, "convergence_iteration": 76}}