{"config": {"train_options": {"learning_rate": 0.05, "optimizer": "SGD", "batch_size": 128, "number_of_epochs": 300, "loss_parameters": {"temperature": 10, "distillation_type": "FEATURE", "alpha": 0.1, "beta": 0.6}}}, "results": {"train_losses": [[18732.191853125, 18607.83828125, 18540.8794921875, 18440.279990625, 18347.0820984375, 18263.959434375, 18221.3736484375, 18165.0166109375, 18150.3420828125, 18131.4085078125, 18112.2760921875, 18112.888846875, 18119.0886953125, 18116.7421265625, 18130.895678125, 18142.390671875, 18146.45870625, 18160.4653328125, 18180.5678984375, 18201.091746875, 18208.9840546875, 18233.2337890625, 18241.5496984375, 18259.8636796875, 18294.0042265625, 18300.1040359375, 18321.1997953125, 18327.1059015625, 18343.0349515625, 18370.687634375, 18383.967090625, 18420.4363265625, 18446.649065625, 18469.4005515625, 18481.007146875]], "valid_losses": [[18705.38413046875, 18456.863359375, 18389.95770078125, 18382.9256640625, 18155.72522421875, 18172.00884140625, 18139.239890625, 18098.71736171875, 18116.33978671875, 18104.74267421875, 18112.65760078125, 18079.94596171875, 18100.97064140625, 18133.29088125, 18076.15271015625, 18089.7951796875, 18107.7389359375, 18132.40619765625, 18181.47479453125, 18175.27343671875, 18193.2201671875, 18204.62677890625, 18235.3482609375, 18249.97322578125, 18290.35946953125, 18284.35092734375, 18294.7729484375, 18299.03878359375, 18311.34846171875, 18338.71076171875, 18364.42686328125, 18400.44491953125, 18435.40241640625, 18459.898753125, 18495.33116875]], "train_accs": [[5.6575, 12.620000000000001, 17.26, 21.905, 25.855, 29.794999999999998, 33.197500000000005, 36.1425, 38.550000000000004, 40.9925, 42.9975, 45.2, 46.73, 48.8975, 50.044999999999995, 51.349999999999994, 52.7, 54.0925, 55.00000000000001, 55.885, 56.8, 58.182500000000005, 58.5075, 59.4475, 60.1425, 60.755, 61.17, 62.08, 62.272499999999994, 63.322500000000005, 63.72, 64.5, 64.895, 65.2375, 65.60000000000001]], "valid_accs": [[8.44, 13.13, 17.9, 22.2, 25.15, 28.389999999999997, 29.5, 31.869999999999997, 32.47, 36.69, 38.03, 37.49, 40.17, 41.510000000000005, 41.5, 42.970000000000006, 43.2, 44.440000000000005, 46.489999999999995, 46.01, 46.46, 46.31, 47.47, 46.86, 49.95, 48.089999999999996, 49.99, 49.059999999999995, 50.24999999999999, 50.370000000000005, 50.370000000000005, 47.339999999999996, 51.790000000000006, 50.49, 49.38]], "train_times": [[158.65398383140564, 158.99743938446045, 158.436461687088, 157.95535683631897, 156.87573885917664, 159.8231372833252, 158.88360381126404, 158.23224067687988, 157.85721111297607, 157.99369406700134, 159.50228691101074, 156.97671270370483, 158.1993432044983, 157.73205184936523, 157.7179412841797, 162.18714046478271, 157.2119016647339, 156.9933671951294, 157.37610960006714, 157.79842591285706, 158.5930802822113, 159.75242686271667, 159.81808519363403, 158.7823212146759, 158.8981590270996, 158.9105031490326, 157.9452714920044, 158.4009382724762, 158.38685846328735, 157.352046251297, 158.43560409545898, 158.75909304618835, 157.40606474876404, 160.28794479370117, 158.61087799072266]], "valid_times": [[33.09541702270508, 32.99141263961792, 32.74647545814514, 33.27821755409241, 33.05046772956848, 32.723649978637695, 32.33539319038391, 33.57397270202637, 32.0977897644043, 32.08154344558716, 32.206326723098755, 33.15965986251831, 32.68237662315369, 32.91153144836426, 33.41513705253601, 33.67476963996887, 32.12240958213806, 31.688744068145752, 33.37075352668762, 33.39852428436279, 33.05322289466858, 33.0716187953949, 33.15845489501953, 33.42265772819519, 32.746702432632446, 33.04492235183716, 32.11135220527649, 33.06806445121765, 32.78116583824158, 33.02509093284607, 33.14164853096008, 32.23963212966919, 32.2273952960968, 33.28844857215881, 32.975115060806274]], "test_accuracy": 50.14999999999999, "convergence_iteration": 35}}