{"config": {"train_options": {"learning_rate": 0.005, "optimizer": "SGD", "batch_size": 128, "number_of_epochs": 300, "loss_parameters": {"temperature": 20, "distillation_type": "FEATURE", "alpha": 0.9, "beta": 0.4}}}, "results": {"train_losses": [[12759.0532671875, 12747.1787515625, 12735.2862859375, 12725.6628390625, 12721.2140078125, 12716.3226328125, 12714.994775, 12715.0538140625, 12712.22320625, 12712.1115609375, 12713.2675765625, 12713.0225671875, 12710.1116625, 12714.0139328125, 12715.5060171875, 12717.0791078125, 12719.378528125, 12723.555153125, 12722.81664375, 12726.8075890625, 12728.862621875, 12729.4457078125, 12733.536746875, 12735.8426578125, 12737.7059234375, 12740.9107828125, 12742.8845015625, 12745.7411234375, 12749.5990671875, 12752.2767296875, 12751.4525125, 12754.2027234375, 12756.09575625]], "valid_losses": [[12711.47198046875, 12698.4538640625, 12702.60862421875, 12688.97464609375, 12685.9352484375, 12690.5367, 12685.376325, 12686.581559375, 12681.7597671875, 12686.2759734375, 12683.4894421875, 12682.25121171875, 12678.362590625, 12684.70506015625, 12694.24860234375, 12679.8985546875, 12693.62673046875, 12699.80565234375, 12699.22143359375, 12710.2634375, 12697.8946515625, 12703.0642203125, 12707.40929375, 12705.9954578125, 12712.39561171875, 12714.096996875, 12721.55952890625, 12721.23993828125, 12723.3897328125, 12721.63765234375, 12733.31123515625, 12730.76844375, 12729.142628125]], "train_accs": [[1.065, 2.0025, 2.2325, 2.6599999999999997, 3.065, 3.705, 4.2725, 4.6875, 5.04, 5.319999999999999, 5.745, 5.9825, 6.5424999999999995, 6.569999999999999, 7.24, 7.5275, 7.8325000000000005, 8.14, 8.522499999999999, 8.737499999999999, 9.0675, 9.417499999999999, 9.64, 10.125, 10.4575, 10.674999999999999, 11.03, 11.4875, 11.725, 11.84, 12.2875, 12.68, 12.94]], "valid_accs": [[1.82, 2.16, 2.58, 3.19, 3.6799999999999997, 4.01, 4.35, 4.83, 5.21, 5.55, 6.0, 6.03, 6.39, 6.75, 7.140000000000001, 7.53, 7.870000000000001, 8.219999999999999, 8.62, 8.690000000000001, 9.24, 9.49, 9.89, 10.100000000000001, 10.33, 11.1, 11.12, 11.52, 12.09, 12.540000000000001, 12.43, 12.76, 13.270000000000001]], "train_times": [[314.34570932388306, 476.9994263648987, 521.7275214195251, 526.9067010879517, 610.3722126483917, 609.0784018039703, 567.6575918197632, 544.5200667381287, 508.31648564338684, 532.0976941585541, 559.0260987281799, 567.6850388050079, 561.3406710624695, 554.8801629543304, 542.9786953926086, 541.4355001449585, 559.931200504303, 542.6920886039734, 533.8309240341187, 534.4528839588165, 532.708527803421, 535.5973584651947, 534.3754847049713, 534.3866665363312, 535.9988050460815, 534.5220756530762, 543.3172249794006, 558.7657008171082, 546.0699145793915, 533.5191214084625, 535.074999332428, 535.3882565498352, 535.36696600914]], "valid_times": [[74.82440948486328, 131.1189796924591, 125.83640742301941, 109.26330208778381, 118.1951994895935, 154.50786924362183, 165.45079493522644, 159.26261281967163, 160.2286093235016, 170.5906012058258, 172.92367792129517, 184.76107549667358, 171.27679204940796, 172.39455676078796, 153.6612958908081, 134.78664112091064, 136.48797416687012, 155.2344937324524, 166.78622150421143, 162.28140473365784, 165.5985770225525, 166.6700644493103, 164.67978978157043, 162.7641100883484, 167.31495881080627, 157.49265432357788, 137.20067763328552, 137.58223342895508, 151.3458650112152, 164.1332302093506, 163.85513544082642, 166.64144206047058, 164.49499464035034]], "test_accuracy": 13.59, "convergence_iteration": 33}}