{"config": {"train_options": {"learning_rate": 0.05, "optimizer": "SGD", "batch_size": 128, "number_of_epochs": 300, "loss_parameters": {"temperature": 5, "distillation_type": "FEATURE", "alpha": 0.3, "beta": 0.3}}}, "results": {"train_losses": [[9405.42543125, 9307.36876171875, 9215.50198359375, 9156.15431015625, 9088.03070703125, 9027.46807578125, 8983.0133109375, 8950.3358640625, 8903.5068546875, 8869.99272734375, 8830.91500546875, 8828.39555703125, 8817.06608125, 8813.64835546875, 8801.8479453125, 8818.56995703125, 8807.577415625, 8816.55489765625, 8800.486925, 8795.26352265625, 8801.544059375, 8809.1865109375, 8807.1764453125, 8806.71448984375, 8828.316821875, 8829.88480546875, 8849.33443671875, 8871.4295140625, 8864.71377109375, 8872.507940625, 8864.4683171875, 8867.757771875, 8877.5547234375, 8879.76663671875, 8879.587553125, 8884.70005546875, 8865.2758109375, 8867.22103515625, 8868.46057265625, 8869.015659375]], "valid_losses": [[9358.603726171876, 9202.87551875, 9165.705651171875, 9091.589679296874, 9026.92899296875, 8993.160573828125, 8965.717315234375, 8908.5093921875, 8875.21123984375, 8841.138659765626, 8809.993559765626, 8786.1028234375, 8810.448001953126, 8747.308984765625, 8808.510239453126, 8798.97818515625, 8789.418858984374, 8801.42579609375, 8757.2832859375, 8745.505825, 8798.820542578125, 8790.849715625, 8772.260697265625, 8807.588534765626, 8791.02965390625, 8786.5591203125, 8841.057337890625, 8839.224955078125, 8848.456273046875, 8843.745558984376, 8804.371673828125, 8863.625508203126, 8863.970451171876, 8867.971080078125, 8869.71716484375, 8833.0359890625, 8840.333284375, 8859.596451171876, 8841.748588671875, 8846.9578546875]], "train_accs": [[6.715, 13.9825, 19.4725, 24.295, 28.15, 32.3575, 35.302499999999995, 38.62, 40.997499999999995, 43.207499999999996, 45.387499999999996, 47.1425, 48.8375, 50.677499999999995, 52.1825, 53.58500000000001, 54.54, 56.0075, 56.705000000000005, 57.7275, 59.01, 59.48, 60.480000000000004, 60.870000000000005, 61.7075, 62.55500000000001, 63.23, 63.355, 63.9775, 64.9675, 65.045, 65.7, 66.49249999999999, 66.6775, 67.2775, 67.3875, 67.7525, 68.7125, 69.04249999999999, 69.0925]], "valid_accs": [[10.07, 15.329999999999998, 19.86, 21.92, 24.67, 27.779999999999998, 31.380000000000003, 31.790000000000003, 32.79, 32.57, 34.64, 35.57, 41.57, 39.1, 40.410000000000004, 37.61, 43.39, 40.9, 43.69, 47.449999999999996, 47.72, 46.45, 50.28, 49.5, 48.67, 46.98, 49.74, 49.68, 51.67, 50.38, 51.03, 51.71, 50.94, 52.04, 50.39, 51.55, 52.94, 52.25, 51.06, 53.410000000000004]], "train_times": [[188.2702498435974, 185.72749400138855, 184.67076683044434, 185.87359285354614, 185.29146456718445, 185.95927596092224, 187.54070043563843, 187.1823844909668, 187.7067756652832, 187.18416810035706, 185.53880500793457, 189.0237648487091, 187.70588850975037, 186.55585360527039, 185.42042899131775, 189.7640655040741, 188.03535056114197, 187.8311152458191, 190.82707285881042, 184.36799478530884, 187.50979495048523, 188.7121617794037, 187.2155318260193, 186.70532250404358, 186.66812872886658, 184.72354793548584, 186.5754885673523, 188.32766914367676, 186.19460153579712, 185.3134834766388, 186.13445520401, 188.28435850143433, 186.56149625778198, 185.94279766082764, 185.9122748374939, 187.17298102378845, 188.18745064735413, 185.7554543018341, 188.1973786354065, 183.19971799850464]], "valid_times": [[39.40594244003296, 39.41903066635132, 39.31379842758179, 38.72828817367554, 39.91031622886658, 39.10222554206848, 39.57762885093689, 39.79719519615173, 38.99124264717102, 38.69839096069336, 39.45703458786011, 39.246548652648926, 40.17241334915161, 40.90798997879028, 39.113845348358154, 39.06178617477417, 39.607030391693115, 39.65138006210327, 39.19594669342041, 39.82202434539795, 39.22083330154419, 38.31134247779846, 38.984742879867554, 39.36419415473938, 40.60072660446167, 39.802152156829834, 39.43044662475586, 38.297330379486084, 38.95541191101074, 38.057637453079224, 40.70654058456421, 38.56112551689148, 39.48802947998047, 40.274359941482544, 39.1898877620697, 39.53917980194092, 40.54049205780029, 39.36041593551636, 38.52583622932434, 39.74052429199219]], "test_accuracy": 54.120000000000005, "convergence_iteration": 40}}