{"config": {"train_options": {"learning_rate": 0.01, "optimizer": "SGD", "batch_size": 128, "number_of_epochs": 300, "loss_parameters": {"temperature": 10, "distillation_type": "FEATURE", "alpha": 0.8, "beta": 0.2}}}, "results": {"train_losses": [[6340.83065078125, 6317.04198125, 6313.58913984375, 6320.19451953125, 6323.6008265625, 6324.9132015625, 6325.05520703125, 6325.452903125, 6326.321809375, 6326.20762734375, 6330.22117734375, 6330.86206953125, 6329.6299625, 6329.8417265625, 6329.74671484375, 6330.02570859375, 6330.23821640625, 6330.71540546875, 6328.54597265625, 6331.7531453125, 6331.53656640625, 6333.332140625]], "valid_losses": [[6322.05289765625, 6320.35905390625, 6325.10196796875, 6324.80044375, 6326.830032421875, 6326.76018984375, 6329.977436328125, 6327.649176171875, 6326.641052734375, 6336.775556640625, 6345.16763828125, 6337.08291875, 6343.244649609375, 6340.66248515625, 6338.5424984375, 6340.2860015625, 6349.82240703125, 6342.32349296875, 6342.580775390625, 6336.652782421875, 6343.67383046875, 6349.073286328125]], "train_accs": [[2.8850000000000002, 5.8625, 8.115, 10.0425, 11.415000000000001, 12.73, 13.942499999999999, 14.97, 15.870000000000001, 16.7425, 17.755000000000003, 18.8275, 19.6525, 20.627499999999998, 21.3325, 22.592499999999998, 23.3475, 24.455, 24.9725, 25.877499999999998, 26.742500000000003, 27.437499999999996]], "valid_accs": [[4.05, 7.290000000000001, 9.25, 10.68, 12.690000000000001, 13.77, 14.75, 15.690000000000001, 16.24, 16.830000000000002, 17.68, 18.27, 18.78, 19.79, 20.89, 21.490000000000002, 21.87, 22.939999999999998, 23.72, 23.72, 24.67, 26.119999999999997]], "train_times": [[188.13918447494507, 189.4214551448822, 187.32707238197327, 190.01113271713257, 187.7685832977295, 186.20074915885925, 188.14446759223938, 189.74036240577698, 188.80011749267578, 188.29661417007446, 189.9638855457306, 189.41031765937805, 185.6595754623413, 189.3856406211853, 186.8591730594635, 184.51717591285706, 188.77618026733398, 185.8314390182495, 189.11421728134155, 187.55476069450378, 185.73055791854858, 186.9929130077362]], "valid_times": [[38.941981077194214, 39.40870141983032, 39.97686696052551, 39.38429069519043, 39.36122250556946, 39.06142711639404, 38.71313166618347, 39.31908392906189, 39.98719263076782, 38.37482571601868, 39.38475561141968, 39.72936177253723, 38.986138343811035, 38.38851714134216, 39.86156249046326, 39.062891244888306, 39.00745224952698, 39.58459186553955, 38.63619256019592, 39.87602663040161, 40.114373445510864, 39.58600068092346]], "test_accuracy": 27.0, "convergence_iteration": 22}}