{"config": {"train_options": {"learning_rate": 0.005, "optimizer": "SGD", "batch_size": 128, "number_of_epochs": 300, "loss_parameters": {"temperature": 20, "distillation_type": "FEATURE", "alpha": 0.7, "beta": 0.2}}}, "results": {"train_losses": [[6388.78429375, 6370.4615015625, 6362.07716015625, 6355.7057578125, 6352.18440234375, 6349.042409375, 6347.4477921875, 6345.94351796875, 6344.06686953125, 6341.04520703125, 6339.595040625, 6339.3120640625, 6338.11745703125, 6338.5337375, 6335.30359609375, 6335.835465625, 6333.2293484375, 6331.52742265625, 6329.9415625, 6328.06888984375, 6327.2835640625, 6327.49848984375, 6325.2381453125, 6322.4493546875, 6323.43178125, 6319.94246484375, 6319.4731078125, 6319.86867265625, 6316.72986328125, 6314.80696640625, 6313.29215234375, 6312.02925078125, 6310.723615625, 6311.06819140625, 6309.33040078125, 6308.0864921875, 6307.67788515625, 6305.63678125, 6303.94141328125, 6305.91502421875, 6304.17356484375, 6304.394809375, 6302.81119140625, 6303.95786015625, 6304.9005671875, 6305.85226171875, 6307.4474765625, 6306.955878125, 6308.31230859375, 6309.97633359375, 6309.52702265625, 6311.4345046875, 6310.6401125, 6311.85952734375, 6311.80786640625, 6313.11510859375, 6312.747046875, 6314.83446796875, 6315.27704453125, 6318.88363203125, 6317.433471875]], "valid_losses": [[6362.7823859375, 6353.247184375, 6343.825880859375, 6348.114533203125, 6338.055677734375, 6344.50900625, 6333.048798046875, 6332.422604296875, 6328.888930078125, 6322.561008203125, 6327.2974421875, 6319.004258203125, 6330.121487890625, 6317.871372265625, 6326.66360546875, 6327.59140625, 6320.63330546875, 6327.8059296875, 6317.994201171875, 6325.93794765625, 6317.227559375, 6319.852725390625, 6322.280566796875, 6324.859005078125, 6317.724054296875, 6315.998738671875, 6319.793944140625, 6318.382209765625, 6302.0772, 6307.4889359375, 6307.081774609375, 6305.6652078125, 6305.271641796875, 6301.8257609375, 6302.94609609375, 6303.34990703125, 6310.63552265625, 6303.65992421875, 6303.008726171875, 6300.600177734375, 6298.1592109375, 6301.399891796875, 6303.34027890625, 6300.219078125, 6303.50275625, 6306.866369921875, 6300.673404296875, 6307.429271484375, 6305.367618359375, 6306.664792578125, 6310.364551171875, 6307.995163671875, 6303.068804296875, 6311.841055859375, 6309.528990234375, 6311.99095, 6316.99595390625, 6312.563155078125, 6320.000386328125, 6321.0608984375, 6314.859641015625]], "train_accs": [[2.2075, 4.415, 6.177499999999999, 7.7524999999999995, 9.0175, 10.41, 11.6525, 12.7275, 13.4325, 14.2025, 14.879999999999999, 15.8025, 16.314999999999998, 17.330000000000002, 17.73, 18.56, 19.3625, 19.99, 20.8075, 21.432499999999997, 22.09, 22.95, 23.755000000000003, 24.285, 25.005, 25.6575, 26.637499999999996, 27.04, 28.005000000000003, 28.7275, 29.375, 29.8425, 30.580000000000002, 31.155, 31.607499999999998, 32.2975, 32.940000000000005, 33.44, 33.7325, 34.42, 34.849999999999994, 35.302499999999995, 35.949999999999996, 36.4925, 36.8975, 37.317499999999995, 37.7975, 38.23, 38.925, 39.385, 39.777499999999996, 40.325, 40.4375, 41.06, 41.33, 41.855, 42.515, 42.912499999999994, 43.03, 43.54, 44.03]], "valid_accs": [[3.27, 5.43, 6.97, 8.49, 9.69, 10.979999999999999, 11.83, 12.82, 13.469999999999999, 14.12, 14.44, 15.15, 16.04, 16.41, 16.869999999999997, 17.89, 18.44, 19.46, 19.74, 21.099999999999998, 21.59, 22.09, 23.119999999999997, 24.03, 24.07, 25.16, 25.2, 25.91, 26.27, 27.400000000000002, 27.900000000000002, 28.42, 29.03, 29.770000000000003, 29.549999999999997, 30.270000000000003, 30.29, 30.97, 31.16, 31.069999999999997, 32.33, 32.34, 32.690000000000005, 33.48, 34.260000000000005, 33.589999999999996, 34.18, 34.849999999999994, 34.599999999999994, 34.99, 36.05, 36.14, 36.480000000000004, 36.32, 36.11, 36.86, 37.97, 37.580000000000005, 38.440000000000005, 38.6, 39.17]], "train_times": [[176.8843276500702, 174.13145351409912, 172.29239320755005, 177.10226607322693, 176.73053860664368, 179.69435596466064, 172.74747323989868, 179.2905969619751, 179.09899878501892, 175.66991519927979, 180.49003672599792, 176.96028470993042, 175.4996199607849, 180.34541583061218, 175.83356094360352, 177.5339493751526, 174.7659251689911, 173.497309923172, 179.93455815315247, 177.77567172050476, 178.93944811820984, 176.19891166687012, 179.14152789115906, 174.0546476840973, 181.0424506664276, 170.3172161579132, 176.79244804382324, 176.28150701522827, 181.524808883667, 174.14421486854553, 176.7464723587036, 178.49119687080383, 177.21695470809937, 176.56414318084717, 174.56233954429626, 177.50963807106018, 178.8344759941101, 177.29477429389954, 179.29371070861816, 181.65147924423218, 178.47984051704407, 176.39337682724, 176.66948437690735, 178.44385743141174, 173.7599904537201, 180.41775393486023, 169.51854372024536, 175.568767786026, 176.44913172721863, 174.68728590011597, 176.54559206962585, 175.30773282051086, 174.95814156532288, 178.3918011188507, 175.78732991218567, 178.66586446762085, 178.17283177375793, 178.28080987930298, 175.6417670249939, 178.13165044784546, 175.42870235443115]], "valid_times": [[36.65409517288208, 36.07576274871826, 34.708062410354614, 35.53486895561218, 34.479228258132935, 35.97477841377258, 36.321794509887695, 35.61923575401306, 36.009934186935425, 35.87481355667114, 37.768898248672485, 37.60026931762695, 36.42313289642334, 39.24911403656006, 37.25741505622864, 36.82098722457886, 35.677634716033936, 36.81845474243164, 36.019954204559326, 35.08880925178528, 35.67231822013855, 35.522475242614746, 36.562572956085205, 36.39101815223694, 36.3480966091156, 35.57470917701721, 36.0999276638031, 36.4549925327301, 36.299184799194336, 35.588589668273926, 38.51186203956604, 36.46361494064331, 37.09392690658569, 36.74667286872864, 35.759602069854736, 35.82622241973877, 35.77576470375061, 34.72153162956238, 35.92220735549927, 35.55019211769104, 35.08358812332153, 36.60036659240723, 36.504197120666504, 35.99459981918335, 35.3990638256073, 37.05731272697449, 36.692214488983154, 37.1057767868042, 35.26278519630432, 35.02561855316162, 36.28105926513672, 35.22633910179138, 37.99542236328125, 36.919392824172974, 35.93280029296875, 37.11139893531799, 34.56728672981262, 37.22682166099548, 36.990620851516724, 35.28291034698486, 36.41354060173035]], "test_accuracy": 40.08, "convergence_iteration": 61}}