{"config": {"train_options": {"learning_rate": 0.005, "optimizer": "SGD", "batch_size": 128, "number_of_epochs": 300, "loss_parameters": {"temperature": 20, "distillation_type": "FEATURE", "alpha": 0.6, "beta": 0.8}}}, "results": {"train_losses": [[25523.1163, 25490.589715625, 25472.108090625, 25461.1521625, 25453.554778125, 25449.7348125, 25453.85405, 25451.833625, 25444.034115625, 25436.29903125, 25437.01040625, 25431.7265375, 25424.5621375, 25428.749878125, 25429.662278125, 25431.108509375, 25431.8779625, 25437.43730625, 25443.14638125, 25451.599559375, 25456.425496875, 25457.398321875, 25465.043390625, 25470.682965625, 25472.80510625, 25475.45463125, 25477.754384375, 25484.752315625, 25488.777559375, 25495.480303125, 25491.305840625, 25496.103015625, 25500.076778125, 25504.524721875, 25507.582940625, 25513.15275]], "valid_losses": [[25436.368275, 25396.9284640625, 25405.9087890625, 25385.4965203125, 25397.937240625, 25391.1231421875, 25403.0991796875, 25392.4973078125, 25375.41495625, 25382.0342734375, 25381.279759375, 25368.6164328125, 25347.0686640625, 25362.229471875, 25370.026703125, 25340.125434375, 25366.41848125, 25376.3400671875, 25387.7553234375, 25385.1375640625, 25377.780640625, 25393.9808109375, 25401.278178125, 25394.9766109375, 25412.9743515625, 25422.5924859375, 25417.1889625, 25431.6955046875, 25417.5731203125, 25409.1413203125, 25432.3626703125, 25429.5156046875, 25429.7152140625, 25430.605246875, 25459.0000203125, 25465.1759]], "train_accs": [[1.27, 2.13, 2.5575, 3.0925000000000002, 3.9, 4.4025, 4.91, 5.365, 6.2, 6.63, 7.02, 7.4325, 8.157499999999999, 8.584999999999999, 9.0825, 9.5375, 10.09, 10.39, 10.75, 11.387500000000001, 11.72, 12.205, 12.4375, 13.072500000000002, 13.252500000000001, 13.6475, 13.88, 14.145, 14.4675, 14.66, 14.954999999999998, 15.262500000000001, 15.425, 15.65, 15.937499999999998, 16.3225]], "valid_accs": [[1.91, 2.36, 2.8899999999999997, 3.8600000000000003, 4.38, 4.87, 5.16, 5.72, 6.15, 6.710000000000001, 6.92, 7.82, 8.09, 8.780000000000001, 9.53, 9.700000000000001, 10.13, 10.549999999999999, 11.15, 12.0, 12.31, 12.989999999999998, 13.200000000000001, 13.059999999999999, 13.5, 13.94, 14.19, 14.56, 15.049999999999999, 15.14, 14.87, 15.64, 15.629999999999999, 15.989999999999998, 16.33, 16.18]], "train_times": [[185.4982991218567, 177.8366506099701, 180.4166874885559, 178.2664771080017, 179.80636835098267, 178.0853569507599, 179.6250650882721, 180.4590904712677, 178.63585495948792, 179.1041841506958, 181.46138525009155, 172.42723178863525, 181.23811149597168, 173.74599599838257, 175.6806423664093, 176.77355790138245, 175.57692646980286, 172.90938520431519, 178.30350494384766, 178.45758295059204, 175.65361332893372, 175.7846541404724, 173.26247787475586, 180.07626938819885, 175.1476080417633, 177.42544078826904, 173.39569854736328, 180.79226112365723, 173.94652366638184, 180.73404359817505, 179.56106662750244, 172.74403715133667, 179.96370911598206, 173.00052070617676, 171.9623773097992, 178.68637323379517]], "valid_times": [[36.74689722061157, 38.508482456207275, 38.14805817604065, 35.97553324699402, 35.30413007736206, 37.75909209251404, 37.45827388763428, 36.72168207168579, 39.283146381378174, 35.71392869949341, 35.16917943954468, 36.02265381813049, 36.65690755844116, 35.75619912147522, 35.162721395492554, 35.64873027801514, 40.594058990478516, 35.99216055870056, 37.29527950286865, 37.59993290901184, 41.10146903991699, 36.44451332092285, 36.9764883518219, 35.81105279922485, 35.8708279132843, 36.192237854003906, 36.270089626312256, 36.7630033493042, 36.36791729927063, 36.94297790527344, 35.81717920303345, 36.426905155181885, 36.55118489265442, 35.705947399139404, 39.438172578811646, 36.47034287452698]], "test_accuracy": 15.97, "convergence_iteration": 36}}