{"config": {"train_options": {"learning_rate": 0.01, "optimizer": "SGD", "batch_size": 128, "number_of_epochs": 300, "loss_parameters": {"temperature": 15, "distillation_type": "FEATURE", "alpha": 0.6, "beta": 0.9}}}, "results": {"train_losses": [[28740.90883125, 28650.973821875, 28627.305471875, 28639.031640625, 28644.45083125, 28648.74588125, 28660.4354875, 28674.851890625, 28699.573265625, 28720.94045625, 28741.832490625, 28753.860459375, 28773.125753125, 28778.050984375, 28786.304209375, 28794.05789375, 28797.188953125, 28801.15444375, 28802.02284375, 28811.262659375, 28814.47030625]], "valid_losses": [[28578.21835625, 28583.841715625, 28598.62, 28593.7511234375, 28584.049475, 28608.6608609375, 28636.195809375, 28643.7685578125, 28682.5943328125, 28698.6905015625, 28737.470478125, 28744.515059375, 28739.1515203125, 28744.1371328125, 28755.0347875, 28761.43878125, 28769.9984375, 28752.416203125, 28771.89330625, 28759.16039375, 28783.6125703125]], "train_accs": [[1.6150000000000002, 2.5625, 3.0875, 3.5225, 3.785, 4.1775, 4.47, 4.9275, 5.92, 6.81, 6.885, 7.4225, 7.795000000000001, 8.1975, 8.6925, 9.43, 9.7575, 10.33, 10.735, 11.2275, 11.387500000000001]], "valid_accs": [[2.25, 2.79, 3.44, 3.7800000000000002, 4.109999999999999, 4.44, 4.760000000000001, 5.29, 6.619999999999999, 7.01, 7.41, 7.470000000000001, 8.1, 9.04, 9.42, 9.91, 10.16, 10.780000000000001, 10.93, 11.39, 11.790000000000001]], "train_times": [[165.660320520401, 164.77981567382812, 166.77805733680725, 165.61617159843445, 165.16922783851624, 165.88583707809448, 166.3906443119049, 166.27411365509033, 165.55640172958374, 165.7972559928894, 166.23280882835388, 167.25373363494873, 166.34156918525696, 166.56341981887817, 164.28136134147644, 165.75677490234375, 167.43611907958984, 165.95591020584106, 165.0013906955719, 165.89044570922852, 165.45717787742615]], "valid_times": [[33.89506983757019, 34.009012937545776, 34.1604266166687, 34.79524207115173, 33.876585483551025, 33.925458908081055, 34.30113482475281, 34.23660731315613, 34.14317345619202, 34.380475997924805, 34.3430278301239, 34.342151165008545, 34.44430422782898, 33.85370349884033, 33.82518148422241, 34.89130258560181, 34.225931882858276, 34.836299657821655, 34.38895010948181, 34.67290449142456, 34.2392361164093]], "test_accuracy": 12.02, "convergence_iteration": 21}}