{"config": {"train_options": {"learning_rate": 0.05, "optimizer": "SGD", "batch_size": 128, "number_of_epochs": 300, "loss_parameters": {"temperature": 5, "distillation_type": "FEATURE", "alpha": 0.1, "beta": 0.5}}}, "results": {"train_losses": [[15685.6900125, 15550.3895359375, 15431.4915796875, 15321.50781875, 15203.3563625, 15102.4429921875, 15028.20536875, 14932.7665796875, 14852.07153125, 14794.7578625, 14758.6083171875, 14740.1493171875, 14707.702553125, 14685.335621875, 14678.6834671875, 14683.3611796875, 14668.095571875, 14650.919146875, 14658.6232453125, 14676.6686859375, 14666.6318046875, 14695.0044859375, 14716.0146984375, 14715.7471953125, 14708.2869171875, 14734.3444609375, 14754.231890625, 14768.8863078125, 14784.8344921875, 14800.2993578125, 14799.0697015625, 14812.9827328125, 14825.2566921875, 14830.182659375, 14811.516534375, 14835.937665625, 14856.525078125, 14857.628940625]], "valid_losses": [[15643.4560890625, 15562.49512265625, 15330.94362109375, 15250.301409375, 15186.11694765625, 15017.1894, 15001.24159609375, 14888.76229296875, 14812.17288203125, 14792.77298828125, 14741.02945, 14730.36113984375, 14706.20952421875, 14693.04190234375, 14665.77596484375, 14653.8349359375, 14627.9009265625, 14594.8195625, 14634.19918203125, 14640.42725703125, 14650.49691171875, 14686.4746765625, 14704.39129921875, 14642.26411953125, 14732.93704296875, 14692.02302421875, 14765.763359375, 14758.3625203125, 14774.0500375, 14774.7948953125, 14782.40455703125, 14797.871753125, 14816.8478140625, 14785.42344921875, 14824.2430921875, 14808.79335, 14851.6335109375, 14843.8117453125]], "train_accs": [[6.1625, 12.837499999999999, 18.395, 23.385, 27.794999999999998, 31.9625, 35.2275, 38.65, 41.112500000000004, 43.39, 45.4425, 47.3975, 48.822500000000005, 50.237500000000004, 51.787499999999994, 53.300000000000004, 54.232499999999995, 55.5925, 56.364999999999995, 57.4025, 58.1275, 59.0325, 59.8475, 60.370000000000005, 61.06, 62.102500000000006, 62.635, 63.18, 63.980000000000004, 64.2275, 64.7025, 65.3725, 65.60000000000001, 66.295, 66.5775, 67.1425, 67.225, 67.85]], "valid_accs": [[8.24, 14.940000000000001, 18.85, 23.05, 27.38, 31.619999999999997, 33.26, 34.65, 37.980000000000004, 40.56, 43.19, 43.81, 41.870000000000005, 45.410000000000004, 46.97, 43.61, 47.96, 46.54, 47.870000000000005, 48.82, 49.72, 49.14, 49.72, 49.25, 51.88, 49.309999999999995, 51.690000000000005, 51.55, 51.080000000000005, 53.36, 52.27, 52.239999999999995, 51.76, 53.59, 52.459999999999994, 51.77, 52.300000000000004, 52.739999999999995]], "train_times": [[157.7703652381897, 158.5525221824646, 155.97983121871948, 157.27536344528198, 158.58983206748962, 159.01659393310547, 159.08400321006775, 158.04166746139526, 157.81848645210266, 157.83971405029297, 159.18882179260254, 158.1902940273285, 158.46520829200745, 159.05576515197754, 158.95133876800537, 157.9535207748413, 157.88005018234253, 158.0813729763031, 157.8972601890564, 158.6030294895172, 158.40560126304626, 158.12931632995605, 157.82996582984924, 158.3671441078186, 158.1933033466339, 157.1775722503662, 157.83292984962463, 158.68599820137024, 157.74402976036072, 158.9181830883026, 157.43821740150452, 156.71292161941528, 159.27604150772095, 158.08277463912964, 158.2454698085785, 159.44582724571228, 158.7610719203949, 160.08744049072266]], "valid_times": [[33.150813817977905, 32.71968865394592, 32.18871998786926, 32.76217317581177, 33.517746686935425, 32.96068477630615, 32.673091650009155, 33.090383768081665, 32.86427426338196, 32.48040461540222, 33.263500690460205, 33.036242961883545, 33.153059005737305, 32.58407783508301, 33.249449253082275, 33.15982937812805, 32.91920351982117, 32.56758713722229, 32.51124906539917, 33.30280256271362, 32.86625289916992, 32.162259340286255, 32.53012251853943, 32.94484043121338, 32.94665598869324, 33.34882712364197, 33.06378531455994, 33.073877811431885, 33.271849632263184, 33.344115257263184, 32.51160287857056, 32.779914140701294, 32.46513843536377, 32.09494614601135, 32.915690660476685, 33.132118225097656, 33.03843593597412, 32.978925466537476]], "test_accuracy": 52.87, "convergence_iteration": 38}}