{"config": {"train_options": {"learning_rate": 0.005, "optimizer": "SGD", "batch_size": 128, "number_of_epochs": 300, "loss_parameters": {"temperature": 15, "distillation_type": "FEATURE", "alpha": 0.9, "beta": 0.2}}}, "results": {"train_losses": [[6396.7662125, 6389.47516875, 6379.3477859375, 6369.884, 6363.62590859375, 6360.017553125, 6357.218525, 6355.594040625, 6353.56728046875, 6353.14568515625, 6353.1129921875, 6354.2618375, 6355.405371875, 6356.729440625, 6356.64188359375, 6357.865440625, 6358.4772828125, 6360.542646875, 6360.0149328125, 6363.445490625, 6361.925353125, 6363.4501796875, 6364.25275078125, 6365.23619609375, 6366.0565578125, 6366.57588046875, 6368.73330625, 6370.2240703125, 6371.77231328125, 6371.528209375]], "valid_losses": [[6386.804157421875, 6380.035778125, 6363.346090234375, 6359.237568359375, 6354.403167578125, 6347.61500859375, 6346.25286875, 6347.439451171875, 6342.54011875, 6341.131582421875, 6342.3212390625, 6343.898325390625, 6344.289423828125, 6341.781220703125, 6345.95436171875, 6347.99815078125, 6351.750919140625, 6347.62916171875, 6349.397059375, 6347.257733984375, 6348.57218828125, 6350.470622265625, 6351.64729453125, 6355.702605078125, 6357.038247265625, 6358.848275, 6358.4713765625, 6357.351874609375, 6362.3173890625, 6361.080758203125]], "train_accs": [[1.16, 2.54, 3.47, 4.5249999999999995, 5.0825000000000005, 5.6075, 6.105, 6.7675, 7.3725, 7.967499999999999, 8.5425, 9.1325, 9.6675, 10.005, 10.4825, 10.795, 11.2925, 11.5875, 12.045, 12.2475, 12.592500000000001, 12.989999999999998, 13.4575, 13.780000000000001, 13.997499999999999, 14.295, 14.6275, 15.110000000000001, 15.437500000000002, 15.845]], "valid_accs": [[1.82, 3.17, 4.26, 5.1, 5.52, 6.03, 6.81, 7.430000000000001, 8.42, 9.29, 9.74, 10.36, 10.91, 11.129999999999999, 11.3, 11.87, 12.26, 12.620000000000001, 13.01, 13.04, 13.530000000000001, 13.569999999999999, 13.65, 14.02, 14.760000000000002, 14.44, 15.110000000000001, 15.25, 15.21, 15.790000000000001]], "train_times": [[267.34891390800476, 268.8118555545807, 267.6697299480438, 266.5666410923004, 298.700670003891, 310.0014235973358, 307.443395614624, 306.9753258228302, 308.1076292991638, 308.5380756855011, 306.7505478858948, 308.24698090553284, 307.5755958557129, 307.04014134407043, 307.00339007377625, 306.9152476787567, 306.83137106895447, 306.91614174842834, 306.0693542957306, 307.1141023635864, 306.05205941200256, 306.4077579975128, 306.571485042572, 307.212144613266, 307.3208818435669, 306.9744417667389, 306.7145562171936, 307.3255944252014, 307.0308647155762, 306.3955748081207]], "valid_times": [[64.09636378288269, 63.90448355674744, 63.97410535812378, 63.29130482673645, 74.52713346481323, 74.90873765945435, 74.40717482566833, 74.41524767875671, 74.06703996658325, 74.30399870872498, 73.50858855247498, 73.60568428039551, 73.6436219215393, 73.4852659702301, 73.54235196113586, 73.90077805519104, 73.8852150440216, 73.89088535308838, 73.63489389419556, 74.02683997154236, 73.93329215049744, 74.18763542175293, 73.84769058227539, 73.46221590042114, 73.80937170982361, 73.66355729103088, 73.63834929466248, 73.7777316570282, 73.93792700767517, 73.94138884544373]], "test_accuracy": 15.86, "convergence_iteration": 30}}