{"config": {"train_options": {"learning_rate": 0.01, "optimizer": "SGD", "batch_size": 128, "number_of_epochs": 300, "loss_parameters": {"temperature": 10, "distillation_type": "FEATURE", "alpha": 0.8, "beta": 0.6}}}, "results": {"train_losses": [[19082.1246609375, 19018.7886265625, 19019.40874375, 19027.6084296875, 19027.100240625, 19022.977659375, 19020.619271875, 19029.1882125, 19032.0453, 19044.244234375, 19051.365953125, 19059.1608109375, 19067.4692890625, 19076.4735046875, 19079.8490265625, 19084.2485890625, 19089.2582125, 19095.3008515625, 19104.3213625, 19111.1270296875, 19118.7484203125, 19124.7760234375]], "valid_losses": [[18934.04452734375, 18931.0599265625, 19001.65282421875, 18997.85201015625, 18954.43110703125, 18993.10053359375, 18984.9204015625, 18974.18902109375, 19007.356521875, 18976.3811453125, 18974.48313203125, 18986.4040171875, 19029.48976484375, 19021.29462890625, 19027.9402421875, 19029.22884609375, 19066.977146875, 19061.20611328125, 19092.814625, 19089.42814375, 19109.70584453125, 19098.76469453125]], "train_accs": [[2.1350000000000002, 3.3525, 4.8275, 6.1125, 6.6674999999999995, 7.552499999999999, 8.5625, 9.3525, 10.0775, 10.7825, 11.29, 12.0125, 12.6, 13.239999999999998, 13.965, 14.385, 14.985000000000001, 15.55, 16.295, 16.5, 17.22, 17.665]], "valid_accs": [[3.1199999999999997, 4.130000000000001, 6.0, 6.25, 6.98, 7.6499999999999995, 8.67, 8.72, 9.25, 10.01, 10.780000000000001, 11.04, 11.92, 12.989999999999998, 13.100000000000001, 13.76, 14.16, 14.74, 15.25, 15.57, 16.3, 16.97]], "train_times": [[161.32847118377686, 163.94282269477844, 164.90532732009888, 164.00469136238098, 163.4547634124756, 166.0216941833496, 166.11516165733337, 164.12575221061707, 162.86215043067932, 164.32584428787231, 162.48002338409424, 162.8849184513092, 164.81365776062012, 164.27197241783142, 164.68597674369812, 165.2283971309662, 164.35646390914917, 164.5224494934082, 162.80559372901917, 165.89883971214294, 164.63635516166687, 161.41367363929749]], "valid_times": [[34.04302740097046, 33.93970322608948, 33.9112708568573, 35.10442233085632, 33.95171022415161, 34.28357696533203, 33.828933238983154, 33.604795932769775, 33.41249370574951, 33.537917375564575, 35.05014085769653, 33.84116458892822, 34.18244385719299, 33.24338984489441, 33.49283766746521, 33.522966623306274, 33.1006863117218, 33.75789666175842, 33.72509455680847, 33.26600766181946, 33.52301907539368, 34.725868225097656]], "test_accuracy": 17.72, "convergence_iteration": 22}}