{"config": {"train_options": {"learning_rate": 0.01, "optimizer": "SGD", "batch_size": 128, "number_of_epochs": 300, "loss_parameters": {"temperature": 5, "distillation_type": "FEATURE", "alpha": 0.4, "beta": 0.8}}}, "results": {"train_losses": [[25545.667140625, 25469.47076875, 25424.7542375, 25402.91605625, 25382.76315625, 25381.069146875, 25384.05585, 25381.273159375, 25378.562584375, 25393.06445625, 25393.354171875, 25403.42695, 25409.64841875, 25414.0141375, 25416.77839375, 25421.192671875, 25429.20909375, 25435.9952625, 25431.16715, 25430.01813125, 25437.142646875, 25447.669934375, 25455.27984375, 25455.261959375, 25457.124725, 25463.42404375, 25465.89511875, 25468.839871875]], "valid_losses": [[25391.1634953125, 25320.5430984375, 25324.016509375, 25327.4043375, 25316.9071703125, 25324.234515625, 25326.45373125, 25303.824509375, 25324.59884375, 25356.2085390625, 25346.8987109375, 25372.01764375, 25370.708978125, 25392.070365625, 25345.293321875, 25348.99853125, 25377.1551984375, 25394.4555875, 25383.200378125, 25377.3498640625, 25400.675884375, 25417.3860578125, 25361.214628125, 25401.66905, 25395.954946875, 25401.10478125, 25390.9681375, 25417.1913953125]], "train_accs": [[2.2624999999999997, 4.4725, 5.765, 7.2675, 8.8275, 10.285, 11.4925, 12.342500000000001, 13.0975, 13.852500000000001, 14.385, 15.375, 15.8575, 16.8925, 17.3675, 18.2225, 19.085, 19.775000000000002, 20.5225, 21.13, 21.8775, 22.8325, 23.34, 24.04, 24.857499999999998, 25.5625, 26.1675, 26.8]], "valid_accs": [[3.63, 4.99, 6.68, 7.969999999999999, 9.39, 10.489999999999998, 10.54, 11.87, 13.0, 12.629999999999999, 14.180000000000001, 14.71, 14.580000000000002, 15.920000000000002, 16.2, 17.07, 18.09, 19.040000000000003, 19.96, 20.44, 21.13, 21.69, 22.220000000000002, 22.720000000000002, 23.169999999999998, 23.76, 25.56, 25.7]], "train_times": [[160.6214337348938, 158.98883771896362, 158.969096660614, 158.10075783729553, 158.90578174591064, 158.16537070274353, 158.60634922981262, 161.21522331237793, 161.65061712265015, 158.57604575157166, 157.34249210357666, 160.15388298034668, 158.99400925636292, 158.72138619422913, 160.1981236934662, 158.84920978546143, 159.9511272907257, 159.78739762306213, 158.02487754821777, 158.64999079704285, 158.816303730011, 158.44052290916443, 160.10682153701782, 158.22865796089172, 160.42776703834534, 160.48419284820557, 159.51184034347534, 160.904452085495]], "valid_times": [[32.99479579925537, 33.06216621398926, 33.64293837547302, 32.6003839969635, 33.468608379364014, 33.486690044403076, 33.77771306037903, 33.05861139297485, 32.53962445259094, 34.263895750045776, 33.71763563156128, 32.36013579368591, 34.780229568481445, 32.6475625038147, 32.887826919555664, 33.17258095741272, 32.786576986312866, 33.2753369808197, 32.93287777900696, 34.66842699050903, 32.905479192733765, 33.567460775375366, 33.31189227104187, 32.88496780395508, 32.80398225784302, 33.038212060928345, 32.63859558105469, 32.634207248687744]], "test_accuracy": 26.840000000000003, "convergence_iteration": 28}}