{"config": {"train_options": {"learning_rate": 0.05, "optimizer": "SGD", "batch_size": 128, "number_of_epochs": 300, "loss_parameters": {"temperature": 15, "distillation_type": "FEATURE", "alpha": 0.6, "beta": 0.7}}}, "results": {"train_losses": [[22255.2576359375, 22207.7800078125, 22226.41490625, 22242.767865625, 22260.9524703125, 22272.5845, 22278.7473890625, 22289.403503125, 22298.4272609375, 22309.7834421875, 22320.5942875, 22335.570771875, 22349.564403125, 22375.8130125, 22394.5184765625, 22418.767496875, 22442.2793234375, 22463.2573390625, 22478.7079125, 22507.1353875, 22532.5665671875, 22557.98915]], "valid_losses": [[22146.38168203125, 22116.94217734375, 22176.4282828125, 22229.51351171875, 22247.38258125, 22266.96193515625, 22287.720265625, 22303.2020546875, 22311.4763078125, 22326.63750625, 22330.20153203125, 22341.96757265625, 22361.14079453125, 22366.64752890625, 22383.06399921875, 22406.0778515625, 22426.49428671875, 22455.32983984375, 22474.3199109375, 22502.309065625, 22534.605815625, 22551.517059375]], "train_accs": [[3.66, 8.755, 12.455, 15.3475, 18.212500000000002, 20.9575, 23.3875, 26.0675, 28.1075, 30.252499999999998, 32.1275, 33.9525, 35.7825, 37.335, 38.737500000000004, 40.5725, 41.8275, 42.9975, 44.125, 45.53, 46.6, 47.5375]], "valid_accs": [[6.9, 9.86, 13.26, 16.32, 18.69, 20.810000000000002, 24.02, 25.480000000000004, 26.540000000000003, 27.900000000000002, 29.53, 31.78, 32.86, 33.23, 35.44, 35.77, 36.39, 38.269999999999996, 38.59, 38.87, 38.32, 36.94]], "train_times": [[159.91175818443298, 158.34444999694824, 160.36597180366516, 160.14699387550354, 158.2634470462799, 160.8741316795349, 160.76212286949158, 159.30412483215332, 160.18519639968872, 160.10726189613342, 159.23188591003418, 160.09776854515076, 158.52313685417175, 159.9496533870697, 159.1992700099945, 161.5151083469391, 160.48990964889526, 158.8620388507843, 157.99718928337097, 160.10135650634766, 161.00994277000427, 159.27173137664795]], "valid_times": [[34.89334583282471, 32.435131549835205, 32.934568881988525, 32.91460824012756, 33.19096350669861, 33.44359493255615, 32.94112253189087, 32.75718855857849, 32.66168260574341, 32.93981575965881, 34.634936571121216, 33.18111252784729, 33.34975457191467, 33.363420486450195, 33.409934759140015, 32.688642263412476, 32.84424829483032, 34.19975018501282, 32.77317500114441, 32.233295917510986, 32.95023584365845, 33.15357494354248]], "test_accuracy": 38.78, "convergence_iteration": 22}}