{"config": {"train_options": {"learning_rate": 0.05, "optimizer": "SGD", "batch_size": 128, "number_of_epochs": 300, "loss_parameters": {"temperature": 5, "distillation_type": "FEATURE", "alpha": 0.8, "beta": 0.4}}}, "results": {"train_losses": [[12637.7399234375, 12622.89891875, 12643.7105765625, 12659.1369828125, 12671.1357296875, 12682.5934109375, 12680.6472671875, 12682.007540625, 12686.6990640625, 12683.110153125, 12690.4167984375, 12698.3061828125, 12716.4148890625, 12728.261290625, 12735.627834375, 12747.34835625, 12754.963871875, 12764.7547515625, 12775.870478125, 12788.1540921875, 12802.8893890625]], "valid_losses": [[12584.4265, 12637.4107578125, 12653.47816640625, 12708.6581359375, 12692.72939921875, 12674.42234140625, 12655.64867734375, 12687.87509453125, 12669.27693515625, 12666.10748125, 12672.90069609375, 12702.8589203125, 12745.4476015625, 12745.66513515625, 12760.2798625, 12762.231903125, 12779.9870609375, 12792.09947421875, 12797.99336171875, 12800.49628828125, 12825.2956390625]], "train_accs": [[4.0, 8.805, 12.715000000000002, 15.354999999999999, 18.0125, 20.68, 22.955000000000002, 25.607499999999998, 28.025, 30.1325, 32.2075, 33.597500000000004, 35.585, 37.3125, 39.1275, 40.29, 42.059999999999995, 43.18, 44.4675, 45.482499999999995, 46.75]], "valid_accs": [[6.7, 10.89, 12.82, 16.1, 18.099999999999998, 20.06, 23.04, 24.4, 25.619999999999997, 28.499999999999996, 30.520000000000003, 31.919999999999998, 34.67, 32.769999999999996, 34.69, 37.169999999999995, 36.91, 38.190000000000005, 38.879999999999995, 39.629999999999995, 39.68]], "train_times": [[159.22882866859436, 158.97046208381653, 160.32457780838013, 159.8563973903656, 159.88894033432007, 158.34444332122803, 161.00222897529602, 160.74105215072632, 157.29792737960815, 159.9990885257721, 159.54575109481812, 159.0904335975647, 160.89900636672974, 160.30873036384583, 159.79382395744324, 159.9092812538147, 161.5474889278412, 159.84013295173645, 157.8997802734375, 160.12240505218506, 159.69479537010193]], "valid_times": [[33.623921394348145, 33.1902220249176, 33.352712631225586, 32.71834182739258, 34.3386287689209, 33.27716946601868, 33.029733657836914, 33.71889042854309, 33.10377502441406, 33.78737759590149, 33.21334362030029, 32.896198987960815, 33.139482259750366, 33.43442177772522, 33.75670337677002, 34.10940885543823, 33.166972398757935, 33.461023807525635, 32.475356101989746, 32.68013954162598, 33.028263568878174]], "test_accuracy": 40.839999999999996, "convergence_iteration": 21}}