{"config": {"train_options": {"learning_rate": 0.005, "optimizer": "SGD", "batch_size": 128, "number_of_epochs": 300, "loss_parameters": {"temperature": 20, "distillation_type": "FEATURE", "alpha": 0.8, "beta": 0.8}}}, "results": {"train_losses": [[25616.083421875, 25617.898271875, 25615.7030375, 25606.526196875, 25600.5447, 25597.406884375, 25583.97175, 25576.689090625, 25574.30439375, 25570.573425, 25568.26105, 25570.54736875, 25567.170940625, 25572.30195, 25575.41418125, 25573.4487625, 25577.729509375, 25578.799440625, 25579.40875625, 25580.98240625, 25585.542321875, 25585.968028125, 25590.651146875, 25590.033821875, 25593.57068125, 25597.5956875, 25599.98735625, 25605.602665625, 25610.69659375, 25617.99484375, 25620.637746875, 25621.6460625, 25623.626153125, 25629.489628125, 25633.78574375, 25637.596515625, 25640.1210125, 25640.115603125, 25649.32929375]], "valid_losses": [[25579.28014375, 25603.3298234375, 25569.9494921875, 25569.12279375, 25570.5141078125, 25559.1268578125, 25542.0065734375, 25538.334196875, 25544.19144375, 25531.2967375, 25542.1988328125, 25517.3629796875, 25523.9333875, 25530.259021875, 25526.2862796875, 25550.0273890625, 25529.4290359375, 25537.48703125, 25514.14456875, 25530.0648, 25539.038046875, 25536.3789734375, 25548.778428125, 25548.376240625, 25536.9501703125, 25524.7252171875, 25544.839028125, 25555.305428125, 25565.6695734375, 25570.822484375, 25573.36145625, 25569.6492328125, 25577.867453125, 25589.04095625, 25598.3147765625, 25589.881321875, 25591.0885109375, 25618.375778125, 25599.963615625]], "train_accs": [[0.9924999999999999, 1.5150000000000001, 2.0275000000000003, 2.6125, 2.88, 3.0949999999999998, 3.375, 3.5975, 3.95, 4.29, 4.7675, 5.3725000000000005, 5.7924999999999995, 6.152500000000001, 6.444999999999999, 6.77, 7.07, 7.33, 7.6325, 7.8875, 8.387500000000001, 8.7475, 8.965, 9.335, 9.6075, 9.7925, 10.135, 10.272499999999999, 10.69, 10.625, 11.085, 11.2125, 11.27, 11.4675, 11.78, 12.0425, 12.0, 12.245000000000001, 12.520000000000001]], "valid_accs": [[1.09, 1.73, 2.73, 3.3099999999999996, 3.2800000000000002, 3.61, 3.88, 3.9800000000000004, 4.33, 4.859999999999999, 5.55, 5.81, 6.39, 6.7, 7.12, 7.06, 7.28, 7.6899999999999995, 7.829999999999999, 8.1, 8.58, 8.72, 9.17, 9.47, 9.569999999999999, 10.09, 10.25, 10.47, 10.57, 10.73, 10.979999999999999, 10.96, 11.41, 11.51, 11.63, 12.27, 12.11, 12.33, 12.67]], "train_times": [[307.95179557800293, 312.6021592617035, 316.4224717617035, 312.80181670188904, 312.3592941761017, 311.2670476436615, 308.62535881996155, 312.42412543296814, 319.48963809013367, 315.80425667762756, 310.4803876876831, 308.7525885105133, 309.18459153175354, 308.4737226963043, 307.14899373054504, 308.3347156047821, 306.80804419517517, 308.7813677787781, 316.1137716770172, 315.78187012672424, 315.9740297794342, 314.9802269935608, 312.15483570098877, 321.33777379989624, 314.8092613220215, 327.4511320590973, 331.4056348800659, 311.0286922454834, 311.8270454406738, 310.12552404403687, 310.91849184036255, 312.3238847255707, 312.43369126319885, 311.8422815799713, 311.6189477443695, 311.40949392318726, 310.5550649166107, 312.81957268714905, 311.7319037914276]], "valid_times": [[74.6792676448822, 77.53949809074402, 76.48610401153564, 74.24670624732971, 76.25369644165039, 73.46731805801392, 74.75168418884277, 75.5809235572815, 77.39756226539612, 76.08300256729126, 74.39723181724548, 74.60182046890259, 74.34754252433777, 74.04299807548523, 73.31384754180908, 74.26700615882874, 73.67837190628052, 74.81555891036987, 75.76084232330322, 77.07630491256714, 76.87792038917542, 74.72598314285278, 76.87262201309204, 76.06211733818054, 77.16923999786377, 80.72517490386963, 77.09089708328247, 75.01654767990112, 74.7234058380127, 75.09778046607971, 76.51256442070007, 75.98412275314331, 73.90790796279907, 75.41746306419373, 73.54360604286194, 75.19397187232971, 74.56814312934875, 75.57483720779419, 74.76738834381104]], "test_accuracy": 12.620000000000001, "convergence_iteration": 39}}