{"config": {"train_options": {"learning_rate": 0.01, "optimizer": "SGD", "batch_size": 128, "number_of_epochs": 300, "loss_parameters": {"temperature": 20, "distillation_type": "FEATURE", "alpha": 0.9, "beta": 0.5}}}, "results": {"train_losses": [[15869.9750796875, 15862.27765, 15842.4523421875, 15832.5939421875, 15827.1936984375, 15834.966053125, 15841.7627328125, 15843.589975, 15846.0368453125, 15846.562396875, 15850.424271875, 15852.84369375, 15863.4868375, 15867.8028859375, 15876.4483234375, 15883.5899359375, 15892.7482046875, 15898.4380875, 15908.6272359375, 15913.0543375, 15921.0644484375, 15931.1993578125, 15935.4742625, 15945.6417453125, 15951.4593421875, 15960.5379125, 15966.77064375, 15975.1358546875]], "valid_losses": [[15828.33434296875, 15829.21853203125, 15817.95505390625, 15795.19588046875, 15790.40194140625, 15791.801653125, 15793.114240625, 15780.976975, 15797.1687, 15799.1154140625, 15803.38254296875, 15828.26019375, 15823.8186640625, 15844.49662578125, 15849.156028125, 15861.1136515625, 15857.57168984375, 15886.87423984375, 15871.9566640625, 15888.48665390625, 15897.976909375, 15893.9247375, 15916.0571, 15907.06591328125, 15913.4838625, 15934.32486328125, 15930.28706875, 15931.16484375]], "train_accs": [[1.635, 2.25, 3.4549999999999996, 4.6525, 5.7425, 6.5675, 7.5475, 8.305, 9.11, 9.715, 10.215, 10.6075, 11.0125, 11.525, 12.18, 12.495000000000001, 12.959999999999999, 13.2025, 13.6225, 13.9825, 14.4075, 14.7275, 15.0575, 15.345, 15.795, 16.225, 16.4325, 16.755]], "valid_accs": [[1.73, 2.5, 3.66, 5.09, 6.15, 7.140000000000001, 8.23, 8.62, 9.28, 9.62, 10.23, 10.37, 10.879999999999999, 11.51, 12.41, 12.2, 12.78, 13.0, 13.569999999999999, 13.41, 14.2, 14.12, 14.49, 15.010000000000002, 14.89, 15.310000000000002, 15.329999999999998, 15.83]], "train_times": [[158.51646447181702, 156.8821885585785, 159.59125971794128, 156.90321588516235, 157.26090931892395, 159.43656706809998, 159.0861668586731, 157.57330632209778, 159.00520825386047, 158.02901101112366, 157.5203287601471, 158.2709617614746, 158.57956647872925, 157.86968660354614, 159.14444541931152, 157.9364149570465, 157.85177659988403, 158.32690143585205, 158.75022387504578, 158.0898208618164, 157.64681386947632, 157.7908284664154, 158.2710280418396, 158.04912090301514, 158.75700283050537, 157.27727437019348, 157.29616141319275, 157.56388306617737]], "valid_times": [[33.08573389053345, 32.00107550621033, 32.75642991065979, 32.05574297904968, 33.27549386024475, 32.39219689369202, 33.161898136138916, 32.914684534072876, 32.653454542160034, 32.80675935745239, 32.42278218269348, 32.58849835395813, 32.68694710731506, 33.13877534866333, 32.71908783912659, 32.72767877578735, 32.45714211463928, 33.43946075439453, 32.571478843688965, 33.00366759300232, 32.19890332221985, 32.58278298377991, 32.7520010471344, 32.82009720802307, 32.77755117416382, 32.63798642158508, 32.87014627456665, 31.915173768997192]], "test_accuracy": 16.31, "convergence_iteration": 28}}