{"config": {"train_options": {"learning_rate": 0.005, "optimizer": "SGD", "batch_size": 128, "number_of_epochs": 300, "loss_parameters": {"temperature": 20, "distillation_type": "FEATURE", "alpha": 0.8, "beta": 0.3}}}, "results": {"train_losses": [[9563.12656640625, 9542.62042421875, 9536.1463578125, 9533.126303125, 9530.057290625, 9521.117425, 9518.507171875, 9511.85430234375, 9506.52763828125, 9503.01319296875, 9505.1704515625, 9503.31640625, 9503.6810328125, 9506.33949453125, 9506.2841484375, 9508.53155078125, 9509.9776734375, 9509.82145703125, 9509.7415109375, 9510.23345078125, 9510.77491640625, 9510.58269609375, 9511.86508671875, 9511.662775, 9513.12573125, 9512.2909203125, 9512.14469296875, 9513.554534375, 9512.7410421875, 9515.6450171875, 9514.741771875, 9514.8370578125, 9516.86784609375, 9517.7420984375, 9517.96874140625, 9519.179290625, 9518.35530078125]], "valid_losses": [[9518.9258484375, 9498.902153515624, 9508.236035546875, 9518.197684765624, 9503.83674609375, 9503.79616171875, 9491.9660828125, 9484.884523046874, 9489.587224609375, 9485.023133984376, 9483.452520703126, 9477.94716640625, 9478.241644921874, 9479.246229296876, 9483.8328578125, 9469.271976953125, 9467.44157578125, 9470.38108046875, 9469.891271484375, 9471.582663671876, 9474.389094140624, 9468.29824140625, 9479.953305859375, 9481.2938546875, 9479.65529609375, 9481.91411796875, 9476.65289140625, 9487.948291015626, 9487.23515546875, 9477.978116796876, 9476.422093359375, 9485.4351734375, 9479.12957109375, 9492.25485078125, 9486.317317578125, 9486.73407734375, 9493.28926484375]], "train_accs": [[1.625, 2.71, 3.75, 4.73, 5.835, 6.529999999999999, 7.317500000000001, 8.0875, 8.9925, 9.817499999999999, 10.69, 11.465, 12.27, 12.950000000000001, 13.355, 14.045, 14.5725, 15.004999999999999, 15.509999999999998, 15.757499999999999, 16.31, 16.675, 17.1225, 17.4725, 17.837500000000002, 18.224999999999998, 18.8125, 19.0, 19.384999999999998, 19.705000000000002, 20.2325, 20.752499999999998, 21.08, 21.21, 21.607499999999998, 22.005, 22.4075]], "valid_accs": [[2.55, 3.38, 4.36, 5.390000000000001, 6.17, 6.94, 7.5200000000000005, 8.43, 9.5, 10.67, 11.41, 11.91, 12.41, 12.740000000000002, 13.29, 13.8, 14.01, 14.46, 15.14, 15.879999999999999, 15.809999999999999, 15.939999999999998, 16.68, 16.99, 16.85, 17.630000000000003, 18.060000000000002, 18.2, 19.3, 18.83, 19.53, 20.31, 19.650000000000002, 20.119999999999997, 20.72, 21.0, 21.83]], "train_times": [[262.10583758354187, 263.4671037197113, 269.1261513233185, 272.16006207466125, 267.73600482940674, 268.1289875507355, 266.77341532707214, 264.9695909023285, 264.46838450431824, 264.78364086151123, 264.26413202285767, 264.8761305809021, 264.3977847099304, 263.6650264263153, 263.93451023101807, 263.48813033103943, 264.2875998020172, 264.5770523548126, 263.9312837123871, 264.1043345928192, 262.9479715824127, 263.84417939186096, 264.7746980190277, 264.5774323940277, 263.41518092155457, 263.07317566871643, 263.38687801361084, 263.60130548477173, 263.4067351818085, 263.07537484169006, 262.4847962856293, 263.2000415325165, 263.9287738800049, 263.1199436187744, 263.620573759079, 262.7698664665222, 263.6741101741791]], "valid_times": [[62.458733558654785, 64.13623690605164, 64.77348470687866, 65.23708438873291, 64.33640956878662, 63.98869252204895, 63.256219148635864, 63.481842279434204, 63.25649404525757, 63.40345501899719, 63.573121547698975, 63.29340100288391, 63.21845316886902, 63.106274366378784, 63.33777618408203, 63.43800354003906, 63.52496933937073, 63.359721660614014, 62.97361350059509, 63.65432548522949, 63.37454080581665, 62.92918515205383, 63.55660676956177, 64.04860758781433, 63.21680307388306, 63.44580960273743, 62.934184312820435, 63.4499716758728, 62.77959942817688, 63.297555923461914, 63.21909832954407, 63.014920234680176, 63.58922743797302, 62.690534353256226, 63.375540018081665, 63.26220726966858, 62.97273230552673]], "test_accuracy": 21.9, "convergence_iteration": 37}}