{
  "mean_train_accuracies": [
    73.24061666666665, 72.59676666666667, 72.6568, 72.75315, 72.56373333333333
  ],
  "mean_valid_accuracies": [
    51.73126666666666, 51.45353333333333, 51.771800000000006, 50.37586666666665,
    51.92993333333334
  ],
  "mean_test_accuracy": 59.176,
  "mean_valid_loss": [
    1.9910644928690593, 2.0107326919250483, 1.9831331935526533,
    2.0675697074826553, 1.9791793610712687
  ],
  "mean_train_loss": [
    0.9460690978151161, 0.9706500040949186, 0.9663290810287, 0.9681417057861488,
    0.9717931609949271
  ],
  "mean_convergence_iteration": 150.0,
  "mean_train_times": [
    155.8260335826874, 151.45140730381013, 377.69689421812694,
    147.3505272912979, 146.27557872136433
  ],
  "mean_valid_times": [
    13.352404851913452, 12.945052463213603, 13.28563896338145,
    12.601491301854452, 12.49842004776001
  ],
  "test_accuracies": [
    59.95, 59.43000000000001, 59.019999999999996, 58.79, 58.69
  ],
  "avg_train_time": 195.72008822345737,
  "std_train_accuracies": [
    19.225904805185518, 19.019811492552236, 19.027676299100037,
    19.55348953603508, 19.316140044762797
  ],
  "std_valid_accuracies": [
    9.839334889220014, 9.899785192057902, 9.557769340175563, 10.214121348190236,
    10.276735116865774
  ],
  "std_test_accuracy": 0.46327529612531937,
  "std_valid_loss": [
    0.36827545737450423, 0.3720411234907882, 0.3546825854697362,
    0.3738095519019952, 0.3944195096028051
  ],
  "std_train_loss": [
    0.7765949512526699, 0.7707765612584256, 0.7712602799286651,
    0.7940255412534507, 0.781550922598995
  ],
  "std_convergence_iterations": 0.0,
  "std_train_times": [
    12.911685995739017, 5.869937774650821, 2710.502609261339,
    1.6084243359597183, 2.361390423268225
  ],
  "std_valid_times": [
    1.1873254316125408, 0.5857421631885515, 1.1706211286143744,
    0.2416527127225411, 0.2907606422575893
  ],
  "std_avg_train_time": 91.05073703242643
}
