{"config": {"train_options": {"learning_rate": 0.05, "optimizer": "SGD", "batch_size": 128, "number_of_epochs": 300, "loss_parameters": {"temperature": 10, "distillation_type": "FILTER", "alpha": 0.7, "beta": 0.7}}}, "results": {"train_losses": [[56.47711099853515, 56.72535393066406, 56.9754963684082, 57.22010363769531, 57.45659814453125, 57.6833091796875, 57.899131494140626, 58.10463499145508, 58.300996118164065, 58.48855846557617, 58.669171209716794, 58.84103864746094, 59.007392797851566, 59.167183544921876, 59.320640502929685, 59.46794607543945, 59.61024085693359, 59.74507109985352, 59.87513405151367, 59.999743072509766, 60.11913119506836]], "valid_losses": [[56.59629251098633, 56.851247973632816, 57.098120971679684, 57.33829694213867, 57.570057452392575, 57.79461605224609, 58.004635565185545, 58.207892755126956, 58.40038482666016, 58.58996817626953, 58.76310369873047, 58.93414407348633, 59.0986671875, 59.25515600585938, 59.40909177856445, 59.5727096496582, 59.69892587890625, 59.84045864868164, 59.96379556274414, 60.08502635498047, 60.20446591796875]], "train_accs": [[3.81, 8.5075, 11.88, 14.1575, 16.4225, 18.44, 20.427500000000002, 22.615, 24.4775, 26.627499999999998, 28.2175, 30.2425, 32.190000000000005, 33.527499999999996, 35.1225, 36.46, 37.585, 39.125, 40.305, 41.407500000000006, 42.5975]], "valid_accs": [[7.109999999999999, 11.09, 13.91, 15.83, 18.11, 19.689999999999998, 21.36, 23.44, 25.040000000000003, 26.08, 28.110000000000003, 29.23, 30.880000000000003, 32.64, 32.800000000000004, 30.97, 34.42, 33.239999999999995, 35.25, 37.18, 36.88]], "train_times": [[47.88999700546265, 47.893999338150024, 47.897528886795044, 47.94399929046631, 47.904998779296875, 47.89699959754944, 47.907999753952026, 47.937997579574585, 47.92299747467041, 48.08199906349182, 47.79599952697754, 47.77300000190735, 47.80102276802063, 47.888999462127686, 47.80950951576233, 47.771023750305176, 47.76116132736206, 47.7946982383728, 47.784104347229004, 47.86478590965271, 47.8645076751709]], "valid_times": [[9.453000783920288, 9.435002326965332, 9.434001922607422, 9.43100094795227, 9.431000709533691, 9.438000440597534, 9.447000741958618, 9.457002639770508, 9.436001539230347, 9.402000904083252, 9.415000200271606, 9.411000967025757, 9.409002780914307, 9.434999227523804, 9.434924125671387, 9.424522161483765, 9.407002687454224, 9.399001598358154, 9.438520193099976, 9.430000305175781, 9.414193391799927]], "test_accuracy": 37.3, "convergence_iteration": 21}}