{"config": {"train_options": {"learning_rate": 0.005, "optimizer": "SGD", "batch_size": 128, "number_of_epochs": 300, "loss_parameters": {"temperature": 15, "distillation_type": "FILTER", "alpha": 0.3, "beta": 0.6}}}, "results": {"train_losses": [[6.4913524269104, 6.445759504699707, 6.4072617797851565, 6.381041933441162, 6.362324911499023, 6.345405135345459, 6.3317541450500485, 6.324622874450683, 6.320028443908692, 6.317153720855713, 6.316957244873047, 6.314597470092774, 6.313327484893799, 6.312351404571533, 6.3121248100280765, 6.308727909088135, 6.306994121551513, 6.305216046905517, 6.303189081573486, 6.300479261779786, 6.297055882263184, 6.297123377990722, 6.294865864562988, 6.295972508239746, 6.294565285491943, 6.29357974319458, 6.295374335479736, 6.294529905700683, 6.296231861877441, 6.296953168487549, 6.298708139038086, 6.300856687927246, 6.3034653511047365, 6.303732203674317, 6.306646252441406, 6.3087134956359865, 6.311593256378174, 6.3141629516601565, 6.316297273254395, 6.319629510498046, 6.3236613357543945, 6.325680157470703]], "valid_losses": [[6.4572448135375975, 6.422082710266113, 6.385202545928955, 6.366211609649659, 6.351863283538818, 6.337411414337158, 6.331166662597656, 6.327036492156982, 6.320299147033691, 6.325889797210693, 6.322295372009277, 6.324983155059814, 6.331225402069092, 6.330891262054443, 6.334810733795166, 6.324848811340332, 6.33121890335083, 6.31897806930542, 6.3229368209838865, 6.328911784362793, 6.337105584716797, 6.317266873931885, 6.323506067657471, 6.322653903198242, 6.325461909484863, 6.330408840942383, 6.3318995750427245, 6.338679542541504, 6.331563098144532, 6.341905149841309, 6.341685243988037, 6.349559973144531, 6.345924182891846, 6.358197843933105, 6.366476783752441, 6.356700257873535, 6.36480457611084, 6.374921096038818, 6.374231296539307, 6.390695604705811, 6.392181755065918, 6.392051873016357]], "train_accs": [[2.04, 4.452500000000001, 6.4750000000000005, 7.9375, 9.3425, 10.7575, 11.987499999999999, 13.117500000000001, 13.9375, 14.9025, 15.4725, 16.465, 17.095, 17.98, 18.705, 19.85, 20.8, 21.6475, 22.4025, 23.3875, 24.224999999999998, 25.0, 25.9625, 26.5275, 27.42, 28.155, 28.752499999999998, 29.7975, 30.330000000000002, 30.919999999999998, 31.6225, 32.26, 32.8625, 33.6, 34.0425, 34.5775, 35.1725, 35.8825, 36.1325, 36.745, 37.055, 37.91]], "valid_accs": [[3.63, 5.8999999999999995, 7.53, 9.13, 10.52, 11.799999999999999, 12.559999999999999, 13.29, 14.63, 14.540000000000001, 15.85, 16.21, 16.79, 17.169999999999998, 18.11, 19.189999999999998, 19.63, 20.73, 21.44, 22.06, 21.959999999999997, 23.97, 24.19, 25.009999999999998, 25.580000000000002, 26.39, 26.43, 26.72, 28.17, 28.12, 29.01, 29.17, 29.770000000000003, 30.23, 30.2, 31.77, 32.019999999999996, 31.86, 32.47, 32.56, 33.19, 34.06]], "train_times": [[120.88301157951355, 120.75977802276611, 120.32073712348938, 120.95382642745972, 120.15199255943298, 120.62397718429565, 120.00237441062927, 120.00276899337769, 121.71994709968567, 121.56860113143921, 120.104900598526, 121.61026525497437, 121.95772957801819, 121.95737195014954, 120.0805881023407, 119.61428809165955, 120.3466124534607, 120.42948651313782, 120.53817987442017, 120.61988759040833, 122.48388504981995, 120.66112661361694, 120.81941628456116, 120.23389768600464, 120.1979022026062, 120.80038475990295, 120.79480576515198, 120.05244183540344, 119.73978900909424, 120.02017140388489, 120.24858808517456, 121.19382572174072, 121.46316480636597, 120.28943729400635, 120.99052739143372, 121.82401943206787, 120.30112934112549, 120.68062448501587, 119.47720575332642, 120.96509838104248, 120.90806078910828, 120.67751359939575]], "valid_times": [[23.515418529510498, 23.229403495788574, 23.49976348876953, 23.590989351272583, 23.774657249450684, 23.76275062561035, 23.392936944961548, 23.283440828323364, 23.468050718307495, 23.41859459877014, 23.561119556427002, 23.376924991607666, 23.317329168319702, 23.53105092048645, 23.050023794174194, 23.730461597442627, 23.644448280334473, 23.552814245224, 23.57678723335266, 23.303146362304688, 24.448514699935913, 23.586066484451294, 23.40810489654541, 23.388192653656006, 23.35124945640564, 23.275752544403076, 23.498427867889404, 23.098592519760132, 23.084633827209473, 23.463099241256714, 23.416548252105713, 23.979161262512207, 23.46373748779297, 23.23517346382141, 23.884816646575928, 23.5269615650177, 23.477105379104614, 23.290637731552124, 23.596542358398438, 23.507951021194458, 23.484638452529907, 23.220654726028442]], "test_accuracy": 35.089999999999996, "convergence_iteration": 42}}