{"config": {"train_options": {"learning_rate": 0.01, "optimizer": "SGD", "batch_size": 128, "number_of_epochs": 300, "loss_parameters": {"temperature": 10, "distillation_type": "FILTER", "alpha": 0.7, "beta": 0.1}}}, "results": {"train_losses": [[6.635836422729493, 6.561369801330566, 6.506429094696045, 6.465523052978516, 6.4375637298583985, 6.418373245239258, 6.402319802856446, 6.384833018493652, 6.371596705627441, 6.356442541503906, 6.338844288635254, 6.322559233093262, 6.309372718048095, 6.296459089660645, 6.284477360534668, 6.275020610046386, 6.263810363769531, 6.253802806091309, 6.247695533752442, 6.237664995574951, 6.23010206451416, 6.225829216766358, 6.218876573181152, 6.212175126647949, 6.2074164840698245, 6.201429357910156, 6.196588001251221, 6.190801564025879, 6.185617323303223, 6.180474774169922, 6.17693083114624, 6.171820265197754, 6.167886103820801, 6.164541286468506, 6.158128378295898, 6.15597911529541, 6.154157679748535, 6.151695197296142, 6.1474259536743165, 6.14439358291626, 6.1434029220581055, 6.140945732116699, 6.135295475006104, 6.134605831909179, 6.132876251983642, 6.130555279541015, 6.1279345252990725, 6.125952799987793, 6.124825886535644, 6.121764839172363, 6.120600282287597, 6.119291194915771, 6.11710779876709, 6.115627047729492, 6.115290475463867, 6.11435076751709, 6.113769690704346, 6.109513763427734]], "valid_losses": [[6.609309808349609, 6.53977144241333, 6.497506218719482, 6.463096997833252, 6.435480011749267, 6.4211790634155275, 6.407461280059814, 6.3978304870605465, 6.381434085083008, 6.365339033508301, 6.357307582855225, 6.347911326599121, 6.33735505065918, 6.3196676750183105, 6.310544318389892, 6.296624712371826, 6.296559130859375, 6.282545293426514, 6.276649803161621, 6.274797133636475, 6.272454193878174, 6.272043864440918, 6.263222818756104, 6.267617727661133, 6.255673877716064, 6.2487548751831055, 6.243318047332764, 6.251568626403809, 6.242690200042724, 6.2491474426269535, 6.2443363456726075, 6.232557145690918, 6.231195736694336, 6.232103042602539, 6.226283273315429, 6.227887966918946, 6.245005400085449, 6.219184186553955, 6.2262570114135745, 6.22448410949707, 6.241440525054932, 6.228688459014893, 6.234639968109131, 6.2303741226196285, 6.223485290527344, 6.2203774238586425, 6.24791995010376, 6.22694871749878, 6.225646593475342, 6.250653511810302, 6.241708134460449, 6.229707785034179, 6.246859336090088, 6.244684384918213, 6.2394035591125485, 6.2352157432556155, 6.2476807395935055, 6.261944136047363]], "train_accs": [[2.5725000000000002, 6.2725, 8.955, 11.4225, 13.264999999999999, 14.8375, 16.3275, 17.895, 19.28, 20.3175, 21.94, 23.4825, 24.7825, 25.97, 27.52, 28.835, 30.0775, 31.2425, 32.085, 33.2175, 34.37, 35.135, 36.03, 37.2575, 38.04, 38.777499999999996, 39.62, 40.605000000000004, 41.23, 42.1925, 42.5575, 43.445, 44.277499999999996, 45.15, 45.875, 46.58, 47.27, 47.7025, 48.267500000000005, 48.8975, 49.295, 49.86, 50.6825, 51.0575, 51.72, 52.1575, 52.76499999999999, 53.207499999999996, 53.667500000000004, 54.38499999999999, 54.527499999999996, 54.94, 55.4775, 56.04749999999999, 56.6025, 56.745000000000005, 57.0825, 57.667500000000004]], "valid_accs": [[3.5700000000000003, 6.8500000000000005, 9.139999999999999, 11.31, 13.639999999999999, 14.78, 16.2, 17.21, 19.43, 20.34, 21.66, 22.18, 23.72, 25.11, 26.33, 28.33, 28.13, 29.53, 30.270000000000003, 31.380000000000003, 32.21, 32.300000000000004, 33.89, 34.06, 34.760000000000005, 35.82, 36.65, 36.93, 38.05, 37.72, 38.23, 38.84, 40.04, 40.32, 40.94, 41.449999999999996, 40.839999999999996, 42.82, 43.13, 43.15, 42.35, 43.63, 43.25, 44.21, 44.800000000000004, 45.16, 44.25, 45.519999999999996, 46.2, 44.71, 46.379999999999995, 46.89, 45.95, 46.949999999999996, 46.69, 47.410000000000004, 46.64, 46.2]], "train_times": [[44.847044944763184, 44.652522563934326, 44.66018342971802, 44.62398028373718, 44.67002058029175, 44.78758001327515, 44.62190866470337, 44.61757850646973, 44.64555239677429, 44.615010261535645, 44.62010145187378, 44.65852475166321, 44.6245231628418, 44.63756513595581, 44.675010204315186, 44.662524700164795, 44.6295907497406, 44.654722690582275, 44.63914942741394, 44.65656566619873, 44.63307809829712, 44.61382174491882, 44.61710810661316, 44.660993814468384, 44.6330087184906, 44.625020265579224, 44.61142373085022, 44.641597032547, 44.6245653629303, 44.6275999546051, 44.61560130119324, 44.62862706184387, 44.625184774398804, 44.61002254486084, 44.64251518249512, 44.73702836036682, 44.6441376209259, 44.61320090293884, 44.6231255531311, 44.642582654953, 44.630669832229614, 44.63957500457764, 44.63700532913208, 44.605008125305176, 44.6286780834198, 44.63709878921509, 44.594815731048584, 44.63772463798523, 44.618589878082275, 44.69048881530762, 44.64258122444153, 44.660035610198975, 44.71300911903381, 44.63754057884216, 44.615601539611816, 44.63112831115723, 44.60409688949585, 44.6086208820343]], "valid_times": [[8.76358151435852, 8.760542154312134, 8.769047021865845, 8.770686864852905, 8.757773160934448, 8.760008573532104, 8.774274826049805, 8.77902865409851, 8.750999450683594, 8.770009517669678, 8.772213697433472, 8.776527404785156, 8.757863283157349, 8.782515287399292, 8.780028343200684, 8.767529487609863, 8.784045457839966, 8.782007932662964, 8.766009092330933, 8.759523868560791, 8.77899980545044, 8.755009412765503, 8.75305724143982, 8.766008615493774, 8.763563632965088, 8.764930725097656, 8.761191368103027, 8.759850263595581, 8.760024785995483, 8.766007900238037, 8.75801944732666, 8.758028268814087, 8.7650465965271, 8.774657249450684, 8.767282962799072, 8.758009672164917, 8.765166521072388, 8.76352334022522, 8.767517328262329, 8.764538288116455, 8.762071132659912, 8.763039827346802, 8.77413010597229, 8.766458749771118, 8.765534400939941, 8.755000591278076, 8.775551319122314, 8.764877319335938, 8.753637552261353, 8.771999835968018, 8.772998571395874, 8.752065658569336, 8.759472608566284, 8.764814853668213, 8.76829743385315, 8.76799988746643, 8.778026342391968, 8.757027626037598]], "test_accuracy": 46.96, "convergence_iteration": 58}}