{"config": {"train_options": {"learning_rate": 0.05, "optimizer": "SGD", "batch_size": 128, "number_of_epochs": 300, "loss_parameters": {"temperature": 5, "distillation_type": "FILTER", "alpha": 0.6, "beta": 0.3}}}, "results": {"train_losses": [[24.355163571166994, 24.30685595703125, 24.310397106933593, 24.31118712158203, 24.313607138061524, 24.317828094482422, 24.321815615844727, 24.32583878479004, 24.329699609375, 24.332111157226564, 24.33699892578125, 24.337945614624022, 24.343514712524414, 24.348037826538086, 24.349446380615234, 24.350398236083983, 24.354277795410155, 24.35881756286621, 24.357311026000975, 24.35799981689453, 24.352659973144533, 24.350379122924803, 24.34611160583496, 24.34061427612305]], "valid_losses": [[24.37283013305664, 24.377826361083983, 24.36572025756836, 24.359986947631835, 24.36755731201172, 24.38222944030762, 24.3948903717041, 24.391817297363282, 24.43326813354492, 24.423744775390624, 24.415988439941405, 24.430647396850585, 24.409673400878905, 24.420599807739258, 24.42958971557617, 24.44232160949707, 24.44568887023926, 24.450619381713867, 24.446041708374022, 24.48173598022461, 24.457959545898436, 24.45723784484863, 24.47564552307129, 24.49040090942383]], "train_accs": [[5.6075, 12.0425, 16.939999999999998, 20.8975, 24.5225, 28.152500000000003, 30.785, 33.9675, 36.04, 38.765, 41.1175, 42.9375, 44.765, 46.235, 48.0275, 49.1475, 50.4725, 51.365, 52.607499999999995, 53.4075, 54.615, 55.505, 56.2825, 56.9175]], "valid_accs": [[7.1499999999999995, 12.049999999999999, 16.82, 19.939999999999998, 23.82, 26.33, 28.849999999999998, 31.330000000000002, 31.5, 34.14, 36.88, 38.01, 41.14, 41.65, 42.89, 43.35, 44.72, 45.43, 47.12, 45.72, 47.22, 48.19, 47.58, 46.78]], "train_times": [[48.94620633125305, 49.3380172252655, 48.762999057769775, 48.96399641036987, 48.84521412849426, 49.351924419403076, 49.13276410102844, 49.37556743621826, 49.145928382873535, 49.047654151916504, 47.66199970245361, 48.47620415687561, 48.55230140686035, 49.14063024520874, 49.06818675994873, 48.26872229576111, 48.26910853385925, 48.2684600353241, 48.296324491500854, 48.29235363006592, 48.280030965805054, 48.13167643547058, 48.5471031665802, 48.5254487991333]], "valid_times": [[9.557152271270752, 9.64299988746643, 9.602003335952759, 9.772273540496826, 9.690045833587646, 9.666067600250244, 9.663026332855225, 9.665862798690796, 9.701561689376831, 9.452000141143799, 9.388004302978516, 9.604018211364746, 9.562021017074585, 9.537526845932007, 9.529655933380127, 9.519365787506104, 9.516013860702515, 9.516000270843506, 9.510194540023804, 9.509364128112793, 9.406164407730103, 9.57129454612732, 9.564018964767456, 9.56784200668335]], "test_accuracy": 46.58, "convergence_iteration": 24}}