{"config": {"train_options": {"learning_rate": 0.05, "optimizer": "SGD", "batch_size": 128, "number_of_epochs": 300, "loss_parameters": {"temperature": 5, "distillation_type": "FILTER", "alpha": 0.4, "beta": 0.3}}}, "results": {"train_losses": [[3.8118813899993897, 3.640273663330078, 3.5436671867370606, 3.4559118755340577, 3.3937795715332033, 3.3489816017150877, 3.3127235473632815, 3.283225741195679, 3.258911273956299, 3.2378300342559814, 3.2157801879882815, 3.1990251285552977, 3.184566971206665, 3.168245316696167, 3.155028092956543, 3.140309474182129, 3.1307119384765625, 3.120464890289307, 3.1096178413391113, 3.0990379833221438, 3.0898941482543947, 3.078606526565552, 3.073765439605713, 3.0638362449645995, 3.051836221694946, 3.048065135192871, 3.0358569194793703, 3.0240629432678223, 3.0183636264801024, 3.0081804622650146, 2.999502490234375, 2.99243295211792, 2.9829058868408205, 2.975877256011963, 2.9643636562347413, 2.9582368339538574, 2.944952629852295, 2.9373200584411623, 2.9318125339508057, 2.9224248291015624, 2.911119287109375, 2.900924979019165, 2.889341272735596, 2.878704219818115]], "valid_losses": [[3.7245009727478027, 3.610862138366699, 3.5865265159606934, 3.5426537357330323, 3.5210244003295896, 3.456324983215332, 3.4402332405090332, 3.423501246261597, 3.3996012241363527, 3.4044205780029295, 3.451815839767456, 3.417500581741333, 3.3539442699432374, 3.3604080112457275, 3.325598461151123, 3.302546280670166, 3.354587731552124, 3.300905939865112, 3.3085942699432374, 3.3658343227386474, 3.3260912673950194, 3.282275595474243, 3.283563942718506, 3.236634323501587, 3.254730277633667, 3.2889545066833494, 3.289975119781494, 3.256534260177612, 3.266502270889282, 3.2555239776611327, 3.2639480262756346, 3.278096226882935, 3.2493908142089842, 3.2575714973449705, 3.2679429218292237, 3.2581312576293944, 3.267149123764038, 3.265866521072388, 3.3002585163116454, 3.306848599624634, 3.258423341369629, 3.2863801849365233, 3.247908613204956, 3.283599806213379]], "train_accs": [[6.194999999999999, 13.4575, 19.0975, 24.21, 28.51, 32.235, 35.2325, 37.9125, 40.325, 42.4075, 44.545, 46.455, 48.0375, 49.6925, 51.0225, 52.4625, 53.605000000000004, 54.5825, 55.82, 56.6275, 57.7525, 58.762499999999996, 59.2275, 60.0575, 60.7575, 61.1275, 61.9875, 62.932500000000005, 63.33, 63.917500000000004, 64.4125, 64.87, 65.205, 65.79, 66.435, 66.38, 67.1225, 67.5925, 67.7475, 67.6825, 68.35, 68.7675, 69.4775, 69.67750000000001]], "valid_accs": [[9.82, 15.53, 18.85, 22.41, 24.89, 28.82, 31.06, 32.58, 34.64, 35.54, 35.22, 37.419999999999995, 40.45, 41.099999999999994, 43.61, 45.04, 43.07, 46.379999999999995, 46.650000000000006, 45.4, 46.72, 48.8, 49.25, 52.07000000000001, 51.51, 50.03999999999999, 50.0, 51.629999999999995, 51.09, 52.16, 51.83, 51.59, 52.1, 52.38, 51.76, 52.32, 51.68000000000001, 52.23, 50.580000000000005, 50.580000000000005, 52.190000000000005, 50.59, 52.35999999999999, 51.5]], "train_times": [[131.30984568595886, 128.80700707435608, 132.73036861419678, 129.91717410087585, 131.15723037719727, 132.33071398735046, 129.37423491477966, 131.5067675113678, 132.09376573562622, 132.12171578407288, 132.06010007858276, 132.31767773628235, 131.67766666412354, 130.75679469108582, 130.05333805084229, 131.1567702293396, 130.87206935882568, 131.3284206390381, 131.58089113235474, 133.067227602005, 131.85619926452637, 130.72771525382996, 129.52229928970337, 131.45449352264404, 132.4383420944214, 129.161874294281, 131.5426664352417, 128.39428663253784, 130.08369970321655, 130.6860671043396, 131.24367260932922, 131.86370706558228, 130.13958168029785, 131.13223791122437, 132.78966212272644, 132.2035367488861, 130.45112872123718, 133.53640151023865, 131.13092136383057, 130.70420169830322, 132.3318226337433, 130.08340096473694, 132.1866991519928, 130.18994688987732]], "valid_times": [[25.72305464744568, 25.18300485610962, 23.664989709854126, 24.91749668121338, 25.435344457626343, 24.51047945022583, 24.67665147781372, 24.686650276184082, 25.355344772338867, 25.357871294021606, 25.737225770950317, 25.10313582420349, 25.294310331344604, 25.62833547592163, 24.784754037857056, 24.802408933639526, 24.927165508270264, 25.877895832061768, 24.30568027496338, 25.38301181793213, 25.486634016036987, 23.942516088485718, 24.466122150421143, 25.4633686542511, 25.556610345840454, 25.587507247924805, 25.547032833099365, 25.53311538696289, 24.6860773563385, 24.3120059967041, 24.673643350601196, 25.366703271865845, 24.422484874725342, 23.870346546173096, 25.347482442855835, 24.859084129333496, 25.79343008995056, 25.678335905075073, 25.87234878540039, 25.76779794692993, 24.048809051513672, 25.72103500366211, 25.67140221595764, 26.419312000274658]], "test_accuracy": 52.31, "convergence_iteration": 44}}