{"config": {"train_options": {"learning_rate": 0.005, "optimizer": "SGD", "batch_size": 128, "number_of_epochs": 300, "loss_parameters": {"temperature": 10, "distillation_type": "FILTER", "alpha": 0.7, "beta": 0.5}}}, "results": {"train_losses": [[4.007550147247314, 3.997048486328125, 3.997680679321289, 3.9979917434692385, 3.998426272201538, 3.9973488372802732, 3.9952851921081542, 3.9922739757537844, 3.9916441635131834, 3.991791690826416, 3.9918859992980957, 3.9941119373321534, 3.9965988063812254, 3.9994465240478516, 4.003105124664307, 4.00728242263794, 4.0113509742736815, 4.016466217803955, 4.021830253601074, 4.026828800964355, 4.031927005767822, 4.037417360687256, 4.042847594451905, 4.048032586669922, 4.0535039176940915, 4.058703725433349, 4.064191729736328, 4.06976709060669, 4.0752030334472655]], "valid_losses": [[3.997011211013794, 3.9978952167510986, 3.9990614669799807, 3.998441019439697, 3.998689836883545, 3.997423631286621, 3.9937938102722166, 3.9934474937438966, 3.99199363822937, 3.9931376502990723, 3.9949726486206054, 3.996329332733154, 3.999076516342163, 4.004313488769531, 4.007500543212891, 4.013624292755127, 4.019024773406983, 4.0236450332641605, 4.030036116027832, 4.034201527404785, 4.039477513122558, 4.045306881713867, 4.052931499481201, 4.0593605194091795, 4.064008285522461, 4.070115453338623, 4.075153851318359, 4.079528101348877, 4.086001843261719]], "train_accs": [[1.8849999999999998, 3.045, 4.045, 5.38, 6.2475000000000005, 6.987500000000001, 7.735, 8.852500000000001, 9.65, 10.377500000000001, 11.2775, 11.93, 12.5575, 13.014999999999999, 13.6175, 14.2125, 14.557500000000001, 15.2, 15.5675, 16.02, 16.3775, 16.74, 17.2525, 17.805, 18.0975, 18.6625, 18.88, 19.4425, 20.11]], "valid_accs": [[2.55, 3.5700000000000003, 4.79, 6.12, 6.7, 7.04, 8.219999999999999, 9.24, 10.32, 11.12, 11.48, 12.26, 12.7, 13.65, 14.000000000000002, 14.280000000000001, 14.549999999999999, 15.24, 15.1, 15.559999999999999, 16.04, 16.41, 16.21, 16.97, 17.68, 17.44, 18.08, 18.61, 18.970000000000002]], "train_times": [[124.94352340698242, 123.05849266052246, 123.34060549736023, 125.80713939666748, 125.91363763809204, 125.16752481460571, 125.36120390892029, 125.49060678482056, 123.74433660507202, 124.0202476978302, 125.39246940612793, 124.4297263622284, 126.83184218406677, 124.52325344085693, 124.44966340065002, 125.1458215713501, 124.75169110298157, 125.27588748931885, 124.11756730079651, 124.97759985923767, 121.9568886756897, 123.797443151474, 124.71257853507996, 123.02941393852234, 125.55355668067932, 124.81814336776733, 124.2604615688324, 123.19377207756042, 125.19786238670349]], "valid_times": [[23.523876905441284, 24.032308101654053, 23.597121477127075, 24.116365671157837, 23.78325057029724, 23.958572149276733, 24.383477210998535, 23.405686140060425, 24.20741581916809, 23.650660037994385, 24.070348024368286, 24.165958404541016, 24.12163782119751, 23.78480291366577, 23.863489866256714, 23.82979416847229, 23.79352045059204, 24.336755514144897, 24.127017974853516, 23.710968732833862, 23.459473848342896, 23.846583604812622, 24.286601066589355, 24.54546570777893, 24.052398920059204, 24.256964445114136, 24.092823028564453, 24.202634572982788, 24.153886795043945]], "test_accuracy": 20.14, "convergence_iteration": 29}}