{"config": {"train_options": {"learning_rate": 0.01, "optimizer": "SGD", "batch_size": 128, "number_of_epochs": 300, "loss_parameters": {"temperature": 5, "distillation_type": "FILTER", "alpha": 0.1, "beta": 0.8}}}, "results": {"train_losses": [[65.82874591064453, 65.85859197998047, 65.89466833496094, 65.92933178710938, 65.97333693847656, 66.02026739501953, 66.06742781982422, 66.11461430664062, 66.16103619384765, 66.20766303710937, 66.25459033203126, 66.29958939208984, 66.34543498535156, 66.38992547607423, 66.4340367553711, 66.47878430175781, 66.52396716308594, 66.56873615722657, 66.61404171142578, 66.65857783203126, 66.70294621582032]], "valid_losses": [[65.84002790527343, 65.8804501953125, 65.91534013671875, 65.95536181640625, 66.0006060180664, 66.04626317138671, 66.09434074707032, 66.14164752197266, 66.18883890380859, 66.2383365234375, 66.28394001464844, 66.33205521240234, 66.37881776123047, 66.4278883178711, 66.47558039550782, 66.51435815429687, 66.56034907226562, 66.60370018310547, 66.65227238769532, 66.6992344482422, 66.74136143798827]], "train_accs": [[2.185, 4.79, 6.847499999999999, 8.3325, 9.7025, 11.1275, 12.1975, 13.6775, 15.06, 16.4375, 17.77, 18.8475, 19.9375, 21.3975, 22.439999999999998, 23.4325, 24.3825, 25.369999999999997, 26.2875, 27.1375, 27.955000000000002]], "valid_accs": [[3.39, 5.41, 6.67, 8.649999999999999, 9.959999999999999, 11.53, 12.559999999999999, 13.71, 15.229999999999999, 16.04, 17.580000000000002, 17.97, 19.52, 20.11, 21.11, 22.42, 23.75, 24.45, 25.009999999999998, 25.4, 26.71]], "train_times": [[45.699283599853516, 45.76359415054321, 45.741223096847534, 45.984132289886475, 45.71803593635559, 45.71856355667114, 45.726067304611206, 45.77452325820923, 45.72329258918762, 45.703266620635986, 45.767091274261475, 45.739007234573364, 45.72728514671326, 45.711013078689575, 45.68743062019348, 45.7320282459259, 45.70555353164673, 45.73002290725708, 45.759010314941406, 45.72400259971619, 45.76900792121887]], "valid_times": [[9.037891864776611, 9.035546064376831, 9.037008047103882, 9.082999467849731, 9.028000354766846, 9.039551496505737, 9.033608436584473, 9.046175956726074, 9.042999029159546, 9.03600025177002, 9.027000665664673, 9.043000936508179, 9.046000242233276, 9.047996759414673, 9.038515567779541, 9.036000728607178, 9.047120571136475, 9.047000885009766, 9.04699969291687, 9.069009065628052, 9.036001443862915]], "test_accuracy": 28.38, "convergence_iteration": 21}}