{"config": {"train_options": {"learning_rate": 0.05, "optimizer": "SGD", "batch_size": 128, "number_of_epochs": 300, "loss_parameters": {"temperature": 5, "distillation_type": "FILTER", "alpha": 0.3, "beta": 0.6}}}, "results": {"train_losses": [[49.6467424987793, 49.691405334472655, 49.783917791748046, 49.858681781005856, 49.92075516967773, 49.9762755065918, 50.02801608276367, 50.07639127807617, 50.12289809570313, 50.166907196044924, 50.20728988037109, 50.24190571899414, 50.276080944824216, 50.30627015380859, 50.33337254638672, 50.35989208984375, 50.38103598022461, 50.40219254150391, 50.4215009399414, 50.437405609130856, 50.45410680541992]], "valid_losses": [[49.672030303955076, 49.767283428955075, 49.858235107421876, 49.94511108398437, 49.990618450927734, 50.06465769042969, 50.11479696044922, 50.15243369140625, 50.21668792114258, 50.24819428710938, 50.314399444580076, 50.34930897827149, 50.35014042358399, 50.39850007324219, 50.419327630615236, 50.46146111450195, 50.48206869506836, 50.51090029296875, 50.53323709716797, 50.55474910888672, 50.57127601318359]], "train_accs": [[5.57, 12.445, 16.9025, 21.43, 24.9925, 28.6075, 31.4, 34.475, 37.085, 39.18, 41.39, 43.145, 44.7875, 46.5875, 48.195, 49.355, 50.70249999999999, 52.092499999999994, 53.190000000000005, 54.11, 55.0175]], "valid_accs": [[8.63, 14.05, 17.47, 20.52, 24.959999999999997, 26.57, 29.470000000000002, 32.45, 33.660000000000004, 36.33, 36.370000000000005, 38.29, 41.27, 42.07, 43.580000000000005, 43.59, 44.89, 45.78, 45.839999999999996, 45.82, 46.739999999999995]], "train_times": [[47.51214146614075, 47.49414801597595, 47.483999729156494, 47.49904489517212, 47.45300602912903, 47.496997356414795, 47.47199559211731, 47.46201467514038, 47.487011194229126, 47.5310115814209, 47.47002148628235, 47.47599911689758, 47.46153903007507, 47.441996812820435, 47.48999571800232, 47.48604154586792, 47.50102496147156, 47.50999617576599, 47.528000593185425, 47.48200011253357, 47.48147368431091]], "valid_times": [[9.33499813079834, 9.336000442504883, 9.331999778747559, 9.343000411987305, 9.341002702713013, 9.369545221328735, 9.349003314971924, 9.370002031326294, 9.345004320144653, 9.335003852844238, 9.337000846862793, 9.334003925323486, 9.35300326347351, 9.339004516601562, 9.34900426864624, 9.34600043296814, 9.333004713058472, 9.341003656387329, 9.353028059005737, 9.3351731300354, 9.345188617706299]], "test_accuracy": 47.65, "convergence_iteration": 21}}