{"config": {"train_options": {"learning_rate": 0.05, "optimizer": "SGD", "batch_size": 128, "number_of_epochs": 300, "loss_parameters": {"temperature": 15, "distillation_type": "FILTER", "alpha": 0.9, "beta": 0.5}}}, "results": {"train_losses": [[38.946164453125, 39.13811802368164, 39.32604259033203, 39.508625732421876, 39.68584431762695, 39.8574825378418, 40.02389826660156, 40.18416636352539, 40.338647125244144, 40.48676589355469, 40.62945317993164, 40.76658062133789, 40.89880649414062, 41.02547920532226, 41.14710927734375, 41.2641829711914, 41.37707077026367, 41.48558127441406, 41.59037189941406, 41.69132708740234, 41.788646099853516]], "valid_losses": [[39.04328814086914, 39.233961322021486, 39.42019729003906, 39.60037314453125, 39.77368399047852, 39.94329815673828, 40.10770912475586, 40.265472296142576, 40.41784414672851, 40.56291743774414, 40.70269091186523, 40.83918890991211, 40.96925219116211, 41.09438382568359, 41.2121614440918, 41.330799224853514, 41.43831976318359, 41.546664630126955, 41.652704626464846, 41.75026983032227, 41.846809295654296]], "train_accs": [[2.365, 5.355, 8.48, 10.605, 12.3525, 13.7825, 15.049999999999999, 16.43, 17.625, 19.02, 20.14, 21.535, 22.7975, 23.94, 25.1975, 26.47, 27.6175, 28.98, 30.154999999999998, 31.759999999999998, 32.895]], "valid_accs": [[3.88, 6.909999999999999, 9.0, 11.17, 12.989999999999998, 14.360000000000001, 15.340000000000002, 16.14, 16.6, 17.57, 19.259999999999998, 19.6, 20.66, 21.84, 23.79, 23.3, 25.919999999999998, 26.19, 26.39, 28.939999999999998, 29.18]], "train_times": [[47.63800311088562, 47.60799765586853, 47.5915093421936, 47.61499762535095, 47.66299843788147, 47.646998167037964, 47.707518339157104, 47.623000144958496, 47.62699818611145, 47.65199851989746, 47.619999170303345, 47.67799997329712, 47.65899848937988, 47.62499713897705, 47.63899755477905, 47.64199757575989, 47.656996965408325, 47.631014585494995, 47.616997718811035, 47.63351845741272, 47.66802096366882]], "valid_times": [[9.381999015808105, 9.384003400802612, 9.367002248764038, 9.368001937866211, 9.382002353668213, 9.642000913619995, 9.381000518798828, 9.386001825332642, 9.396000385284424, 9.427001237869263, 9.399000644683838, 9.40800142288208, 9.375000953674316, 9.378002882003784, 9.377001762390137, 9.381003141403198, 9.387001991271973, 9.39200234413147, 9.379518270492554, 9.375003576278687, 9.375002384185791]], "test_accuracy": 29.93, "convergence_iteration": 21}}