{"config": {"train_options": {"learning_rate": 0.005, "optimizer": "SGD", "batch_size": 128, "number_of_epochs": 300, "loss_parameters": {"temperature": 15, "distillation_type": "FILTER", "alpha": 0.3, "beta": 0.2}}}, "results": {"train_losses": [[3.3617607948303223, 3.1454477043151856, 3.0144495346069338, 2.934609548950195, 2.8721131340026855, 2.8195904121398927, 2.7729179916381836, 2.732514429473877, 2.6946298236846924, 2.6542919078826905, 2.6149954319000246, 2.578182679748535, 2.5358075981140136, 2.4972726360321045, 2.461815251159668, 2.434536964035034, 2.406640517807007, 2.3811829124450683, 2.3541696498870848, 2.3336261795043947, 2.30864352684021, 2.2874663234710693, 2.267852778625488, 2.2476699882507325, 2.2289416320800783, 2.2068228183746337, 2.19197028465271, 2.1732707450866697, 2.1554820774078367, 2.136213507080078, 2.1224445346832277, 2.109542975997925, 2.097610405731201, 2.0810418983459473, 2.068340991973877, 2.0585656076431276, 2.0423860103607177, 2.0312095642089845, 2.018379787445068, 2.0115004095077516, 1.9964339860916138, 1.9886233911514282, 1.9765849052429199, 1.967120217514038, 1.9563758268356324, 1.9500053964614867, 1.9375791900634765, 1.9295174089431764, 1.9222467166900634, 1.9161579925537109, 1.9094022603988647, 1.9006769958496095, 1.8947158489227296, 1.8832417629241944, 1.8795992837905884, 1.872200873374939, 1.8662455047607422, 1.8557424997329712, 1.8516291187286378, 1.8474650279998779, 1.8394698020935059, 1.8351281511306763, 1.8266321855545045, 1.8235795505523682, 1.81688631439209, 1.8112568309783936, 1.8066390592575072, 1.7991502466201783, 1.7956873268127442, 1.7917897970199586, 1.788466365623474, 1.780303825187683, 1.7767531593322754, 1.7687083614349366, 1.7649203636169433, 1.764989841079712]], "valid_losses": [[3.2596591472625733, 3.094666809844971, 2.9802858657836913, 2.921403999710083, 2.860486125564575, 2.831796501159668, 2.7895251499176026, 2.746119295120239, 2.7125698806762695, 2.677892504119873, 2.6251825748443602, 2.605394030380249, 2.56405213470459, 2.526165221405029, 2.5008179714202883, 2.4846561664581297, 2.452226564025879, 2.448788600540161, 2.4181742897033693, 2.4062802463531496, 2.389477707672119, 2.3952489654541016, 2.369907120132446, 2.3362112548828127, 2.326527480697632, 2.3183584636688233, 2.302133818054199, 2.271969324874878, 2.2756582874298097, 2.250365280342102, 2.2586894901275634, 2.2441515146255493, 2.239374411201477, 2.2086269081115724, 2.212622095489502, 2.2251396183013914, 2.2079834909439087, 2.190671900558472, 2.186800589942932, 2.172836372566223, 2.1952548313140867, 2.16769775428772, 2.1622428703308105, 2.176365298843384, 2.1506090559005737, 2.168926775741577, 2.1665845405578614, 2.1500351570129395, 2.134589091682434, 2.1566192035675047, 2.1346740800857544, 2.1535521699905393, 2.137189838409424, 2.1398773151397705, 2.1375264457702636, 2.1238252487182616, 2.1388009382247923, 2.140827583885193, 2.1293254169464113, 2.1284554954528807, 2.1282698133468627, 2.141844722366333, 2.1317500158309937, 2.1374585313797, 2.1373883792877195, 2.1413556365966797, 2.1619848403930666, 2.125630594825745, 2.144342326927185, 2.133627509689331, 2.128538148880005, 2.178393083000183, 2.142140213394165, 2.155904365158081, 2.16012286567688, 2.1530285779953005]], "train_accs": [[2.7675, 6.544999999999999, 9.45, 11.725, 13.727500000000001, 15.382499999999999, 16.7925, 18.37, 19.7125, 20.9375, 22.3025, 23.7625, 25.34, 26.487500000000004, 27.8625, 28.8075, 30.12, 31.087500000000002, 32.1175, 33.042500000000004, 33.9225, 34.8, 35.7875, 36.8525, 37.6125, 38.625, 39.315, 40.35, 41.025, 41.69, 42.805, 43.065, 43.8325, 44.7075, 45.4725, 45.792500000000004, 46.7025, 47.5025, 47.949999999999996, 48.4075, 49.004999999999995, 49.6475, 50.347500000000004, 50.370000000000005, 51.25999999999999, 51.61, 52.48500000000001, 52.76, 53.305, 53.5025, 54.08, 54.5775, 54.864999999999995, 55.684999999999995, 55.665, 55.767500000000005, 56.537499999999994, 57.045, 57.394999999999996, 57.52, 58.2425, 58.565, 58.95249999999999, 59.095, 59.57, 59.9525, 60.305, 60.68750000000001, 61.040000000000006, 61.029999999999994, 61.515, 61.815, 62.222500000000004, 62.88249999999999, 62.997499999999995, 63.1575]], "valid_accs": [[3.9800000000000004, 7.6899999999999995, 10.09, 12.3, 13.99, 14.97, 16.5, 17.88, 18.94, 20.150000000000002, 22.08, 23.16, 23.62, 25.319999999999997, 26.82, 27.02, 28.43, 29.020000000000003, 30.59, 30.72, 31.75, 31.369999999999997, 32.67, 33.879999999999995, 35.010000000000005, 34.79, 35.53, 36.85, 36.64, 37.89, 37.79, 38.75, 39.23, 39.839999999999996, 40.35, 40.339999999999996, 40.550000000000004, 41.28, 41.25, 42.27, 41.620000000000005, 43.0, 43.19, 43.16, 44.16, 43.69, 44.32, 44.39, 45.45, 44.690000000000005, 45.57, 45.37, 45.73, 45.73, 45.9, 47.14, 46.300000000000004, 46.64, 46.910000000000004, 47.010000000000005, 47.11, 46.26, 47.12, 47.28, 47.67, 47.48, 46.56, 48.68, 47.57, 48.15, 48.14, 47.5, 48.120000000000005, 47.99, 47.949999999999996, 48.28]], "train_times": [[120.46337676048279, 121.45252752304077, 120.40071201324463, 121.29195880889893, 120.17571210861206, 121.61049103736877, 121.14248967170715, 120.66639542579651, 120.70367574691772, 120.92162322998047, 120.7468364238739, 120.61467480659485, 123.28140807151794, 121.69928646087646, 120.41042351722717, 122.49164247512817, 121.5902304649353, 121.18315362930298, 121.8411636352539, 121.62892770767212, 121.2236635684967, 122.458500623703, 120.45165181159973, 121.93520951271057, 123.06240940093994, 121.26705169677734, 120.47504377365112, 120.9390001296997, 120.9094398021698, 120.87508225440979, 121.03065347671509, 120.1897885799408, 121.57243156433105, 120.9283390045166, 121.6511435508728, 120.85697484016418, 122.19282674789429, 121.25552558898926, 121.02194452285767, 121.23785305023193, 121.10528373718262, 121.63210129737854, 121.26875472068787, 122.63266634941101, 121.65020227432251, 121.22112011909485, 121.4803204536438, 121.73140096664429, 120.64924907684326, 121.75614261627197, 122.45675134658813, 121.11469030380249, 121.76953911781311, 121.07563066482544, 122.99853801727295, 120.7059006690979, 121.06089639663696, 120.55853176116943, 123.29024934768677, 120.4773154258728, 121.13590860366821, 121.07079672813416, 121.07921385765076, 122.82526469230652, 123.78213930130005, 121.60209369659424, 121.60856699943542, 122.10929703712463, 121.62880396842957, 121.74981021881104, 121.40498805046082, 122.33373832702637, 121.97910499572754, 121.54082179069519, 121.21542596817017, 121.750568151474]], "valid_times": [[23.210088968276978, 23.47295570373535, 23.63511896133423, 23.255561351776123, 23.63694167137146, 23.379310131072998, 23.439098119735718, 23.27377486228943, 23.26309370994568, 23.413000106811523, 23.04199528694153, 23.344810962677002, 23.790831327438354, 23.455944299697876, 23.415727853775024, 23.415026903152466, 23.4797465801239, 23.664958238601685, 23.4783616065979, 23.347886562347412, 23.248252153396606, 23.53743052482605, 23.44140887260437, 23.41287088394165, 23.59883999824524, 23.294312000274658, 23.41622543334961, 23.354756116867065, 23.528103828430176, 23.541730403900146, 23.457586526870728, 23.649239540100098, 23.989931344985962, 24.1577787399292, 23.594855070114136, 23.509130001068115, 23.97835350036621, 23.350962162017822, 23.45601463317871, 23.432925939559937, 23.631192684173584, 23.13677430152893, 23.116981506347656, 23.523049116134644, 23.521329402923584, 24.186193227767944, 23.905590534210205, 23.475154399871826, 23.84303069114685, 23.702857971191406, 23.585161924362183, 23.584385871887207, 23.282902479171753, 23.515275478363037, 23.320186376571655, 23.72268509864807, 23.46971583366394, 23.40505862236023, 23.490121841430664, 23.510321617126465, 23.44956874847412, 24.0213463306427, 23.5291166305542, 23.418297290802002, 23.89965558052063, 23.88111686706543, 23.514981031417847, 23.60455584526062, 23.47057032585144, 23.39499807357788, 23.301247119903564, 23.60007882118225, 23.62185502052307, 23.36499285697937, 23.268866777420044, 23.19548511505127]], "test_accuracy": 49.93,