{"config": {"train_options": {"learning_rate": 0.005, "optimizer": "SGD", "batch_size": 128, "number_of_epochs": 300, "loss_parameters": {"temperature": 5, "distillation_type": "FILTER", "alpha": 0.6, "beta": 0.7}}}, "results": {"train_losses": [[6.762959795379639, 6.760668369293213, 6.767428784179687, 6.769873559570312, 6.772759481048584, 6.777997761535644, 6.785397846221924, 6.794074002075195, 6.802694911193847, 6.811553791809082, 6.820285007476807, 6.828444664001465, 6.836564457702637, 6.844353527069091, 6.85342190246582, 6.861500783538818, 6.870796524047852, 6.879112064361572, 6.888164077758789, 6.897616114044189, 6.907300379180908]], "valid_losses": [[6.756791578674316, 6.761748998260498, 6.768903791809082, 6.769573069000244, 6.773853303527832, 6.780310689544677, 6.789869403839111, 6.797691749572754, 6.805453453063965, 6.813962026977539, 6.824386798858643, 6.833723507690429, 6.841156350708008, 6.850208055877686, 6.8599930702209475, 6.867195803070068, 6.877568495941162, 6.884437857055664, 6.894922351837158, 6.902845955657959, 6.911439611816406]], "train_accs": [[1.55, 2.4825, 3.485, 4.6175, 5.225, 6.105, 6.915, 7.4125, 8.395, 9.1, 9.715, 10.4925, 10.93, 11.535, 12.0975, 12.5, 13.087499999999999, 13.375, 14.0175, 14.4875, 14.967500000000001]], "valid_accs": [[2.35, 3.26, 4.24, 5.52, 6.239999999999999, 7.109999999999999, 7.66, 8.3, 8.94, 9.86, 10.27, 10.92, 11.34, 12.21, 12.379999999999999, 12.97, 13.11, 14.01, 14.000000000000002, 15.21, 15.590000000000002]], "train_times": [[126.25961494445801, 122.77512764930725, 124.59391570091248, 123.77305173873901, 124.43549633026123, 122.64185905456543, 125.18148946762085, 122.67025518417358, 123.74112582206726, 124.901211977005, 123.43917918205261, 124.91096901893616, 122.90113425254822, 123.85623097419739, 123.19691801071167, 124.3835985660553, 124.12672543525696, 124.82769274711609, 123.26680541038513, 124.88588428497314, 124.40577435493469]], "valid_times": [[23.548975229263306, 24.01693034172058, 23.88784384727478, 23.805482864379883, 23.45494532585144, 23.772377014160156, 24.570937871932983, 26.204909801483154, 23.634408473968506, 24.862196683883667, 24.18355083465576, 23.667985677719116, 23.622529983520508, 23.849663734436035, 23.91688585281372, 24.141968488693237, 25.3912672996521, 24.31497812271118, 25.33523678779602, 23.75800585746765, 24.66618824005127]], "test_accuracy": 15.57, "convergence_iteration": 21}}