{"config": {"train_options": {"learning_rate": 0.05, "optimizer": "SGD", "batch_size": 128, "number_of_epochs": 300, "loss_parameters": {"temperature": 5, "distillation_type": "FILTER", "alpha": 0.4, "beta": 0.5}}}, "results": {"train_losses": [[5.516563464355468, 5.4421433784484865, 5.438727853393555, 5.439363289642334, 5.442949596405029, 5.454145909118652, 5.467548459625244, 5.4823788635253905, 5.497928532409668, 5.51551773071289, 5.533611235046386, 5.552894924926758, 5.570536712646485, 5.587705885314941, 5.606332263946533, 5.621212514495849, 5.6367178009033205, 5.650911978149414, 5.66593014831543, 5.679086922454834, 5.692423161315918, 5.704269701385498]], "valid_losses": [[5.458125763702393, 5.4497518409729, 5.464761100769043, 5.463639678192139, 5.4659945617675785, 5.509826976776123, 5.525912264251709, 5.535150752258301, 5.594540084075928, 5.575586602020263, 5.639732158660888, 5.64929782409668, 5.6603503463745115, 5.6702151824951175, 5.7043923568725585, 5.713697721862793, 5.753796770477295, 5.770427047729492, 5.786694963073731, 5.794134600067139, 5.859166450500489, 5.829454418182373]], "train_accs": [[5.24, 11.7075, 16.39, 20.849999999999998, 24.675, 28.17, 31.1825, 34.1825, 36.714999999999996, 39.269999999999996, 41.11, 43.34, 44.905, 46.57, 47.8925, 49.5, 50.60249999999999, 51.76, 52.837500000000006, 54.055, 55.03, 56.02]], "valid_accs": [[8.55, 13.239999999999998, 17.18, 21.2, 25.34, 27.12, 29.630000000000003, 32.92, 33.35, 37.46, 36.49, 38.93, 40.58, 42.4, 42.449999999999996, 44.49, 44.55, 45.04, 45.410000000000004, 47.370000000000005, 44.95, 47.81]], "train_times": [[129.359783411026, 130.2776906490326, 129.7696030139923, 132.06981492042542, 130.5201632976532, 130.75502109527588, 131.2364480495453, 131.8814995288849, 133.55250597000122, 129.55577397346497, 131.8751437664032, 130.82640957832336, 130.25024437904358, 130.9349045753479, 132.65639448165894, 134.24791169166565, 130.61434888839722, 130.7129099369049, 130.7771921157837, 130.35645842552185, 129.11029434204102, 130.40300130844116]], "valid_times": [[26.383812189102173, 24.373459339141846, 24.494903564453125, 25.10618257522583, 25.234386682510376, 25.80103063583374, 26.046411275863647, 25.290953636169434, 25.026785135269165, 25.454150676727295, 25.415777921676636, 25.63780117034912, 25.18002223968506, 26.53966784477234, 25.03679084777832, 25.007219076156616, 24.220905542373657, 25.107067584991455, 24.953492164611816, 25.168235063552856, 25.807129383087158, 25.855664491653442]], "test_accuracy": 48.75, "convergence_iteration": 22}}