{"config": {"train_options": {"learning_rate": 0.005, "optimizer": "SGD", "batch_size": 128, "number_of_epochs": 300, "loss_parameters": {"temperature": 20, "distillation_type": "FILTER", "alpha": 0.5, "beta": 0.3}}}, "results": {"train_losses": [[2.8714391750335695, 2.7788043998718264, 2.709620975494385, 2.6700182933807373, 2.641123268508911, 2.616571388626099, 2.5949039585113525, 2.5772337368011473, 2.5584829551696777, 2.5434144794464113, 2.5286815532684326, 2.5163973255157472, 2.5023927249908446, 2.490023369979858, 2.4748122634887695, 2.460790864562988, 2.448779183959961, 2.4338535202026366, 2.4233182708740233, 2.4108500427246096, 2.397971211242676, 2.3890064308166505, 2.3783850898742678, 2.369438261795044, 2.3615949764251707, 2.3535351455688476, 2.3466426696777343, 2.338362831878662, 2.3308321491241455, 2.3257903690338133, 2.3190028465270998, 2.3143983825683594, 2.307744856262207, 2.3024512710571288, 2.2966986671447756, 2.2926716178894044, 2.2863932250976564, 2.2835589736938475, 2.278545447921753, 2.273712650299072, 2.2711310558319093, 2.265827462768555, 2.2622895462036134, 2.2577151767730714, 2.2545978759765624, 2.2529982006073, 2.2469881561279297, 2.2465613166809084, 2.241295221710205, 2.2388035934448243, 2.2360808658599853, 2.2345458824157713, 2.231733519363403, 2.2298790946960447, 2.2279277870178222, 2.2242215270996093, 2.224676710510254, 2.2206369636535643, 2.2203809059143067, 2.216905051422119, 2.2152572734832763, 2.2163245903015136, 2.2116262184143065, 2.2124256675720213, 2.2123235092163087, 2.210510259628296, 2.209696128845215, 2.2066734603881835]], "valid_losses": [[2.8210577655792237, 2.7362024295806884, 2.6884124130249023, 2.6583138343811035, 2.6344138851165773, 2.612101691055298, 2.5971684959411623, 2.5758349685668946, 2.562480550003052, 2.5556842979431154, 2.5425181407928465, 2.5321236362457276, 2.521971852493286, 2.499073443222046, 2.4906983100891114, 2.475350802612305, 2.4781724132537843, 2.454562390899658, 2.4503414260864256, 2.440639128112793, 2.4239018962860106, 2.4282442081451414, 2.41192205619812, 2.4079674312591552, 2.4134880016326905, 2.391876123046875, 2.387698066329956, 2.387298447418213, 2.3840465614318846, 2.3807965309143064, 2.3722563095092775, 2.3758317390441896, 2.3604934490203857, 2.364259450531006, 2.352166841506958, 2.3529092617034912, 2.352257515716553, 2.3533159080505373, 2.3486326316833495, 2.3432803546905516, 2.338892971038818, 2.341643272781372, 2.3376829383850097, 2.338808889389038, 2.337593235015869, 2.333182144165039, 2.332329036331177, 2.3291614967346193, 2.331459998321533, 2.353354493331909, 2.3374827842712405, 2.33424188079834, 2.3468152675628664, 2.348177822113037, 2.3400456031799317, 2.341179906463623, 2.336123829650879, 2.335772988128662, 2.343165523529053, 2.3468504039764406, 2.3458495727539064, 2.3583699279785155, 2.357753430938721, 2.3649193050384523, 2.3561200141906737, 2.3689098922729492, 2.3777762657165527, 2.3626412475585936]], "train_accs": [[2.1149999999999998, 5.57, 7.635, 8.9075, 10.4, 11.9625, 13.395000000000001, 14.41, 15.737499999999999, 16.84, 17.6425, 18.637500000000003, 19.415, 20.6875, 21.560000000000002, 22.595000000000002, 23.2675, 24.4, 25.2875, 26.087500000000002, 26.974999999999998, 27.9725, 28.915000000000003, 29.685, 30.630000000000003, 31.277500000000003, 31.9025, 32.645, 33.505, 34.165, 34.795, 35.3875, 36.0375, 36.625, 37.3325, 37.940000000000005, 38.685, 39.1225, 39.83, 40.63, 41.095, 41.64, 42.0875, 42.707499999999996, 43.0825, 43.645, 43.85, 44.295, 45.265, 45.73, 46.18, 46.705000000000005, 46.9575, 47.4325, 47.5875, 48.449999999999996, 48.5275, 48.9375, 49.71, 50.2075, 50.745, 51.0475, 51.4425, 51.70249999999999, 51.980000000000004, 52.3075, 52.935, 53.2975]], "valid_accs": [[3.4299999999999997, 6.52, 7.62, 9.27, 10.489999999999998, 11.59, 12.870000000000001, 14.39, 15.129999999999999, 15.67, 17.09, 18.09, 18.48, 19.64, 20.630000000000003, 21.91, 21.77, 23.61, 23.89, 24.67, 25.580000000000002, 25.75, 27.229999999999997, 27.500000000000004, 27.48, 28.62, 29.220000000000002, 29.89, 30.080000000000002, 30.990000000000002, 31.580000000000002, 31.55, 32.519999999999996, 32.48, 33.85, 34.19, 34.660000000000004, 35.22, 35.9, 36.63, 36.83, 37.26, 37.88, 38.23, 37.69, 39.0, 39.35, 39.72, 39.900000000000006, 39.379999999999995, 40.42, 40.73, 40.78, 40.910000000000004, 41.68, 42.08, 42.35, 42.9, 42.35, 42.120000000000005, 42.699999999999996, 42.61, 42.8, 42.79, 43.74, 43.03, 43.49, 43.59]], "train_times": [[121.11974883079529, 121.29383134841919, 121.94807028770447, 122.88764762878418, 120.62658166885376, 120.32200145721436, 121.5765950679779, 120.79571604728699, 121.38673496246338, 121.17757940292358, 121.52841687202454, 120.9839084148407, 121.08996629714966, 121.98192954063416, 121.24117946624756, 121.29952359199524, 121.83623623847961, 121.34759712219238, 122.51620531082153, 121.38027906417847, 121.06166696548462, 121.42658376693726, 120.33150911331177, 121.5267813205719, 120.96429133415222, 121.04714488983154, 121.01671123504639, 121.07643580436707, 121.17258167266846, 121.59886288642883, 120.77535653114319, 121.28326964378357, 121.57910513877869, 120.88117671012878, 121.5716781616211, 120.50309896469116, 121.60254144668579, 121.0799834728241, 120.6374773979187, 121.40698170661926, 120.65077662467957, 121.50827217102051, 121.8713629245758, 121.6698808670044, 122.1435694694519, 121.09430956840515, 122.64519309997559, 120.9714663028717, 122.66037797927856, 120.92415070533752, 122.17807292938232, 121.02310347557068, 121.03459119796753, 120.28120756149292, 121.2988452911377, 121.30704736709595, 121.8757655620575, 120.42532420158386, 121.20077848434448, 121.64087057113647, 121.28996300697327, 122.4348452091217, 122.81762671470642, 122.6292724609375, 120.72690939903259, 120.34080123901367, 120.40944290161133, 120.98188471794128]], "valid_times": [[23.36444115638733, 23.250844955444336, 23.242309093475342, 23.541138648986816, 23.19301199913025, 23.03096628189087, 23.636736154556274, 23.20848560333252, 23.72555184364319, 23.040273189544678, 23.23496675491333, 23.393254280090332, 23.195238828659058, 22.876132011413574, 22.808300733566284, 23.785411834716797, 23.545140981674194, 22.79022741317749, 23.160517930984497, 24.00316548347473, 24.04799723625183, 23.719845056533813, 23.618126392364502, 23.252424955368042, 23.192996978759766, 23.698729276657104, 23.229183197021484, 23.319494009017944, 23.32560086250305, 23.100082874298096, 24.133958101272583, 23.127195835113525, 24.587883710861206, 23.095994234085083, 23.327662229537964, 23.11533212661743, 23.26161479949951, 23.544480800628662, 22.83542013168335, 24.441488027572632, 23.254018783569336, 24.06178569793701, 23.50509262084961, 23.22978925704956, 23.39281988143921, 23.514556407928467, 23.398252248764038, 23.37447166442871, 23.2274386882782, 23.56103825569153, 22.808881759643555, 23.50180721282959, 23.27490782737732, 23.04137420654297, 23.138595581054688, 24.276963472366333, 23.049999952316284, 23.297245264053345, 23.733606100082397, 23.20260500907898, 23.180306434631348, 23.239916801452637, 23.28330111503601, 23.31455373764038, 23.07904624938965, 23.431861877441406, 23.04916262626648, 22.965101957321167]], "test_accuracy": 46.239999999999995, "convergence_iteration": 68}}