{"config": {"train_options": {"learning_rate": 0.005, "optimizer": "SGD", "batch_size": 128, "number_of_epochs": 300, "loss_parameters": {"temperature": 10, "distillation_type": "FILTER", "alpha": 0.1, "beta": 0.9}}}, "results": {"train_losses": [[73.53189012451172, 73.5550655029297, 73.58648648681641, 73.61776697998047, 73.64889735107423, 73.6815088256836, 73.71450465087891, 73.74815606689454, 73.78217944335937, 73.8160635131836, 73.85013175048829, 73.88415852050781, 73.9180255859375, 73.95205114746093, 73.98569816894532, 74.01919180908203, 74.05290430908204, 74.0865976928711, 74.12003728027344, 74.15337835693359, 74.1869544921875]], "valid_losses": [[73.54041896972656, 73.57066690673828, 73.60187165527344, 73.63283818359375, 73.66462524414062, 73.69755125732422, 73.7308443359375, 73.76490715332031, 73.7987977294922, 73.83297270507812, 73.86669467773437, 73.90115856933593, 73.93456903076172, 73.96929704589844, 74.00262573242188, 74.0365286743164, 74.07002189941406, 74.10345877685548, 74.13746665039062, 74.17070102539063, 74.20458125]], "train_accs": [[1.3275000000000001, 2.7575, 3.4075, 4.0825, 4.6850000000000005, 5.390000000000001, 6.177499999999999, 6.6850000000000005, 7.1225, 7.835, 8.355, 8.9775, 9.455, 10.01, 10.4075, 10.8725, 11.295, 11.735, 12.18, 12.7725, 12.892500000000002]], "valid_accs": [[2.1, 3.2300000000000004, 3.64, 4.35, 5.2299999999999995, 5.6899999999999995, 6.21, 6.6000000000000005, 7.32, 8.219999999999999, 8.75, 9.180000000000001, 9.6, 9.92, 10.71, 11.020000000000001, 11.450000000000001, 11.88, 12.0, 12.879999999999999, 13.16]], "train_times": [[46.69408917427063, 46.691033601760864, 46.746023178100586, 46.78904986381531, 46.73909878730774, 46.706066370010376, 46.73656105995178, 46.691516160964966, 46.6935715675354, 46.717180252075195, 46.752570152282715, 46.66069316864014, 46.69753170013428, 46.70117163658142, 46.70770311355591, 46.69165778160095, 46.669607639312744, 46.68355870246887, 46.651554584503174, 46.67623043060303, 46.724199295043945]], "valid_times": [[9.218560695648193, 9.203559875488281, 9.22253131866455, 9.242002248764038, 9.224030256271362, 9.263001918792725, 9.226002931594849, 9.213020324707031, 9.226515054702759, 9.217021942138672, 9.201002597808838, 9.243521928787231, 9.241511821746826, 9.219001054763794, 9.24211597442627, 9.212533235549927, 9.230600118637085, 9.222118854522705, 9.203065872192383, 9.23600149154663, 9.215535879135132]], "test_accuracy": 13.55, "convergence_iteration": 21}}