{"config": {"train_options": {"learning_rate": 0.005, "optimizer": "SGD", "batch_size": 128, "number_of_epochs": 300, "loss_parameters": {"temperature": 5, "distillation_type": "FILTER", "alpha": 0.6, "beta": 0.8}}}, "results": {"train_losses": [[7.649438948059082, 7.654895459747315, 7.666271527099609, 7.678610376739502, 7.690505310058594, 7.702571792602539, 7.714609259796142, 7.725799461364746, 7.738136093902588, 7.7507647590637205, 7.762890435028076, 7.775956364440918, 7.789112645721436, 7.801958935546875, 7.815070833587646, 7.827752182769776, 7.841114031219482, 7.85439545135498, 7.867200279998779, 7.8807030418396, 7.893942750549316]], "valid_losses": [[7.648254180908203, 7.659846541595459, 7.672706159210205, 7.684072539520264, 7.6959749206542964, 7.707685284423828, 7.719297637176513, 7.732216402435303, 7.744933686065674, 7.756721862792968, 7.76938525390625, 7.782479658508301, 7.795650531768799, 7.808721012115479, 7.821299905395508, 7.835049339294434, 7.847412406158448, 7.860707823944092, 7.8737254783630375, 7.886775225067138, 7.900841279602051]], "train_accs": [[1.72, 2.8425, 3.51, 4.14, 4.8500000000000005, 5.29, 5.9225, 6.6225000000000005, 7.3475, 8.025, 8.4925, 9.1225, 9.5975, 9.9875, 10.4275, 10.8375, 11.065, 11.6825, 11.935, 12.280000000000001, 12.555]], "valid_accs": [[2.17, 3.2099999999999995, 4.04, 4.390000000000001, 5.0200000000000005, 5.6000000000000005, 6.36, 7.28, 7.720000000000001, 8.450000000000001, 9.139999999999999, 9.53, 9.91, 10.08, 10.66, 11.0, 11.219999999999999, 11.790000000000001, 12.15, 12.23, 12.520000000000001]], "train_times": [[122.27742075920105, 124.78302073478699, 123.39176487922668, 123.31293821334839, 123.23288297653198, 125.94946837425232, 122.50214338302612, 123.58110547065735, 122.44320321083069, 122.36908602714539, 122.43257546424866, 123.3467767238617, 124.61948251724243, 121.70582675933838, 123.7373514175415, 122.01887464523315, 123.95952773094177, 121.60503768920898, 123.55535197257996, 122.59865522384644, 123.64244437217712]], "valid_times": [[23.556018352508545, 23.614415168762207, 23.90024209022522, 23.55868411064148, 23.595905542373657, 23.700887441635132, 23.621657609939575, 23.817858934402466, 24.17427349090576, 23.719513177871704, 25.18690848350525, 23.547186374664307, 23.618205547332764, 23.500017642974854, 23.39335298538208, 23.356487274169922, 23.68678307533264, 23.748233318328857, 23.447738885879517, 23.328654050827026, 23.694228887557983]], "test_accuracy": 12.540000000000001, "convergence_iteration": 21}}