{"config": {"train_options": {"learning_rate": 0.01, "optimizer": "SGD", "batch_size": 128, "number_of_epochs": 300, "loss_parameters": {"temperature": 10, "distillation_type": "FILTER", "alpha": 0.8, "beta": 0.5}}}, "results": {"train_losses": [[39.394004998779295, 39.42240403442383, 39.4514310546875, 39.480403253173826, 39.51099725952148, 39.54239309082031, 39.57450336303711, 39.60744405517578, 39.64094389648437, 39.6755032409668, 39.71022170410156, 39.744686712646484, 39.77992567749023, 39.81389150390625, 39.84855522460938, 39.88272640991211, 39.916979333496094, 39.95071491699219, 39.98460914306641, 40.01828635864258, 40.05116919555664]], "valid_losses": [[39.40738407592774, 39.43786195678711, 39.467498962402345, 39.49807404785156, 39.52919532470703, 39.5609453125, 39.594165106201174, 39.62790511474609, 39.66142421875, 39.698742608642576, 39.73249455566406, 39.76791383666992, 39.80347755126953, 39.83712518920898, 39.87272385253906, 39.907229595947264, 39.94072396850586, 39.97583444824219, 40.00927817993164, 40.043055932617186, 40.07628231811523]], "train_accs": [[1.385, 3.2175000000000002, 4.632499999999999, 5.76, 7.095, 8.495, 9.7475, 10.75, 11.98, 12.709999999999999, 13.235, 13.9875, 14.790000000000001, 15.3675, 16.0075, 16.5625, 17.06, 17.8075, 18.34, 18.775, 19.475]], "valid_accs": [[1.8599999999999999, 3.95, 4.760000000000001, 5.93, 7.670000000000001, 8.32, 9.42, 10.33, 11.44, 12.07, 12.68, 13.08, 13.5, 14.23, 14.91, 15.68, 16.220000000000002, 16.35, 16.7, 17.66, 17.97]], "train_times": [[46.53551459312439, 46.68193554878235, 46.51299571990967, 46.4950225353241, 46.51399636268616, 46.541996717453, 46.51501774787903, 46.528510093688965, 46.524998903274536, 46.529510259628296, 46.53000617027283, 46.939013957977295, 46.58738732337952, 46.53025531768799, 46.51369881629944, 46.60484170913696, 46.557034492492676, 46.53498196601868, 46.50852084159851, 46.52904200553894, 46.54303455352783]], "valid_times": [[9.206003904342651, 9.201013565063477, 9.21213412284851, 9.2030029296875, 9.181003093719482, 9.186004161834717, 9.202001333236694, 9.204001188278198, 9.204004049301147, 9.201003551483154, 9.202001094818115, 9.195013046264648, 9.194600343704224, 9.209367275238037, 9.3181471824646, 9.180139780044556, 9.179004430770874, 9.192003965377808, 9.190001487731934, 9.20400094985962, 9.194003582000732]], "test_accuracy": 19.220000000000002, "convergence_iteration": 21}}