{"config": {"train_options": {"learning_rate": 0.005, "optimizer": "SGD", "batch_size": 128, "number_of_epochs": 300, "loss_parameters": {"temperature": 5, "distillation_type": "FILTER", "alpha": 0.2, "beta": 0.6}}}, "results": {"train_losses": [[6.961015010070801, 6.899589138031006, 6.855501000976562, 6.830686236572266, 6.813052812194824, 6.797150274658203, 6.7813867134094235, 6.766053835296631, 6.754212012481689, 6.744508045196533, 6.738176750183105, 6.731819219207764, 6.72590577468872, 6.720824404144287, 6.714104415893555, 6.7099976730346675, 6.70446575088501, 6.701238681793213, 6.69574203491211, 6.690788314056396, 6.6849028038024905, 6.681727041625977, 6.678069728851319, 6.675215642547608, 6.671612747192383, 6.67164639968872, 6.670280701446533, 6.667505884552002, 6.665498986053467, 6.6656782318115235, 6.666503370666504, 6.665833312988282, 6.666561679840088, 6.666244226074219, 6.667642426300048, 6.6698022521972655, 6.669076585388184, 6.669588301849365, 6.67031323928833, 6.674891790771484, 6.674754808044433, 6.677439122772217, 6.678476879119873, 6.680991924285888, 6.683665451812744, 6.686035025024414, 6.688259884643554]], "valid_losses": [[6.9346219970703125, 6.8755072265625, 6.841964379882812, 6.8261586769104, 6.815120565032959, 6.797633123016357, 6.78238507232666, 6.773133562469482, 6.757030366516113, 6.7512504035949705, 6.745270526123047, 6.735725538635254, 6.730403160095215, 6.736909090423584, 6.719461409759521, 6.720254015350342, 6.719479479217529, 6.710044309234619, 6.7080407775878905, 6.7102490943908695, 6.704743551635742, 6.699151039886474, 6.698284358215332, 6.6994830406188965, 6.696756005859375, 6.7031796905517576, 6.692766468048096, 6.694633444976807, 6.6961951927185055, 6.702986328887939, 6.696859069824219, 6.709630192565918, 6.700952725982666, 6.703443647766114, 6.7106112846374515, 6.707888005828857, 6.719463437652588, 6.721202622222901, 6.722819513702393, 6.719539189147949, 6.730530247497558, 6.728981460571289, 6.734425263977051, 6.756296297454834, 6.7495734458923335, 6.740732683563232, 6.765915563964843]], "train_accs": [[2.8575, 5.1475, 7.045, 8.717500000000001, 9.9225, 11.1775, 12.29, 13.6775, 14.882500000000002, 15.950000000000001, 16.470000000000002, 17.227500000000003, 18.55, 19.1975, 20.294999999999998, 21.0075, 22.305, 23.04, 23.830000000000002, 25.045, 25.932500000000005, 26.9175, 27.7725, 28.6025, 29.607499999999998, 30.1475, 30.7625, 31.885, 32.58, 33.2225, 33.89, 34.7075, 35.275, 35.8275, 36.7325, 37.01, 37.7325, 38.337500000000006, 39.0625, 39.489999999999995, 39.96, 40.58, 41.3125, 41.485, 42.18, 42.4425, 42.9875]], "valid_accs": [[3.74, 6.54, 8.43, 9.520000000000001, 9.950000000000001, 11.31, 12.83, 13.77, 15.290000000000001, 16.11, 16.68, 17.68, 18.89, 18.96, 20.39, 21.08, 22.42, 23.32, 23.630000000000003, 24.349999999999998, 25.040000000000003, 26.119999999999997, 26.840000000000003, 27.0, 27.71, 28.349999999999998, 30.130000000000003, 30.53, 30.9, 31.05, 32.32, 31.990000000000002, 33.19, 33.53, 33.989999999999995, 35.02, 35.07, 35.49, 35.339999999999996, 36.78, 36.1, 37.26, 37.730000000000004, 37.49, 37.99, 39.44, 38.4]], "train_times": [[124.3649594783783, 125.33039402961731, 124.76975584030151, 124.03202772140503, 124.49105596542358, 123.30021595954895, 123.62847805023193, 123.91466736793518, 125.33652853965759, 123.9087643623352, 124.78136396408081, 126.09061431884766, 122.85677933692932, 124.99964189529419, 123.79262471199036, 125.81772065162659, 124.46197748184204, 124.0876612663269, 123.87278842926025, 124.54171705245972, 124.18516206741333, 124.56086468696594, 123.0938630104065, 124.57286667823792, 123.49249172210693, 123.87526607513428, 124.06033086776733, 123.98269987106323, 124.05585479736328, 123.74799346923828, 123.95872831344604, 124.18724131584167, 124.09541988372803, 123.83889102935791, 123.61209869384766, 124.08837556838989, 122.94355845451355, 124.85386490821838, 123.70901346206665, 124.68894600868225, 123.5598406791687, 123.88101577758789, 124.09913754463196, 124.8777072429657, 124.34907960891724, 123.19779348373413, 124.1019914150238]], "valid_times": [[23.693910598754883, 23.59640407562256, 23.393908977508545, 23.72454571723938, 23.55391812324524, 23.423847436904907, 23.419771671295166, 25.008979082107544, 23.314777374267578, 23.736051559448242, 23.921277046203613, 23.399945974349976, 23.319644451141357, 23.216553926467896, 23.571523666381836, 23.51238465309143, 23.227886199951172, 23.220017433166504, 23.43339991569519, 23.58598566055298, 23.54178762435913, 23.463059186935425, 23.914897680282593, 23.74300718307495, 23.461682558059692, 23.672617435455322, 23.514650344848633, 23.734992027282715, 23.564438104629517, 23.339673042297363, 23.510690212249756, 23.546260356903076, 23.451104879379272, 23.19016671180725, 23.566553831100464, 23.405550956726074, 23.29987621307373, 23.31196665763855, 23.454864978790283, 23.496723890304565, 23.420440435409546, 23.416139125823975, 23.606213092803955, 23.504764795303345, 23.402286529541016, 23.731992483139038, 24.035476684570312]], "test_accuracy": 39.45, "convergence_iteration": 47}}