{"config": {"train_options": {"learning_rate": 0.05, "optimizer": "SGD", "batch_size": 128, "number_of_epochs": 300, "loss_parameters": {"temperature": 5, "distillation_type": "FILTER", "alpha": 0.6, "beta": 0.8}}}, "results": {"train_losses": [[65.15497331542969, 65.44955479736328, 65.74136104736328, 66.02611788330078, 66.30111954345703, 66.56551673583985, 66.81773995361328, 67.05904664306641, 67.28882143554688, 67.51071755371093, 67.72337869873047, 67.92758648681641, 68.12421824951171, 68.3138013671875, 68.49509509277344, 68.66975201416015, 68.83860826416016, 68.99831403808594, 69.15272077636719, 69.3013396850586, 69.44324810791015]], "valid_losses": [[65.3047230834961, 65.60399802246094, 65.89539157714843, 66.17577978515625, 66.46569913330079, 66.70655424804687, 66.95433659667968, 67.19347204589843, 67.42244367675781, 67.6453181640625, 67.856494921875, 68.05691851806641, 68.24540965576172, 68.42758553466797, 68.61613953857422, 68.78747987060547, 68.95238474121093, 69.11946098632812, 69.2950454711914, 69.42356254882813, 69.5612767578125]], "train_accs": [[3.7875, 8.44, 11.8925, 14.027500000000002, 15.98, 18.0125, 19.89, 22.08, 24.02, 26.035000000000004, 27.715, 29.659999999999997, 30.7725, 32.375, 34.0475, 35.2325, 36.3975, 38.0025, 39.445, 40.58, 41.7725]], "valid_accs": [[6.03, 9.69, 11.77, 14.44, 13.07, 17.45, 19.05, 20.46, 21.14, 22.07, 22.78, 24.18, 26.540000000000003, 29.060000000000002, 28.03, 29.630000000000003, 30.459999999999997, 30.44, 26.87, 30.54, 32.42]], "train_times": [[47.70601558685303, 47.685996532440186, 47.66399908065796, 47.68454909324646, 47.683995485305786, 47.68001627922058, 47.6855309009552, 47.690001487731934, 47.682010889053345, 47.683002948760986, 47.690019369125366, 47.70700120925903, 47.68902635574341, 47.69199728965759, 47.7025260925293, 47.699997663497925, 47.69000053405762, 47.70499610900879, 47.70299577713013, 47.73499631881714, 47.76555943489075]], "valid_times": [[9.389002799987793, 9.389533519744873, 9.387996673583984, 9.394001245498657, 9.392003774642944, 9.402013778686523, 9.386001110076904, 9.382001638412476, 9.406997919082642, 9.391000747680664, 9.399000406265259, 9.414999008178711, 9.382000923156738, 9.407002210617065, 9.39500379562378, 9.39200472831726, 9.420003414154053, 9.399003982543945, 9.415003776550293, 9.465013027191162, 9.401727199554443]], "test_accuracy": 32.36, "convergence_iteration": 21}}