{"config": {"train_options": {"learning_rate": 0.01, "optimizer": "SGD", "batch_size": 128, "number_of_epochs": 300, "loss_parameters": {"temperature": 5, "distillation_type": "FILTER", "alpha": 0.3, "beta": 0.9}}}, "results": {"train_losses": [[73.36731171875, 73.4331159790039, 73.50430277099609, 73.57539443359374, 73.64533280029296, 73.7146095703125, 73.78445627441407, 73.85474948730469, 73.92429771728516, 73.99353887939454, 74.06212318115234, 74.13006956787109, 74.19774774169922, 74.26509401855469, 74.33205574951172, 74.39861953125, 74.46503428955079, 74.53109334716797, 74.59684117431641, 74.66204729003907, 74.72665681152344]], "valid_losses": [[73.39748464355469, 73.46794088134766, 73.53947497558593, 73.6097290649414, 73.67889207763672, 73.74879857177734, 73.81890100097657, 73.88849759521484, 73.95804885253906, 74.02662214355469, 74.09536212158203, 74.16331494140626, 74.23049854736328, 74.2982995727539, 74.36486784667969, 74.43214255371093, 74.49867139892578, 74.56491256103516, 74.63031147460937, 74.69602247314454, 74.7614885131836]], "train_accs": [[1.6025, 2.6675, 3.5825000000000005, 4.575, 5.625, 6.5175, 7.35, 8.08, 8.81, 9.4975, 10.1725, 10.875, 11.747499999999999, 12.57, 13.1475, 13.8025, 14.372499999999999, 14.815000000000001, 15.092500000000001, 15.775, 16.205]], "valid_accs": [[2.37, 3.4000000000000004, 4.2700000000000005, 5.16, 6.0, 6.909999999999999, 7.86, 8.5, 9.04, 9.69, 10.65, 11.379999999999999, 11.84, 12.91, 13.55, 13.71, 14.21, 14.67, 15.28, 15.690000000000001, 15.73]], "train_times": [[190.29121351242065, 180.24605131149292, 176.48197960853577, 176.6784873008728, 178.41047596931458, 180.5623619556427, 183.7366554737091, 182.00783157348633, 184.5326681137085, 182.90691494941711, 183.91097712516785, 182.76724982261658, 182.55103254318237, 186.05560612678528, 187.0713827610016, 185.7383496761322, 184.5333309173584, 183.42567443847656, 182.95843243598938, 183.40384817123413, 183.59620308876038]], "valid_times": [[42.843085050582886, 42.69114923477173, 40.993711709976196, 41.75681924819946, 42.35670590400696, 42.84980082511902, 43.78710699081421, 42.98955011367798, 43.11120295524597, 44.055442094802856, 42.98731756210327, 42.944844484329224, 43.33270812034607, 43.39061880111694, 43.16615343093872, 43.40467596054077, 43.95232057571411, 42.51123023033142, 42.86507248878479, 43.09741568565369, 43.259793758392334]], "test_accuracy": 16.150000000000002, "convergence_iteration": 21}}