{"config": {"train_options": {"learning_rate": 0.01, "optimizer": "SGD", "batch_size": 128, "number_of_epochs": 300, "loss_parameters": {"temperature": 20, "distillation_type": "FILTER", "alpha": 0.3, "beta": 0.6}}}, "results": {"train_losses": [[49.50596796875, 49.47082237548828, 49.469495318603514, 49.47229181518555, 49.48475085449219, 49.50027835693359, 49.51932326660156, 49.53900707397461, 49.557564099121095, 49.57541787719727, 49.59145559692383, 49.60798588867188, 49.62455892944336, 49.64153240966797, 49.65925449829101, 49.67542525024414, 49.69329674682617, 49.70970853881836, 49.728069085693356, 49.74372944946289, 49.763086364746094, 49.779937384033204]], "valid_losses": [[49.48189970703125, 49.471539373779294, 49.47192406616211, 49.48553508300781, 49.49589898071289, 49.519009509277346, 49.54088084106445, 49.562976971435546, 49.58725000610352, 49.60728676147461, 49.62455177612305, 49.65310430908203, 49.682678253173826, 49.70047673339844, 49.69891574707031, 49.72479744262695, 49.74378587646484, 49.763422033691405, 49.78845054321289, 49.81191404418945, 49.81643432617187, 49.84453228149414]], "train_accs": [[3.3674999999999997, 6.335, 8.6325, 10.73, 12.532499999999999, 14.105, 15.305, 16.8275, 18.357499999999998, 19.5675, 21.08, 22.7075, 23.96, 25.240000000000002, 26.735, 28.0325, 29.060000000000002, 30.362499999999997, 31.330000000000002, 32.385000000000005, 33.555, 34.48]], "valid_accs": [[5.0, 7.249999999999999, 9.629999999999999, 11.33, 12.85, 13.780000000000001, 15.079999999999998, 16.68, 17.68, 18.94, 20.11, 21.04, 21.72, 22.27, 25.15, 25.290000000000003, 26.93, 27.400000000000002, 28.57, 28.82, 30.89, 31.35]], "train_times": [[45.609028816223145, 45.61906099319458, 45.604021072387695, 45.60005259513855, 45.598023414611816, 45.59003472328186, 45.5885488986969, 45.608553647994995, 45.60753107070923, 45.619996070861816, 45.59899687767029, 45.62999629974365, 45.662611961364746, 45.62042999267578, 45.578763008117676, 45.59756398200989, 45.616806507110596, 45.59399604797363, 45.60099816322327, 45.60599970817566, 45.617082357406616, 45.59311294555664]], "valid_times": [[9.023003816604614, 9.034535884857178, 9.019529819488525, 9.040004014968872, 9.023004055023193, 9.02199912071228, 9.010001182556152, 9.034514904022217, 9.018013000488281, 9.039003849029541, 9.030003309249878, 9.021003723144531, 9.016575574874878, 9.030597448348999, 9.03619384765625, 9.023201942443848, 9.011220932006836, 9.019576787948608, 9.049592018127441, 9.02500319480896, 9.01600432395935, 9.018001317977905]], "test_accuracy": 32.26, "convergence_iteration": 22}}