{
  "config": {
    "train_options": {
      "learning_rate": 0.01,
      "optimizer": "SGD",
      "batch_size": 128,
      "number_of_epochs": 300,
      "loss_parameters": {
        "temperature": 10,
        "distillation_type": "FILTER",
        "alpha": 0.1,
        "beta": 0.4
      }
    }
  },
  "results": {
    "train_losses": [
      [
        34.61581643066406, 34.38600935058594, 34.27957617797851,
        34.21662455444336, 34.162008776855465, 34.110224194335935,
        34.053631201171875, 33.99832311401367, 33.95185295410156,
        33.91309598999023, 33.86877006225586, 33.836988708496094,
        33.80561048583984, 33.77374537353516, 33.7453595703125,
        33.71864552001953, 33.692349627685545, 33.66343671264649,
        33.64093530273438, 33.61570209960937, 33.597068908691405,
        33.57477528076172, 33.5544755065918, 33.53358416137695,
        33.520359301757814, 33.49745364990235, 33.47907700805664,
        33.464013403320315, 33.44676790771484, 33.431571173095705,
        33.41323907470703, 33.39663167724609, 33.38307015991211,
        33.36928248901367, 33.352794525146486, 33.337398120117186,
        33.324916815185546, 33.309824401855465, 33.29333236694336,
        33.28190291137695, 33.265707971191404, 33.25486636352539,
        33.24042121582031, 33.226502685546876, 33.21187769165039,
        33.19834692993164, 33.18394536743164, 33.16710740966797,
        33.15590341796875, 33.138387524414064, 33.12346921386719,
        33.109478021240236, 33.09903463745117, 33.08192482299805,
        33.06702710571289, 33.05110999755859, 33.040552734375,
        33.020986309814454, 33.00918461303711, 32.993246630859375,
        32.97698760986328, 32.959651251220706, 32.94692973632812,
        32.92984922485351, 32.91143812866211, 32.899905078125,
        32.88271110229492, 32.86893634643555, 32.85387977294922,
        32.84090521240234, 32.816402557373046, 32.80526737670898,
        32.78573444824219, 32.7728482421875, 32.75626381835937,
        32.739648803710935, 32.72496076660156, 32.704330139160156,
        32.69440983886719, 32.674821905517575, 32.65667370605469,
        32.592742211914064, 32.564770611572264, 32.560907916259765,
        32.560220867919924, 32.55733571777344, 32.55473162841797,
        32.5562870727539, 32.554980822753905, 32.558673254394535,
        32.55824876708984, 32.56027940063476, 32.5596253112793,
        32.559506994628904, 32.56046884155273, 32.56023790283203,
        32.563059332275394, 32.56324328613281, 32.563211773681644,
        32.56295724487305, 32.56772721557617, 32.56899359741211,
        32.571418603515625
      ]
    ],
    "valid_losses": [
      [
        34.4798819519043, 34.32456228637695, 34.29222789916992,
        34.267597814941404, 34.209641796875, 34.17744282836914,
        34.10370701904297, 34.106128997802735, 34.04008779907227,
        34.03095825195312, 34.10306378173828, 33.95180196533203,
        33.944648468017576, 34.00600535888672, 33.88531060791016,
        33.92223576660156, 33.915774822998046, 33.866108093261715,
        33.88746796264648, 33.82126044921875, 33.77500361938477,
        33.758499517822266, 33.77511255493164, 33.75923803100586,
        33.70278982543945, 33.69305662231445, 33.6611015625, 33.68252524414063,
        33.66645492553711, 33.64474506835938, 33.66983307495117,
        33.61830029907227, 33.620392010498044, 33.601318267822265,
        33.62099365844727, 33.581216662597654, 33.6279306640625,
        33.56694108276367, 33.588905267333985, 33.61259508056641,
        33.62693831176758, 33.56153033447266, 33.56716837158203,
        33.555544738769534, 33.55485452880859, 33.529134765625,
        33.54217114257813, 33.54559963989258, 33.52312194213867,
        33.52750766601562, 33.5374711730957, 33.49840553588867,
        33.521406823730466, 33.49367581176758, 33.508532080078126,
        33.50669944458008, 33.44194030761719, 33.46891253662109,
        33.45317310791015, 33.42515932617187, 33.44700009155274,
        33.40352763061524, 33.43149561157227, 33.39957196044922,
        33.39713931884766, 33.37159714355469, 33.32343917236328,
        33.37360606079102, 33.353723583984376, 33.338150567626954,
        33.32675999145508, 33.344261651611326, 33.32904531860351,
        33.308822076416014, 33.31476013183594, 33.286577697753906,
        33.26874216918945, 33.22705941162109, 33.23421281738281,
        33.23068640136719, 33.20918303833008, 33.08584294433594,
        33.08126028442383, 33.086478161621095, 33.09201708984375,
        33.09446290893555, 33.102775549316405, 33.10419404907226,
        33.10907391357422, 33.105111853027346, 33.12126627807617,
        33.12143235473633, 33.12484301757812, 33.125284814453124,
        33.135158624267575, 33.13100380859375, 33.14714553222656,
        33.14279977416992, 33.15838593139648, 33.1536368347168,
        33.16607651977539, 33.16647788696289, 33.17436096191406
      ]
    ],
    "train_accs": [
      [
        3.5075000000000003, 9.1325, 12.53, 15.3025, 17.697499999999998, 20.36,
        22.58, 24.857499999999998, 26.9125, 28.665000000000003, 30.7, 32.2875,
        33.885, 35.3425, 36.945, 38.395, 39.785, 40.995, 42.3825, 43.725,
        44.777499999999996, 45.7075, 46.965, 47.9225, 48.3525, 49.5825, 50.3575,
        50.815, 51.959999999999994, 52.47500000000001, 53.6, 54.1825,
        54.949999999999996, 55.402499999999996, 56.135000000000005, 56.6775,
        57.335, 57.86, 58.455, 58.935, 59.635000000000005, 59.9825,
        60.212500000000006, 60.6725, 61.255, 61.652499999999996, 62.0125,
        62.762499999999996, 62.89, 63.505, 64.05999999999999, 64.17, 64.575,
        64.98, 65.1625, 65.6625, 65.73750000000001, 66.295, 66.725, 66.815,
        67.4775, 67.8075, 68.0275, 68.2475, 68.955, 69.0175, 69.54, 69.555,
        69.9325, 69.7625, 70.695, 70.7025, 71.3, 71.275, 71.41999999999999,
        71.995, 71.9325, 72.265, 72.255, 72.7175, 73.0375, 76.6725, 78.3175,
        78.7825, 78.915, 79.38, 79.3075, 79.77499999999999, 80.0075, 79.715,
        80.05499999999999, 80.2075, 80.32000000000001, 80.4075, 80.7975,
        80.8425, 80.7675, 81.2125, 81.02000000000001, 81.36, 81.255, 81.22,
        81.4425
      ]
    ],
    "valid_accs": [
      [
        6.15, 10.97, 12.280000000000001, 14.59, 16.259999999999998,
        18.099999999999998, 20.810000000000002, 21.7, 23.98, 25.169999999999998,
        23.98, 28.749999999999996, 29.39, 28.560000000000002, 32.14, 31.4,
        31.53, 33.95, 33.81, 36.02, 37.9, 39.01, 38.49, 39.14,
        41.160000000000004, 42.08, 42.88, 43.35, 43.35, 43.6,
        44.230000000000004, 45.379999999999995, 46.02, 45.989999999999995,
        45.26, 47.510000000000005, 45.65, 47.83, 46.98, 46.87, 46.06, 48.11,
        46.910000000000004, 47.949999999999996, 47.870000000000005, 48.51, 47.9,
        48.309999999999995, 48.230000000000004, 48.25, 47.839999999999996,
        48.980000000000004, 48.49, 49.0, 48.65, 48.36, 49.08,
        49.230000000000004, 49.54, 48.949999999999996, 48.75, 49.93, 48.78,
        50.72, 50.080000000000005, 50.36000000000001, 51.839999999999996, 49.5,
        50.0, 50.29, 50.849999999999994, 49.88, 50.59, 50.88,
        50.129999999999995, 50.81, 51.019999999999996, 51.790000000000006,
        50.81, 51.239999999999995, 52.21, 56.220000000000006, 56.71000000000001,
        56.89999999999999, 56.93, 56.99999999999999, 56.52, 56.410000000000004,
        56.88999999999999, 56.8, 56.330000000000005, 56.34, 56.37,
        56.330000000000005, 56.230000000000004, 56.49999999999999,
        56.769999999999996, 56.830000000000005, 56.37, 56.18, 56.71000000000001,
        56.910000000000004, 56.42
      ]
    ],