{"config": {"train_options": {"learning_rate": 0.05, "optimizer": "SGD", "batch_size": 128, "number_of_epochs": 300, "loss_parameters": {"temperature": 15, "distillation_type": "FILTER", "alpha": 0.6, "beta": 0.6}}}, "results": {"train_losses": [[48.45231455078125, 48.60028294677734, 48.77452775878906, 48.94496797485352, 49.103855755615236, 49.24954822387695, 49.38809852905273, 49.51891951904297, 49.647068701171875, 49.76619099121094, 49.880946075439454, 49.98900947265625, 50.09371559448242, 50.19269459228516, 50.286708813476565, 50.376745648193356, 50.463555548095705, 50.544690887451175, 50.62222430419922, 50.69454504394531, 50.76435891723633]], "valid_losses": [[48.52408709106445, 48.69941397094727, 48.87927111816406, 49.046102197265625, 49.19650839233398, 49.34392482910156, 49.47893529663086, 49.60792982788086, 49.7338094909668, 49.85800989990234, 49.97235177612305, 50.0738788269043, 50.19345791015625, 50.281785345458985, 50.366066619873045, 50.45710173339844, 50.55366206665039, 50.639397351074216, 50.72411959838867, 50.78283055419922, 50.871831268310544]], "train_accs": [[4.485, 10.4725, 14.4875, 17.52, 20.8875, 24.205, 26.795, 29.520000000000003, 31.7425, 34.285, 36.120000000000005, 38.15, 39.847500000000004, 41.4325, 42.902499999999996, 44.2325, 45.4625, 46.917500000000004, 48.22, 48.94, 50.3675]], "valid_accs": [[7.55, 11.81, 14.21, 17.45, 20.82, 23.23, 25.36, 28.29, 29.89, 31.0, 32.72, 34.53, 33.61, 36.41, 39.11, 40.14, 39.7, 40.63, 39.46, 42.72, 40.88]], "train_times": [[47.75099849700928, 47.75299644470215, 47.695000648498535, 47.712010622024536, 47.704997539520264, 47.68599581718445, 47.68003845214844, 47.683995962142944, 47.71501159667969, 47.726999282836914, 47.72502040863037, 47.7155179977417, 47.75152087211609, 47.755534648895264, 47.682005882263184, 47.72199821472168, 47.73199725151062, 47.73099637031555, 47.654521465301514, 47.66851353645325, 47.730045318603516]], "valid_times": [[9.414003610610962, 9.398000001907349, 9.389003992080688, 9.387013912200928, 9.395003080368042, 9.411003589630127, 9.415001153945923, 9.401004314422607, 9.40401554107666, 9.40800142288208, 9.401033163070679, 9.396999835968018, 9.413004159927368, 9.40000033378601, 9.411004304885864, 9.411001205444336, 9.39900255203247, 9.383004188537598, 9.39500379562378, 9.419000387191772, 9.399179935455322]], "test_accuracy": 41.46, "convergence_iteration": 21}}