{"config": {"train_options": {"learning_rate": 0.005, "optimizer": "SGD", "batch_size": 128, "number_of_epochs": 300, "loss_parameters": {"temperature": 20, "distillation_type": "FILTER", "alpha": 0.1, "beta": 0.4}}}, "results": {"train_losses": [[34.663402844238284, 34.48009002075195, 34.384746752929686, 34.326553466796874, 34.28176751098633, 34.24333162231445, 34.21103410644531, 34.18651021118164, 34.163589361572264, 34.1447744140625, 34.12468541259766, 34.10421122436524, 34.08030205688477, 34.05589597167969, 34.033089880371094, 34.00707339477539, 33.97946477661133, 33.95673491821289, 33.93411642456055, 33.91287684326172, 33.88788756713867, 33.87069271850586, 33.854733221435545, 33.83304692993164, 33.81896984863281, 33.804943603515625, 33.78699140625, 33.772015155029294, 33.75988233642578, 33.74568801269531, 33.728560559082034, 33.71566832885742, 33.70550241699219, 33.69026181030274, 33.68096322021484, 33.66766323852539, 33.65897354736328, 33.646104553222656, 33.63636204833984, 33.62805335083008, 33.6186573059082, 33.60920600585938, 33.60205097045898, 33.59287623291016, 33.58132559814453, 33.57390156860352, 33.56613461303711, 33.559884033203126, 33.552458062744144, 33.54286354370117, 33.53810272216797, 33.52863009643555, 33.524142364501955, 33.516788781738285, 33.51085482177734, 33.50494794311523, 33.500204455566404, 33.48850224609375, 33.48621871948242, 33.47983141479492, 33.47219797363281, 33.464858837890624, 33.463675482177734, 33.45584938354492, 33.450964166259766, 33.4429307800293, 33.43876958618164, 33.43300188598633, 33.42434043579102, 33.422661157226564, 33.41759688110351, 33.4077487121582, 33.404894909667966, 33.39666917114258, 33.394885614013674, 33.384457708740236, 33.38076600952149, 33.37595416259766, 33.37068295288086, 33.36455301513672, 33.359119024658206, 33.308741320800785, 33.29245352172852, 33.286840747070315, 33.28282692260742, 33.28404968261719, 33.27933408203125, 33.28154349365234, 33.27955968017578, 33.28204671630859, 33.28022928466797, 33.28126253662109, 33.27877159423828, 33.27980530395508, 33.2789438293457, 33.27960744628906, 33.28165609741211, 33.28579188842773, 33.28114033203125, 33.27843503417969, 33.28195091552735, 33.28019644165039]], "valid_losses": [[34.56679594116211, 34.43009957885742, 34.3671890625, 34.327871380615235, 34.29945474243164, 34.261541467285156, 34.234516760253904, 34.235635955810544, 34.20311087646484, 34.19349868774414, 34.149387139892575, 34.126690637207034, 34.10647002563476, 34.08271198120117, 34.06387514648438, 34.05072033691406, 34.04693646850586, 34.01332391967773, 33.98433983764649, 33.96891513671875, 33.956854852294924, 33.93767790527344, 33.931408227539066, 33.900772637939454, 33.90199128417969, 33.90072612304687, 33.879665350341796, 33.86553701171875, 33.851516271972656, 33.83948070678711, 33.846372058105466, 33.81300848388672, 33.820464965820314, 33.824221856689455, 33.815411627197264, 33.80028733520508, 33.811830645751954, 33.797009509277345, 33.79433373413086, 33.8018950012207, 33.80955065307617, 33.77654379272461, 33.783824688720706, 33.77143759765625, 33.77941600952148, 33.76701992797852, 33.74412438964844, 33.76360485839844, 33.74435633544922, 33.74120391845703, 33.765750817871094, 33.749030676269534, 33.741272418212894, 33.75410702514648, 33.750847430419924, 33.73537421875, 33.74868493652344, 33.739297717285154, 33.739909912109376, 33.738165698242184, 33.718502752685545, 33.750753314208986, 33.71599561157227, 33.784643719482425, 33.7241166015625, 33.73766187133789, 33.740820874023434, 33.734289593505856, 33.72953431396484, 33.74719361572266, 33.769863861083984, 33.73438168945312, 33.73855131225586, 33.76065737915039, 33.72926610107422, 33.78258248291016, 33.76838726196289, 33.730762316894534, 33.75808687744141, 33.73893308105469, 33.770151861572266, 33.63416375732422, 33.63861271972656, 33.63938887939453, 33.64164598999024, 33.64302953491211, 33.64197905273438, 33.64967239379883, 33.650381024169924, 33.64776459350586, 33.65213353881836, 33.65774393310547, 33.66131070556641, 33.65131945800781, 33.6670555480957, 33.66445028076172, 33.66503403930664, 33.6621399230957, 33.668356896972654, 33.66735263671875, 33.674415283203125, 33.66848622436523]], "train_accs": [[3.1625, 6.58, 9.3, 11.235000000000001, 13.225000000000001, 14.4225, 15.97, 17.315, 18.490000000000002, 19.4375, 20.5075, 21.435000000000002, 22.61, 23.9375, 25.3125, 26.1775, 27.505000000000003, 28.502499999999998, 29.45, 30.330000000000002, 31.7425, 32.879999999999995, 33.58, 34.6425, 35.9425, 36.717499999999994, 37.5625, 38.3225, 39.0875, 40.0775, 41.045, 41.497499999999995, 42.22, 43.364999999999995, 43.769999999999996, 44.9225, 45.2975, 45.8525, 46.4775, 47.365, 47.902499999999996, 48.620000000000005, 48.945, 49.705, 50.38249999999999, 50.6825, 51.459999999999994, 51.77, 52.245, 53.022499999999994, 52.97500000000001, 53.885000000000005, 54.31, 54.83749999999999, 55.05, 55.64, 55.584999999999994, 56.474999999999994, 57.025000000000006, 57.357499999999995, 57.5775, 58.137499999999996, 58.0025, 58.662499999999994, 58.9825, 59.4, 59.86, 60.0225, 60.8525, 60.7075, 61.1275, 61.739999999999995, 61.75000000000001, 62.160000000000004, 62.525, 63.165000000000006, 63.160000000000004, 63.32, 63.802499999999995, 63.9375, 64.3875, 67.0675, 68.215, 68.64, 68.8275, 68.7325, 69.0275, 69.175, 69.2375, 69.285, 69.3325, 69.33500000000001, 69.3875, 69.4275, 69.5325, 69.6875, 69.815, 69.69, 69.77, 70.0025, 69.98, 70.0525]], "valid_accs": [[4.9399999999999995, 8.07, 10.12, 11.81, 13.420000000000002, 14.719999999999999, 15.76, 16.61, 17.75, 18.67, 20.369999999999997, 21.67, 22.98, 23.5, 24.3, 25.330000000000002, 25.759999999999998, 27.29, 28.59, 29.520000000000003, 30.009999999999998, 31.209999999999997, 31.419999999999998, 32.98, 33.09, 33.410000000000004, 34.2, 34.699999999999996, 35.86, 36.480000000000004, 36.84, 37.82, 38.1, 38.54, 39.24, 39.56, 39.36, 40.949999999999996, 40.83, 40.52, 41.06, 42.22, 42.35, 43.269999999999996, 42.88, 43.43, 44.84, 44.04, 45.2, 45.15, 44.32, 45.15, 45.87, 45.62, 45.92, 46.53, 46.33, 47.08, 46.81, 47.48, 47.44, 46.62, 48.11, 46.2, 48.13, 48.39, 48.03, 48.59, 48.51, 47.97, 47.77, 49.2, 48.61, 48.17, 49.65, 48.06, 48.41, 49.519999999999996, 48.86, 49.230000000000004, 48.74, 53.849999999999994, 53.99, 53.68000000000001, 53.44, 53.7, 54.35, 53.400000000000006, 53.76, 53.43, 54.02, 53.47, 53.6, 53.65, 53.54, 53.81, 53.94, 53.92, 53.769999999999996, 53.949999999999996, 53.769999999999996, 53.44]],