{"config": {"train_options": {"learning_rate": 0.05, "optimizer": "SGD", "batch_size": 128, "number_of_epochs": 300, "loss_parameters": {"temperature": 20, "distillation_type": "FILTER", "alpha": 0.3, "beta": 0.9}}}, "results": {"train_losses": [[8.730215757751465, 8.891073933410645, 9.04848698425293, 9.20356336669922, 9.353126596069336, 9.49670987854004, 9.634330555725098, 9.764814578247071, 9.889118743896484, 10.007127473449707, 10.120654635620117, 10.228781477355957, 10.333162113952637, 10.432748007202148, 10.529319136047363, 10.622062281799316, 10.710904534912109, 10.796757411193848, 10.878553646850586, 10.957613000488282, 11.03366863861084]], "valid_losses": [[8.812291761779786, 8.971845175170898, 9.129515885925294, 9.28303278503418, 9.432088464355468, 9.575545449829102, 9.708377426147461, 9.84560521697998, 9.962941087341308, 10.071836293029785, 10.183635380554199, 10.293561511230468, 10.392705953979492, 10.490614253234863, 10.589808514404297, 10.685899507141114, 10.773547705078125, 10.86521600036621, 10.938458020019532, 11.012656300354005, 11.0869630569458]], "train_accs": [[3.125, 6.5825, 9.9675, 12.18, 14.182500000000001, 15.959999999999999, 17.68, 19.2825, 20.835, 22.900000000000002, 24.4775, 26.247500000000002, 28.044999999999998, 29.625, 30.89, 32.519999999999996, 33.695, 34.612500000000004, 36.1275, 37.24, 38.1625]], "valid_accs": [[3.81, 7.739999999999999, 9.99, 12.01, 13.13, 13.94, 15.870000000000001, 15.989999999999998, 18.35, 21.8, 23.04, 24.63, 26.35, 28.349999999999998, 28.17, 27.750000000000004, 29.34, 28.4, 30.65, 32.76, 34.04]], "train_times": [[124.95259046554565, 125.51335501670837, 124.13633179664612, 123.6619176864624, 123.8931827545166, 124.28552031517029, 123.7031102180481, 124.34246253967285, 124.18830370903015, 124.43888854980469, 124.5970196723938, 124.08733081817627, 124.98512578010559, 125.74906969070435, 123.64047741889954, 123.78532123565674, 124.32151818275452, 124.47343516349792, 124.79727411270142, 125.75469946861267, 123.49942088127136]], "valid_times": [[23.748456239700317, 23.529706716537476, 23.792002201080322, 23.588531732559204, 23.710341215133667, 23.919769048690796, 24.381710529327393, 23.89443278312683, 23.44562315940857, 23.651028871536255, 23.369778871536255, 23.519722938537598, 23.906616926193237, 23.975502252578735, 23.98771619796753, 24.136237144470215, 23.640257120132446, 24.192772388458252, 23.706563711166382, 23.80203342437744, 23.91243839263916]], "test_accuracy": 34.63, "convergence_iteration": 21}}