{"config": {"train_options": {"learning_rate": 0.05, "optimizer": "SGD", "batch_size": 128, "number_of_epochs": 300, "loss_parameters": {"temperature": 20, "distillation_type": "FILTER", "alpha": 0.9, "beta": 0.4}}}, "results": {"train_losses": [[30.387121047973633, 30.53568161315918, 30.68097993774414, 30.822127737426758, 30.96052021484375, 31.094831381225585, 31.224531674194335, 31.349353912353514, 31.469225854492187, 31.584195178222657, 31.6939573425293, 31.79956766357422, 31.90126206665039, 31.999565832519533, 32.0937967956543, 32.18526782836914, 32.27316812744141, 32.35766082763672, 32.438878967285156, 32.51697641601562, 32.59213255004883]], "valid_losses": [[30.462104846191405, 30.609335717773437, 30.754793630981446, 30.894097564697265, 31.035116055297852, 31.1659801361084, 31.295237377929688, 31.416641217041015, 31.533886456298827, 31.646670034790038, 31.752440701293946, 31.857169427490234, 31.956367770385743, 32.05422966918945, 32.14406105957031, 32.23853345336914, 32.320667272949215, 32.404750018310544, 32.485447790527346, 32.56261446533203, 32.6356660949707]], "train_accs": [[3.1774999999999998, 6.132499999999999, 9.195, 11.8075, 13.792499999999999, 15.305, 16.967499999999998, 18.3975, 19.8375, 21.2875, 22.720000000000002, 24.2775, 25.34, 27.01, 28.5275, 29.395, 30.759999999999998, 32.0475, 33.085, 34.5475, 35.615]], "valid_accs": [[4.78, 7.380000000000001, 10.17, 12.6, 12.7, 15.049999999999999, 15.75, 17.24, 18.740000000000002, 19.919999999999998, 21.82, 23.28, 24.72, 25.39, 27.57, 27.47, 30.18, 30.84, 30.85, 31.95, 33.910000000000004]], "train_times": [[47.61450672149658, 47.60101866722107, 47.608505725860596, 47.62999749183655, 47.597996950149536, 47.642998933792114, 47.64593577384949, 47.74329233169556, 47.62931728363037, 47.65625858306885, 47.61853361129761, 47.65262794494629, 47.656574964523315, 47.67956829071045, 47.62110757827759, 47.64660835266113, 47.65599751472473, 47.79599857330322, 47.76608490943909, 47.63060474395752, 47.66658353805542]], "valid_times": [[9.37900161743164, 9.368020296096802, 9.376001834869385, 9.391001224517822, 9.384000301361084, 9.401002407073975, 9.369132995605469, 9.39815068244934, 9.375142574310303, 9.38717532157898, 9.39800214767456, 9.416002035140991, 9.393002033233643, 9.379001379013062, 9.379001379013062, 9.370002508163452, 9.388585567474365, 9.38000226020813, 9.39800238609314, 9.393000841140747, 9.382523536682129]], "test_accuracy": 34.65, "convergence_iteration": 21}}