{"config": {"train_options": {"learning_rate": 0.01, "optimizer": "SGD", "batch_size": 128, "number_of_epochs": 300, "loss_parameters": {"temperature": 20, "distillation_type": "FILTER", "alpha": 0.4, "beta": 0.3}}}, "results": {"train_losses": [[24.95572998046875, 24.81996004638672, 24.746545733642577, 24.696691021728515, 24.663304391479492, 24.634539169311523, 24.603200231933595, 24.57153120727539, 24.538916687011717, 24.50732356262207, 24.480491326904296, 24.45795251159668, 24.43708844604492, 24.418108737182617, 24.40064796447754, 24.38399341125488, 24.36817829589844, 24.35538893432617, 24.341986474609374, 24.328950671386718, 24.317043072509765, 24.30684938354492, 24.296560821533202, 24.289435095214845, 24.276546478271484, 24.269910531616212, 24.26170415649414, 24.253726000976563, 24.24759649963379, 24.241333700561523, 24.235780093383788, 24.228392791748046, 24.223360220336914, 24.216490087890627, 24.210271026611327, 24.205101904296875, 24.19826640625, 24.196412884521486, 24.190185354614258, 24.18760249633789, 24.18118572998047, 24.1764110168457, 24.17355634765625, 24.168767926025392, 24.163712759399413, 24.15915493469238, 24.154065841674804, 24.148492114257813, 24.145423782348633, 24.14196365966797, 24.139270809936523, 24.13359077758789, 24.130203045654298, 24.1250522064209, 24.122205981445312]], "valid_losses": [[24.864493997192383, 24.76555176086426, 24.709408639526366, 24.675624670410155, 24.64765559387207, 24.617894219970704, 24.594926672363282, 24.584434942626952, 24.558577911376954, 24.539570526123047, 24.511587246704103, 24.48405762939453, 24.467590802001954, 24.45786133117676, 24.44065105895996, 24.436956649780274, 24.42453751220703, 24.405732321166994, 24.402319064331056, 24.394508627319336, 24.40490940551758, 24.408831750488282, 24.395353662109375, 24.391219247436524, 24.38168896179199, 24.4008578125, 24.38098332824707, 24.39408334350586, 24.372566375732422, 24.398406622314454, 24.356386834716798, 24.390938430786132, 24.370398266601562, 24.36118024291992, 24.354762045288087, 24.375069351196288, 24.396133071899413, 24.391089169311524, 24.418906411743166, 24.39502439880371, 24.39374659729004, 24.390100827026366, 24.38504472351074, 24.370035137939453, 24.42064552001953, 24.425901947021483, 24.375501797485352, 24.37019694519043, 24.40018981933594, 24.397619747924804, 24.406703991699217, 24.380492147827148, 24.40561506652832, 24.398945416259764, 24.404030178833008]], "train_accs": [[3.8025, 7.9750000000000005, 11.04, 13.667499999999999, 15.782499999999999, 17.8925, 19.4875, 21.66, 24.044999999999998, 25.7875, 27.529999999999998, 29.225, 31.1, 32.395, 33.5475, 35.32, 36.5525, 37.7225, 38.9725, 40.2125, 41.22, 42.302499999999995, 43.3475, 44.085, 45.214999999999996, 46.165, 47.1575, 48.045, 48.5875, 49.25, 50.29, 51.0025, 51.59, 52.215, 52.855, 53.59, 54.445, 54.7375, 55.32, 55.5025, 56.645, 57.01500000000001, 57.16250000000001, 57.7625, 58.53, 58.835, 59.4825, 59.98, 60.38, 60.805, 61.1825, 61.5425, 61.73, 62.150000000000006, 62.635]], "valid_accs": [[6.4399999999999995, 10.68, 12.7, 15.0, 16.64, 18.970000000000002, 20.330000000000002, 21.59, 23.87, 24.85, 26.07, 28.77, 30.11, 30.42, 32.05, 33.739999999999995, 34.27, 35.9, 36.88, 37.76, 38.03, 38.379999999999995, 39.65, 39.85, 40.97, 40.83, 42.309999999999995, 42.11, 43.830000000000005, 42.14, 45.61, 43.91, 44.800000000000004, 45.68, 46.67, 45.879999999999995, 45.31, 46.239999999999995, 45.46, 46.760000000000005, 46.88, 47.910000000000004, 47.68, 48.46, 47.03, 47.13, 48.91, 49.309999999999995, 48.24, 49.41, 49.27, 49.8, 49.28, 49.64, 50.06]], "train_times": [[46.21437478065491, 46.173341035842896, 46.1699595451355, 46.166749000549316, 46.185858488082886, 46.229087352752686, 46.17478322982788, 46.140668630599976, 46.17673897743225, 46.2627854347229, 46.133967876434326, 46.09276008605957, 46.13555908203125, 46.15695929527283, 46.17902493476868, 46.127951860427856, 46.45816469192505, 45.68739151954651, 45.642146587371826, 45.61363506317139, 45.66589832305908, 45.8548321723938, 45.73225402832031, 45.7642457485199, 45.74112319946289, 45.72637462615967, 45.933884620666504, 45.76186418533325, 45.72030854225159, 45.70499801635742, 45.73735308647156, 45.75332188606262, 45.7249801158905, 45.74988150596619, 46.13794422149658, 46.02201795578003, 45.50824046134949, 45.437318563461304, 45.48664879798889, 45.47504925727844, 45.49769353866577, 45.42787027359009, 45.47832918167114, 45.47974181175232, 45.4306001663208, 45.43158721923828, 45.50940012931824, 45.43939161300659, 45.436288833618164, 45.4770872592926, 45.61907458305359, 45.46915054321289, 45.463167905807495, 45.688109159469604, 45.19160175323486]], "valid_times": [[9.08299446105957, 9.105858325958252, 9.094354629516602, 9.102875709533691, 9.083080053329468, 9.09453821182251, 9.129074811935425, 9.103336095809937, 9.113254070281982, 9.078742980957031, 9.08758807182312, 9.134454488754272, 9.098024845123291, 9.077360391616821, 9.082030773162842, 9.108199834823608, 9.056288480758667, 8.996227741241455, 8.991249561309814, 8.989976167678833, 9.03105092048645, 9.010963439941406, 8.993641138076782, 9.019927978515625, 9.022639513015747, 9.001672983169556, 9.008137226104736, 9.017643451690674, 9.01948618888855, 9.024527788162231, 9.021630048751831, 9.049551725387573, 9.018665790557861, 9.032329559326172, 9.010861158370972, 9.00152039527893, 8.967288970947266, 8.9621102809906, 8.968598365783691, 8.972769260406494, 8.988412857055664, 8.942456722259521, 8.968653440475464, 8.976843357086182, 8.966785669326782, 8.953148126602173, 8.955121755599976, 8.998027324676514, 8.962443828582764, 8.944926500320435, 8.964416742324829, 8.990035057067871, 9.069091320037842, 8.883875608444214, 8.897011995315552]], "test_accuracy": 50.529999999999994, "convergence_iteration": 55}}