{"config": {"train_options": {"learning_rate": 0.01, "optimizer": "SGD", "batch_size": 128, "number_of_epochs": 300, "loss_parameters": {"temperature": 20, "distillation_type": "FILTER", "alpha": 0.4, "beta": 0.6}}}, "results": {"train_losses": [[49.10543576660156, 49.08168093261719, 49.084755517578124, 49.09795733642578, 49.11474439086914, 49.13674934692383, 49.16108979492188, 49.185293542480466, 49.211213470458986, 49.239627587890624, 49.265992950439454, 49.292715838623046, 49.318582513427735, 49.344175451660156, 49.36795071411133, 49.391297296142575, 49.412603466796874, 49.436482452392575, 49.45836099243164, 49.48037640991211, 49.5036892578125, 49.52921842041015]], "valid_losses": [[49.08546304931641, 49.076792840576175, 49.08771143188476, 49.10395747680664, 49.1253638671875, 49.153121514892575, 49.176980548095706, 49.205102795410156, 49.239422869873046, 49.26714301147461, 49.294768103027344, 49.3242296081543, 49.35002221679687, 49.383551629638674, 49.405032165527345, 49.42468856201172, 49.45280293579101, 49.481542962646486, 49.501247094726565, 49.52573060302734, 49.550662866210935, 49.574185278320314]], "train_accs": [[2.435, 5.485, 8.08, 10.14, 12.17, 13.844999999999999, 15.3375, 16.6175, 18.002499999999998, 19.0575, 20.365, 21.48, 22.482499999999998, 23.7775, 24.8175, 25.8525, 27.3725, 28.199999999999996, 29.470000000000002, 30.55, 31.540000000000003, 32.275]], "valid_accs": [[4.35, 6.97, 8.73, 11.63, 12.889999999999999, 14.180000000000001, 15.47, 16.93, 17.23, 18.15, 19.5, 20.599999999999998, 21.38, 21.8, 23.23, 24.38, 25.069999999999997, 25.89, 27.58, 28.42, 29.03, 29.959999999999997]], "train_times": [[48.33543586730957, 44.733072996139526, 44.795387983322144, 44.804540157318115, 44.81209754943848, 44.85216736793518, 44.920146465301514, 45.53160881996155, 45.38554334640503, 45.30991315841675, 45.330623388290405, 45.45401215553284, 45.42748832702637, 45.48179888725281, 45.45392060279846, 45.421019554138184, 48.00590634346008, 48.05976462364197, 47.78168749809265, 47.84333944320679, 47.85065960884094, 47.87047338485718]], "valid_times": [[8.836653232574463, 8.782082796096802, 8.769999742507935, 8.76600956916809, 8.806140899658203, 8.806546211242676, 9.01087498664856, 8.954641819000244, 8.876050233840942, 8.90401005744934, 8.913513898849487, 8.923320055007935, 8.947036504745483, 8.955816507339478, 8.904979228973389, 8.91544508934021, 9.435530185699463, 9.389512777328491, 9.398508787155151, 9.385000228881836, 9.484549760818481, 9.394002199172974]], "test_accuracy": 31.330000000000002, "convergence_iteration": 22}}