{"config": {"train_options": {"learning_rate": 0.005, "optimizer": "SGD", "batch_size": 128, "number_of_epochs": 300, "loss_parameters": {"temperature": 10, "distillation_type": "FILTER", "alpha": 0.7, "beta": 0.9}}}, "results": {"train_losses": [[8.499605540466309, 8.513553688049317, 8.530359593200684, 8.547758541870117, 8.565331172180176, 8.582810330200195, 8.600313073730469, 8.617667332458495, 8.635036540222169, 8.65232858428955, 8.66943695678711, 8.686511640930176, 8.703448159790039, 8.720309510803222, 8.737070767211915, 8.753675762939453, 8.770157118225098, 8.78657681274414, 8.802845715332031, 8.819110682678224, 8.83530103302002]], "valid_losses": [[8.506114665222167, 8.522212171936035, 8.539314366149902, 8.556861436462402, 8.574245475769043, 8.591826853942871, 8.609267819213867, 8.626493696594238, 8.643938227844238, 8.661099827575683, 8.678229121398926, 8.69526417388916, 8.712104309082031, 8.728835061645508, 8.745383164978028, 8.762044473266602, 8.778362049865722, 8.794729150390625, 8.811007302856446, 8.827216737365722, 8.843169596862793]], "train_accs": [[1.2925, 1.8875, 2.3775, 2.9125, 3.2875, 3.39, 3.52, 3.6624999999999996, 3.875, 4.205, 4.3475, 4.569999999999999, 5.0125, 5.155, 5.4225, 5.645, 5.7575, 5.800000000000001, 6.085, 6.1625, 6.1975]], "valid_accs": [[1.72, 2.08, 2.5700000000000003, 2.9899999999999998, 3.32, 3.44, 3.51, 3.85, 3.9699999999999998, 4.03, 4.34, 4.78, 5.11, 5.17, 5.67, 5.7299999999999995, 5.71, 5.779999999999999, 5.66, 5.970000000000001, 6.279999999999999]], "train_times": [[124.76006937026978, 124.7472825050354, 124.68156170845032, 124.57152771949768, 124.75150799751282, 124.94679689407349, 124.39268708229065, 124.71290850639343, 124.20078706741333, 124.11132979393005, 124.22524619102478, 124.38298678398132, 125.31896901130676, 124.19008207321167, 124.62899279594421, 124.85697937011719, 125.75999307632446, 124.66187858581543, 125.11663675308228, 125.4007580280304, 124.12804913520813]], "valid_times": [[24.45405912399292, 24.020087480545044, 23.82327699661255, 24.357686519622803, 23.952473163604736, 24.014609575271606, 23.9921612739563, 23.87782311439514, 23.966599225997925, 24.122946977615356, 23.568886280059814, 24.088361024856567, 23.803224802017212, 24.050625324249268, 24.24619746208191, 24.0139000415802, 23.716389894485474, 23.93727731704712, 23.76544451713562, 23.87074041366577, 23.468061208724976]], "test_accuracy": 6.79, "convergence_iteration": 21}}