{"config": {"train_options": {"learning_rate": 0.01, "optimizer": "SGD", "batch_size": 128, "number_of_epochs": 300, "loss_parameters": {"temperature": 5, "distillation_type": "FILTER", "alpha": 0.7, "beta": 0.9}}}, "results": {"train_losses": [[73.03737135009766, 73.11041719970703, 73.18587635498046, 73.26124176025391, 73.33631689453125, 73.41039116210938, 73.48443540039062, 73.55775650634766, 73.6304852294922, 73.70267977294922, 73.77457985839844, 73.84601362304687, 73.91684919433594, 73.98712198486328, 74.05699525146484, 74.12612376708984, 74.19493024902344, 74.2630955444336, 74.33093864746094, 74.39819211425781, 74.46514351806641]], "valid_losses": [[73.07413134765625, 73.14947509765625, 73.22507598876953, 73.30012790527344, 73.3750261352539, 73.44834862060547, 73.52282611083984, 73.59511173095703, 73.66770825195313, 73.73954637451172, 73.81115850830078, 73.88168239746093, 73.95281534423827, 74.02224326171876, 74.09198325195312, 74.16144398193359, 74.22989713134766, 74.298055078125, 74.36571252441406, 74.43224443359375, 74.49937863769532]], "train_accs": [[1.0425, 1.685, 1.9675000000000002, 2.645, 3.2425, 3.5975, 3.9475000000000002, 4.42, 5.0375000000000005, 5.4025, 5.8125, 6.1875, 6.569999999999999, 6.965000000000001, 7.2749999999999995, 7.817499999999999, 8.2775, 8.465, 8.897499999999999, 9.1025, 9.525]], "valid_accs": [[1.6199999999999999, 1.9900000000000002, 2.33, 3.08, 3.7199999999999998, 4.21, 4.72, 5.2, 5.74, 6.11, 6.29, 6.959999999999999, 7.380000000000001, 7.539999999999999, 8.19, 8.709999999999999, 9.34, 9.43, 9.93, 10.45, 10.27]], "train_times": [[45.55500030517578, 45.490009784698486, 45.47102236747742, 45.4443781375885, 45.48304843902588, 45.55762219429016, 45.562575340270996, 45.456613302230835, 45.47773480415344, 45.45248556137085, 45.4515814781189, 45.50862169265747, 45.55700898170471, 45.45457363128662, 45.47612023353577, 45.47040033340454, 45.472663164138794, 45.53873062133789, 45.54127550125122, 45.50496864318848, 45.47268271446228]], "valid_times": [[8.937013864517212, 8.940999269485474, 8.937000513076782, 8.939998626708984, 8.92199969291687, 8.934009075164795, 8.944998025894165, 8.944106817245483, 8.921073198318481, 8.922572374343872, 8.917562246322632, 8.929112672805786, 8.946999311447144, 8.921545505523682, 8.935023546218872, 8.932515621185303, 8.941059589385986, 8.940258979797363, 8.930164575576782, 8.990183115005493, 8.942543029785156]], "test_accuracy": 9.4, "convergence_iteration": 21}}