{"config": {"train_options": {"learning_rate": 0.005, "optimizer": "SGD", "batch_size": 128, "number_of_epochs": 300, "loss_parameters": {"temperature": 15, "distillation_type": "FILTER", "alpha": 0.7, "beta": 0.5}}}, "results": {"train_losses": [[3.9095379417419434, 3.898238190460205, 3.897932345581055, 3.896849872589111, 3.894789720916748, 3.8915882022857664, 3.890285765838623, 3.8908501537322997, 3.8920871807098387, 3.893537461853027, 3.8961073539733886, 3.898076477050781, 3.9007914047241212, 3.9039594062805176, 3.9069428066253664, 3.9109308757781984, 3.914817957305908, 3.9193078388214113, 3.92366752243042, 3.92838258934021, 3.9337873191833497, 3.9390580993652344, 3.9438307308197023, 3.9487814895629882, 3.9528487731933595, 3.958832964706421, 3.96378462600708]], "valid_losses": [[3.8985611675262453, 3.8981161754608156, 3.897796552276611, 3.896718946456909, 3.894155499267578, 3.89147353553772, 3.8912056427001955, 3.891560009765625, 3.893163925933838, 3.8959681243896482, 3.8980189838409425, 3.9012148235321047, 3.904690591430664, 3.90794847946167, 3.911713479614258, 3.916729887008667, 3.9197173557281495, 3.9254453311920168, 3.9302286247253417, 3.9367745216369627, 3.942314855957031, 3.9504654998779296, 3.952778684616089, 3.9564383491516115, 3.9625330268859864, 3.9688511909484863, 3.9740690505981444]], "train_accs": [[1.9800000000000002, 3.1774999999999998, 4.2225, 5.2225, 6.267499999999999, 6.97, 7.7725, 8.752500000000001, 9.8775, 10.69, 11.42, 12.264999999999999, 12.790000000000001, 13.364999999999998, 13.930000000000001, 14.452499999999999, 15.024999999999999, 15.3325, 16.0025, 16.735, 17.0625, 17.735, 18.15, 18.5525, 19.0925, 19.715, 20.0075]], "valid_accs": [[2.59, 3.45, 4.47, 5.07, 6.2700000000000005, 7.109999999999999, 7.9799999999999995, 9.370000000000001, 10.25, 11.14, 11.700000000000001, 12.29, 12.68, 13.44, 13.889999999999999, 14.299999999999999, 14.719999999999999, 15.47, 15.97, 16.2, 16.59, 16.650000000000002, 17.45, 18.240000000000002, 18.59, 18.93, 19.31]], "train_times": [[126.00601124763489, 125.07566785812378, 126.4990975856781, 124.60121250152588, 124.97730040550232, 126.75310349464417, 125.22634029388428, 125.54358458518982, 125.10116267204285, 125.44917345046997, 125.60078597068787, 126.81622242927551, 124.90238618850708, 126.07930994033813, 123.01963782310486, 126.37767696380615, 125.41279792785645, 125.1053113937378, 126.30570316314697, 127.23698091506958, 126.07662296295166, 125.80452370643616, 126.21480631828308, 127.52056217193604, 125.82785654067993, 127.25776767730713, 126.17408847808838]], "valid_times": [[23.922110319137573, 23.565505027770996, 24.096576690673828, 24.135472059249878, 24.22387456893921, 24.13504409790039, 24.05143642425537, 24.174505472183228, 24.205793380737305, 24.46184015274048, 23.635801315307617, 24.42107915878296, 24.489839792251587, 23.728456020355225, 24.524178504943848, 24.581738710403442, 23.957374811172485, 24.246439218521118, 24.465383291244507, 23.960349798202515, 24.173481941223145, 24.305901527404785, 24.40551447868347, 25.3405020236969, 23.753231525421143, 24.15630316734314, 24.277559518814087]], "test_accuracy": 19.939999999999998, "convergence_iteration": 27}}