{"config": {"train_options": {"learning_rate": 0.05, "optimizer": "SGD", "batch_size": 128, "number_of_epochs": 300, "loss_parameters": {"temperature": 15, "distillation_type": "FILTER", "alpha": 0.9, "beta": 0.8}}}, "results": {"train_losses": [[64.43418068847656, 64.76497996826171, 65.08562221679688, 65.3947734375, 65.69229416503906, 65.97954583740234, 66.25668122558594, 66.52425743408203, 66.78243995361328, 67.03166993408203, 67.27237446289062, 67.50457614746094, 67.72891002197265, 67.94547796630859, 68.15482219238281, 68.35687518310547, 68.55208170166016, 68.74052618408203, 68.92269217529297, 69.09853807373047, 69.26835513916015]], "valid_losses": [[64.60148067626953, 64.92800235595703, 65.24288349609375, 65.5461793334961, 65.83837237548828, 66.1206394897461, 66.3929866821289, 66.65576120605469, 66.9097877685547, 67.1544060546875, 67.39120338134765, 67.61969658203125, 67.84032136230469, 68.05286097412109, 68.2583601196289, 68.45680202636719, 68.64877286376954, 68.83405776367188, 69.0131513305664, 69.18585881347656, 69.35346767578125]], "train_accs": [[2.1399999999999997, 3.8150000000000004, 4.8525, 5.907500000000001, 7.242500000000001, 8.334999999999999, 9.379999999999999, 10.2675, 11.1825, 12.075, 12.775, 13.6475, 14.305000000000001, 14.729999999999999, 15.634999999999998, 16.287499999999998, 16.6, 17.0775, 17.630000000000003, 18.265, 18.6525]], "valid_accs": [[3.5700000000000003, 4.42, 5.36, 6.370000000000001, 7.8100000000000005, 9.25, 9.89, 10.48, 11.31, 12.5, 12.7, 13.19, 13.669999999999998, 14.67, 15.229999999999999, 15.740000000000002, 16.6, 17.11, 17.31, 18.08, 18.67]], "train_times": [[47.60199999809265, 47.6139976978302, 47.58550548553467, 47.585997104644775, 47.60551118850708, 47.874998569488525, 47.70799994468689, 47.61499571800232, 47.601999282836914, 47.75699782371521, 47.61199736595154, 47.695998668670654, 47.66499733924866, 47.62099766731262, 47.60402464866638, 47.61299800872803, 47.63199710845947, 47.625999212265015, 47.646998167037964, 47.70599865913391, 47.6899995803833]], "valid_times": [[9.49100136756897, 9.39200234413147, 9.379002809524536, 9.362001895904541, 9.374001502990723, 9.39000153541565, 9.383002758026123, 9.376001834869385, 9.378000736236572, 9.412002325057983, 9.388001918792725, 9.40400218963623, 9.378002643585205, 9.377002239227295, 9.386001586914062, 9.38100266456604, 9.38100266456604, 9.38100004196167, 9.371002435684204, 9.376000165939331, 9.373002052307129]], "test_accuracy": 18.7, "convergence_iteration": 21}}