{
  "config": {
    "train_options": {
      "learning_rate": 0.005,
      "optimizer": "SGD",
      "batch_size": 128,
      "number_of_epochs": 300,
      "loss_parameters": {
        "temperature": 15,
        "distillation_type": "FILTER",
        "alpha": 0.1,
        "beta": 0.9
      }
    }
  },
  "results": {
    "train_losses": [
      [
        73.54403293457031, 73.5717513671875, 73.60735362548829,
        73.64391770019532, 73.68025810546875, 73.71543989257812,
        73.74788685302734, 73.77888391113281, 73.80997381591797,
        73.84149033203126, 73.87256309814452, 73.90415068359376,
        73.93634715576172, 73.96895822753906, 74.00204180908203,
        74.03551716308594, 74.06901389160156, 74.1023763305664,
        74.13632540283203, 74.16986665039063, 74.20379310302734
      ]
    ],
    "valid_losses": [
      [
        73.55467939453125, 73.5893704711914, 73.62567622070313,
        73.66189592285156, 73.69810294189453, 73.73210645751954,
        73.76272478027344, 73.79312469482421, 73.82418582763673,
        73.85530279541015, 73.88698690185547, 73.91878499755859,
        73.95098267822266, 73.98424661865235, 74.01753188476563,
        74.05110339355468, 74.08514321289063, 74.11860010986328,
        74.1519756225586, 74.1857361694336, 74.22006254882812
      ]
    ],
    "train_accs": [
      [
        1.195, 1.7675, 1.96, 2.245, 2.545, 3.235, 3.9425000000000003, 4.7,
        5.3675, 5.9174999999999995, 7.172499999999999, 8.007499999999999,
        8.674999999999999, 9.33, 9.77, 10.3725, 10.7375, 11.129999999999999,
        11.469999999999999, 11.6925, 12.1325
      ]
    ],
    "valid_accs": [
      [
        1.81, 1.76, 2.4299999999999997, 2.62, 3.04, 3.9899999999999998, 4.52,
        5.54, 6.16, 6.93, 7.59, 8.53, 9.64, 9.8, 10.42, 10.79,
        11.219999999999999, 11.88, 12.02, 12.18, 12.61
      ]
    ],
    "train_times": [
      [
        46.65964436531067, 46.62766623497009, 46.69032311439514,
        46.70367479324341, 46.68783116340637, 46.73211979866028,
        46.646167039871216, 46.72119188308716, 46.690362215042114,
        46.73313808441162, 46.72627902030945, 46.67365860939026,
        46.73301839828491, 46.71930003166199, 46.71152925491333,
        46.69565224647522, 46.660560846328735, 46.7165892124176,
        46.67605137825012, 46.644068241119385, 46.629013776779175
      ]
    ],
    "valid_times": [
      [
        9.22751498222351, 9.230000734329224, 9.20403003692627,
        9.212047100067139, 9.210525751113892, 9.2365083694458, 9.21802020072937,
        9.223000526428223, 9.22800087928772, 9.23100233078003,
        9.217036724090576, 9.2140212059021, 9.223028898239136,
        9.222514629364014, 9.2315514087677, 9.222001791000366,
        9.221510648727417, 9.22201681137085, 9.232516765594482,
        9.217998743057251, 9.206524133682251
      ]
    ],
    "test_accuracy": 12.3,
    "convergence_iteration": 21
  }
}
