{"config": {"train_options": {"learning_rate": 0.05, "optimizer": "SGD", "batch_size": 128, "number_of_epochs": 300, "loss_parameters": {"temperature": 20, "distillation_type": "FILTER", "alpha": 0.2, "beta": 0.5}}}, "results": {"train_losses": [[6.032021589660644, 5.896056443786621, 5.836812284851074, 5.783976029968262, 5.745551297760009, 5.719574576568603, 5.7024811820983885, 5.691603257751465, 5.683258145904541, 5.680321569061279, 5.6770064140319825, 5.676523958587646, 5.675356120300293, 5.673891365814209, 5.674281413269043, 5.678097052764892, 5.6769187561035155, 5.676305045318603, 5.677339764404297, 5.6768091163635255, 5.678139047241211, 5.67668080291748, 5.677768705749512, 5.675708525848389, 5.6738858299255375, 5.673488543701172, 5.672044187927246, 5.668614681243897, 5.667686809539795, 5.665197834777832]], "valid_losses": [[6.014074906921387, 5.917079519653321, 5.864980435180664, 5.818298346710205, 5.8111996032714845, 5.779460908508301, 5.795439660644531, 5.792709358215332, 5.7899774612426755, 5.778541065979004, 5.818347183990478, 5.800023754882813, 5.813477974700928, 5.84171103515625, 5.8609377410888674, 5.889413849639893, 5.838804976654052, 5.863046894836426, 5.8689123046875, 5.8629820350646975, 5.916786260223389, 5.913575981140137, 5.876606974029541, 5.874280226898193, 5.925356175231934, 5.88164733505249, 5.927008337402344, 5.951976342010498, 5.951111701202392, 5.91340712890625]], "train_accs": [[5.617500000000001, 12.6525, 18.5, 23.5575, 28.155, 32.2625, 35.6825, 38.42, 41.0175, 43.02, 45.1925, 47.1225, 48.6775, 50.277499999999996, 51.8925, 52.847500000000004, 54.2025, 55.135, 56.182500000000005, 57.487500000000004, 57.945, 59.12500000000001, 59.467499999999994, 60.440000000000005, 61.155, 61.934999999999995, 62.417500000000004, 62.975, 63.372499999999995, 64.21]], "valid_accs": [[7.199999999999999, 13.4, 18.32, 24.14, 27.11, 30.7, 32.46, 34.44, 37.63, 38.98, 39.21, 41.410000000000004, 43.01, 43.69, 43.7, 43.25, 46.739999999999995, 46.14, 47.22, 48.49, 46.68, 47.67, 50.83, 50.73, 49.059999999999995, 51.33, 50.49, 49.230000000000004, 49.3, 52.290000000000006]], "train_times": [[124.42598581314087, 121.33576941490173, 123.42318749427795, 123.85827469825745, 123.48893904685974, 124.83518385887146, 122.1986129283905, 123.40498375892639, 124.00215172767639, 125.44587302207947, 123.61712694168091, 124.51173973083496, 123.46052265167236, 125.0450348854065, 123.53950262069702, 122.9218909740448, 122.5179967880249, 125.77919435501099, 123.63603782653809, 123.0529556274414, 124.0287230014801, 123.05387330055237, 123.34130239486694, 122.93163418769836, 122.71217036247253, 123.262690782547, 125.54197525978088, 121.96712923049927, 122.23911166191101, 125.02711081504822]], "valid_times": [[24.254436254501343, 23.772720098495483, 24.079646110534668, 24.66397261619568, 24.15586566925049, 24.328043699264526, 23.343982458114624, 24.26539659500122, 24.823384046554565, 23.922322034835815, 24.216392517089844, 23.653809547424316, 23.83667516708374, 24.514549732208252, 24.70476269721985, 23.527752161026, 25.053112268447876, 23.682722330093384, 24.213834285736084, 23.508337259292603, 23.873502254486084, 23.687978982925415, 23.499131441116333, 23.951387882232666, 23.70157217979431, 23.696236610412598, 24.25873589515686, 24.556755542755127, 24.000794887542725, 23.735544681549072]], "test_accuracy": 52.800000000000004, "convergence_iteration": 30}}