{"config": {"train_options": {"learning_rate": 0.005, "optimizer": "SGD", "batch_size": 128, "number_of_epochs": 300, "loss_parameters": {"temperature": 20, "distillation_type": "FILTER", "alpha": 0.1, "beta": 0.1}}}, "results": {"train_losses": [[11.314334115600586, 11.001048286437989, 10.779465153503418, 10.647532321166992, 10.553825421142578, 10.46911822052002, 10.390661778259277, 10.309431758117675, 10.232616120910645, 10.156879376220703, 10.092551164245606, 10.024906619262696, 9.967133981323242, 9.908314920043946, 9.852364245605468, 9.79435037689209, 9.74294910736084, 9.69430103302002, 9.65073203277588, 9.605311619567871, 9.562658738708496, 9.521002056884766, 9.486963577270508, 9.447486576843263, 9.412604776000977, 9.381730627441407, 9.348912980651855, 9.317786712646484, 9.28732615814209, 9.259015312194824, 9.227188946533204, 9.201933039855957, 9.177414793395997, 9.158106384277344, 9.13432957458496, 9.106703439331055, 9.089595552062988, 9.065261669921876, 9.04424616241455, 9.021039259338378, 9.009997317504883, 8.985218994140626, 8.972317538452149, 8.950935237121582, 8.93454448852539, 8.916744595336914, 8.896492846679687, 8.88576008758545, 8.863024607849121, 8.850625553894043, 8.835652870178222, 8.818657051086426, 8.802507983398437, 8.785504034423829, 8.775048408508301, 8.758458335876465, 8.747821730041505, 8.725561898803711, 8.713384539794921, 8.704355261230468, 8.688963522338867, 8.676891976928712, 8.665583631896972, 8.650873887634278, 8.64060380859375, 8.625967544555664, 8.611189367675781, 8.605563166809082, 8.592063186645507, 8.574746249389648, 8.559913507080077, 8.550237825012207, 8.542386866760253, 8.52460224609375, 8.513702812194824, 8.506943496704102, 8.495501026916504, 8.485991276550292, 8.470218782043457, 8.460329333496095, 8.445795989990234, 8.360291784667968, 8.32509123687744, 8.31813441925049, 8.310638400268555, 8.306212786865235, 8.29975044708252, 8.2972955078125, 8.290619213867188, 8.289552241516112, 8.289657765197754, 8.29065863494873, 8.286428930664062, 8.283732757568359, 8.27898332672119, 8.278373196411133, 8.278183029937745, 8.269752267456054, 8.271660711669922, 8.268483731079101, 8.264172262573242, 8.262547990417481, 8.2628384475708, 8.263657591247558, 8.266145193481446, 8.259819120788574, 8.259887873840333, 8.25546164855957]], "valid_losses": [[11.141644334411621, 10.902509222412109, 10.717561711120606, 10.635244194030761, 10.551537533569336, 10.485332333374023, 10.472251397705078, 10.372184768676759, 10.328405801391602, 10.18573988647461, 10.131492247009277, 10.114160307312012, 10.054830773925781, 9.978082162475586, 9.942199064636231, 9.864070059204101, 9.867368739318847, 9.828010203552246, 9.765206159973145, 9.728797645568848, 9.687803605651855, 9.647334884643554, 9.669865686035156, 9.624078887939453, 9.628179258728027, 9.613899984741211, 9.581883065795898, 9.535792422485352, 9.507254484558105, 9.51080707397461, 9.488603816223145, 9.449251226806641, 9.471870764160156, 9.454311431884765, 9.44986602935791, 9.415034747314452, 9.429453050231933, 9.426971798706054, 9.441132716369628, 9.432566268920898, 9.404266119384765, 9.453203190612793, 9.401136555480957, 9.355951109313965, 9.368006379699708, 9.306767851257325, 9.295696739196778, 9.318427375793457, 9.311075689697265, 9.35800672454834, 9.309438568115235, 9.291770819091797, 9.302799089050293, 9.320341567993164, 9.294558374023438, 9.28440221710205, 9.303030992126464, 9.340301043701173, 9.288512785339355, 9.311260182189942, 9.30620972442627, 9.261344483947754, 9.314236660766602, 9.33142356262207, 9.30631396484375, 9.252457748413086, 9.265872651672364, 9.273556066894532, 9.284013278198243, 9.243763624572754, 9.306951350402832, 9.298607977294921, 9.300635388183593, 9.286321696472168, 9.211045899963379, 9.339021725463867, 9.27524775390625, 9.29111608428955, 9.4806779296875, 9.30093627166748, 9.276008290100098, 9.0319674407959, 9.032548684692383, 9.028996237182618, 9.034405560302734, 9.03674390258789, 9.029413359069824, 9.019893769836425, 9.039224815368652, 9.02825294189453, 9.029340707397461, 9.035339974975585, 9.044984495544433, 9.041016334533692, 9.04304288635254, 9.054793305969238, 9.044190795898437, 9.03989415435791, 9.057050489807128, 9.067457284545899, 9.059259832763672, 9.062921839904785, 9.05524185333252, 9.065803327941895, 9.074615577697754, 9.062574082946778, 9.068765228271484, 9.05999711151123]], "train_accs": [[3.2625, 7.5425, 11.219999999999999, 13.6875, 15.515, 17.3475, 19.16, 21.025, 22.805, 24.55, 25.874999999999996, 27.61, 29.2, 30.642500000000002, 31.855, 33.155, 34.7125, 35.9975, 37.21, 38.2625, 39.485, 40.644999999999996, 41.6375, 42.52, 43.7325, 44.43, 45.315, 46.5375, 47.2075, 47.972500000000004, 49.0425, 49.72, 50.665000000000006, 51.26500000000001, 51.635, 52.4425, 52.887499999999996, 53.582499999999996, 54.1825, 54.8975, 55.355, 55.962500000000006, 56.279999999999994, 56.875, 57.4675, 57.7875, 58.5425, 59.004999999999995, 59.355000000000004, 59.705, 59.9375, 60.6, 60.8125, 61.627500000000005, 61.73499999999999, 62.39, 62.55, 63.1325, 63.5575, 63.6475, 64.16, 64.33, 64.8625, 65.05250000000001, 65.4675, 65.75750000000001, 66.4675, 66.315, 66.565, 67.2975, 67.8575, 67.8725, 68.0825, 68.6425, 68.63, 68.88, 68.9225, 69.28750000000001, 70.1, 69.9575, 70.1975, 73.59750000000001, 74.845, 75.3225, 75.405, 75.645, 75.97500000000001, 75.94, 76.2975, 76.595, 76.11250000000001, 76.3925, 76.5675, 76.6775, 76.8575, 76.7875, 76.9125, 77.275, 77.19749999999999, 77.3475, 77.4375, 77.8, 77.53750000000001, 77.6425, 77.34, 77.7075, 77.705, 77.6625]], "valid_accs": [[5.07, 9.11, 12.08, 13.96, 15.939999999999998, 16.950000000000003, 17.810000000000002, 20.22, 20.76, 24.060000000000002, 24.98, 25.840000000000003, 27.639999999999997, 29.189999999999998, 30.12, 32.34, 32.92, 33.06, 34.82, 35.69, 36.84, 38.61, 37.11, 38.41, 39.190000000000005, 39.54, 40.129999999999995, 41.510000000000005, 41.760000000000005, 42.51, 43.059999999999995, 43.84, 43.07, 43.26, 43.97, 44.74, 44.79, 44.690000000000005, 44.440000000000005, 44.62, 45.4, 45.019999999999996, 45.739999999999995, 46.18, 45.79, 47.85, 48.51, 47.23, 47.83, 46.6, 47.72, 48.3, 48.61, 48.17, 48.46, 48.85, 49.25, 48.3, 49.75, 49.27, 48.72, 49.65, 49.220000000000006, 48.92, 49.4, 49.519999999999996, 50.13999999999999, 50.06, 49.36, 50.629999999999995, 49.58, 49.72, 50.13999999999999, 49.85, 51.349999999999994, 48.72, 50.23, 50.029999999999994, 47.54, 50.480000000000004, 50.77, 55.379999999999995, 55.71, 55.55, 55.21, 55.269999999999996, 55.86, 56.13, 55.60000000000001, 56.39999999999999, 55.910000000000004, 55.93, 55.76, 56.32, 55.78999999999999, 55.14, 55.81, 56.14, 56.10000000000001, 55.81, 55.38999999999999, 55.7, 56.08, 55.67999999999999, 55.96, 55.63, 55.44, 55.71]],