{"config": {"train_options": {"learning_rate": 0.01, "optimizer": "SGD", "batch_size": 128, "number_of_epochs": 300, "loss_parameters": {"temperature": 15, "distillation_type": "FILTER", "alpha": 0.1, "beta": 0.5}}}, "results": {"train_losses": [[42.40668680419922, 42.26620993041992, 42.195925659179686, 42.163941693115234, 42.13783984985351, 42.112623614501956, 42.08015784301758, 42.05140441894531, 42.02528044433594, 42.003713793945316, 41.98256568603516, 41.9659770690918, 41.948921221923825, 41.93573157958984, 41.92476329345703, 41.90937465820313, 41.901612017822266, 41.890281396484376, 41.87753919067383, 41.86816900024414, 41.86175618286133, 41.85240688476563, 41.84504561767578, 41.83883887329102, 41.833726501464845, 41.826287426757816, 41.8188815246582, 41.815173693847655, 41.80592813720703, 41.79972586669922, 41.79566989746094, 41.791552325439454, 41.78546660766602, 41.7795096862793, 41.77610205078125, 41.77180479736328, 41.76498237915039, 41.761864141845706, 41.755813244628904, 41.75000063476563, 41.746683630371095, 41.73775007324219, 41.73616315917969, 41.72798112792969, 41.72005822753906, 41.717267150878904, 41.71303530883789, 41.706297790527344, 41.69824143066406, 41.692894702148436, 41.6888799987793, 41.67949263305664]], "valid_losses": [[42.32152072753906, 42.24589659423828, 42.216730432128905, 42.183016796875, 42.17345477294922, 42.152493322753905, 42.12929887695312, 42.09338394165039, 42.07621057128906, 42.078134423828125, 42.09652631835937, 42.03809785766602, 42.02693267211914, 41.99552244262696, 42.01502763671875, 42.0130348815918, 41.990692376708985, 42.00262764892578, 41.96707653808594, 41.98442300415039, 41.98555505371094, 41.95691248779297, 41.98202093505859, 41.96019771118164, 41.97895900878906, 41.95584322509766, 42.00517272949219, 41.96354539794922, 41.952435504150394, 41.94659046630859, 41.97548809204102, 41.9448600769043, 41.96736434326172, 41.9749384765625, 41.96168162231445, 41.96789951782227, 41.95604611206055, 41.961466766357425, 41.9764768737793, 42.029387774658204, 41.98708637084961, 41.97780505371094, 41.98488114013672, 41.97878972167969, 41.99279672241211, 41.95757278442383, 42.02655916748047, 41.999077423095706, 42.031043585205076, 41.975262774658205, 42.04736853637695, 42.037328125]], "train_accs": [[4.324999999999999, 8.8925, 12.0475, 13.8925, 16.375, 18.4, 21.0225, 22.8125, 24.85, 26.732499999999998, 28.28, 29.975, 31.5975, 33.1475, 34.2075, 35.589999999999996, 36.932500000000005, 38.277499999999996, 39.365, 40.8275, 41.6175, 42.85, 43.7975, 44.690000000000005, 45.43, 46.294999999999995, 47.5, 48.2575, 49.1375, 50.03999999999999, 50.625, 51.480000000000004, 52.1225, 52.9575, 53.11749999999999, 54.1825, 54.565, 54.9875, 55.52, 56.56250000000001, 56.767500000000005, 57.3725, 57.85249999999999, 58.2775, 59.07, 59.699999999999996, 59.6075, 60.17, 60.67, 61.1075, 61.385, 61.917500000000004]], "valid_accs": [[7.02, 9.87, 11.360000000000001, 13.84, 15.509999999999998, 18.32, 19.21, 21.73, 23.28, 23.9, 24.099999999999998, 26.939999999999998, 28.62, 30.659999999999997, 31.0, 30.990000000000002, 33.03, 33.06, 35.72, 35.67, 36.04, 38.34, 37.669999999999995, 39.379999999999995, 38.86, 40.589999999999996, 38.97, 41.07, 42.36, 43.51, 42.370000000000005, 44.26, 43.43, 43.63, 44.93, 44.51, 44.92, 45.72, 45.32, 44.06, 45.73, 46.46, 46.37, 46.42, 45.989999999999995, 47.93, 45.92, 46.589999999999996, 46.83, 48.22, 45.68, 46.23]], "train_times": [[46.54578733444214, 46.767213582992554, 46.563194036483765, 46.448206663131714, 46.65354657173157, 46.36406350135803, 45.996031284332275, 46.64207315444946, 46.185842990875244, 46.77034592628479, 46.53415608406067, 46.226030588150024, 46.424726247787476, 46.12446069717407, 45.68976426124573, 46.31950783729553, 45.99668216705322, 45.45814895629883, 46.06861591339111, 45.783559799194336, 46.22225046157837, 46.42433142662048, 46.579548358917236, 46.73371195793152, 45.368550300598145, 46.53409767150879, 46.16012740135193, 46.30361747741699, 45.56218147277832, 46.74131894111633, 46.65091323852539, 46.37718749046326, 46.76474666595459, 47.66861605644226, 46.67864680290222, 45.894999504089355, 45.81704878807068, 45.83425045013428, 45.815999269485474, 45.80599808692932, 45.85274529457092, 45.77399969100952, 45.731000900268555, 45.72400975227356, 45.74900007247925, 45.78417205810547, 45.77400088310242, 45.75433707237244, 45.740009784698486, 45.83009052276611, 45.75800943374634, 45.75000309944153]], "valid_times": [[9.097063064575195, 9.391521453857422, 9.083975791931152, 9.101085901260376, 9.292014122009277, 9.078001976013184, 9.074002981185913, 9.18258547782898, 9.207550764083862, 9.056928157806396, 9.291548013687134, 9.051234722137451, 9.196530103683472, 9.124001741409302, 9.254212856292725, 9.274008750915527, 8.981067895889282, 9.019017457962036, 9.02799940109253, 9.18655014038086, 9.12702751159668, 9.275520086288452, 9.307000875473022, 9.00500226020813, 8.977002620697021, 9.150002479553223, 9.161000728607178, 8.988555192947388, 9.271043300628662, 9.249025821685791, 9.172169923782349, 9.171519041061401, 9.249643564224243, 9.226175546646118, 9.077999114990234, 9.060009479522705, 9.043485403060913, 9.078999280929565, 9.075000047683716, 9.076000690460205, 9.058000087738037, 9.056000232696533, 9.072999715805054, 9.052000999450684, 9.040542125701904, 9.040000438690186, 9.04999852180481, 9.049999475479126, 9.072999715805054, 9.032999515533447, 9.034000396728516, 9.056997537612915]], "test_accuracy": 46.949999999999996, "convergence_iteration": 52}}