{"config": {"train_options": {"learning_rate": 0.01, "optimizer": "SGD", "batch_size": 128, "number_of_epochs": 300, "loss_parameters": {"temperature": 5, "distillation_type": "FILTER", "alpha": 0.8, "beta": 0.4}}}, "results": {"train_losses": [[31.672286392211912, 31.6879442565918, 31.696414254760743, 31.71139048461914, 31.731180004882813, 31.75440472717285, 31.776898559570313, 31.802512438964843, 31.82521672973633, 31.84979360046387, 31.87481037902832, 31.899454580688477, 31.92383839416504, 31.947721020507814, 31.973168084716796, 31.998385821533205, 32.02292025756836, 32.0485757019043, 32.06907188110352, 32.0916262878418, 32.1165708190918]], "valid_losses": [[31.687508865356445, 31.69472013244629, 31.709037948608398, 31.727495184326173, 31.75199540710449, 31.769764321899412, 31.793502853393555, 31.82424352722168, 31.848508071899413, 31.868789733886718, 31.90160698852539, 31.91963463745117, 31.941822634887696, 31.970200494384766, 31.995055682373046, 32.02110367736817, 32.048811145019535, 32.070852154541015, 32.09063189086914, 32.11714617919922, 32.14479439086914]], "train_accs": [[1.8175000000000001, 3.615, 5.8825, 7.6975, 8.8375, 10.07, 11.1675, 12.280000000000001, 13.3325, 14.305000000000001, 15.095, 15.9725, 16.6525, 17.5375, 18.185000000000002, 18.7575, 19.265, 19.875, 20.907500000000002, 21.645, 22.37]], "valid_accs": [[2.3, 4.73, 6.859999999999999, 7.66, 8.63, 10.12, 11.53, 11.42, 12.46, 13.91, 14.04, 15.160000000000002, 15.93, 16.71, 17.37, 17.47, 18.56, 18.740000000000002, 19.77, 20.61, 20.78]], "train_times": [[46.6595823764801, 46.583611249923706, 46.55162191390991, 46.52989721298218, 46.56867599487305, 46.53601932525635, 46.56199669837952, 46.54451036453247, 46.551995038986206, 46.549046993255615, 46.56899833679199, 46.568010568618774, 46.595996618270874, 46.53899788856506, 46.65499973297119, 46.572521686553955, 46.56904864311218, 46.60063314437866, 46.55992388725281, 46.5311815738678, 46.53659915924072]], "valid_times": [[9.199004411697388, 9.208004236221313, 9.19800353050232, 9.179003477096558, 9.182019472122192, 9.182528495788574, 9.195003986358643, 9.201003789901733, 9.217004299163818, 9.185016632080078, 9.18100357055664, 9.17500114440918, 9.18301248550415, 9.24600076675415, 9.19900369644165, 9.211002349853516, 9.186001062393188, 9.201009750366211, 9.18409013748169, 9.196997165679932, 9.196004152297974]], "test_accuracy": 21.69, "convergence_iteration": 21}}