{"config": {"train_options": {"learning_rate": 0.05, "optimizer": "SGD", "batch_size": 128, "number_of_epochs": 300, "loss_parameters": {"temperature": 5, "distillation_type": "FILTER", "alpha": 0.6, "beta": 0.7}}}, "results": {"train_losses": [[57.019157501220704, 57.251282049560544, 57.48275954589844, 57.7074215637207, 57.919525274658206, 58.121294439697266, 58.31179075317383, 58.49550313720703, 58.670196417236326, 58.838431646728516, 58.998167443847656, 59.149513671875, 59.29638486328125, 59.43614305419922, 59.56778407592773, 59.69503118286133, 59.81709265136719, 59.931703930664064, 60.04373947143554, 60.149377392578124, 60.251112786865235]], "valid_losses": [[57.137056811523436, 57.37061774291992, 57.60559619140625, 57.82593032836914, 58.03766275024414, 58.24126200561523, 58.4260908203125, 58.60930883178711, 58.78022008056641, 58.933626629638674, 59.11133514404297, 59.25754763183594, 59.415690393066406, 59.5320596496582, 59.67996278076172, 59.81481159057617, 59.93461448364258, 60.039917083740235, 60.153411938476566, 60.30853865966797, 60.36807268066406]], "train_accs": [[3.7275, 8.28, 12.17, 15.202499999999999, 18.12, 20.72, 23.5875, 25.662499999999998, 28.1075, 30.0725, 32.23, 33.98, 36.01, 37.737500000000004, 39.4425, 40.5675, 42.309999999999995, 44.0275, 45.082499999999996, 46.2425, 47.2025]], "valid_accs": [[5.949999999999999, 10.95, 12.959999999999999, 15.370000000000001, 17.31, 18.93, 22.02, 22.82, 25.21, 28.18, 27.279999999999998, 29.349999999999998, 29.409999999999997, 33.79, 32.7, 32.92, 33.4, 36.76, 36.65, 30.94, 36.86]], "train_times": [[47.707541942596436, 47.685996532440186, 47.66951107978821, 47.7509982585907, 47.70999598503113, 47.68952560424805, 47.69280505180359, 47.683995962142944, 47.66202092170715, 47.72599911689758, 47.703513622283936, 47.72071576118469, 47.660996437072754, 47.68263649940491, 47.695045471191406, 47.7109956741333, 47.68610095977783, 47.69999933242798, 47.67803907394409, 47.72499966621399, 47.690531730651855]], "valid_times": [[9.396001815795898, 9.463004350662231, 9.43200159072876, 9.421013355255127, 9.387014865875244, 9.395003318786621, 9.39100432395935, 9.389581203460693, 9.404590368270874, 9.3968346118927, 9.427000999450684, 9.39001989364624, 9.382003545761108, 9.39599895477295, 9.397003412246704, 9.412003517150879, 9.40700387954712, 9.410000562667847, 9.407077074050903, 9.41100025177002, 9.388004064559937]], "test_accuracy": 36.29, "convergence_iteration": 21}}