{"config": {"train_options": {"learning_rate": 0.005, "optimizer": "SGD", "batch_size": 128, "number_of_epochs": 300, "loss_parameters": {"temperature": 5, "distillation_type": "FILTER", "alpha": 0.6, "beta": 0.9}}}, "results": {"train_losses": [[8.60199521331787, 8.614090744018554, 8.631227342224122, 8.6488933013916, 8.666486836242676, 8.684121971130372, 8.701879077148437, 8.719644725036622, 8.737143977355958, 8.75491298828125, 8.77218380279541, 8.789701454162598, 8.806903590393066, 8.823749145507813, 8.840635411071778, 8.857038012695313, 8.873383448791504, 8.889794841003418, 8.906232998657227, 8.922333824157715, 8.938681130981445]], "valid_losses": [[8.606159800720215, 8.622844931030274, 8.639730986022949, 8.657756861877441, 8.674955165100098, 8.692900917053223, 8.710712516784668, 8.728717538452148, 8.746183622741698, 8.763760343933106, 8.78123589630127, 8.79769337463379, 8.815324206542968, 8.831575875854492, 8.848724031066894, 8.86526485900879, 8.88091078338623, 8.897840504455566, 8.91352239074707, 8.930319451904296, 8.946239042663574]], "train_accs": [[1.3675, 1.9574999999999998, 2.29, 2.725, 2.75, 2.87, 3.2975, 3.7199999999999998, 4.130000000000001, 4.4475, 4.87, 5.0325, 5.37, 5.4725, 5.6875, 5.7025, 5.79, 6.0275, 6.235, 6.4775, 6.4975000000000005]], "valid_accs": [[1.52, 2.1, 2.5, 2.88, 3.1, 3.15, 3.66, 3.84, 4.47, 4.62, 5.11, 5.319999999999999, 5.4399999999999995, 5.7700000000000005, 5.86, 5.96, 5.88, 6.1899999999999995, 6.47, 6.49, 6.529999999999999]], "train_times": [[121.08309864997864, 122.20507836341858, 122.31559038162231, 123.04612016677856, 121.20991706848145, 121.0537621974945, 121.30354738235474, 122.73764061927795, 121.52052330970764, 121.71066784858704, 121.0396900177002, 121.22986078262329, 121.3618574142456, 121.37590956687927, 121.1636130809784, 121.21138787269592, 121.60115838050842, 122.42032241821289, 121.23301696777344, 121.31872749328613, 121.98356676101685]], "valid_times": [[23.818370819091797, 23.812843561172485, 23.66223692893982, 23.747201681137085, 23.018478393554688, 23.42198920249939, 23.2892427444458, 23.61636972427368, 23.409523487091064, 22.991352081298828, 23.247860431671143, 23.547580242156982, 23.768308639526367, 23.1632559299469, 23.834296941757202, 23.400218963623047, 23.88618540763855, 23.89017653465271, 23.790920734405518, 23.45094871520996, 23.402920722961426]], "test_accuracy": 6.38, "convergence_iteration": 21}}