{"config": {"train_options": {"learning_rate": 0.01, "optimizer": "SGD", "batch_size": 128, "number_of_epochs": 300, "loss_parameters": {"temperature": 10, "distillation_type": "FILTER", "alpha": 0.7, "beta": 0.2}}}, "results": {"train_losses": [[14.946098432922364, 14.902259786987305, 14.873006843566895, 14.853631259155273, 14.83625484161377, 14.821299081420898, 14.812020280456544, 14.806283586120605, 14.801345242309571, 14.796798838806152, 14.790109461975097, 14.785749589538574, 14.778853042602538, 14.77317530822754, 14.769470153808594, 14.765844003295898, 14.763421743774414, 14.762356915283203, 14.760657423400879, 14.759248541259765, 14.761441432189942, 14.762224943542481, 14.762807272338867, 14.763521166992188, 14.764861143493652, 14.768099072265626, 14.768096517944336, 14.770900355529784, 14.773011541748048, 14.774674047851562, 14.777127708435058, 14.780340026855468, 14.78292328338623, 14.784156491088867, 14.78609956665039, 14.788950329589843]], "valid_losses": [[14.92236948852539, 14.887335865783692, 14.86138155517578, 14.844479360961914, 14.83242509765625, 14.824561962890625, 14.814472738647462, 14.811601914978027, 14.807673268127441, 14.807478247070312, 14.800759443664552, 14.798143463134766, 14.800624172973633, 14.783528541564941, 14.793605889892579, 14.776350825500488, 14.791310107421875, 14.791500730895995, 14.780760652160644, 14.789900022888183, 14.78793865661621, 14.800272940063477, 14.799834164428711, 14.796492399597168, 14.817792510986328, 14.803123458862304, 14.80897299041748, 14.8160673538208, 14.816908781433105, 14.82405196685791, 14.835516900634765, 14.834542070007323, 14.833446963500977, 14.84461477508545, 14.847315696716308, 14.85641884765625]], "train_accs": [[2.3625, 4.6875, 7.12, 9.25, 11.082500000000001, 12.795000000000002, 14.397499999999999, 15.765, 17.16, 18.29, 19.67, 21.16, 22.81, 24.0625, 25.5075, 26.992500000000003, 28.235, 29.1275, 30.48, 31.5, 32.3275, 33.1775, 33.934999999999995, 34.910000000000004, 36.0375, 36.575, 37.525, 38.4375, 39.290000000000006, 39.915, 40.77, 41.32, 41.862500000000004, 42.805, 43.714999999999996, 44.25]], "valid_accs": [[3.0, 5.87, 8.23, 10.59, 11.57, 13.04, 14.95, 15.72, 16.97, 17.8, 19.42, 20.22, 21.88, 24.07, 23.830000000000002, 26.31, 26.729999999999997, 27.389999999999997, 28.93, 29.74, 30.4, 30.34, 31.509999999999998, 32.82, 31.900000000000002, 33.61, 34.510000000000005, 35.13, 36.13, 36.449999999999996, 36.559999999999995, 36.980000000000004, 37.89, 38.46, 38.769999999999996, 38.79]], "train_times": [[45.738505125045776, 45.146864891052246, 45.31405973434448, 47.106550216674805, 47.374844551086426, 47.88232159614563, 46.18533802032471, 46.97581648826599, 45.945924043655396, 45.49232220649719, 45.45808458328247, 45.389368295669556, 44.62709999084473, 44.60357189178467, 44.619549036026, 44.84556818008423, 45.31359553337097, 44.64857745170593, 45.01258873939514, 44.75745630264282, 44.6978542804718, 44.778128147125244, 44.68060374259949, 44.80400061607361, 44.68902826309204, 44.66152882575989, 44.67561864852905, 44.65756940841675, 44.706183671951294, 44.67871856689453, 44.658244609832764, 44.652580976486206, 44.66462063789368, 44.664011001586914, 44.65455412864685, 44.64737343788147]], "valid_times": [[8.884549856185913, 8.822012901306152, 9.03239893913269, 9.37011981010437, 9.007965326309204, 9.400438070297241, 9.412508249282837, 8.94489336013794, 9.20423436164856, 8.991302013397217, 9.069999694824219, 8.93851375579834, 8.770573377609253, 8.770009517669678, 8.760573625564575, 9.123001337051392, 8.792009353637695, 8.774513959884644, 9.088999271392822, 8.779027462005615, 8.963001489639282, 8.786522388458252, 8.773144006729126, 8.801593542098999, 8.796575546264648, 8.772999048233032, 8.778998851776123, 8.789000034332275, 8.766043424606323, 8.782002210617065, 8.783998966217041, 8.77651309967041, 8.776000738143921, 8.783583402633667, 8.780999422073364, 8.786999225616455]], "test_accuracy": 40.58, "convergence_iteration": 36}}