{"config": {"train_options": {"learning_rate": 0.05, "optimizer": "SGD", "batch_size": 128, "number_of_epochs": 300, "loss_parameters": {"temperature": 15, "distillation_type": "FILTER", "alpha": 0.2, "beta": 0.4}}}, "results": {"train_losses": [[33.97361353759766, 33.77506727294922, 33.668957873535156, 33.560356884765625, 33.4514041015625, 33.350642803955076, 33.25549977416992, 33.167468151855466, 33.08204853515625, 33.001605554199216, 32.921703454589846, 32.847010009765626, 32.77873486328125, 32.71053146972656, 32.642180267333984, 32.57770248413086, 32.50946365966797, 32.44397353515625, 32.37943702392578, 32.31943219604492, 32.25457821044922, 32.19421539306641, 32.12932581481934, 32.066760858154296, 32.00248630981445, 31.93645667114258, 31.87175751953125, 31.803939990234376, 31.739473107910158, 31.675032678222657, 31.606284579467772, 31.53983187866211, 31.481807818603517, 31.413809893798827, 31.350354873657228, 31.285963580322267, 31.2282762298584, 31.164870733642577, 31.09951643676758, 31.03252303161621, 30.972777322387696, 30.91206178894043, 30.846596646118165, 30.787458477783204, 30.727602474975587, 30.66483796081543, 30.609534127807617, 30.545859191894532, 30.487067556762696, 30.423065869140625, 30.365769284057617, 30.307749401855467, 30.25219471435547, 30.19307443847656, 30.14421355895996, 30.086158676147463, 30.03221231689453, 29.975370825195313, 29.92281803588867, 29.866350704956055, 29.81546340637207, 29.76664596557617, 29.718601354980468, 29.666557876586914, 29.619759747314454, 29.575873956298828, 29.535604043579102, 29.48508977355957, 29.44172285461426, 29.402748846435546, 29.357670877075197, 29.313891262817382, 29.271307876586913, 29.231386813354494, 29.185838122558593, 29.141027447509767, 29.100411196899415, 29.061780810546875, 29.016513278198243, 28.98171802368164, 28.9417251953125, 28.85724358520508, 28.84358633117676, 28.859404849243163, 28.87459370422363, 28.897504821777343, 28.919556979370117, 28.941487002563477, 28.964866220092773, 28.988806384277343, 29.013877499389647, 29.036212118530273, 29.05979736328125, 29.082775616455077, 29.107464459228517, 29.131437069702148, 29.1553779876709, 29.18034401550293, 29.204031271362304, 29.227410717773438, 29.25279326171875, 29.275821307373047]], "valid_losses": [[33.89198125610351, 33.78677363891602, 33.68407955932617, 33.562361309814456, 33.48651474609375, 33.406116076660155, 33.344909063720706, 33.29069129638672, 33.185781701660154, 33.14057750854492, 33.04582152709961, 32.96707134399414, 32.96737373046875, 32.83861528930664, 32.817839166259766, 32.76009561157227, 32.6694535522461, 32.633458612060544, 32.581929779052736, 32.48629281005859, 32.462584704589844, 32.36678126831055, 32.32888891601562, 32.30119794921875, 32.25758626098633, 32.18462022705078, 32.08104400634765, 32.05853653564453, 32.01379862670898, 31.92300421142578, 31.865542352294923, 31.83826995239258, 31.761407067871094, 31.716056231689453, 31.68797684020996, 31.595980218505858, 31.552330712890626, 31.53870916748047, 31.444714685058592, 31.431481701660157, 31.343451547241212, 31.252088119506837, 31.219284536743164, 31.152521646118164, 31.155232598876953, 31.03081327819824, 31.02635961303711, 30.914810385131837, 30.937086184692383, 30.888543603515625, 30.80952168273926, 30.693383230590822, 30.65191867980957, 30.632900073242187, 30.597453543090822, 30.516893420410156, 30.536462145996094, 30.43768869628906, 30.35138009338379, 30.30437261352539, 30.28823439025879, 30.21445614013672, 30.226591906738282, 30.18747991027832, 30.126935256958006, 30.066149224853515, 30.021143041992186, 30.030324914550782, 29.942538632202147, 29.898821029663086, 29.833947396850586, 29.80669214782715, 29.774328176879884, 29.72270346069336, 29.745720513916016, 29.638066995239257, 29.63746983947754, 29.66451206970215, 29.619579013061525, 29.54437566833496, 29.489761679077148, 29.295935192871095, 29.32057587585449, 29.352004693603515, 29.382664489746094, 29.412360089111328, 29.444242239379882, 29.469370736694337, 29.502593591308592, 29.524913473510743, 29.558304498291015, 29.59250487060547, 29.617484271240233, 29.648593395996095, 29.676830380249022, 29.713067987060548, 29.734673272705077, 29.767257876586914, 29.796596463012694, 29.830376513671876, 29.85089383239746, 29.885166146850587]], "train_accs": [[6.1, 14.022499999999999, 19.0725, 23.9275, 28.000000000000004, 31.61, 35.04, 37.7725, 40.92, 43.15, 45.042500000000004, 47.089999999999996, 48.89, 50.470000000000006, 51.855, 53.23, 54.410000000000004, 55.3225, 56.63, 57.35249999999999, 58.315, 59.195, 60.019999999999996, 60.68, 61.214999999999996, 61.9525, 62.38, 63.31250000000001, 63.7675, 64.225, 65.035, 65.3775, 65.8625, 66.715, 66.9475, 67.58999999999999, 67.525, 67.9975, 68.3575, 68.88250000000001, 69.2375, 69.4125, 70.10499999999999, 70.195, 70.8475, 70.9175, 71.42500000000001, 71.8125, 71.635, 72.185, 72.165, 72.475, 72.625, 73.13499999999999, 73.1325, 73.41499999999999, 73.7375, 73.91, 73.845, 74.315, 74.75, 74.8525, 74.9325, 75.335, 75.605, 75.9075, 75.58500000000001, 75.9525, 76.22250000000001, 76.39, 76.47, 76.53, 76.805, 76.805, 76.7775, 77.005, 77.14750000000001, 77.125, 77.5, 77.295, 77.3025, 82.795, 85.385, 86.155, 87.19, 87.5825, 87.845, 88.3575, 88.4375, 88.725, 88.7625, 89.12, 89.3875, 89.66499999999999, 89.7775, 89.99000000000001, 90.235, 90.345, 90.47500000000001, 90.4775, 90.5225, 90.6875]], "valid_accs": [[9.11, 15.61, 20.28, 24.240000000000002, 27.62, 29.349999999999998, 31.979999999999997, 33.550000000000004, 35.76, 37.41, 39.97, 42.24, 40.58, 44.07, 43.419999999999995, 44.15, 46.25, 46.04, 46.85, 48.85, 48.38, 50.519999999999996, 49.86, 48.949999999999996, 49.49, 49.36, 51.99, 50.9, 50.68, 52.31, 52.76, 50.739999999999995, 52.12, 52.51, 51.57000000000001, 52.71, 52.87, 51.690000000000005, 52.23, 52.23, 52.459999999999994, 53.7, 53.32, 53.94, 52.56999999999999, 55.059999999999995, 52.339999999999996, 55.26, 52.51, 52.05, 53.22, 55.16, 54.52, 53.7, 52.78, 55.169999999999995, 52.55, 54.03, 55.60000000000001, 54.459999999999994, 53.959999999999994, 55.67999999999999, 53.900000000000006, 53.410000000000004, 54.02, 55.269999999999996, 54.730000000000004, 53.790000000000006, 55.47, 55.45, 55.47, 55.410000000000004, 56.10000000000001, 55.44, 53.6, 55.87, 55.02, 53.22, 53.800000000000004, 53.900000000000006, 54.52, 63.129999999999995, 63.370000000000005, 63.57000000000001, 63.46000000000001, 63.05, 63.019999999999996, 63.5, 63.7, 63.68000000000001, 62.9, 63.12, 63.36000000000001, 64.0, 63.07000000000001, 63.18, 63.22, 63.18, 63.51, 63.24999999999999, 63.18, 63.22]],