{"config": {"train_options": {"learning_rate": 0.005, "optimizer": "SGD", "batch_size": 128, "number_of_epochs": 300, "loss_parameters": {"temperature": 15, "distillation_type": "FILTER", "alpha": 0.2, "beta": 0.1}}}, "results": {"train_losses": [[10.498240631103515, 10.257760061645508, 10.070288885498046, 9.939707208251953, 9.847792805480957, 9.77508906402588, 9.700345431518555, 9.62135146636963, 9.554376832580566, 9.484603286743164, 9.422369476318359, 9.366908877563477, 9.310160037231446, 9.262375859069824, 9.215168307495118, 9.174007110595703, 9.127090481567382, 9.092369575500488, 9.049801805114747, 9.01412353668213, 8.977982495117187, 8.944923973083496, 8.914492390441895, 8.88438567352295, 8.856001889038087, 8.824300108337402, 8.800149981689453, 8.776312809753417, 8.752381991577149, 8.726224809265137, 8.70246442565918, 8.682824040222169, 8.659373008728027, 8.638838581848145, 8.62206925048828, 8.604514569091798, 8.581061540222167, 8.56727098236084, 8.548109854125977, 8.532821075439454, 8.516258862304687, 8.500916526794434, 8.481241525268555, 8.471601489257813, 8.457123928833008, 8.44261137084961, 8.42579526977539, 8.417281591796876, 8.39660036315918, 8.387264141845703, 8.366801565551757, 8.361086296081544, 8.342772917175292, 8.332203605651856, 8.321915315246581, 8.313372637939453, 8.300476441955567, 8.280913398742676, 8.274059619140624, 8.264703354644775, 8.254592607116699, 8.241093525695801, 8.227867362976074, 8.215666734313965, 8.20954243774414, 8.197844750976563, 8.181459539794922, 8.171950267791749, 8.163815968322753, 8.158337307739258, 8.14687367553711, 8.13638293762207, 8.122971641540527, 8.116153114318848, 8.108201337432861, 8.096184237670899, 8.085629871368408, 8.074460416412354, 8.068554000854492, 8.058856831359863, 8.050987657928466, 7.976691542816162, 7.948451250457763, 7.93614995880127, 7.931031617736816, 7.930643034362793, 7.925862323760986, 7.923275177764893, 7.920320064544677, 7.919247397613526, 7.913729563140869, 7.910334571838379, 7.909319926452636, 7.904854055786132, 7.9010888229370115, 7.903749179077148, 7.901257585906983, 7.899911087036132, 7.897410522460937, 7.897450317382813, 7.897051817321778, 7.896209122467041, 7.8938962135314945]], "valid_losses": [[10.379731713867187, 10.180976879882813, 10.00833551940918, 9.935276777648927, 9.893720977783204, 9.83631580810547, 9.697812036132813, 9.63935788421631, 9.587099774169921, 9.5162924118042, 9.462463439941406, 9.457538432312012, 9.406381910705566, 9.404574293518067, 9.365515339660645, 9.40943659362793, 9.273467416381836, 9.209546626281739, 9.184496635437013, 9.15175165863037, 9.129375004577637, 9.086502005004883, 9.071419709777832, 9.072842153930663, 8.999085144042969, 9.028905508422852, 9.004812078857421, 8.949547950744629, 8.977242756652831, 8.93027420501709, 8.899843096923828, 8.922098970031739, 8.932088186645508, 8.912686529541016, 8.920992036437989, 8.904885540771485, 8.851470748901367, 8.885513385009766, 8.861383061218262, 8.851916696166992, 8.936846005249024, 8.915654357910157, 8.84115552368164, 8.838433410644532, 8.909379176330566, 8.856490748596192, 8.839372198486329, 8.839114389038086, 8.864519692993165, 8.768186019897461, 8.760450453186035, 8.779884147644044, 8.797528422546387, 8.801200212097168, 8.83370686340332, 8.770530075073243, 8.764094345092774, 8.761103601074218, 8.732275886535644, 8.783579217529297, 8.80000694885254, 8.777917564392089, 8.736993951416016, 8.764020532226562, 8.691168370056152, 8.765074716186524, 8.73262201385498, 8.737145123291016, 8.731781108093262, 8.828226138305665, 8.728857118225097, 8.756803073120118, 8.714814918518066, 8.696085926818848, 8.696639025878905, 8.771722161865235, 8.721586267089844, 8.758489492797851, 8.716600424194336, 8.77479027709961, 8.712032620239258, 8.552577043151855, 8.536610098266602, 8.548784783935547, 8.552139303588866, 8.544110725402833, 8.550451112365723, 8.549007804870605, 8.542101103210449, 8.549957641601562, 8.557263174438477, 8.554799169921875, 8.544603369140624, 8.55960093536377, 8.555871112060547, 8.560275425720215, 8.5611931350708, 8.568718634033203, 8.5739607421875, 8.576750454711915, 8.568286642456055, 8.570649186706543, 8.575151446533203]], "train_accs": [[3.3375000000000004, 6.83, 10.48, 13.195, 15.245000000000001, 17.36, 19.112499999999997, 21.099999999999998, 22.78, 24.482499999999998, 26.4275, 27.76, 29.362500000000004, 30.685000000000002, 32.2725, 33.3525, 34.915, 35.77, 36.905, 38.1125, 39.1325, 40.089999999999996, 41.075, 42.375, 43.28, 44.235, 44.9925, 45.6575, 46.375, 47.635, 48.4275, 48.9925, 49.6025, 50.185, 50.965, 51.39, 52.1575, 52.817499999999995, 53.2825, 53.717499999999994, 54.53750000000001, 54.83749999999999, 55.58, 56.05, 56.3475, 56.8275, 57.35249999999999, 57.495, 58.440000000000005, 58.2425, 59.2125, 59.67249999999999, 59.995, 60.375, 60.6, 61.11, 61.33, 62.105, 62.1575, 62.5275, 62.78, 63.144999999999996, 63.54, 64.19500000000001, 64.385, 64.35499999999999, 65.2975, 65.6125, 65.6375, 65.91, 66.03750000000001, 66.525, 67.03750000000001, 67.0775, 67.3725, 67.72, 68.2775, 68.27499999999999, 68.5825, 68.8525, 69.215, 72.1275, 73.315, 73.9375, 74.2025, 74.0775, 74.44, 74.615, 74.895, 74.9325, 74.97, 74.9825, 75.2, 75.52499999999999, 75.69500000000001, 75.4, 75.6525, 75.70750000000001, 75.7675, 75.8775, 75.7525, 75.8125, 76.01]], "valid_accs": [[4.7, 8.7, 11.77, 13.4, 14.649999999999999, 16.36, 19.1, 20.54, 21.84, 23.95, 25.5, 25.569999999999997, 26.87, 27.36, 28.33, 27.57, 31.04, 32.519999999999996, 33.69, 34.38, 35.010000000000005, 36.19, 37.45, 36.85, 38.89, 38.51, 39.26, 40.699999999999996, 40.06, 41.120000000000005, 42.34, 41.660000000000004, 41.82, 42.49, 42.84, 43.120000000000005, 44.57, 43.309999999999995, 44.31, 44.85, 42.52, 43.69, 45.62, 45.08, 43.78, 45.23, 45.739999999999995, 45.2, 44.83, 47.099999999999994, 47.9, 47.25, 47.18, 47.24, 46.58, 47.86, 47.63, 47.97, 48.99, 47.58, 47.64, 48.17, 49.1, 49.17, 49.86, 48.42, 49.32, 49.44, 48.61, 47.18, 49.7, 49.36, 50.33, 50.33, 51.13999999999999, 49.01, 50.160000000000004, 49.19, 50.339999999999996, 49.78, 50.1, 54.800000000000004, 54.87, 54.949999999999996, 54.669999999999995, 55.059999999999995, 55.35, 54.66, 55.269999999999996, 55.120000000000005, 54.58, 55.08, 54.730000000000004, 54.669999999999995, 55.37, 54.93, 54.779999999999994, 54.49, 54.81, 54.44, 55.230000000000004, 55.00000000000001, 55.13]],