{"config": {"train_options": {"learning_rate": 0.05, "optimizer": "SGD", "batch_size": 128, "number_of_epochs": 300, "loss_parameters": {"temperature": 15, "distillation_type": "FILTER", "alpha": 0.8, "beta": 0.1}}}, "results": {"train_losses": [[5.668628929901123, 5.614332897186279, 5.608507719421387, 5.607928865814209, 5.603874572753906, 5.5982930389404295, 5.594380859375, 5.5951233474731445, 5.59500485534668, 5.596705268859863, 5.600195944976806, 5.6018798034667965, 5.606362335968018, 5.609362985229493, 5.613749314880371, 5.61687400970459, 5.6216035598754885, 5.625547259521484, 5.629333636474609, 5.633365290832519, 5.636854124450684, 5.640938562011719, 5.643535809326172, 5.646951208496094]], "valid_losses": [[5.636569648742676, 5.6204757949829105, 5.620389454650879, 5.616210176086426, 5.622949507141113, 5.6170737823486325, 5.63712271118164, 5.632502256774902, 5.6305094581604, 5.640434703063965, 5.626387362670898, 5.635964227294922, 5.6536480293273925, 5.675588301086425, 5.661947413635254, 5.679828797912598, 5.682836930847168, 5.688039701843262, 5.6919099212646485, 5.7026129257202145, 5.705569253540039, 5.725334994506836, 5.741262326049805, 5.740246180725098]], "train_accs": [[5.5975, 11.7975, 15.632499999999999, 18.505, 22.15, 25.1225, 27.9925, 30.617499999999996, 33.035, 35.2975, 37.3625, 39.5725, 41.167500000000004, 42.875, 44.2725, 45.835, 47.0475, 48.3725, 49.345, 50.519999999999996, 51.5125, 52.4375, 53.555, 54.345]], "valid_accs": [[9.120000000000001, 13.36, 16.45, 19.78, 21.759999999999998, 24.610000000000003, 25.180000000000003, 28.15, 30.48, 31.89, 35.58, 36.980000000000004, 36.35, 36.61, 39.489999999999995, 39.26, 40.510000000000005, 41.31, 42.69, 43.230000000000004, 44.0, 42.38, 42.93, 43.91]], "train_times": [[48.940587282180786, 48.348607778549194, 47.838600158691406, 47.85457944869995, 47.876096963882446, 47.99960446357727, 48.07869505882263, 48.742000341415405, 49.286001682281494, 48.853888273239136, 48.812432050704956, 48.77904200553894, 48.780097007751465, 48.66015958786011, 49.60468053817749, 48.757118701934814, 48.809592962265015, 48.57304000854492, 48.23904252052307, 48.63151836395264, 48.34899878501892, 48.563515424728394, 49.418689012527466, 50.21619701385498]], "valid_times": [[9.634002208709717, 9.43800139427185, 9.407001256942749, 9.42300271987915, 9.421004056930542, 9.704001903533936, 9.580002307891846, 9.758999109268188, 9.634572744369507, 9.636002540588379, 9.586001634597778, 9.601001977920532, 9.573002576828003, 9.490002155303955, 9.605025291442871, 9.600998401641846, 9.570507287979126, 9.589022874832153, 9.645002126693726, 9.58300232887268, 9.556001424789429, 9.687001705169678, 9.939055919647217, 9.596001148223877]], "test_accuracy": 45.33, "convergence_iteration": 24}}