{"config": {"train_options": {"learning_rate": 0.05, "optimizer": "SGD", "batch_size": 128, "number_of_epochs": 300, "loss_parameters": {"temperature": 5, "distillation_type": "FILTER", "alpha": 0.7, "beta": 0.8}}}, "results": {"train_losses": [[64.98657452392578, 65.29625922851562, 65.60278450927734, 65.90012110595703, 66.18743682861329, 66.46359089355468, 66.72955819091797, 66.98502438964844, 67.22954255371094, 67.46407794189453, 67.69018612060547, 67.90730565185547, 68.11543189697265, 68.31562559814454, 68.50818649902344, 68.69385244140625, 68.87113095703126, 69.04334774169922, 69.20855932617188, 69.3686515991211, 69.52193291015625]], "valid_losses": [[65.14029797363281, 65.45136635742188, 65.75512712402343, 66.04866765136718, 66.33207198486328, 66.60191062011718, 66.86326318359374, 67.11151301269531, 67.35110926513671, 67.58239201660156, 67.80351671142579, 68.0154775024414, 68.2217401977539, 68.4178515258789, 68.60736127929688, 68.78908079833984, 68.96436357421875, 69.13634736328125, 69.29826783447265, 69.45313807373047, 69.6051804321289]], "train_accs": [[3.015, 6.7525, 9.5025, 11.700000000000001, 13.4675, 15.055, 16.689999999999998, 17.9775, 19.787499999999998, 21.1875, 22.427500000000002, 23.72, 24.855, 26.229999999999997, 27.905, 29.397499999999997, 30.7375, 31.8075, 33.027499999999996, 34.4325, 35.4125]], "valid_accs": [[5.34, 8.780000000000001, 10.5, 11.85, 12.870000000000001, 14.610000000000001, 15.8, 17.630000000000003, 19.61, 21.349999999999998, 22.59, 23.74, 24.62, 24.94, 27.68, 28.62, 29.330000000000002, 29.849999999999998, 31.080000000000002, 32.93, 32.9]], "train_times": [[48.56421899795532, 48.53419351577759, 48.600160121917725, 48.63505792617798, 48.640594244003296, 48.557143688201904, 48.55984544754028, 48.60713601112366, 48.5846688747406, 48.610602378845215, 48.58421611785889, 48.602092027664185, 48.601661682128906, 48.64554476737976, 48.63293790817261, 48.595720529556274, 48.583810567855835, 48.57015013694763, 48.65766406059265, 48.62208938598633, 48.66942811012268]], "valid_times": [[9.564002752304077, 9.57100248336792, 9.56950831413269, 9.565002202987671, 9.577513694763184, 9.56251859664917, 9.57305908203125, 9.586138010025024, 9.612023830413818, 9.571512699127197, 9.572063684463501, 9.551021814346313, 9.569528341293335, 9.578000783920288, 9.572026252746582, 9.564053773880005, 9.584000587463379, 9.592514276504517, 9.575636386871338, 9.756518363952637, 9.571003437042236]], "test_accuracy": 33.56, "convergence_iteration": 21}}