{"config": {"train_options": {"learning_rate": 0.01, "optimizer": "SGD", "batch_size": 128, "number_of_epochs": 300, "loss_parameters": {"temperature": 10, "distillation_type": "FILTER", "alpha": 0.9, "beta": 0.6}}}, "results": {"train_losses": [[4.419477432250977, 4.43783928527832, 4.45981032333374, 4.482027870178222, 4.504830477142334, 4.526719942474365, 4.549196426391601, 4.570364607238769, 4.591603828430176, 4.6129340675354005, 4.633783982849121, 4.65379663696289, 4.67429088973999, 4.694476740264893, 4.714547850036621, 4.7345950820922855, 4.754285440826416, 4.773985852813721, 4.793443976593018, 4.812964151000976, 4.832555172729492]], "valid_losses": [[4.426345602416992, 4.4480409339904785, 4.470367922973633, 4.492948270416259, 4.5153205207824705, 4.5374589408874515, 4.559632321166992, 4.580493415832519, 4.60183466873169, 4.62283649520874, 4.643248390960693, 4.663511676025391, 4.683577716064453, 4.703843843078613, 4.723482148742676, 4.743971070861816, 4.763557223510742, 4.783232022094727, 4.802928256225586, 4.8222364334106445, 4.8411240356445315]], "train_accs": [[1.9, 2.93, 3.9675000000000002, 4.4025, 5.0525, 5.365, 5.685, 6.0675, 6.4350000000000005, 6.815, 7.465, 7.965, 8.407499999999999, 8.82, 9.4525, 9.8825, 10.12, 10.655000000000001, 10.655000000000001, 11.065, 11.465]], "valid_accs": [[2.75, 3.39, 4.36, 4.89, 5.3, 5.52, 5.67, 6.41, 6.83, 7.17, 7.88, 8.18, 8.690000000000001, 9.5, 9.790000000000001, 10.4, 10.59, 10.780000000000001, 10.69, 11.360000000000001, 11.49]], "train_times": [[121.74699306488037, 122.01599478721619, 121.9332811832428, 121.26703238487244, 121.75394177436829, 121.64298224449158, 121.71381258964539, 121.418128490448, 121.60889840126038, 121.23851823806763, 121.36663675308228, 120.97724843025208, 121.00497770309448, 121.50317239761353, 120.93925881385803, 121.48921203613281, 122.03410530090332, 123.58367824554443, 121.78488206863403, 121.42239689826965, 122.10685205459595]], "valid_times": [[23.794544219970703, 23.70197629928589, 23.754550457000732, 23.86790657043457, 23.513803243637085, 23.520448207855225, 23.644522666931152, 23.577136039733887, 23.605194568634033, 23.695441722869873, 23.90154790878296, 24.17501974105835, 23.453065872192383, 23.650647401809692, 23.591916799545288, 23.80736541748047, 23.523247241973877, 24.414095163345337, 23.858787775039673, 24.392810821533203, 23.73668360710144]], "test_accuracy": 11.51, "convergence_iteration": 21}}