{"config": {"train_options": {"learning_rate": 0.01, "optimizer": "SGD", "batch_size": 128, "number_of_epochs": 300, "loss_parameters": {"temperature": 10, "distillation_type": "FILTER", "alpha": 0.4, "beta": 0.9}}}, "results": {"train_losses": [[73.27694543457031, 73.34526446533204, 73.41824827880859, 73.49112249755859, 73.56389375, 73.63614897460937, 73.7075175415039, 73.7780529296875, 73.84753291015625, 73.91648795166016, 73.98485316162109, 74.05309191894531, 74.12076364746093, 74.18831143798828, 74.25550234375, 74.32224763183594, 74.38885833740234, 74.45492133789062, 74.5204253540039, 74.58590462646484, 74.65078342285156]], "valid_losses": [[73.309455078125, 73.38224235839844, 73.45545141601562, 73.52828090820313, 73.6011808959961, 73.67278585205078, 73.74413168945313, 73.81384602050781, 73.88337220458985, 73.95218273925781, 74.02030560302734, 74.08830357666015, 74.15572193603515, 74.22337724609375, 74.29045439453125, 74.35721538085937, 74.42391978759765, 74.49024903564452, 74.55624420166015, 74.62133098144531, 74.68647312011718]], "train_accs": [[1.8175000000000001, 3.16, 4.0775, 4.8275, 5.0525, 5.5675, 6.085, 6.4125000000000005, 7.0325, 7.8625, 8.74, 9.4875, 10.215, 10.995000000000001, 11.545, 12.4225, 12.7525, 13.38, 13.9625, 14.397499999999999, 14.835]], "valid_accs": [[2.4299999999999997, 3.54, 4.24, 4.55, 4.760000000000001, 5.36, 5.81, 6.29, 6.890000000000001, 7.46, 8.09, 9.030000000000001, 9.700000000000001, 10.42, 11.09, 11.51, 11.91, 12.36, 12.479999999999999, 13.459999999999999, 13.15]], "train_times": [[48.0659716129303, 47.070191383361816, 47.22322177886963, 47.054304122924805, 47.1096088886261, 47.15665602684021, 47.15023612976074, 47.08303737640381, 47.0975706577301, 47.83193325996399, 48.09178280830383, 46.95411038398743, 46.81569862365723, 46.7737352848053, 46.82510852813721, 46.90402936935425, 46.802311182022095, 46.734612703323364, 46.812251806259155, 46.824177742004395, 46.81116080284119]], "valid_times": [[9.233538389205933, 9.252002716064453, 9.265115022659302, 9.206027269363403, 9.276055574417114, 9.250120162963867, 9.261561870574951, 9.245666265487671, 9.218120574951172, 9.44600224494934, 9.580024003982544, 9.220003366470337, 9.17383599281311, 9.200944662094116, 9.17500114440918, 9.159076452255249, 9.153029918670654, 9.122001886367798, 9.172025442123413, 9.15300178527832, 9.154025554656982]], "test_accuracy": 14.580000000000002, "convergence_iteration": 21}}