{"config": {"train_options": {"learning_rate": 0.01, "optimizer": "SGD", "batch_size": 128, "number_of_epochs": 300, "loss_parameters": {"temperature": 10, "distillation_type": "FILTER", "alpha": 0.7, "beta": 0.4}}}, "results": {"train_losses": [[31.52667507019043, 31.52430764465332, 31.509892053222657, 31.50864930114746, 31.520123764038086, 31.535110675048827, 31.550798580932618, 31.56955177307129, 31.589379791259766, 31.60973352661133, 31.63127502746582, 31.65156340637207, 31.671553338623045, 31.692048974609374, 31.71144493408203, 31.73065400695801, 31.749866583251954, 31.76875426940918, 31.788052267456056, 31.80654384765625, 31.825397866821287, 31.844128454589843, 31.861422766113282]], "valid_losses": [[31.527197314453126, 31.51727127380371, 31.506160095214845, 31.51350164794922, 31.527985528564454, 31.543773498535156, 31.560182220458984, 31.582902127075194, 31.60445472717285, 31.627706588745117, 31.648521520996095, 31.669319958496093, 31.697164361572266, 31.708956631469725, 31.733163613891602, 31.754422103881836, 31.774166015625, 31.793132846069337, 31.8162232421875, 31.83678785095215, 31.851976248168945, 31.869229943847657, 31.889819271850588]], "train_accs": [[1.645, 3.8725, 6.3875, 8.6075, 10.4775, 11.9225, 13.242499999999998, 14.1425, 15.479999999999999, 16.3625, 17.2125, 18.2575, 19.355, 20.085, 21.14, 22.1475, 22.842499999999998, 23.8875, 24.5425, 25.09, 26.35, 26.852500000000003, 27.987499999999997]], "valid_accs": [[2.4899999999999998, 5.47, 7.95, 10.100000000000001, 11.1, 12.72, 14.08, 14.44, 15.45, 16.36, 17.18, 18.05, 17.95, 19.439999999999998, 20.43, 20.549999999999997, 21.89, 22.27, 23.06, 24.05, 25.16, 26.340000000000003, 26.340000000000003]], "train_times": [[46.79962682723999, 46.665611267089844, 46.593623876571655, 47.275514125823975, 47.17832946777344, 45.93571162223816, 45.766228914260864, 45.71999907493591, 46.03769040107727, 45.82250761985779, 45.75106239318848, 45.787559270858765, 45.76563572883606, 46.05985617637634, 45.807217836380005, 45.792444944381714, 45.70047974586487, 45.73801612854004, 45.78921437263489, 45.66046667098999, 45.76598310470581, 45.66965699195862, 45.769219398498535]], "valid_times": [[9.146997451782227, 9.141445636749268, 9.203463077545166, 9.076749324798584, 9.188028335571289, 8.96735668182373, 9.034871816635132, 8.983583688735962, 9.035096883773804, 8.993792533874512, 8.980122566223145, 9.030022859573364, 8.990686893463135, 8.992729425430298, 9.021000623703003, 9.078829050064087, 8.966030597686768, 9.01334810256958, 8.986275434494019, 9.00736141204834, 8.98005199432373, 8.970907211303711, 8.967987537384033]], "test_accuracy": 27.250000000000004, "convergence_iteration": 23}}