{"config": {"train_options": {"learning_rate": 0.05, "optimizer": "SGD", "batch_size": 128, "number_of_epochs": 300, "loss_parameters": {"temperature": 10, "distillation_type": "FILTER", "alpha": 0.3, "beta": 0.8}}}, "results": {"train_losses": [[8.025851123046875, 8.122049534606933, 8.234177543640136, 8.349240419006348, 8.457217610168456, 8.560371284484864, 8.659254920959473, 8.755431188964844, 8.847950398254394, 8.937950538635254, 9.023453999328613, 9.106930725097657, 9.186784867858886, 9.263275978088378, 9.337982682800293, 9.408441711425782, 9.476712756347656, 9.54235352783203, 9.605830654907226, 9.665752589416504, 9.723289498901368]], "valid_losses": [[8.074005282592774, 8.17732366027832, 8.294191946411132, 8.408112435913086, 8.526926638793945, 8.633512109375, 8.746250492858886, 8.846029563903809, 8.913968960571289, 9.024694285583497, 9.104276568603515, 9.166010383605958, 9.258073840332031, 9.3349451461792, 9.404939222717285, 9.471403622436524, 9.54493108062744, 9.620478384399414, 9.664083546447754, 9.739880389404297, 9.80901123199463]], "train_accs": [[4.515000000000001, 9.4, 13.2575, 16.3275, 19.5025, 22.685, 25.637500000000003, 28.17, 30.8525, 32.8025, 34.94, 36.9775, 38.7175, 40.3925, 41.805, 43.38, 44.3275, 45.57, 46.9675, 48.2175, 49.2475]], "valid_accs": [[6.64, 11.31, 14.41, 17.630000000000003, 18.68, 21.27, 21.9, 23.51, 28.9, 27.73, 30.680000000000003, 35.29, 34.410000000000004, 35.72, 37.4, 39.78, 40.300000000000004, 39.900000000000006, 43.59, 42.42, 41.25]], "train_times": [[124.04866671562195, 124.84795713424683, 125.77610445022583, 123.99333071708679, 124.49743843078613, 124.38888883590698, 124.65292024612427, 123.89271330833435, 124.14470791816711, 124.42794156074524, 124.3416817188263, 123.96347641944885, 125.64099478721619, 123.77567625045776, 125.09486842155457, 125.70841026306152, 124.04692459106445, 124.94472002983093, 124.45511054992676, 124.71185350418091, 122.45395231246948]], "valid_times": [[23.701852321624756, 24.169114589691162, 23.805652856826782, 23.67634892463684, 24.480152368545532, 23.998793363571167, 23.72908306121826, 23.49651026725769, 23.543973922729492, 23.696879148483276, 23.566678285598755, 23.45357322692871, 23.989025354385376, 23.79758334159851, 23.65984559059143, 23.579787492752075, 24.45703625679016, 23.61592411994934, 23.75062870979309, 23.731818914413452, 23.755011558532715]], "test_accuracy": 41.260000000000005, "convergence_iteration": 21}}