{"config": {"train_options": {"learning_rate": 0.005, "optimizer": "SGD", "batch_size": 128, "number_of_epochs": 300, "loss_parameters": {"temperature": 20, "distillation_type": "FILTER", "alpha": 0.2, "beta": 0.5}}}, "results": {"train_losses": [[6.115443088531494, 6.001596426391601, 5.936480519104004, 5.885948228454589, 5.847369890594482, 5.8188026374816895, 5.797709761047363, 5.7800677841186525, 5.763737018585205, 5.749618203735351, 5.733116072082519, 5.719120807647705, 5.704026330566406, 5.6877931777954105, 5.675449620819092, 5.661392482757568, 5.6490637329101565, 5.6375003341674805, 5.628205615997315, 5.6183241226196285, 5.608681797027588, 5.600752367401123, 5.590770475006104, 5.585182215118408, 5.579315342712403, 5.574118138122558, 5.565533326721192, 5.558529399871826, 5.55140904006958, 5.547667081451416, 5.541126127624512, 5.537933722686768, 5.53025739440918, 5.527463189697266, 5.52142734298706, 5.519896324157715, 5.51727914428711, 5.513597291564942, 5.509463184356689, 5.505932048797607, 5.502941661834717, 5.503125984954834, 5.500869639587402, 5.501855960845948, 5.498798529052735, 5.496377242279053, 5.4937611671447755, 5.49331750869751, 5.4909686378479, 5.4918379287719725, 5.492786054229736, 5.490745696258545, 5.490317634582519, 5.492455658721924, 5.490206100463867, 5.49218599319458, 5.490394929504395, 5.493770114898681]], "valid_losses": [[6.0486021255493165, 5.96617536315918, 5.911132424926758, 5.871989933013916, 5.841624186706543, 5.8203138381958, 5.804273787689209, 5.7877236862182615, 5.7718859375, 5.7553825752258305, 5.752381140136719, 5.733181533813476, 5.719595610809326, 5.708797742462158, 5.691286392211914, 5.684110882568359, 5.67145700302124, 5.660274507904052, 5.658838549804687, 5.648420835876465, 5.640625357818603, 5.628837574768067, 5.617958746337891, 5.613231893920898, 5.615956600189209, 5.620700451660157, 5.611056331634521, 5.585977810668945, 5.610652233123779, 5.605501412963867, 5.590450199890137, 5.586327365112305, 5.590069844055176, 5.579344833374024, 5.600345276641845, 5.590711284637451, 5.592103449249268, 5.577641540527344, 5.587598030090332, 5.591580030059815, 5.585788459014893, 5.611708332824707, 5.620675410461426, 5.591590265655517, 5.590876044464111, 5.6000678283691405, 5.609475298309326, 5.595893873596191, 5.610799851989746, 5.61649785079956, 5.5974252319335935, 5.6001638946533205, 5.61642629776001, 5.613552973175048, 5.610515064239502, 5.636023366546631, 5.63461128692627, 5.635217417907715]], "train_accs": [[2.7275, 5.7325, 8.4875, 10.4975, 12.2325, 13.645, 15.077499999999999, 16.067500000000003, 17.2575, 18.1675, 19.495, 20.427500000000002, 21.3875, 22.5675, 23.1675, 24.5375, 25.5, 26.3725, 27.4525, 28.46, 29.21, 30.044999999999998, 30.72, 31.5525, 32.435, 33.1275, 34.027499999999996, 34.9325, 35.875, 36.432500000000005, 37.235, 37.89, 38.6325, 39.1125, 40.205, 40.4625, 41.3575, 41.7625, 42.4975, 43.3825, 43.84, 44.214999999999996, 44.927499999999995, 45.324999999999996, 45.8425, 46.455, 47.1075, 47.7425, 48.15, 48.5775, 49.127500000000005, 49.4225, 49.855, 50.2925, 50.8425, 51.2675, 51.78, 51.695]], "valid_accs": [[4.49, 7.17, 9.54, 10.93, 12.520000000000001, 13.719999999999999, 14.860000000000001, 16.259999999999998, 17.01, 18.22, 18.91, 20.4, 20.51, 22.040000000000003, 23.16, 24.03, 24.58, 26.200000000000003, 26.77, 27.639999999999997, 28.32, 29.49, 30.270000000000003, 31.25, 31.39, 31.369999999999997, 32.24, 34.13, 33.28, 34.17, 35.29, 35.83, 36.13, 36.95, 36.559999999999995, 37.19, 37.61, 38.96, 38.34, 38.76, 39.5, 38.51, 38.96, 41.0, 41.44, 41.28, 41.370000000000005, 42.5, 41.86, 41.93, 42.69, 44.230000000000004, 43.24, 43.69, 44.519999999999996, 43.59, 44.12, 44.440000000000005]], "train_times": [[124.58963871002197, 123.13340377807617, 123.58161664009094, 124.3137276172638, 123.36670327186584, 124.35913562774658, 122.94820213317871, 123.74026465415955, 123.40872144699097, 123.70881342887878, 123.39793467521667, 124.01159906387329, 124.04664254188538, 123.41805696487427, 123.20734238624573, 123.58489418029785, 124.54841351509094, 123.51267957687378, 123.14026427268982, 122.4915418624878, 123.65549159049988, 123.14884305000305, 122.45955538749695, 123.31710696220398, 123.64389419555664, 123.85277366638184, 123.67776441574097, 123.0613739490509, 124.16859722137451, 123.82848811149597, 123.0003080368042, 123.40887331962585, 124.28688931465149, 123.66748213768005, 123.93477845191956, 123.96411728858948, 122.57552814483643, 122.70475506782532, 122.89789986610413, 123.65012860298157, 123.42148494720459, 123.70781421661377, 123.12206959724426, 123.77068066596985, 123.64054727554321, 125.44782757759094, 122.20316815376282, 123.22051811218262, 124.19850015640259, 124.25383710861206, 125.0866117477417, 122.60488414764404, 123.42829632759094, 124.13489031791687, 122.9950304031372, 123.36333799362183, 122.48156142234802, 122.66434168815613]], "valid_times": [[23.92261838912964, 23.727540493011475, 23.4730327129364, 23.498059272766113, 23.575541496276855, 23.260419368743896, 23.467429161071777, 23.88330316543579, 23.30353569984436, 23.32219624519348, 23.556139945983887, 23.57256770133972, 23.46979022026062, 23.504392623901367, 23.25087261199951, 23.40539288520813, 23.320598602294922, 23.47202181816101, 23.440290212631226, 23.47934603691101, 23.339574337005615, 23.23913264274597, 23.32012677192688, 23.14063334465027, 23.501864910125732, 23.539833784103394, 23.334909439086914, 23.4613356590271, 23.28695797920227, 23.105873584747314, 23.257622241973877, 23.842159271240234, 23.55741810798645, 23.34621500968933, 23.340543031692505, 23.415956020355225, 23.45771312713623, 23.568348169326782, 23.245580673217773, 23.430810928344727, 23.754852533340454, 23.303261518478394, 23.270166397094727, 23.293643474578857, 23.62276816368103, 23.347321271896362, 23.38015580177307, 23.564977884292603, 23.488648176193237, 23.739314556121826, 23.132009029388428, 23.289252519607544, 23.372819900512695, 23.70159101486206, 23.397316217422485, 23.590934991836548, 23.245955228805542, 23.379306077957153]], "test_accuracy": 44.7, "convergence_iteration": 58}}