{"config": {"train_options": {"learning_rate": 0.005, "optimizer": "SGD", "batch_size": 128, "number_of_epochs": 300, "loss_parameters": {"temperature": 5, "distillation_type": "FILTER", "alpha": 0.7, "beta": 0.4}}}, "results": {"train_losses": [[32.10446809082031, 32.09174069213867, 32.08552929077148, 32.073663671875, 32.0730698425293, 32.07229920654297, 32.076480212402345, 32.07912502441406, 32.08708934326172, 32.09288971557617, 32.09959253540039, 32.11069821166992, 32.117675091552734, 32.128735650634766, 32.13583496704101, 32.14490720825195, 32.15630122680664, 32.16596785888672, 32.17522651977539, 32.18505628051758, 32.19545570678711, 32.204613385009765, 32.21490803833008, 32.22318930664063]], "valid_losses": [[32.095099542236326, 32.091199200439455, 32.07856998901367, 32.06702382202148, 32.06876563720703, 32.06844989624023, 32.07238295288086, 32.07828648071289, 32.08773784179687, 32.09307807006836, 32.10226932373047, 32.11218668823242, 32.12044359130859, 32.13136791992188, 32.14207063598633, 32.152554125976565, 32.165605908203126, 32.176594470214845, 32.18385040893555, 32.19220372314453, 32.205009204101565, 32.214765423583984, 32.22458740844726, 32.23093373413086]], "train_accs": [[1.395, 2.8975, 4.5725, 5.86, 7.4325, 8.9125, 9.7675, 10.792499999999999, 11.3775, 12.045, 12.737499999999999, 13.352500000000001, 13.8925, 14.545, 15.055, 15.67, 16.02, 16.8575, 17.2325, 17.8, 18.3825, 19.075, 19.0975, 20.1075]], "valid_accs": [[1.92, 3.4799999999999995, 5.3, 7.03, 8.260000000000002, 9.54, 10.73, 11.78, 12.44, 13.13, 13.74, 14.399999999999999, 14.729999999999999, 15.1, 15.73, 15.870000000000001, 15.83, 16.77, 17.48, 17.94, 18.38, 18.47, 19.57, 19.72]], "train_times": [[182.74811553955078, 184.94216084480286, 180.2787311077118, 185.33490872383118, 188.56403517723083, 189.84347462654114, 181.5390772819519, 181.9237196445465, 181.02620935440063, 182.94504523277283, 184.00388360023499, 185.3715000152588, 180.31701016426086, 181.7126247882843, 182.74948954582214, 183.4251003265381, 185.22360920906067, 170.51481986045837, 147.66568660736084, 148.05775833129883, 144.38776755332947, 145.2475335597992, 146.29881358146667, 145.93395686149597]], "valid_times": [[43.8400981426239, 44.73655724525452, 44.29909133911133, 43.745070934295654, 43.656975746154785, 43.712820291519165, 42.966981172561646, 43.98262310028076, 43.282249212265015, 43.326019048690796, 44.25241422653198, 43.65487766265869, 43.026325941085815, 43.056055545806885, 44.00434446334839, 43.722304344177246, 43.84860420227051, 33.77037787437439, 33.95623278617859, 34.73059391975403, 34.382195711135864, 35.67028880119324, 33.70067644119263, 33.68195939064026]], "test_accuracy": 19.939999999999998, "convergence_iteration": 24}}