{"config": {"train_options": {"learning_rate": 0.005, "optimizer": "SGD", "batch_size": 128, "number_of_epochs": 300, "loss_parameters": {"temperature": 20, "distillation_type": "FILTER", "alpha": 0.4, "beta": 0.8}}}, "results": {"train_losses": [[7.862575722503662, 7.861181587982178, 7.865843280029297, 7.8687794982910155, 7.8746171493530275, 7.882350671386718, 7.891252262115478, 7.901015388488769, 7.911155313873291, 7.921924303436279, 7.932741414642334, 7.944299943542481, 7.955725074005127, 7.967338192749024, 7.979029618835449, 7.990478552246094, 8.00257335510254, 8.01452212524414, 8.026540034484864, 8.038095600891113, 8.050113081359862]], "valid_losses": [[7.857405783843994, 7.863581049346924, 7.866307280731201, 7.871564820861816, 7.878205228424072, 7.8867647720336915, 7.896151110839844, 7.9064662109375, 7.918319432830811, 7.928822882080078, 7.940184432220459, 7.951976103210449, 7.9631687431335445, 7.975728496551514, 7.986665236663819, 8.00027858657837, 8.01051144180298, 8.023457670593261, 8.03486309814453, 8.047467231750488, 8.059871235656738]], "train_accs": [[1.4575, 2.56, 4.1475, 5.1499999999999995, 5.779999999999999, 6.267499999999999, 7.000000000000001, 7.430000000000001, 8.1975, 8.655, 9.28, 9.8775, 10.3275, 10.8975, 11.5425, 12.0975, 12.275, 12.959999999999999, 13.44, 13.8575, 14.174999999999999]], "valid_accs": [[1.81, 3.54, 4.84, 5.56, 6.08, 6.64, 7.090000000000001, 7.71, 8.3, 9.17, 9.42, 10.14, 10.6, 11.15, 11.58, 11.700000000000001, 12.64, 12.740000000000002, 13.170000000000002, 13.569999999999999, 13.780000000000001]], "train_times": [[129.08020162582397, 129.49256491661072, 130.2737329006195, 127.05611300468445, 131.51780700683594, 127.8904013633728, 130.53786897659302, 128.93224668502808, 129.30963015556335, 129.55938839912415, 128.3970184326172, 129.37660241127014, 130.77800965309143, 128.32142329216003, 128.53146719932556, 130.17566633224487, 129.90861535072327, 129.62149143218994, 129.29840350151062, 130.73834705352783, 128.99916315078735]], "valid_times": [[25.150791883468628, 25.838282108306885, 23.899816513061523, 25.08506679534912, 24.30825710296631, 26.256813764572144, 25.462183475494385, 24.816434383392334, 24.999542951583862, 25.63397240638733, 24.045300722122192, 24.966747283935547, 25.168412923812866, 24.795740365982056, 24.406503915786743, 24.181557178497314, 23.574383974075317, 24.107529401779175, 23.934967756271362, 26.326868772506714, 26.07386565208435]], "test_accuracy": 14.069999999999999, "convergence_iteration": 21}}