{"config": {"train_options": {"learning_rate": 0.005, "optimizer": "SGD", "batch_size": 128, "number_of_epochs": 300, "loss_parameters": {"temperature": 5, "distillation_type": "FILTER", "alpha": 0.3, "beta": 0.5}}}, "results": {"train_losses": [[41.84010713500977, 41.76464016723633, 41.70326279296875, 41.66830219116211, 41.646445275878904, 41.631949169921874, 41.626089794921874, 41.620382153320314, 41.620480059814454, 41.62019772949219, 41.62006200561523, 41.62130092163086, 41.62020592651367, 41.61968637084961, 41.61654921875, 41.6152775390625, 41.61441469116211, 41.611824584960935, 41.61160980224609, 41.60884080810547, 41.60801752929687, 41.6087782409668, 41.607401989746094, 41.608283435058596, 41.60790117797852, 41.60913569946289, 41.60838607788086]], "valid_losses": [[41.80179338989258, 41.721434692382815, 41.68124505004883, 41.65402144165039, 41.63729857788086, 41.629482183837894, 41.62003991699219, 41.620972827148435, 41.62537452392578, 41.63256977539063, 41.625011376953125, 41.627502130126956, 41.63490631103516, 41.63085167236328, 41.62897158203125, 41.63165732421875, 41.63495510864258, 41.62870944213867, 41.63020274658203, 41.62897222900391, 41.637348565673825, 41.63673979492187, 41.649612567138675, 41.64236636962891, 41.64797888793945, 41.65257429199219, 41.661016552734374]], "train_accs": [[1.5599999999999998, 4.215, 6.705, 8.8925, 10.785, 12.217500000000001, 13.170000000000002, 14.330000000000002, 15.4775, 16.259999999999998, 17.31, 18.2725, 19.39, 20.369999999999997, 21.325, 22.3775, 23.195, 24.2475, 25.1025, 26.115, 27.2575, 27.6125, 28.7175, 29.325000000000003, 29.972500000000004, 30.7925, 31.8725]], "valid_accs": [[2.86, 5.41, 7.5600000000000005, 9.67, 11.43, 12.18, 14.17, 14.829999999999998, 15.32, 16.21, 17.89, 18.41, 18.87, 19.6, 20.57, 21.21, 21.9, 23.200000000000003, 24.08, 24.94, 25.09, 25.869999999999997, 26.16, 27.200000000000003, 27.889999999999997, 28.26, 28.7]], "train_times": [[143.01952600479126, 143.4344244003296, 144.8736069202423, 144.76479411125183, 143.3424220085144, 146.54569578170776, 138.87341690063477, 112.11728405952454, 111.85084366798401, 111.94947743415833, 111.76007342338562, 111.83633017539978, 111.82981133460999, 111.87781691551208, 112.04126143455505, 112.99232125282288, 133.0179250240326, 154.88276052474976, 155.346595287323, 153.25027441978455, 143.2219798564911, 143.83578729629517, 143.39836525917053, 144.81528306007385, 145.18221187591553, 143.9801802635193, 144.4231026172638]], "valid_times": [[33.62056756019592, 33.35761475563049, 33.801228284835815, 33.747201442718506, 33.96817445755005, 35.308688163757324, 25.482653856277466, 25.505506992340088, 25.499602794647217, 25.455652475357056, 25.520463228225708, 25.574913024902344, 25.470309019088745, 25.467856407165527, 25.487891674041748, 26.54015302658081, 35.5052547454834, 36.77760648727417, 36.61061644554138, 33.55803942680359, 33.71362805366516, 33.81864547729492, 33.87322521209717, 34.25763416290283, 33.81710696220398, 33.77415156364441, 33.519158124923706]], "test_accuracy": 30.470000000000002, "convergence_iteration": 27}}