{"config": {"train_options": {"learning_rate": 0.01, "optimizer": "SGD", "batch_size": 128, "number_of_epochs": 300, "loss_parameters": {"temperature": 10, "distillation_type": "FILTER", "alpha": 0.5, "beta": 0.9}}}, "results": {"train_losses": [[73.22825045166016, 73.29645093994141, 73.3692657836914, 73.44211433105468, 73.513934765625, 73.584954296875, 73.65592396240234, 73.72672492675781, 73.79740588378907, 73.86774388427735, 73.93761044921875, 74.00702729492187, 74.07611522216797, 74.14463133544922, 74.21272397460937, 74.28057583007812, 74.3476665649414, 74.41453927001953, 74.48083493652344, 74.54684205322266, 74.61233005371093]], "valid_losses": [[73.26091102294922, 73.33332742919922, 73.40651805419922, 73.47896483154297, 73.55030255126952, 73.62128798828125, 73.69227556152343, 73.76279986572266, 73.83328155517579, 73.90348233642578, 73.9730881225586, 74.04224642333985, 74.11119522705079, 74.17950511474609, 74.2475419921875, 74.31535991210937, 74.3823904296875, 74.44900391845704, 74.51499932861329, 74.58081007080078, 74.64626333007813]], "train_accs": [[1.1975, 2.6475, 3.9125, 5.0475, 5.7375, 6.16, 6.665, 7.3625, 7.9350000000000005, 8.37, 8.75, 9.32, 9.700000000000001, 10.209999999999999, 10.685, 11.385000000000002, 11.6125, 12.1275, 12.4975, 12.9, 13.3125]], "valid_accs": [[1.66, 3.3300000000000005, 4.32, 5.140000000000001, 5.99, 6.3, 6.93, 7.7, 8.27, 8.790000000000001, 8.82, 9.42, 10.040000000000001, 10.209999999999999, 10.8, 11.110000000000001, 11.39, 12.02, 12.45, 12.709999999999999, 13.38]], "train_times": [[46.45523285865784, 46.63960671424866, 46.73386359214783, 46.65587401390076, 46.697076082229614, 46.524569034576416, 46.19379425048828, 46.50597882270813, 46.51309132575989, 46.733277797698975, 46.43134832382202, 46.348769187927246, 46.25663423538208, 46.36518430709839, 46.494261503219604, 46.47698187828064, 46.64583778381348, 46.21736717224121, 46.82917642593384, 46.507317304611206, 46.750441789627075]], "valid_times": [[9.236510992050171, 9.120867013931274, 9.117753505706787, 9.310442447662354, 9.028974533081055, 9.137732744216919, 9.071871995925903, 9.15860104560852, 9.145463705062866, 9.105968475341797, 9.126516580581665, 9.089775323867798, 9.156068563461304, 9.095364809036255, 9.127987146377563, 9.140134572982788, 9.066999912261963, 9.242928743362427, 9.243552207946777, 9.153542518615723, 9.243516445159912]], "test_accuracy": 13.420000000000002, "convergence_iteration": 21}}