{"config": {"train_options": {"learning_rate": 0.005, "optimizer": "SGD", "batch_size": 128, "number_of_epochs": 300, "loss_parameters": {"temperature": 15, "distillation_type": "FILTER", "alpha": 0.1, "beta": 0.7}}}, "results": {"train_losses": [[58.03703041992188, 58.0370575012207, 58.01414793701172, 57.98949115600586, 57.986647052001956, 57.99220370483398, 58.0009981262207, 58.010469183349606, 58.021011199951175, 58.031640222167965, 58.04375529785156, 58.05493420410156, 58.06834094848633, 58.08203991699219, 58.09506827392578, 58.10983153076172, 58.12401243896485, 58.137342065429685, 58.15101793823242, 58.1632317565918, 58.17607117919922, 58.18788657836914, 58.20088508911133, 58.21372388916016]], "valid_losses": [[58.032290625, 58.03024744873047, 57.99474461669922, 57.98462255249024, 57.98849937744141, 57.99630236816406, 58.00717365722656, 58.01981890258789, 58.028414990234374, 58.04168153076172, 58.04843587036133, 58.061730322265625, 58.08133687744141, 58.09496604003906, 58.106979064941406, 58.121069732666015, 58.1331660522461, 58.15094769287109, 58.167289526367185, 58.18328863525391, 58.19271055908203, 58.207063610839846, 58.22397850341797, 58.23084180908203]], "train_accs": [[1.6525, 3.0175, 5.3475, 7.2725, 8.73, 9.7725, 10.965, 11.965, 12.8325, 13.8325, 14.7675, 15.7225, 16.73, 17.6675, 18.3475, 19.18, 19.72, 20.3725, 21.349999999999998, 22.122500000000002, 22.765, 23.657500000000002, 24.1925, 25.285000000000004]], "valid_accs": [[2.21, 4.53, 6.4, 8.0, 9.370000000000001, 10.5, 11.29, 12.35, 13.15, 13.94, 15.39, 15.620000000000001, 16.32, 16.669999999999998, 17.83, 18.42, 19.81, 20.32, 20.91, 21.34, 22.3, 22.7, 23.21, 24.75]], "train_times": [[46.59976601600647, 52.08369827270508, 46.78471899032593, 46.61825776100159, 46.64247250556946, 46.58043670654297, 46.60147833824158, 46.56443953514099, 46.62284517288208, 46.58602213859558, 46.578553438186646, 46.76275086402893, 46.615962743759155, 46.70700716972351, 46.646456480026245, 46.600186824798584, 46.66075801849365, 46.615965127944946, 46.625399351119995, 46.63905882835388, 46.65516924858093, 46.612043142318726, 46.68222761154175, 46.680758476257324]], "valid_times": [[9.512024879455566, 9.258780241012573, 9.219244241714478, 9.216752290725708, 9.24354863166809, 9.218050003051758, 9.189022779464722, 9.199018239974976, 9.208003044128418, 9.218039274215698, 9.21989130973816, 9.2169828414917, 9.208122968673706, 9.231063842773438, 9.215544939041138, 9.207531213760376, 9.236676931381226, 9.212549686431885, 9.209427833557129, 9.241411685943604, 9.246834754943848, 9.212902307510376, 9.211091756820679, 9.229001998901367]], "test_accuracy": 25.790000000000003, "convergence_iteration": 24}}