{"config": {"train_options": {"learning_rate": 0.005, "optimizer": "SGD", "batch_size": 128, "number_of_epochs": 300, "loss_parameters": {"temperature": 15, "distillation_type": "FILTER", "alpha": 0.9, "beta": 0.8}}}, "results": {"train_losses": [[64.27890112304688, 64.31091408691407, 64.34392694091797, 64.37741599121094, 64.41110531005859, 64.44484899902343, 64.47850490722657, 64.5120198852539, 64.54548797607421, 64.57884840087891, 64.61212410888672, 64.64517341308594, 64.67823703613281, 64.71108793945312, 64.74378861083984, 64.77647852783203, 64.80892543945312, 64.84132039794922, 64.87350657958984, 64.9055616821289, 64.93749505615234]], "valid_losses": [[64.294635546875, 64.32753717041015, 64.36084392089843, 64.39449439697266, 64.42829113769531, 64.46192121582031, 64.49558519287109, 64.52912351074218, 64.56250256347656, 64.59569230957031, 64.62893813476562, 64.66202177734375, 64.69505944824219, 64.72786590576172, 64.7605625, 64.79301218261719, 64.82538908691406, 64.85778715820312, 64.88986853027343, 64.92194777832032, 64.95382203369141]], "train_accs": [[1.0775, 1.7874999999999999, 1.915, 2.0625, 2.45, 2.5975, 2.6275, 2.69, 2.725, 2.9175, 2.9625, 3.1825, 3.375, 3.6624999999999996, 3.9125, 4.0275, 4.205, 4.3575, 4.4375, 4.3775, 4.4799999999999995]], "valid_accs": [[1.31, 1.76, 1.73, 2.2399999999999998, 2.3800000000000003, 2.6, 2.42, 2.6100000000000003, 2.68, 2.6599999999999997, 2.85, 3.0, 3.2, 3.44, 3.7199999999999998, 3.6999999999999997, 4.0, 4.15, 3.9699999999999998, 4.12, 4.279999999999999]], "train_times": [[196.40547156333923, 195.32191514968872, 196.37901210784912, 195.77248620986938, 199.35487365722656, 201.0367181301117, 198.42794728279114, 200.22537064552307, 197.09447622299194, 199.2474009990692, 199.9374749660492, 196.0175518989563, 199.31711769104004, 202.65017700195312, 202.27925491333008, 200.61244893074036, 196.5265829563141, 200.3904252052307, 200.80872559547424, 198.72554874420166, 199.33244514465332]], "valid_times": [[47.10105013847351, 46.66775035858154, 46.00567150115967, 46.31367516517639, 47.211671113967896, 46.973581314086914, 46.56464338302612, 47.68986988067627, 46.67512083053589, 47.40215039253235, 47.264639377593994, 47.02361822128296, 47.59561109542847, 46.829307079315186, 47.1020987033844, 45.89772582054138, 47.42288255691528, 47.65685844421387, 47.533116817474365, 47.13571619987488, 46.53879356384277]], "test_accuracy": 4.75, "convergence_iteration": 21}}