{"config": {"train_options": {"learning_rate": 0.05, "optimizer": "SGD", "batch_size": 128, "number_of_epochs": 300, "loss_parameters": {"temperature": 10, "distillation_type": "FILTER", "alpha": 0.3, "beta": 0.5}}}, "results": {"train_losses": [[41.49361932373047, 41.462009997558596, 41.47642553710938, 41.479919177246096, 41.4662716796875, 41.449038696289065, 41.43448272705078, 41.42328257446289, 41.413010516357424, 41.40171384277344, 41.39322924804687, 41.38463181762695, 41.37462901000976, 41.35977020874024, 41.344842694091795, 41.33115209350586, 41.31766140136719, 41.29925289916992, 41.28281486206055, 41.266154443359376, 41.246508154296876, 41.22546069335937, 41.20013760986328, 41.17615050048828, 41.15240726318359, 41.131467205810544, 41.10409334716797, 41.07630240478515, 41.047540380859374, 41.0174149230957, 40.98586221923828, 40.953033630371095, 40.91685308837891, 40.88213471069336, 40.85086624755859, 40.8143215637207, 40.77744252929688, 40.739531121826175, 40.70402205200195, 40.66615354614258, 40.635079223632815, 40.594667559814454, 40.56081661376953, 40.52590804443359, 40.4860830078125, 40.44949436645508, 40.40896566772461, 40.37277014160156, 40.334589965820314, 40.29601560668945, 40.25845122070312, 40.2253258972168, 40.19125563964844, 40.15240684204102, 40.11482593383789, 40.07722141113281, 40.04354718017578, 40.0083608581543, 39.976133752441406, 39.940705645751954, 39.906044885253905, 39.87520731201172, 39.84086420898438, 39.805812750244144, 39.77012998046875, 39.74069647216797, 39.70451953735351, 39.673403619384764, 39.63992642211914, 39.61229427490235, 39.58311369018555, 39.55066492919922, 39.52553856811524, 39.492692291259765, 39.46236247558594, 39.430649017333984, 39.40332131958008, 39.375523522949216, 39.34703863525391, 39.3205944152832, 39.291282836914064, 39.231022302246096, 39.22563540039062, 39.24015767211914, 39.25562676391601, 39.27540694580078, 39.29333506469727, 39.312556457519534, 39.330841772460936, 39.35196156616211, 39.37171669921875, 39.39053905029297, 39.410875396728514, 39.431305108642576, 39.45093965454102, 39.47153771972656, 39.489693646240234, 39.51233549194336, 39.53094016113281, 39.55096767578125, 39.57133829345703, 39.59031306152344]], "valid_losses": [[41.54004839477539, 41.514073095703125, 41.61727312011719, 41.54898203125, 41.55398489379883, 41.52520387573242, 41.50672573852539, 41.46693775024414, 41.491191833496096, 41.50601220703125, 41.50104588012695, 41.49306472778321, 41.47352821044922, 41.48401287841797, 41.470215338134764, 41.45225610961914, 41.434478631591794, 41.42684207763672, 41.40901844482422, 41.43412612304687, 41.418744580078126, 41.393398370361325, 41.33695600585938, 41.34016297607422, 41.32350277099609, 41.32099334716797, 41.29500754394531, 41.29576246948242, 41.27094020385742, 41.20136726074219, 41.21213296508789, 41.18023192749023, 41.12520959472656, 41.07949408569336, 41.071372924804685, 41.062304223632815, 41.08192889404297, 40.98228084106445, 40.930808923339846, 40.92365912475586, 40.887810388183595, 40.86651688232422, 40.81517763061523, 40.81502086791992, 40.7869521484375, 40.69185206298828, 40.69440972900391, 40.66176450195312, 40.60485610351562, 40.57890676269531, 40.55765622558594, 40.517375329589846, 40.46847219848633, 40.462298138427734, 40.42599605102539, 40.36165515136719, 40.366929260253904, 40.35782666015625, 40.28486781005859, 40.290495703125, 40.23763442993164, 40.21690142211914, 40.20495317993164, 40.152594940185544, 40.10453579711914, 40.097269458007816, 40.07189780883789, 40.03470653686524, 40.00591023559571, 39.94785565185547, 39.958592962646485, 39.93688729248047, 39.90766634521484, 39.88472158813477, 39.85990546875, 39.7866310546875, 39.802949365234376, 39.7773337097168, 39.726631713867185, 39.720685662841795, 39.686234356689454, 39.56302017822266, 39.57615029907227, 39.603398083496096, 39.628735412597656, 39.658371563720706, 39.67843016967773, 39.70479056396484, 39.72786757202149, 39.7552598449707, 39.76867243041992, 39.7956690246582, 39.816258624267576, 39.84240303344727, 39.86486473388672, 39.89127836914062, 39.91326441650391, 39.93390892333984, 39.96036563720703, 39.98144844360352, 40.00670667114258, 40.029896325683595]], "train_accs": [[5.89, 12.809999999999999, 17.5525, 22.0575, 26.224999999999998, 30.2025, 33.11, 36.015, 38.59, 40.8425, 43.1575, 44.865, 46.7025, 48.010000000000005, 49.57, 50.8775, 52.092499999999994, 53.4175, 54.2875, 55.605000000000004, 56.03, 57.342499999999994, 58.02, 58.9125, 59.3425, 60.1925, 60.695, 61.655, 61.9275, 62.627500000000005, 63.285000000000004, 63.839999999999996, 64.2525, 64.9725, 65.185, 65.55, 65.735, 66.235, 66.9525, 67.6125, 67.15, 68.1925, 68.82000000000001, 68.9425, 69.185, 69.5275, 69.92, 70.165, 70.2225, 70.67750000000001, 71.045, 71.1025, 71.4175, 71.5475, 71.935, 72.4375, 72.5425, 72.7975, 73.1125, 73.3175, 73.385, 73.7325, 73.79, 73.8625, 74.2625, 74.2325, 74.58749999999999, 74.65, 74.9075, 74.9875, 75.1925, 75.79, 75.52250000000001, 75.8425, 75.84, 75.86500000000001, 76.33, 76.3425, 76.495, 76.795, 76.56500000000001, 81.72500000000001, 84.46249999999999, 85.3, 86.0325, 86.205, 86.70750000000001, 87.0775, 87.4075, 87.6275, 87.6275, 88.2475, 88.3075, 88.31750000000001, 88.72, 88.77000000000001, 89.08749999999999, 88.8625, 89.3525, 89.47749999999999, 89.6725, 89.7925]], "valid_accs": [[7.140000000000001, 13.569999999999999, 14.549999999999999, 20.36, 23.830000000000002, 27.310000000000002, 30.3, 34.38, 35.85, 36.28, 38.32, 39.269999999999996, 41.55, 41.339999999999996, 42.66, 44.06, 45.269999999999996, 45.96, 47.39, 45.62, 46.85, 47.38, 49.32, 49.419999999999995, 49.419999999999995, 48.65, 49.830000000000005, 49.25, 49.57, 51.03, 50.660000000000004, 49.87, 52.03, 52.61, 51.9, 50.4, 49.64, 51.839999999999996, 52.89, 52.080000000000005, 52.72, 51.33, 53.52, 51.4, 51.6, 54.37, 52.410000000000004, 52.73, 54.14, 53.66, 53.879999999999995, 54.04, 54.13, 53.09, 54.010000000000005, 55.19, 52.21, 52.7, 54.010000000000005, 53.1, 53.339999999999996, 53.39, 52.28, 53.190000000000005, 54.510000000000005, 52.55, 52.82, 52.94, 54.39000000000001, 54.92, 53.620000000000005, 53.959999999999994, 54.14, 53.75, 53.31, 54.89000000000001, 53.879999999999995, 53.74, 55.300000000000004, 54.35, 54.169999999999995, 61.59, 61.73, 61.870000000000005, 61.75000000000001, 61.62, 61.57, 61.78, 61.660000000000004, 61.629999999999995, 62.27, 61.36000000000001, 62.029999999999994, 61.95, 62.419999999999995, 61.53999999999999, 61.63999999999999, 61.9, 62.050000000000004, 61.19, 61.8, 61.529999999999994]],