{"config": {"train_options": {"learning_rate": 0.005, "optimizer": "SGD", "batch_size": 128, "number_of_epochs": 300, "loss_parameters": {"temperature": 15, "distillation_type": "FILTER", "alpha": 0.5, "beta": 0.3}}}, "results": {"train_losses": [[2.865540767288208, 2.779913207244873, 2.725694931411743, 2.692186148071289, 2.6612395866394043, 2.6309936038970947, 2.605890052032471, 2.5872898036956786, 2.572259478378296, 2.5558107681274413, 2.540925272369385, 2.5272993801116943, 2.5130209144592284, 2.499971036529541, 2.4860868297576904, 2.4726463706970216, 2.462886149215698, 2.4511860492706297, 2.4373657707214353, 2.4266765731811524, 2.416960565185547, 2.4073457027435303, 2.3989159183502196, 2.3877353408813478, 2.3779835319519043, 2.3722492511749267, 2.3643615768432618, 2.3591218627929686, 2.3513988563537596, 2.346080950164795, 2.340004038238525, 2.333425007247925, 2.3290514274597167, 2.324951539993286, 2.3205725204467775, 2.3155496574401857, 2.3124117965698243, 2.3067637218475343, 2.302706615447998, 2.298420154571533, 2.295068734741211, 2.2892999126434326, 2.2877453647613524, 2.2833792125701904, 2.2808053165435793, 2.2774956798553467, 2.2753398319244384, 2.2717061542510986, 2.2687774223327635, 2.264508995819092, 2.262495711517334, 2.2624556549072268, 2.2589936088562013, 2.2555217662811278, 2.2513848320007326, 2.2502586097717283, 2.2492719261169434, 2.2457360038757326, 2.246226587677002, 2.2427936618804933, 2.2417876693725587, 2.237203546524048, 2.23589697227478, 2.235704250335693, 2.235209399795532, 2.2327357650756836, 2.2330644481658934, 2.2315388076782225, 2.2305288482666015, 2.227735661315918, 2.226861752319336, 2.2276219200134277, 2.2241025150299074, 2.223848558807373, 2.2254739410400393, 2.223335981750488, 2.2206168785095213]], "valid_losses": [[2.825017289352417, 2.7451914993286133, 2.70754997215271, 2.6777813873291016, 2.6465399311065676, 2.6231860221862795, 2.6002936393737794, 2.5830713230133058, 2.5712045532226564, 2.561239302444458, 2.5457334747314455, 2.5380904121398924, 2.517259678649902, 2.520821049499512, 2.5087170890808106, 2.496419205856323, 2.495499789047241, 2.492324945449829, 2.4899531555175782, 2.468148706817627, 2.462719874191284, 2.4486067993164062, 2.443300843811035, 2.4364044639587403, 2.4407397590637205, 2.4142864936828614, 2.426901443862915, 2.400606341171265, 2.403672201156616, 2.4351635597229, 2.402587138366699, 2.3916163913726805, 2.3957296745300294, 2.3849815643310546, 2.3813377449035644, 2.4017416564941407, 2.3692550701141357, 2.372532744598389, 2.3762815635681154, 2.3879655517578127, 2.3647009117126463, 2.357653151702881, 2.3584364570617677, 2.365042367935181, 2.3581692752838133, 2.362541396331787, 2.3592715881347655, 2.356972091293335, 2.3647203300476076, 2.3658645179748534, 2.3540373962402343, 2.354770058822632, 2.3543393756866453, 2.3670053829193116, 2.379792014694214, 2.3671961341857912, 2.3440831146240235, 2.367145853424072, 2.3536245510101317, 2.356866651916504, 2.354677579498291, 2.3659268203735353, 2.363510217666626, 2.3683282485961916, 2.36424091796875, 2.367339194869995, 2.366409449386597, 2.378164451599121, 2.3758009609222412, 2.391826041793823, 2.374615556716919, 2.3795808361053465, 2.383412621688843, 2.3895189918518067, 2.3805300415039063, 2.385281449127197, 2.386666675186157]], "train_accs": [[2.315, 5.255, 7.1425, 8.845, 10.147499999999999, 11.97, 13.155, 14.307500000000001, 15.232499999999998, 16.467499999999998, 17.45, 18.490000000000002, 19.2825, 20.485, 21.4125, 22.21, 23.015, 23.98, 24.665, 25.7325, 26.4575, 27.2775, 28.035, 28.947499999999998, 29.707499999999996, 30.5075, 30.912499999999998, 31.485000000000003, 32.46, 33.082499999999996, 33.58, 34.425, 35.04, 35.5325, 36.1775, 36.82, 37.419999999999995, 37.762499999999996, 38.475, 38.9775, 39.542500000000004, 40.3825, 40.4475, 41.13, 41.707499999999996, 42.2425, 42.4925, 43.24, 43.5925, 44.47, 44.4825, 45.24, 45.447500000000005, 45.934999999999995, 47.05, 47.3, 47.58, 48.0725, 48.4225, 48.9475, 49.017500000000005, 49.8375, 50.275000000000006, 50.5025, 50.705, 51.3275, 51.707499999999996, 51.947500000000005, 52.4775, 52.925, 53.4875, 53.54750000000001, 54.005, 54.32749999999999, 54.4325, 54.63, 55.4575]], "valid_accs": [[4.07, 6.710000000000001, 8.24, 9.47, 10.9, 12.41, 13.74, 14.92, 15.479999999999999, 16.520000000000003, 17.49, 18.38, 19.36, 19.66, 20.24, 21.19, 21.64, 22.439999999999998, 22.96, 24.610000000000003, 25.21, 26.11, 26.419999999999998, 27.01, 27.11, 28.689999999999998, 28.749999999999996, 30.740000000000002, 30.25, 29.439999999999998, 30.64, 32.14, 32.73, 33.160000000000004, 34.19, 33.33, 35.38, 35.64, 35.67, 35.21, 36.44, 37.44, 37.56, 37.56, 37.830000000000005, 38.7, 39.07, 39.24, 39.129999999999995, 39.36, 40.52, 40.75, 40.96, 40.35, 40.52, 41.47, 42.730000000000004, 41.99, 42.63, 42.91, 43.53, 43.36, 43.3, 43.059999999999995, 44.14, 44.26, 44.2, 44.080000000000005, 43.8, 43.78, 45.03, 45.17, 45.01, 45.190000000000005, 45.1, 46.45, 45.800000000000004]], "train_times": [[122.08842277526855, 122.91039752960205, 121.91945743560791, 122.48521280288696, 122.65264296531677, 121.345050573349, 122.8358039855957, 121.8059732913971, 122.64952874183655, 123.19026756286621, 121.46281957626343, 122.72541856765747, 123.20841360092163, 123.56090998649597, 121.85698509216309, 121.2339608669281, 122.49842596054077, 122.1418149471283, 121.76753544807434, 122.26436614990234, 121.678231716156, 122.81155848503113, 121.93822908401489, 123.16066074371338, 122.22952580451965, 122.60536932945251, 122.35040545463562, 122.17628908157349, 121.0863025188446, 121.93774271011353, 123.1858479976654, 122.81986689567566, 123.18441104888916, 121.84365200996399, 122.21525621414185, 121.94962787628174, 122.73140263557434, 121.33005619049072, 121.05384182929993, 121.425457239151, 121.16186261177063, 122.86293959617615, 120.87038826942444, 121.28990125656128, 121.60074996948242, 122.1797411441803, 123.51019477844238, 122.0574882030487, 121.35220289230347, 123.21440029144287, 121.42732405662537, 122.61389708518982, 121.80311441421509, 121.59562754631042, 121.5040328502655, 122.80879330635071, 121.88329911231995, 122.56952095031738, 122.0322015285492, 121.57307124137878, 122.43535900115967, 122.97801303863525, 123.33595490455627, 121.82599806785583, 121.23947763442993, 122.24782419204712, 122.31463980674744, 122.26778221130371, 122.18829298019409, 122.66184711456299, 122.91870355606079, 121.91506791114807, 122.13824105262756, 121.86523032188416, 122.05977416038513, 122.44996738433838, 121.24695944786072]],