{"config": {"train_options": {"learning_rate": 0.05, "optimizer": "SGD", "batch_size": 128, "number_of_epochs": 300, "loss_parameters": {"temperature": 5, "distillation_type": "FILTER", "alpha": 0.3, "beta": 0.9}}}, "results": {"train_losses": [[8.985096173095704, 9.132466030883789, 9.280404437255859, 9.425944363403321, 9.568099172973632, 9.70468433380127, 9.835049938964843, 9.959995568847656, 10.07880031890869, 10.191730039978028, 10.299458653259277, 10.402260263061523, 10.501516874694824, 10.596674151611328, 10.688173260498047, 10.775735720825196, 10.86015474395752, 10.94073207397461, 11.019260807800293, 11.094282560729981, 11.16618962097168]], "valid_losses": [[9.059893266296386, 9.209894470214843, 9.355298970031738, 9.499937701416016, 9.640250518798828, 9.774475015258789, 9.90332265777588, 10.026495819091798, 10.145141017150879, 10.255565757751464, 10.360041995239257, 10.461464611816407, 10.55972613067627, 10.655502740478516, 10.744135401916504, 10.831314872741698, 10.909749923706055, 10.99408510131836, 11.071820233154297, 11.14362121887207, 11.216018034362794]], "train_accs": [[2.935, 6.744999999999999, 10.255, 12.345, 14.307500000000001, 16.2675, 18.0425, 19.73, 21.4775, 23.0875, 24.6925, 26.245, 27.99, 29.494999999999997, 31.09, 32.7175, 34.0975, 35.4925, 36.817499999999995, 37.8425, 39.385]], "valid_accs": [[5.09, 8.110000000000001, 11.09, 13.0, 14.860000000000001, 16.12, 17.59, 19.15, 19.99, 21.46, 23.01, 24.48, 25.88, 26.61, 28.439999999999998, 29.67, 32.01, 32.22, 32.32, 34.489999999999995, 35.260000000000005]], "train_times": [[123.9469108581543, 124.47058343887329, 124.97783160209656, 123.58973002433777, 126.39338874816895, 124.21817445755005, 124.32243752479553, 124.28536128997803, 124.16986727714539, 124.18718647956848, 125.98864698410034, 124.48639392852783, 125.37918424606323, 124.70701599121094, 124.64313745498657, 124.0385000705719, 125.0803611278534, 124.42469453811646, 125.44890832901001, 124.6903555393219, 126.11264443397522]], "valid_times": [[23.77223825454712, 24.84282350540161, 23.894344329833984, 23.909374475479126, 23.725932359695435, 24.015518188476562, 24.043329000473022, 23.971400022506714, 24.19767951965332, 24.082822561264038, 24.0494327545166, 24.009238958358765, 23.79091453552246, 23.854673624038696, 23.99167799949646, 24.199077129364014, 23.866042613983154, 24.01708149909973, 23.822174549102783, 24.12581157684326, 23.941638231277466]], "test_accuracy": 35.63, "convergence_iteration": 21}}