{"config": {"train_options": {"learning_rate": 0.005, "optimizer": "SGD", "batch_size": 128, "number_of_epochs": 300, "loss_parameters": {"temperature": 10, "distillation_type": "FILTER", "alpha": 0.6, "beta": 0.7}}}, "results": {"train_losses": [[6.535873555755615, 6.532456508636475, 6.537158728790283, 6.541400572967529, 6.546518180847168, 6.552568698883056, 6.558781832122802, 6.565756438446045, 6.573003269958496, 6.579998432159424, 6.587765027618408, 6.595819702148438, 6.603375975799561, 6.611489997863769, 6.61929527130127, 6.628344845581054, 6.636763376617432, 6.64563479385376, 6.654964854431152, 6.664235929870605, 6.673922919464111]], "valid_losses": [[6.530870797729492, 6.534426844787598, 6.539036383056641, 6.543251483154297, 6.5493629318237305, 6.555051790618896, 6.561818850708008, 6.569310451507568, 6.576720087432862, 6.58477760925293, 6.593387843322754, 6.600500316619873, 6.609724346160888, 6.61631243057251, 6.625666189575195, 6.634927709197998, 6.643744929504394, 6.652997339630127, 6.6632058082580565, 6.6720997413635255, 6.681813722991944]], "train_accs": [[1.41, 2.585, 3.3924999999999996, 3.875, 4.8125, 5.485, 6.4875, 7.32, 8.085, 8.94, 9.58, 10.362499999999999, 11.082500000000001, 11.695, 12.3025, 12.78, 13.447500000000002, 14.022499999999999, 14.555000000000001, 15.1175, 15.5475]], "valid_accs": [[1.95, 3.38, 4.21, 5.1, 5.64, 6.819999999999999, 7.55, 8.35, 8.98, 9.89, 10.65, 10.95, 11.57, 12.04, 12.97, 13.15, 13.489999999999998, 14.299999999999999, 14.680000000000001, 15.659999999999998, 15.78]], "train_times": [[122.77473592758179, 125.12079286575317, 123.28644752502441, 123.87494659423828, 123.55478620529175, 124.50901508331299, 123.91328072547913, 123.68888115882874, 123.44004392623901, 124.36533331871033, 123.05889821052551, 123.67530179023743, 124.27004599571228, 122.55441999435425, 125.00707983970642, 123.05437898635864, 124.92695593833923, 122.92775082588196, 124.14016366004944, 122.3994550704956, 123.35019493103027]], "valid_times": [[23.523957014083862, 23.437476634979248, 23.544299602508545, 23.848450422286987, 24.057389974594116, 23.531664609909058, 23.535417556762695, 23.837958097457886, 23.60660195350647, 23.505069494247437, 24.721558332443237, 23.497641563415527, 24.0689857006073, 23.418498754501343, 23.905972957611084, 23.456704139709473, 23.512256383895874, 23.887928009033203, 24.142898082733154, 23.83707857131958, 24.07452940940857]], "test_accuracy": 16.2, "convergence_iteration": 21}}