{"config": {"train_options": {"learning_rate": 0.05, "optimizer": "SGD", "batch_size": 128, "number_of_epochs": 300, "loss_parameters": {"temperature": 15, "distillation_type": "FILTER", "alpha": 0.6, "beta": 0.1}}}, "results": {"train_losses": [[7.200285266876221, 7.057340406036377, 6.974822819519043, 6.891901983642578, 6.819811031341553, 6.761455300903321, 6.7124641983032225, 6.669522518157959, 6.632126320648194, 6.601189640045166, 6.568330609130859, 6.541539942932129, 6.517883915710449, 6.495882636260986, 6.475591672515869, 6.4564467033386235, 6.438110182189941, 6.418292683410645, 6.405148249053955, 6.386854518127441, 6.370433155059814, 6.357736759185791, 6.34107152709961, 6.325303758239746, 6.312872340393066, 6.2981163604736325, 6.282454421997071, 6.2719008972167964, 6.258468737792969, 6.244821813964844, 6.22945830078125, 6.217250540161133, 6.201519989013672, 6.1904027450561525, 6.177492274475098, 6.163603993225098, 6.1519052604675295, 6.1396948348999025, 6.126523950195312, 6.1144451225280765, 6.1031929260253905, 6.090799562072754, 6.077026278686524, 6.065398952484131, 6.053350412750244, 6.041990707397461, 6.028574362182617, 6.019867654418945, 6.007035986328125, 5.9954200317382815, 5.986756222534179, 5.973645658111573, 5.961560551452637, 5.951947277069092, 5.941047238922119, 5.932271078491211, 5.9216668258667, 5.909546827697754, 5.9006321975708005, 5.889282019805909, 5.8788946243286135, 5.87196157913208, 5.861826977539063, 5.853051083374023, 5.845528884887695, 5.835302127075195, 5.8235221824645995, 5.818582131958008, 5.807248064422607, 5.798366502380371, 5.79053459777832, 5.782493267822265, 5.774846408081054, 5.766600267028808, 5.755464538574219, 5.747826751708985, 5.74233505859375, 5.73491110458374, 5.725818222045898, 5.718767113494873, 5.711836109924317, 5.655301574707031, 5.627905923461914, 5.622884971618652, 5.621301374816895, 5.622110134887695, 5.622122164916992, 5.623059578704834, 5.624482041168213, 5.626895263671875, 5.628898286437988, 5.630153171539306, 5.633572814178467, 5.637011048126221, 5.639037902832031, 5.642023634338379, 5.64333472366333, 5.646844509887695, 5.64990051651001, 5.653415573120117, 5.655347080993653, 5.6584981872558595, 5.661317194366455]], "valid_losses": [[7.100855870819092, 7.022262769317627, 6.971414485168457, 6.896135778808594, 6.839876877593994, 6.800442031097412, 6.807159162139892, 6.722989205169678, 6.748369662475586, 6.69576252822876, 6.644358586883545, 6.614029711914062, 6.6080158203125, 6.561908615875244, 6.590013752746582, 6.594068467712402, 6.543403680419922, 6.562377009582519, 6.576080685424805, 6.539794798278809, 6.531360227966308, 6.533245175933838, 6.521529390716553, 6.625933773040772, 6.57650415649414, 6.479091928863525, 6.492792295074463, 6.502400727081299, 6.523544258117676, 6.454775003051758, 6.477259799194336, 6.520513868713379, 6.430442810821533, 6.516082734680176, 6.468243236541748, 6.4506626808166505, 6.481822325897217, 6.472932083892823, 6.446099625396728, 6.465766570281982, 6.446723085021973, 6.421070698547363, 6.38826831741333, 6.444242678070069, 6.460330303955078, 6.3894765678405765, 6.416749021911621, 6.367029788208008, 6.345055505371094, 6.3699491065979, 6.395255348205566, 6.3385240119934085, 6.311121646881103, 6.307683519744873, 6.31984217376709, 6.307620092773438, 6.292238985443115, 6.329782997894287, 6.331460045623779, 6.3078244812011715, 6.379340985870361, 6.287364260101318, 6.3646204360961915, 6.39350952835083, 6.323993072509766, 6.306820407104492, 6.350466835021972, 6.22284626159668, 6.212080312347412, 6.36771396484375, 6.248263302612305, 6.223658848571778, 6.249152933502197, 6.202362530517578, 6.240707162475586, 6.142966151428222, 6.203475418090821, 6.211475592041015, 6.179873460388183, 6.1788752693176265, 6.122621725463867, 5.989719764709473, 5.987884952545166, 5.990341386413574, 6.000284719848633, 6.0028516250610355, 6.012285726928711, 6.017558898925781, 6.026703900146484, 6.0323923919677735, 6.033977895355225, 6.049517175292968, 6.047948931884766, 6.055824069213867, 6.063665487670899, 6.069891876220703, 6.0769405349731445, 6.085016149902343, 6.090699659729004, 6.095231282806396, 6.099190271759033, 6.10390880279541, 6.112857490539551]], "train_accs": [[6.254999999999999, 12.53, 17.4675, 22.3375, 26.99, 30.4025, 33.6, 36.7, 39.065, 41.155, 43.68, 45.4075, 46.910000000000004, 48.635, 50.1425, 51.127500000000005, 52.544999999999995, 53.790000000000006, 54.574999999999996, 55.7825, 56.910000000000004, 57.615, 58.6925, 59.3275, 59.9125, 60.79750000000001, 61.67, 61.982499999999995, 62.760000000000005, 63.135, 63.8425, 64.21, 64.9, 65.27, 65.545, 66.2025, 66.44250000000001, 66.985, 67.2875, 67.805, 68.31, 68.3525, 69.055, 69.1925, 69.6375, 69.9125, 70.205, 70.3475, 70.78750000000001, 70.91499999999999, 71.10499999999999, 71.57249999999999, 71.89999999999999, 72.16749999999999, 72.405, 72.7325, 72.8925, 73.2375, 73.4975, 73.6625, 73.85000000000001, 73.98, 74.3375, 74.1775, 74.30499999999999, 74.7175, 74.935, 74.7325, 75.4425, 75.375, 75.58749999999999, 75.735, 75.57000000000001, 75.925, 76.3625, 76.63, 76.5975, 76.7075, 76.655, 76.8675, 77.05, 81.94, 84.9225, 85.84, 86.3425, 86.6025, 87.195, 87.4325, 88.095, 87.79, 88.185, 88.56, 88.78, 88.6875, 89.045, 89.2475, 89.5625, 89.545, 89.5525, 89.655, 89.8625, 90.14, 90.2275]], "valid_accs": [[10.14, 15.18, 18.310000000000002, 22.97, 26.25, 28.84, 29.18, 34.57, 33.23, 36.61, 39.58, 41.57, 42.28, 45.5, 43.79, 44.87, 47.15, 46.03, 46.050000000000004, 47.42, 47.97, 47.73, 48.47, 43.19, 45.86, 50.81, 49.69, 48.97, 46.89, 50.91, 49.33, 46.83, 51.53, 48.04, 49.65, 49.480000000000004, 48.29, 48.28, 49.99, 47.97, 49.3, 50.23, 51.470000000000006, 48.5, 47.06, 50.470000000000006, 49.66, 51.15, 52.339999999999996, 50.949999999999996, 49.5, 51.71, 52.55, 51.349999999999994, 52.16, 50.970000000000006, 51.949999999999996, 51.019999999999996, 49.419999999999995, 50.3, 49.11, 51.470000000000006, 47.81, 46.660000000000004, 49.18, 49.97, 47.589999999999996, 52.410000000000004, 52.6, 46.18, 50.92, 51.82, 50.57000000000001, 51.76, 50.57000000000001, 53.92, 51.959999999999994, 51.559999999999995, 52.300000000000004, 51.470000000000006, 53.839999999999996, 61.1, 61.870000000000005, 61.980000000000004, 61.68, 62.27, 61.870000000000005, 62.2, 61.94, 62.09, 61.88, 61.82, 61.89, 62.050000000000004, 61.870000000000005, 61.86000000000001, 61.69, 61.6, 61.82, 62.38, 62.07, 62.44, 61.95]],