{"config": {"train_options": {"learning_rate": 0.005, "optimizer": "SGD", "batch_size": 128, "number_of_epochs": 300, "loss_parameters": {"temperature": 5, "distillation_type": "FILTER", "alpha": 0.8, "beta": 0.5}}}, "results": {"train_losses": [[39.9504501586914, 39.95449584960937, 39.97047541503906, 39.98642142944336, 40.002212829589844, 40.018552661132816, 40.035299438476564, 40.04832548217774, 40.06117147216797, 40.07645678100586, 40.09263008422852, 40.108338256835935, 40.126000280761716, 40.142287286376956, 40.15902813110352, 40.176155230712894, 40.194836297607424, 40.21048931884766, 40.227673992919925, 40.24576577758789, 40.26218099365234]], "valid_losses": [[39.95304354248047, 39.96770592651367, 39.984055157470706, 39.999823889160155, 40.0174840637207, 40.02905705566406, 40.046617657470705, 40.05981715698242, 40.07494880981445, 40.08957233276367, 40.10738482666016, 40.12307028198242, 40.137982202148436, 40.154764263916014, 40.17380142211914, 40.18949088745117, 40.211271783447266, 40.225331311035156, 40.24540383300781, 40.26186334228515, 40.27974195556641]], "train_accs": [[1.4525, 2.365, 3.0949999999999998, 4.237500000000001, 4.8, 5.3925, 6.0, 7.01, 7.517500000000001, 8.157499999999999, 8.85, 9.457500000000001, 9.86, 10.4975, 10.81, 11.21, 11.7075, 12.1875, 12.504999999999999, 12.907499999999999, 13.184999999999999]], "valid_accs": [[2.11, 2.78, 3.61, 4.34, 5.07, 5.53, 6.34, 7.16, 7.88, 8.37, 8.94, 9.48, 9.969999999999999, 10.18, 10.82, 11.16, 11.540000000000001, 12.01, 12.15, 12.8, 12.98]], "train_times": [[196.81734919548035, 197.13551783561707, 197.82825374603271, 194.2974889278412, 197.48786282539368, 193.99033737182617, 194.33701467514038, 193.70260906219482, 201.5577747821808, 205.25315809249878, 202.42839670181274, 206.1640498638153, 208.67945051193237, 206.80058765411377, 207.37931108474731, 205.4863531589508, 201.83435106277466, 205.92489218711853, 206.72026824951172, 202.0586657524109, 201.27707481384277]], "valid_times": [[46.25079584121704, 45.8553831577301, 45.76222085952759, 46.35636305809021, 45.89615273475647, 46.51528978347778, 45.93334698677063, 45.88318347930908, 49.040576696395874, 46.82112717628479, 48.77174401283264, 49.685954570770264, 48.75882697105408, 49.605783462524414, 48.095356464385986, 47.731741189956665, 48.4141731262207, 48.24039006233215, 46.602745056152344, 47.67315125465393, 46.793893337249756]], "test_accuracy": 13.94, "convergence_iteration": 21}}