{"config": {"train_options": {"learning_rate": 0.05, "optimizer": "SGD", "batch_size": 128, "number_of_epochs": 300, "loss_parameters": {"temperature": 10, "distillation_type": "FILTER", "alpha": 0.2, "beta": 0.4}}}, "results": {"train_losses": [[34.05085912475586, 33.87558734741211, 33.78003578491211, 33.68056049194336, 33.569630151367186, 33.46717230834961, 33.36752039794922, 33.27576279296875, 33.19059660644531, 33.10754804077148, 33.02497891845703, 32.949759771728516, 32.87742161865234, 32.80390028076172, 32.73541176147461, 32.66984041748047, 32.600259466552735, 32.5381671875, 32.47334067993164, 32.40747550048828, 32.34531870117188, 32.28211501464844, 32.22221924438477, 32.15445108947754, 32.087196536254886, 32.02182460327148, 31.958861544799806, 31.89151545715332, 31.831395123291017, 31.768295434570312, 31.700418533325195, 31.640156649780273, 31.577095388793946, 31.5127598236084, 31.447197018432618, 31.38252876586914, 31.32043353881836, 31.259347647094728, 31.195471994018554, 31.132973223876952, 31.07118497619629, 31.013501892089845, 30.953825888061523, 30.890945697021483, 30.83653720703125, 30.777009115600585, 30.715548706054687, 30.65663727416992, 30.597393106079103, 30.538735656738282, 30.486721575927735, 30.424419094848634, 30.373523178100587, 30.318577908325196, 30.269425799560548, 30.21487897338867, 30.158857775878907, 30.105834564208983, 30.050755895996094, 30.000678518676757, 29.950499032592774, 29.901770779418946, 29.85784761657715, 29.80635941772461, 29.75806549987793, 29.713299908447265, 29.668514514160155, 29.620926287841797, 29.57282035217285, 29.528537075805666, 29.488181826782228, 29.444145132446288, 29.399436166381836, 29.362565814208985, 29.32695924682617, 29.28528907470703, 29.247934039306642, 29.20007041015625, 29.155330853271483, 29.116588958740234, 29.0785983001709, 28.997620391845704, 28.987321130371093, 29.003433615112304, 29.02135005493164, 29.04145559692383, 29.06224856262207, 29.085658990478514, 29.10848581237793, 29.131161526489258, 29.156645541381835, 29.177249310302734, 29.200598248291016, 29.224431805419922, 29.249093328857423, 29.271915954589844, 29.294757666015624, 29.32006241455078, 29.34139556274414, 29.36438659057617, 29.387020657348632, 29.412179257202148]], "valid_losses": [[33.949359338378905, 33.88668311157227, 33.78282607421875, 33.71988141479492, 33.648714874267576, 33.48246168212891, 33.46300465087891, 33.332213909912106, 33.275232537841795, 33.18418795166016, 33.142389617919925, 33.06314650268555, 33.01658519287109, 32.994577423095706, 32.883672692871095, 32.90865803833008, 32.82552951049804, 32.766708123779296, 32.652366882324216, 32.619211157226566, 32.552020593261716, 32.55630111694336, 32.48962473144531, 32.38107012329102, 32.383410290527344, 32.27681907348633, 32.22330159301758, 32.158514364624025, 32.09967357788086, 32.00604874267578, 32.03460215148926, 31.946835302734375, 31.85334016723633, 31.884057876586915, 31.731323828125, 31.69157388000488, 31.62104197998047, 31.610741662597658, 31.526188858032228, 31.487177676391603, 31.40544546508789, 31.38438324584961, 31.369561831665038, 31.32270488586426, 31.23380827636719, 31.166489617919922, 31.12327498474121, 31.068573037719727, 31.002420474243163, 30.98491202697754, 30.911881549072266, 30.924021942138673, 30.770703546142578, 30.78260090332031, 30.678116137695312, 30.701384271240233, 30.568929077148436, 30.525805529785156, 30.480578283691408, 30.452212927246094, 30.412836846923827, 30.372314920043944, 30.31693942871094, 30.30045913696289, 30.298528506469726, 30.24204194030762, 30.210704833984376, 30.106211450195314, 30.029235171508788, 30.063922064208985, 30.047645751953127, 29.998778399658203, 29.909676446533204, 29.842821212768555, 29.879761807250976, 29.817401446533204, 29.766300408935546, 29.756720233154297, 29.741976541137696, 29.688259768676758, 29.588242303466796, 29.462088757324217, 29.484203869628907, 29.514877224731446, 29.538414486694336, 29.57491477661133, 29.60168063659668, 29.63092053527832, 29.658721194458007, 29.69559732055664, 29.714606475830077, 29.74958292236328, 29.778595428466797, 29.80625845336914, 29.835494903564452, 29.865778121948242, 29.893681326293944, 29.923422482299806, 29.943851181030272, 29.971986447143554, 29.99802749633789, 30.022977774047853]], "train_accs": [[6.08, 13.0125, 18.43, 22.814999999999998, 27.1975, 31.0925, 34.455000000000005, 37.185, 40.095, 42.475, 44.75, 46.7025, 48.125, 49.78, 51.26500000000001, 52.4875, 53.97, 55.005, 55.98, 57.464999999999996, 58.06249999999999, 59.0825, 59.3275, 60.4325, 61.12499999999999, 61.44500000000001, 62.502500000000005, 63.0525, 64.03750000000001, 63.997499999999995, 64.8825, 65.1675, 65.35499999999999, 65.86, 66.2, 67.07499999999999, 67.415, 67.6925, 68.13749999999999, 68.7375, 69.285, 69.2625, 69.935, 70.0475, 70.1925, 70.765, 70.93, 70.785, 71.6275, 71.7, 71.71, 72.21, 72.64, 72.86500000000001, 72.71, 73.2, 73.24249999999999, 73.315, 73.83, 74.005, 74.045, 74.7325, 74.5275, 74.7425, 75.22, 75.19500000000001, 75.13, 75.51, 75.705, 75.91250000000001, 75.825, 75.89, 76.40249999999999, 76.7, 76.7475, 76.7425, 76.5275, 76.79249999999999, 76.9225, 77.2925, 77.3625, 82.5625, 85.35249999999999, 85.725, 86.44500000000001, 87.07000000000001, 87.395, 87.665, 87.97749999999999, 88.3725, 88.175, 88.63499999999999, 89.0275, 89.2475, 89.2475, 89.3475, 89.6725, 89.47500000000001, 89.995, 90.0025, 90.14999999999999, 90.2525]], "valid_accs": [[10.01, 14.01, 18.9, 22.61, 25.119999999999997, 30.580000000000002, 30.86, 35.32, 36.63, 38.16, 39.75, 41.99, 41.86, 42.39, 45.11, 43.45, 44.5, 45.64, 48.43, 47.870000000000005, 49.18, 47.55, 48.85, 49.919999999999995, 48.65, 50.870000000000005, 50.94, 50.14999999999999, 51.29, 52.88, 50.77, 51.67, 52.669999999999995, 50.56, 53.480000000000004, 53.94, 53.87, 52.769999999999996, 53.949999999999996, 52.89, 53.74, 54.24, 52.05, 52.5, 52.82, 54.16, 53.43, 53.669999999999995, 54.96, 53.14, 54.42, 52.78, 55.1, 54.56999999999999, 55.620000000000005, 53.169999999999995, 55.300000000000004, 55.57, 55.26, 54.22, 54.620000000000005, 55.22, 55.55, 54.49, 53.63, 54.059999999999995, 53.55, 54.56999999999999, 56.620000000000005, 54.269999999999996, 53.1, 54.35, 55.74, 55.669999999999995, 54.65, 54.82, 55.620000000000005, 54.06999999999999, 54.290000000000006, 53.87, 55.93, 62.370000000000005, 62.81, 62.67, 62.580000000000005, 62.53999999999999, 63.01, 62.849999999999994, 63.190000000000005, 62.99, 63.1, 62.56, 62.35000000000001, 62.94, 62.239999999999995, 62.44, 62.72, 62.49, 62.970000000000006, 62.86000000000001, 62.839999999999996, 62.57]],