{"config": {"train_options": {"learning_rate": 0.005, "optimizer": "SGD", "batch_size": 128, "number_of_epochs": 300, "loss_parameters": {"temperature": 20, "distillation_type": "FILTER", "alpha": 0.9, "beta": 0.3}}}, "results": {"train_losses": [[21.842231631469726, 21.844132125854493, 21.853556796264648, 21.863674826049806, 21.874070303344727, 21.88470294189453, 21.89525880126953, 21.905885345458984, 21.916274581909178, 21.92635860595703, 21.936202893066405, 21.945799752807616, 21.95558811340332, 21.96574183959961, 21.975811056518555, 21.98614300842285, 21.996487417602538, 22.007009317016603, 22.01736104736328, 22.02772053527832, 22.038012084960936]], "valid_losses": [[21.840172833251952, 21.84836484375, 21.85833628540039, 21.86881251525879, 21.87922155761719, 21.88974164428711, 21.900530297851564, 21.91093499145508, 21.921297161865233, 21.93104906616211, 21.94096809387207, 21.95030541381836, 21.959964230346678, 21.970078353881835, 21.98027699584961, 21.990569024658203, 22.001269873046876, 22.011348156738283, 22.022077670288088, 22.03213928527832, 22.042548406982423]], "train_accs": [[1.9324999999999999, 2.4575, 3.02, 3.7725, 4.2475, 4.5875, 5.1049999999999995, 5.52, 5.9475, 6.1225000000000005, 6.39, 6.9775, 7.2725, 7.7225, 8.1225, 8.4025, 8.7625, 9.07, 9.5175, 9.74, 10.125]], "valid_accs": [[2.41, 2.55, 3.27, 3.94, 4.390000000000001, 4.96, 5.36, 6.09, 6.61, 6.77, 7.340000000000001, 7.37, 7.670000000000001, 8.09, 8.53, 8.73, 9.31, 9.86, 9.65, 10.13, 10.23]], "train_times": [[448.3734519481659, 391.2210614681244, 410.4174180030823, 422.914400100708, 460.21906447410583, 461.1062738895416, 423.13962507247925, 425.1866412162781, 426.4103879928589, 431.9530279636383, 429.7281403541565, 467.70400881767273, 453.95186614990234, 426.33428049087524, 404.73174691200256, 409.168105840683, 437.0473380088806, 474.2000906467438, 450.63968682289124, 403.49688744544983, 428.3948106765747]], "valid_times": [[106.78474950790405, 120.287348985672, 105.51148557662964, 107.02338433265686, 74.79501724243164, 104.95556426048279, 105.98184728622437, 107.60702562332153, 108.95843648910522, 113.22144627571106, 92.0235104560852, 81.91387295722961, 106.55408525466919, 106.81032514572144, 122.35035443305969, 106.39819359779358, 95.53752851486206, 72.24742126464844, 118.98406863212585, 105.67822909355164, 107.08770895004272]], "test_accuracy": 10.16, "convergence_iteration": 21}}