{"config": {"train_options": {"learning_rate": 0.05, "optimizer": "SGD", "batch_size": 128, "number_of_epochs": 300, "loss_parameters": {"temperature": 10, "distillation_type": "FILTER", "alpha": 0.8, "beta": 0.4}}}, "results": {"train_losses": [[31.026190884399416, 31.134563763427735, 31.25790698852539, 31.380441552734375, 31.497635653686523, 31.60764421081543, 31.71063196411133, 31.809164828491213, 31.90281014404297, 31.99459395751953, 32.08068823852539, 32.165107336425784, 32.24512565307617, 32.32114566650391, 32.39353477172852, 32.46427176513672, 32.53080997314453, 32.596071545410155, 32.65632509765625, 32.71657791748047, 32.773656494140624]], "valid_losses": [[31.07621526489258, 31.197322589111327, 31.323298818969725, 31.463457971191406, 31.578518325805664, 31.6695021484375, 31.772479190063475, 31.866491848754883, 31.96510331726074, 32.05981799926758, 32.15787827148438, 32.23141323242187, 32.31947011108399, 32.382168499755856, 32.45529898681641, 32.52313881225586, 32.59730610961914, 32.661826501464844, 32.71144462280274, 32.7817734375, 32.83042568359375]], "train_accs": [[4.3999999999999995, 9.3725, 12.629999999999999, 15.024999999999999, 17.495, 20.322499999999998, 22.88, 25.107499999999998, 27.5775, 29.720000000000002, 31.874999999999996, 33.3725, 35.335, 37.2225, 38.9075, 40.3675, 41.7375, 42.7975, 44.335, 45.769999999999996, 46.835]], "valid_accs": [[7.16, 10.9, 13.96, 13.719999999999999, 15.690000000000001, 19.86, 22.39, 25.009999999999998, 26.33, 28.08, 27.889999999999997, 30.990000000000002, 30.459999999999997, 34.08, 35.13, 36.76, 36.97, 37.8, 41.17, 40.1, 42.33]], "train_times": [[48.46012020111084, 48.950475215911865, 48.82006764411926, 48.51603555679321, 49.09310960769653, 49.020851373672485, 48.75912666320801, 48.125571727752686, 47.94604444503784, 47.18301200866699, 47.18700909614563, 47.33900046348572, 48.03307318687439, 48.63565707206726, 49.5122184753418, 48.62212800979614, 49.05138564109802, 49.160003423690796, 49.10332632064819, 48.123679876327515, 48.08616518974304]], "valid_times": [[9.76556921005249, 9.71500039100647, 9.560001134872437, 9.65300989151001, 9.618289709091187, 9.63800048828125, 9.701533317565918, 9.452554702758789, 9.280999422073364, 9.41100025177002, 9.339999675750732, 9.326999425888062, 9.455041885375977, 9.754969120025635, 9.688857793807983, 9.829304695129395, 9.684518814086914, 9.687108278274536, 9.513002395629883, 9.509057760238647, 9.480767726898193]], "test_accuracy": 42.72, "convergence_iteration": 21}}