{"config": {"train_options": {"learning_rate": 0.005, "optimizer": "SGD", "batch_size": 128, "number_of_epochs": 300, "loss_parameters": {"temperature": 5, "distillation_type": "FILTER", "alpha": 0.6, "beta": 0.6}}}, "results": {"train_losses": [[5.752984790039062, 5.743034606170654, 5.734457295989991, 5.727480850982666, 5.7257305480957035, 5.725231453704834, 5.727731786346435, 5.731671363830566, 5.737184461975097, 5.7421317962646485, 5.747357270812988, 5.752649415588379, 5.757337022399902, 5.762816281890869, 5.768279511260986, 5.772828807067871, 5.779962437438964, 5.7853734642028805, 5.792709777832031, 5.800010799407959, 5.807403664398193, 5.81411943283081, 5.820907913208008, 5.82755216140747]], "valid_losses": [[5.744295426177978, 5.740000076293946, 5.732868984222412, 5.727665193939209, 5.728676023864746, 5.730261444091797, 5.734931509399414, 5.737778900146484, 5.741246116638184, 5.748538822174072, 5.749671971130371, 5.755577116394043, 5.7604037902832035, 5.767283675384522, 5.771976767730713, 5.778258406829834, 5.78557507019043, 5.791245056152344, 5.79997564163208, 5.806393770599366, 5.8113905044555665, 5.822639340209961, 5.830416938781738, 5.834615704345703]], "train_accs": [[1.5225, 3.16, 4.5975, 5.6325, 6.522500000000001, 7.3725, 8.285, 8.955, 9.629999999999999, 10.0775, 10.6, 11.477500000000001, 11.975, 12.825000000000001, 13.19, 13.8, 14.355, 14.945, 15.310000000000002, 15.7925, 16.125, 16.59, 16.99, 17.57]], "valid_accs": [[2.16, 3.58, 5.2299999999999995, 5.970000000000001, 6.77, 7.9399999999999995, 8.63, 9.34, 10.290000000000001, 10.86, 11.26, 11.85, 12.6, 12.870000000000001, 13.719999999999999, 14.32, 14.879999999999999, 15.160000000000002, 15.85, 16.21, 16.25, 16.6, 16.89, 17.86]], "train_times": [[123.87191653251648, 123.82373690605164, 122.90877747535706, 124.39250636100769, 122.51360845565796, 123.40110945701599, 122.01237678527832, 123.31842732429504, 123.11862206459045, 122.67450881004333, 122.69579362869263, 122.47720623016357, 124.24311447143555, 121.99392747879028, 123.65080785751343, 121.80112886428833, 123.0490984916687, 122.89452123641968, 122.87773251533508, 124.43740916252136, 124.5481584072113, 122.80556917190552, 123.67617869377136, 121.73179054260254]], "valid_times": [[23.545113563537598, 23.46547031402588, 24.061802625656128, 23.362058877944946, 23.971834659576416, 23.688721418380737, 23.79472303390503, 24.20891571044922, 25.381261587142944, 23.53481960296631, 24.53143548965454, 23.681875705718994, 23.72277045249939, 23.46587324142456, 23.694210052490234, 23.6953866481781, 23.402360677719116, 23.833431720733643, 23.49080991744995, 23.545701503753662, 23.85118532180786, 23.51762866973877, 23.446955680847168, 25.217877626419067]], "test_accuracy": 18.18, "convergence_iteration": 24}}