{"config": {"train_options": {"learning_rate": 0.005, "optimizer": "SGD", "batch_size": 128, "number_of_epochs": 300, "loss_parameters": {"temperature": 5, "distillation_type": "FILTER", "alpha": 0.8, "beta": 0.6}}}, "results": {"train_losses": [[48.23239315795898, 48.241659368896485, 48.26345041503906, 48.285135662841796, 48.30662638549805, 48.32909442138672, 48.34915473022461, 48.36978618774414, 48.391340905761716, 48.411108325195315, 48.432143054199216, 48.452600177001955, 48.47538363647461, 48.49672653808594, 48.51762733764649, 48.539862475585934, 48.56197578735352, 48.58366318359375, 48.60473246459961, 48.6264173828125, 48.64794967651367]], "valid_losses": [[48.231698693847655, 48.24899837646485, 48.270976916503905, 48.29235454101563, 48.31347950439453, 48.338441693115236, 48.35834429321289, 48.37727781982422, 48.398674395751954, 48.42004163818359, 48.439202331542965, 48.46242378540039, 48.48380872192383, 48.50745741577148, 48.52822939453125, 48.550777905273435, 48.56976927490234, 48.59435586547851, 48.61454083862305, 48.63668521118164, 48.657855432128905]], "train_accs": [[1.4775, 2.46, 3.3474999999999997, 4.0375000000000005, 4.845, 5.489999999999999, 5.7875000000000005, 6.0249999999999995, 6.7825, 7.4825, 7.947500000000001, 8.4575, 9.2875, 9.5075, 10.02, 10.545, 10.8925, 11.2325, 11.647499999999999, 12.417499999999999, 12.675]], "valid_accs": [[2.23, 3.01, 3.5700000000000003, 4.32, 4.9, 5.52, 5.62, 6.3, 6.88, 7.290000000000001, 8.1, 8.690000000000001, 9.31, 9.71, 10.299999999999999, 11.08, 10.97, 11.21, 11.62, 12.02, 12.790000000000001]], "train_times": [[199.47835302352905, 203.43852925300598, 204.48820662498474, 195.5164167881012, 196.00381875038147, 196.50167846679688, 195.63265132904053, 196.17527508735657, 198.4940812587738, 198.05898475646973, 199.88332796096802, 198.70877408981323, 196.86819791793823, 199.507630109787, 195.79589986801147, 199.03218364715576, 199.691801071167, 194.58729553222656, 199.55463075637817, 198.22674202919006, 197.96606922149658]], "valid_times": [[48.021368980407715, 47.904613971710205, 47.07665205001831, 46.47557234764099, 46.49954581260681, 46.92872881889343, 46.827897787094116, 46.31715798377991, 46.88364815711975, 46.480897188186646, 46.1972553730011, 46.86010456085205, 46.48732924461365, 46.830474853515625, 46.80727195739746, 46.566243171691895, 46.51113414764404, 46.87552571296692, 46.271130323410034, 46.78357934951782, 46.72480010986328]], "test_accuracy": 12.55, "convergence_iteration": 21}}