{"config": {"train_options": {"learning_rate": 0.005, "optimizer": "SGD", "batch_size": 128, "number_of_epochs": 300, "loss_parameters": {"temperature": 20, "distillation_type": "FILTER", "alpha": 0.4, "beta": 0.7}}}, "results": {"train_losses": [[6.975671443176269, 6.962327350616455, 6.947328939819336, 6.936213038635254, 6.92994640045166, 6.927668309783935, 6.928557994842529, 6.932099230957031, 6.936651362609863, 6.94160994720459, 6.947168663787842, 6.952842085266114, 6.9594290130615235, 6.966122929382324, 6.972883600616455, 6.980247560119629, 6.987385933685303, 6.995675375366211, 7.003741781616211, 7.010963143920899, 7.018495864868164, 7.027206219482422, 7.034712824249268, 7.042988372802735, 7.051044630432129]], "valid_losses": [[6.965572122192383, 6.955514710235596, 6.940861293029785, 6.931591747283935, 6.927431372833252, 6.9279456825256345, 6.931235054779052, 6.937667813873291, 6.942070874786377, 6.948644605255127, 6.957921992492675, 6.960992000579834, 6.9686524810791015, 6.975291311645508, 6.986096908569336, 6.989695701599121, 6.998752456665039, 7.009104930877686, 7.016460500335693, 7.027506169128418, 7.031313447570801, 7.040257154083252, 7.048363494873047, 7.057868791198731, 7.064117259216308]], "train_accs": [[1.6475, 3.3075, 4.765, 6.45, 7.9525, 9.16, 10.165000000000001, 10.8, 11.5675, 12.35, 13.142499999999998, 13.835, 14.475, 15.012500000000001, 15.617500000000001, 16.177500000000002, 16.85, 17.349999999999998, 17.825, 18.5225, 19.1025, 19.372500000000002, 20.0175, 20.34, 20.7375]], "valid_accs": [[2.22, 4.01, 5.96, 7.359999999999999, 8.4, 9.29, 10.18, 10.73, 11.62, 11.84, 12.35, 13.69, 13.919999999999998, 14.35, 14.66, 15.93, 16.400000000000002, 16.45, 16.84, 17.14, 18.02, 18.310000000000002, 18.759999999999998, 19.67, 19.85]], "train_times": [[130.13398098945618, 131.41686081886292, 128.55066919326782, 130.9172968864441, 130.9342017173767, 129.36079359054565, 128.26594400405884, 129.31474494934082, 129.94889783859253, 128.74176716804504, 128.75350856781006, 131.01945209503174, 129.7785906791687, 128.5340220928192, 129.58768320083618, 131.39867424964905, 129.6779179573059, 127.72284650802612, 128.7925262451172, 128.81840062141418, 128.90060210227966, 129.39638471603394, 131.86939311027527, 127.56387758255005, 129.33836483955383]], "valid_times": [[25.07339835166931, 24.02534580230713, 25.66678810119629, 25.536855459213257, 25.576762676239014, 25.336185216903687, 24.2415611743927, 25.327313661575317, 26.0094952583313, 24.811618328094482, 23.76070499420166, 25.805358171463013, 25.808708667755127, 25.256576776504517, 24.81602144241333, 25.596325397491455, 25.518473148345947, 26.48920774459839, 24.94653868675232, 25.209139347076416, 24.119229316711426, 25.49756908416748, 25.86578106880188, 25.221619129180908, 24.864224672317505]], "test_accuracy": 20.78, "convergence_iteration": 25}}