{"config": {"train_options": {"learning_rate": 0.005, "optimizer": "SGD", "batch_size": 128, "number_of_epochs": 300, "loss_parameters": {"temperature": 10, "distillation_type": "FILTER", "alpha": 0.6, "beta": 0.4}}}, "results": {"train_losses": [[3.400589991760254, 3.3696973957061767, 3.3458432510375977, 3.316344842529297, 3.2947996059417726, 3.2781013206481933, 3.2673729679107666, 3.2588150882720948, 3.2511704833984374, 3.2459101844787597, 3.240746118927002, 3.2363745361328125, 3.232990685272217, 3.2312166046142576, 3.228683696746826, 3.2253537883758545, 3.2232609119415283, 3.2221073280334473, 3.22038734664917, 3.219140669631958, 3.217603391647339, 3.215461463928223, 3.2140496253967283, 3.213166334915161, 3.2107446212768553, 3.210631245422363, 3.2084097911834717, 3.2086308486938475, 3.2087362255096434, 3.2076335514068606, 3.2056835987091064, 3.20529681930542, 3.206153950500488, 3.2051888076782227, 3.2059572288513185, 3.205005830001831, 3.206133341217041, 3.207228858566284, 3.206429076385498, 3.207210500335693, 3.207299630355835, 3.2074990417480467, 3.2095216022491453, 3.2097844772338866, 3.2105897720336913]], "valid_losses": [[3.3814762046813964, 3.358371491241455, 3.3289068664550783, 3.300041301727295, 3.28281004486084, 3.269418737792969, 3.2601985275268555, 3.251586501312256, 3.2457218410491944, 3.2417640197753905, 3.238115217590332, 3.2328534534454345, 3.230792455291748, 3.2307941051483153, 3.230843102645874, 3.2274667892456055, 3.2314031761169435, 3.225908450317383, 3.2240112800598144, 3.2253271183013914, 3.22221205329895, 3.224967318725586, 3.226243075942993, 3.225461431503296, 3.2220163444519043, 3.2257592769622803, 3.2241601001739504, 3.223583709716797, 3.2256764877319335, 3.2326858783721923, 3.2311277252197264, 3.2300544101715087, 3.243844609451294, 3.242956153488159, 3.234502891540527, 3.2400372299194338, 3.2418462661743166, 3.246300046539307, 3.2452453338623046, 3.2507511150360107, 3.25223720703125, 3.2472586433410644, 3.261253707122803, 3.2529396713256835, 3.258116037750244]], "train_accs": [[1.8900000000000001, 3.335, 5.265000000000001, 6.9475, 8.2125, 9.457500000000001, 10.665, 11.68, 12.9325, 13.66, 14.75, 15.36, 15.9325, 16.915, 17.474999999999998, 18.4525, 18.9, 19.645000000000003, 20.54, 21.1875, 21.5525, 22.395, 23.07, 23.6725, 24.3475, 24.825, 25.527499999999996, 26.0475, 26.732499999999998, 27.32, 27.9975, 28.715000000000003, 29.152499999999996, 29.8775, 30.259999999999998, 30.89, 31.225, 31.85, 32.5125, 33.027499999999996, 33.527499999999996, 33.94, 34.555, 35.195, 35.5075]], "valid_accs": [[2.56, 4.25, 6.16, 7.85, 8.95, 9.77, 11.129999999999999, 12.07, 12.97, 13.719999999999999, 14.21, 15.010000000000002, 15.909999999999998, 17.02, 17.330000000000002, 18.32, 18.34, 18.970000000000002, 20.02, 19.950000000000003, 21.23, 21.7, 21.94, 22.39, 23.54, 23.3, 24.16, 24.58, 25.019999999999996, 25.41, 25.85, 26.479999999999997, 26.400000000000002, 26.8, 27.82, 27.82, 28.060000000000002, 28.599999999999998, 29.24, 29.709999999999997, 29.87, 30.75, 30.12, 31.119999999999997, 32.029999999999994]], "train_times": [[125.4218099117279, 120.71268248558044, 121.0622169971466, 122.1803605556488, 122.12949657440186, 124.24394989013672, 120.89904284477234, 122.07535910606384, 122.1264476776123, 125.64177203178406, 120.95915198326111, 121.83693337440491, 120.5498673915863, 122.68422651290894, 121.21608114242554, 121.59144496917725, 121.19199204444885, 121.68275046348572, 122.11126136779785, 121.66152691841125, 123.7239670753479, 122.24140882492065, 123.0721046924591, 120.94244170188904, 122.330087184906, 120.73275804519653, 122.18022227287292, 121.32106351852417, 122.35858035087585, 122.93929266929626, 122.3865556716919, 120.89281702041626, 122.37638235092163, 123.05187678337097, 121.52554225921631, 123.16846585273743, 120.2002444267273, 122.3610827922821, 122.32534384727478, 122.0826907157898, 121.33929061889648, 122.31038212776184, 120.91111636161804, 124.58873867988586, 121.97371172904968]], "valid_times": [[23.646336555480957, 24.384965419769287, 23.973151683807373, 23.90201473236084, 24.497037887573242, 23.409377098083496, 23.360360383987427, 23.273767948150635, 24.225239038467407, 23.32105326652527, 23.602052450180054, 23.45454454421997, 23.355249404907227, 23.64666485786438, 24.523634433746338, 23.354793310165405, 24.950342178344727, 24.121727228164673, 23.4190890789032, 23.6628155708313, 23.47770118713379, 23.333640813827515, 23.318345069885254, 23.99424123764038, 23.12999176979065, 23.385770797729492, 23.48329448699951, 23.44120955467224, 23.899483919143677, 24.778241395950317, 23.22886562347412, 24.64741325378418, 23.059887409210205, 23.903748035430908, 23.463902711868286, 23.869431257247925, 23.429030895233154, 23.388845205307007, 23.975163459777832, 23.457828521728516, 22.975062370300293, 23.86036992073059, 23.467684030532837, 23.933995008468628, 24.503491401672363]], "test_accuracy": 32.84, "convergence_iteration": 45}}