{"config": {"train_options": {"learning_rate": 0.05, "optimizer": "SGD", "batch_size": 128, "number_of_epochs": 300, "loss_parameters": {"temperature": 10, "distillation_type": "FILTER", "alpha": 0.8, "beta": 0.7}}}, "results": {"train_losses": [[56.21290131835938, 56.48335518188477, 56.748200592041016, 57.00746193237305, 57.257149005126955, 57.49768893432617, 57.72834286499023, 57.949611169433595, 58.16202618408203, 58.36605416870117, 58.563189447021486, 58.752549725341794, 58.934904290771485, 59.11002576293945, 59.279639727783206, 59.44198751831055, 59.599103326416014, 59.750899493408205, 59.89613092651367, 60.03670686645508, 60.171200567626954]], "valid_losses": [[56.351188104248045, 56.61768952636719, 56.880457739257814, 57.13548560180664, 57.38153179321289, 57.6166792602539, 57.841806414794924, 58.06060158081055, 58.26961318359375, 58.47025408935547, 58.664367999267576, 58.85080938720703, 59.02976334228516, 59.20034637451172, 59.36796865844727, 59.52733654174805, 59.68297880859375, 59.83254948120117, 59.974482318115236, 60.11370489501953, 60.24590394897461]], "train_accs": [[2.2800000000000002, 5.7125, 8.745, 11.0875, 13.19, 15.312500000000002, 17.5425, 19.482499999999998, 20.865000000000002, 22.75, 24.285, 25.9175, 27.334999999999997, 28.610000000000003, 30.0225, 31.345, 32.455, 33.6175, 34.9225, 35.8825, 37.13]], "valid_accs": [[3.5700000000000003, 7.109999999999999, 9.34, 11.89, 13.56, 15.93, 18.04, 19.74, 20.96, 22.33, 23.46, 25.080000000000002, 26.740000000000002, 28.24, 28.689999999999998, 30.19, 30.8, 31.36, 33.19, 33.31, 34.53]], "train_times": [[48.744311809539795, 48.832207918167114, 48.469037771224976, 48.75841760635376, 48.511634349823, 48.360055923461914, 49.08604979515076, 49.25227451324463, 47.601006507873535, 47.621854305267334, 47.80262613296509, 47.89945149421692, 47.43212890625, 47.820865631103516, 48.980417251586914, 48.350138425827026, 48.32613158226013, 48.311094522476196, 48.30620980262756, 48.33713507652283, 48.31827139854431]], "valid_times": [[9.693524360656738, 9.673078298568726, 9.576060056686401, 9.4642333984375, 9.430132865905762, 9.692999362945557, 9.739888429641724, 9.692020654678345, 9.326546430587769, 9.379271268844604, 9.448981285095215, 9.353834867477417, 9.329183578491211, 9.628638505935669, 9.5389986038208, 9.541041612625122, 9.522028684616089, 9.51400089263916, 9.527023077011108, 9.530000448226929, 9.532002449035645]], "test_accuracy": 35.76, "convergence_iteration": 21}}