{"config": {"train_options": {"learning_rate": 0.01, "optimizer": "SGD", "batch_size": 128, "number_of_epochs": 300, "loss_parameters": {"temperature": 10, "distillation_type": "FILTER", "alpha": 0.2, "beta": 0.1}}}, "results": {"train_losses": [[10.46619765625, 10.14234677581787, 9.992799244689941, 9.881035737609864, 9.76584458770752, 9.657063861083984, 9.547764031982421, 9.447947207641601, 9.359409603881836, 9.279405377197266, 9.208351713562012, 9.137137869262695, 9.075883987426758, 9.019266009521484, 8.970336450195312, 8.921683941650391, 8.873480253601075, 8.832022041320801, 8.79735555267334, 8.753318431091309, 8.72249497833252, 8.68400708618164, 8.652293589782715, 8.619839996337891, 8.588735012817382, 8.565508470153809, 8.538959684753419, 8.511998365783692, 8.486029751586914, 8.461849505615234, 8.440673399353027, 8.41760011291504, 8.395077445983887, 8.369198181152344, 8.349276792907714, 8.330541961669923, 8.306578983306885, 8.289013033294678, 8.26867121810913, 8.25919441833496, 8.227806050109864, 8.21126050567627, 8.18884638824463, 8.174898030090333, 8.160221285247802, 8.14197876739502, 8.123991586303712, 8.109550467681885, 8.092606349945068, 8.072507531738282, 8.055868856811523, 8.043345220184326, 8.03319743423462, 8.008224332427979, 7.991489478302002, 7.981527845001221, 7.963760200500488, 7.949724463653564, 7.935051259613037, 7.923483082580566, 7.913102320098877, 7.891440092468262, 7.877669847106934, 7.861125778198242, 7.857108277893066, 7.835807118225097, 7.821018315887451, 7.8085094581604, 7.796188803100586, 7.781831211853027, 7.768867281341553, 7.758093846893311, 7.739403173828125, 7.726204721069336, 7.724299845886231, 7.705827606201172, 7.68652201461792, 7.673492318725586, 7.66077841873169, 7.647297550201416, 7.638607413482666, 7.557381040954589, 7.512491993713379, 7.502923543548584, 7.495901261901856, 7.491502680206299, 7.482299837493897, 7.478423682403564, 7.47856840133667, 7.473894432067871, 7.473468882751465, 7.470818544006348, 7.4671170639038085, 7.464870043945313, 7.463710180664062, 7.460321707916259, 7.4595883834838865, 7.455225668334961, 7.4559374488830565, 7.4531289581298825, 7.454778517150879, 7.45413667602539]], "valid_losses": [[10.285887426757812, 10.079298365783691, 9.960199363708496, 9.829216807556152, 9.76930188293457, 9.653348777770995, 9.549407122802734, 9.4826265625, 9.383204141235352, 9.292781840515136, 9.25537149658203, 9.204863960266113, 9.156542532348633, 9.22400386657715, 9.119391212463379, 9.063797138977051, 9.04262640838623, 9.056930543518066, 8.968691912841797, 8.975166899108887, 8.929787104797363, 8.968462594604492, 8.924706039428711, 8.956939450073243, 8.829593312072754, 8.899433255004883, 8.789026820373536, 8.82864736328125, 8.795877603149414, 8.75365580291748, 8.716766110229493, 8.734221044921876, 8.685930619812012, 8.70064075164795, 8.736296319580077, 8.731563606262206, 8.697733277893066, 8.733376684570313, 8.696141333007812, 8.729831532287598, 8.710213296508789, 8.732017736816406, 8.727270477294923, 8.71241994934082, 8.671520375061036, 8.71753675994873, 8.621860734558105, 8.865898791503906, 8.621864266967773, 8.735560876464843, 8.701577180480957, 8.625198776245117, 8.640823167419434, 8.678272184753418, 8.654306040954589, 8.574737757873535, 8.553810321044923, 8.675554026794433, 8.622673864746094, 8.539257008361817, 8.664612454223633, 8.584687870788574, 8.627400425720214, 8.61272216796875, 8.58904133605957, 8.61743060836792, 8.617858182525636, 8.55418741607666, 8.554961799621582, 8.621934143066406, 8.622161512756348, 8.503140399932862, 8.59615813293457, 8.592424605560304, 8.480023643493652, 8.574723545837402, 8.480236508941651, 8.536843222808837, 8.504279669189453, 8.516132736206055, 8.586800950622559, 8.239360929870605, 8.254136227416993, 8.251274215698242, 8.25748272857666, 8.253483349609375, 8.265101657104493, 8.26648060836792, 8.250306814575195, 8.257245637512208, 8.278617956542968, 8.262293347167969, 8.278089892578125, 8.286531786346435, 8.290976428985596, 8.273638294982911, 8.286188841247558, 8.306007362365722, 8.295202949523926, 8.29788235092163, 8.303372966003417, 8.30297130432129]], "train_accs": [[4.577500000000001, 10.035, 13.0625, 15.7725, 18.9325, 21.7275, 24.3475, 26.995, 28.9675, 31.535000000000004, 33.31, 35.54, 37.2325, 38.8775, 40.3275, 41.845, 43.3675, 44.5925, 45.545, 46.989999999999995, 47.75, 48.9825, 49.864999999999995, 50.872499999999995, 51.9875, 52.625, 53.317499999999995, 54.02, 54.63, 55.81, 56.2975, 56.76, 57.375, 58.052499999999995, 58.75, 59.4, 60.040000000000006, 60.5575, 61.11, 61.1375, 62.3625, 62.470000000000006, 63.1675, 63.339999999999996, 64.075, 64.5825, 64.8725, 65.29, 65.77, 66.03, 66.5475, 66.73750000000001, 67.24, 67.7925, 68.125, 68.4, 68.8075, 69.1, 69.39999999999999, 69.5325, 69.9325, 70.3125, 70.7575, 71.08, 70.9325, 71.47, 72.0375, 72.3, 72.1875, 72.58, 72.7525, 72.735, 73.4, 73.68249999999999, 73.6425, 73.9275, 74.3275, 74.6675, 74.895, 75.47749999999999, 75.3425, 78.905, 81.16499999999999, 81.4925, 81.8325, 82.1975, 82.65249999999999, 82.625, 82.765, 83.04, 82.88250000000001, 83.175, 83.45, 83.5625, 83.5375, 83.83500000000001, 83.905, 83.91999999999999, 84.2525, 84.3, 84.2525, 84.2825]], "valid_accs": [[7.86, 11.29, 13.950000000000001, 16.97, 18.099999999999998, 21.82, 24.01, 25.81, 28.78, 31.09, 32.31, 33.92, 34.72, 34.0, 36.4, 38.190000000000005, 38.019999999999996, 38.82, 40.65, 40.75, 42.02, 41.79, 42.47, 42.96, 45.39, 44.26, 46.61, 45.82, 46.36, 47.620000000000005, 48.1, 47.910000000000004, 49.230000000000004, 48.9, 48.76, 47.96, 49.16, 48.199999999999996, 48.55, 47.83, 48.72, 48.69, 47.910000000000004, 48.22, 48.79, 48.25, 50.36000000000001, 46.04, 50.22, 48.14, 48.15, 49.72, 50.3, 49.17, 49.769999999999996, 51.07000000000001, 51.910000000000004, 49.01, 49.830000000000005, 52.18000000000001, 49.99, 51.54, 49.9, 50.64999999999999, 50.88, 50.160000000000004, 50.78, 51.71, 51.959999999999994, 50.72, 49.74, 52.39, 50.92, 50.57000000000001, 53.16, 52.0, 52.669999999999995, 51.849999999999994, 51.94, 52.35999999999999, 50.839999999999996, 58.29, 58.220000000000006, 58.46, 58.309999999999995, 58.08, 58.230000000000004, 58.330000000000005, 58.52, 58.9, 58.03, 58.81999999999999, 58.36, 58.75, 58.32000000000001, 58.550000000000004, 58.540000000000006, 58.68, 57.809999999999995, 58.040000000000006, 57.98, 58.28]],