{"config": {"train_options": {"learning_rate": 0.005, "optimizer": "SGD", "batch_size": 128, "number_of_epochs": 300, "loss_parameters": {"temperature": 5, "distillation_type": "FILTER", "alpha": 0.3, "beta": 0.2}}}, "results": {"train_losses": [[3.7017596126556396, 3.4994629302978515, 3.3810160243988037, 3.2918712116241453, 3.235945739746094, 3.191912296295166, 3.1524907764434813, 3.1131265632629392, 3.073885868835449, 3.0350946174621583, 2.987194055557251, 2.944565016555786, 2.9044562744140623, 2.863330099105835, 2.8312221218109133, 2.798558657836914, 2.7699214000701904, 2.7437725048065187, 2.71612624130249, 2.6938139972686765, 2.6679216190338133, 2.647837471008301, 2.6269945152282714, 2.603848338317871, 2.5840447483062743, 2.564097025680542, 2.5470358211517334, 2.5269521556854246, 2.5108214694976807, 2.49451842918396, 2.47771349029541, 2.463543215179443, 2.448411151123047, 2.4343369789123535, 2.421117295074463, 2.4086427005767823, 2.3940992805480956, 2.3838606285095216, 2.3739897346496583, 2.3634084659576415, 2.3510877208709715, 2.3428450271606445, 2.331817381668091, 2.3243904136657716, 2.3129889530181886, 2.3086188091278075, 2.2956209075927734, 2.285922658157349, 2.2809250637054443, 2.2778068161010743, 2.2664922130584717, 2.259275951004028, 2.2505970031738283, 2.24599294052124, 2.2358116039276124, 2.2319808795928955, 2.2271350578308104, 2.218826942062378, 2.209419471359253, 2.209148844909668, 2.199630813789368, 2.193616837692261, 2.189009487724304, 2.1809120470047, 2.1774965259552004, 2.1715765020370483, 2.1683274766921996, 2.1621089181900026, 2.1560643745422365, 2.1503465925216676, 2.146471327018738, 2.1443890598297117, 2.1370422407150267, 2.135213127708435, 2.129653761482239, 2.124285997772217, 2.119614395904541, 2.1163542934417725, 2.111345951271057, 2.1087631309509276, 2.1040341381073, 2.0508816881179808, 2.027610489463806, 2.0250367504119873, 2.0176070026397706, 2.0165288646698, 2.0127799047470094, 2.012827370643616, 2.0105303798675536, 2.0053054481506347, 2.006841750717163, 2.0046649229049684, 2.0000417238235473, 2.001927834701538, 2.0015432388305663, 1.9978425701141358, 1.995402923965454, 1.9973089532852173, 1.9956074813842772, 1.995347405052185, 1.9943660192489625, 1.992949924659729]], "valid_losses": [[3.5694279846191406, 3.4405460960388186, 3.3531790222167968, 3.2714683944702148, 3.2413346092224122, 3.1918156261444093, 3.15374370803833, 3.1168526523590088, 3.0828794303894043, 3.0420238052368163, 2.993330568695068, 2.9547167388916016, 2.903810543823242, 2.890233349227905, 2.8486168575286865, 2.8300307392120363, 2.8045200744628906, 2.7865419258117674, 2.763118370819092, 2.750123760986328, 2.7272605270385744, 2.717049132537842, 2.686808530807495, 2.686850825500488, 2.6638659004211425, 2.650128940963745, 2.660394500732422, 2.6711373180389404, 2.610970357131958, 2.6167175830841063, 2.6001101387023926, 2.586049921035767, 2.602677035522461, 2.5868646797180177, 2.5966963661193847, 2.571003868865967, 2.57034935836792, 2.5615199058532716, 2.572878587722778, 2.5662892971038818, 2.5555290966033937, 2.5426057624816893, 2.5656656620025635, 2.5555267795562746, 2.566253448486328, 2.546130093383789, 2.5529979690551756, 2.570756689453125, 2.54425216217041, 2.555142685317993, 2.5242153339385984, 2.5414657718658447, 2.5743006057739257, 2.5460049995422365, 2.5495256008148193, 2.5428599571228028, 2.5464342239379882, 2.5271787754058836, 2.5304288135528563, 2.548683773803711, 2.5251860176086427, 2.5193147811889647, 2.520063557434082, 2.535805824279785, 2.530732293701172, 2.5422880279541014, 2.5163407791137695, 2.497621472167969, 2.526225960922241, 2.5108357971191406, 2.49875352935791, 2.5529131706237793, 2.5059364738464356, 2.529261520767212, 2.5263076194763183, 2.511358781051636, 2.504880179977417, 2.5273702205657957, 2.5319844020843507, 2.525537311935425, 2.534014463806152, 2.4089546756744387, 2.415432461166382, 2.4104305038452147, 2.4223482620239256, 2.4191611671447752, 2.4219490215301516, 2.414331065750122, 2.424499217224121, 2.426388004684448, 2.4176821002960205, 2.4194215297698975, 2.4206806560516356, 2.424473821258545, 2.420101805496216, 2.4166650959014895, 2.4221702445983886, 2.428496120071411, 2.42283875579834, 2.420586290359497, 2.4240312858581543, 2.4274056823730468]], "train_accs": [[3.5075000000000003, 7.470000000000001, 10.274999999999999, 12.525, 13.897499999999999, 15.509999999999998, 16.9075, 18.3175, 19.5675, 20.8625, 22.7825, 24.1525, 25.8425, 27.139999999999997, 28.237499999999997, 29.807499999999997, 30.8225, 31.874999999999996, 33.195, 33.96, 35.0775, 36.0025, 37.135, 38.097500000000004, 38.8425, 40.002500000000005, 40.489999999999995, 41.4375, 42.165, 43.16, 43.7275, 44.4025, 45.0, 45.895, 46.51, 46.942499999999995, 47.8675, 48.61, 48.9475, 49.39, 50.17, 50.660000000000004, 51.214999999999996, 51.67, 52.1575, 52.86, 53.075, 53.545, 54.19500000000001, 54.269999999999996, 54.879999999999995, 55.38999999999999, 55.7875, 56.1425, 56.9225, 56.8375, 57.2525, 57.785, 58.392500000000005, 58.29, 58.835, 59.2275, 59.67249999999999, 60.1175, 60.2075, 60.5375, 60.9425, 61.165000000000006, 61.6825, 62.0125, 62.29749999999999, 62.5375, 62.9125, 63.20249999999999, 63.4425, 63.7175, 64.035, 64.1825, 64.53999999999999, 64.895, 65.235, 67.8275, 69.375, 69.355, 69.6975, 69.7825, 70.1875, 70.065, 70.2975, 70.6125, 70.2775, 70.555, 70.6625, 70.8425, 70.7075, 70.875, 71.2575, 70.83500000000001, 71.0025, 70.89999999999999, 71.1875, 71.09]], "valid_accs": [[5.46, 8.81, 10.97, 13.4, 13.919999999999998, 15.83, 16.81, 17.78, 19.86, 21.39, 22.689999999999998, 24.02, 25.61, 26.240000000000002, 27.73, 28.26, 29.73, 30.580000000000002, 31.04, 31.45, 33.18, 33.31, 35.05, 34.57, 35.86, 36.43, 36.08, 36.13, 38.42, 38.519999999999996, 38.79, 39.58, 39.300000000000004, 39.79, 39.77, 40.72, 41.089999999999996, 41.959999999999994, 42.07, 41.9, 42.559999999999995, 43.05, 42.89, 42.35, 43.1, 43.78, 43.69, 43.97, 44.98, 44.71, 45.36, 45.15, 43.65, 45.410000000000004, 45.379999999999995, 45.61, 45.85, 46.62, 46.660000000000004, 46.050000000000004, 47.06, 47.28, 47.96, 47.15, 47.83, 46.96, 47.99, 49.769999999999996, 48.25, 48.79, 49.02, 47.510000000000005, 49.82, 48.64, 48.559999999999995, 49.26, 49.88, 49.13, 48.949999999999996, 49.97, 49.6, 53.59, 53.879999999999995, 54.16, 53.83, 53.879999999999995, 54.13, 54.22, 53.190000000000005, 53.99, 53.949999999999996, 54.25, 54.21, 54.35, 54.279999999999994, 54.0, 53.89000000000001, 54.06999999999999, 53.76, 53.93, 54.16, 53.839999999999996]],