{
  "config": {
    "train_options": {
      "learning_rate": 0.05,
      "optimizer": "SGD",
      "batch_size": 128,
      "number_of_epochs": 300,
      "loss_parameters": {
        "temperature": 20,
        "distillation_type": "FILTER",
        "alpha": 0.5,
        "beta": 0.8
      }
    }
  },
  "results": {
    "train_losses": [
      [
        65.11640024414062, 65.40081241455078, 65.68464948730468,
        65.96069166259765, 66.22543603515625, 66.47855291748047,
        66.72102600097656, 66.9519509765625, 67.17294064941406,
        67.38485294189454, 67.58725021972656, 67.78019372558593,
        67.96478920898437, 68.1421017944336, 68.31173486328125,
        68.47457664794922, 68.63023361816406, 68.77942348632813,
        68.92256430664062, 69.05983333740234, 69.19149704589844
      ]
    ],
    "valid_losses": [
      [
        65.26084174804687, 65.54315185546875, 65.83112266845703,
        66.10421759033203, 66.36564525146484, 66.61563132324218,
        66.85746459960937, 67.0825626953125, 67.29879963378906,
        67.51158449707032, 67.70790673828125, 67.89777840576171,
        68.07489946289063, 68.24820788574219, 68.41712036132813,
        68.57126326904297, 68.72740989990234, 68.87293173828125,
        69.01572677001953, 69.15500773925781, 69.28756357421875
      ]
    ],
    "train_accs": [
      [
        3.2675, 8.18, 11.63, 14.6125, 17.2025, 19.08, 21.2225, 23.645,
        25.377499999999998, 27.51, 29.425, 31.2075, 33.175, 34.9125,
        36.254999999999995, 37.980000000000004, 39.300000000000004,
        40.747499999999995, 41.835, 43.4375, 44.3675
      ]
    ],
    "valid_accs": [
      [
        6.03, 10.530000000000001, 12.01, 14.680000000000001, 16.05,
        17.919999999999998, 19.88, 21.81, 23.73, 24.169999999999998,
        25.979999999999997, 27.939999999999998, 29.82, 31.34, 32.97,
        34.949999999999996, 35.69, 37.269999999999996, 37.87,
        37.830000000000005, 38.79
      ]
    ],
    "train_times": [
      [
        48.834964990615845, 47.410446882247925, 47.40594673156738,
        47.41571879386902, 47.47452902793884, 47.472008228302,
        47.387139320373535, 47.37201118469238, 47.40001058578491,
        47.39763021469116, 47.35699915885925, 47.363017082214355,
        47.36899971961975, 47.40642166137695, 47.34684348106384,
        47.371018171310425, 47.314008474349976, 47.33399987220764,
        47.32900047302246, 47.35800051689148, 47.34700679779053
      ]
    ],
    "valid_times": [
      [
        9.254206895828247, 9.20800495147705, 9.227747917175293,
        9.266527891159058, 9.257011413574219, 9.262317180633545,
        9.237519264221191, 9.214999198913574, 9.215012788772583,
        9.236999988555908, 9.257015466690063, 9.257000923156738,
        9.253999710083008, 9.229998350143433, 9.245254278182983,
        9.231001138687134, 9.235000133514404, 9.248000144958496,
        9.227688789367676, 9.21400237083435, 9.21399998664856
      ]
    ],
    "test_accuracy": 39.550000000000004,
    "convergence_iteration": 21
  }
}
