{"config": {"train_options": {"learning_rate": 0.01, "optimizer": "SGD", "batch_size": 128, "number_of_epochs": 300, "loss_parameters": {"temperature": 10, "distillation_type": "FILTER", "alpha": 0.2, "beta": 0.3}}}, "results": {"train_losses": [[26.234046865844725, 26.010496478271484, 25.893072314453125, 25.815741207885743, 25.743185375976562, 25.673459567260743, 25.601739978027343, 25.54370908203125, 25.48689891052246, 25.44001522216797, 25.395194830322264, 25.350450119018554, 25.30935361633301, 25.275655200195313, 25.241353143310548, 25.208180001831053, 25.177056643676757, 25.14891174926758, 25.12133035888672, 25.09797587890625, 25.077174838256838, 25.05144995727539, 25.02809449157715, 25.00891555480957, 24.990969326782228, 24.972259948730468, 24.9504257232666, 24.932842230224608, 24.917620736694335, 24.89931736755371, 24.881212246704102, 24.864770806884767, 24.851050570678712, 24.830918634033203, 24.81426587524414, 24.797369998168946, 24.785821057128906, 24.76794423828125, 24.755377255249023, 24.739299475097656, 24.72243931274414, 24.70858233642578, 24.693403582763672, 24.678315252685547, 24.665721450805663, 24.64757738952637, 24.63292068786621, 24.62069971618652, 24.603483752441406, 24.585914083862306, 24.572532815551757, 24.55687202758789, 24.543884432983397, 24.529889511108397, 24.518333782958983, 24.503861141967775, 24.48576174621582, 24.468332452392577, 24.454128466796874, 24.439777667236328, 24.424917059326173, 24.407807061767578, 24.393866220092775, 24.376990161132813, 24.365492031860352, 24.353735955810546, 24.331951797485353, 24.31701990966797, 24.304542584228514, 24.29360435180664, 24.275910540771484, 24.259307223510742, 24.244914273071288, 24.230072772216797, 24.211341394042968, 24.20303547668457, 24.185643032836914, 24.170460025024415, 24.15550313720703, 24.140922390747072, 24.126696859741212, 24.058697479248046, 24.029877557373048, 24.022273559570312, 24.017767184448243, 24.016805389404297, 24.01609524230957, 24.01534304199219, 24.01251235046387, 24.01256223449707, 24.01237163696289, 24.01225721435547, 24.010066076660156, 24.011548211669922, 24.01183077697754, 24.013058465576172, 24.013359127807618, 24.013612237548827, 24.01359653930664, 24.015197521972656, 24.01485313720703, 24.016077420043946]], "valid_losses": [[26.08035984802246, 26.023587200927736, 25.897321505737306, 25.82649228820801, 25.740414254760744, 25.70738390197754, 25.623586956787108, 25.56769413757324, 25.563048013305664, 25.520798703002928, 25.445106005859376, 25.42539066467285, 25.39299273071289, 25.385671881103516, 25.363009246826174, 25.385592242431642, 25.266438955688475, 25.278362661743163, 25.27504182128906, 25.274384814453125, 25.212817755126952, 25.22400573425293, 25.176065545654296, 25.217521420288087, 25.185863409423828, 25.22067956237793, 25.129319995117186, 25.164120950317383, 25.112659939575195, 25.174375564575197, 25.119568392944338, 25.127430072021486, 25.11394577636719, 25.086743630981445, 25.089738388061523, 25.14228517456055, 25.048668637084962, 25.040847241210937, 25.057952227783204, 25.065713787841798, 25.034496371459962, 25.04954317932129, 25.02865172729492, 25.059974356079103, 25.04399803466797, 25.03437534790039, 25.018201119995116, 25.064064889526367, 24.986096829223634, 24.988915426635742, 24.952035498046875, 25.018718756103517, 24.98800040588379, 24.96359403076172, 24.984499035644532, 24.980005407714845, 24.953548266601562, 24.935138262939454, 24.952323068237305, 24.90104627380371, 24.909515042114258, 24.871751327514648, 24.909262210083007, 24.887449530029297, 24.908938385009765, 24.867777111816405, 24.81430608520508, 24.813425399780275, 24.823780419921874, 24.799106967163087, 24.79775979614258, 24.803492306518553, 24.825504577636718, 24.791533532714844, 24.805769686889647, 24.76634893798828, 24.764344494628908, 24.753049798583984, 24.74900630493164, 24.738222970581056, 24.747943911743164, 24.57195554199219, 24.576063482666015, 24.579951654052735, 24.57870043029785, 24.587838766479493, 24.59023797302246, 24.592444842529297, 24.58783372192383, 24.589076782226563, 24.599278561401366, 24.606718322753906, 24.609789251708985, 24.61036957702637, 24.619927536010742, 24.619075881958008, 24.613474417114258, 24.616407861328124, 24.62316374206543, 24.629571179199218, 24.628139486694337, 24.63519523925781]], "train_accs": [[3.6575, 8.512500000000001, 12.02, 14.6875, 17.555, 20.1075, 22.9925, 25.025, 27.297500000000003, 29.207499999999996, 31.222499999999997, 32.8025, 34.55, 36.3425, 37.82, 39.145, 40.7825, 41.6975, 43.072500000000005, 44.4075, 45.2675, 46.29, 47.205000000000005, 48.1575, 49.0775, 50.005, 50.6825, 51.370000000000005, 52.16499999999999, 52.885000000000005, 53.43, 54.525, 54.8975, 55.645, 56.4075, 56.9825, 57.269999999999996, 57.879999999999995, 58.3025, 59.1175, 59.425, 60.0725, 60.6, 61.075, 61.2475, 61.96, 62.2425, 62.6475, 63.144999999999996, 63.677499999999995, 64.0675, 64.44, 64.9525, 65.3575, 65.5925, 65.9875, 66.4125, 66.89500000000001, 67.0175, 67.6925, 67.69500000000001, 68.475, 68.61500000000001, 68.93, 69.11500000000001, 69.3575, 69.815, 70.155, 70.5, 70.55, 70.76750000000001, 71.17750000000001, 71.35249999999999, 71.52, 72.3, 72.17, 72.5175, 72.67, 72.695, 73.245, 73.30499999999999, 76.79, 78.8675, 78.955, 79.605, 79.6875, 80.21000000000001, 79.9725, 80.4425, 80.455, 80.63749999999999, 80.8975, 80.9675, 81.1075, 81.2775, 81.27, 81.295, 81.4675, 81.595, 81.72749999999999, 81.7825, 81.8425]], "valid_accs": [[6.98, 8.32, 12.370000000000001, 14.530000000000001, 17.59, 19.12, 22.41, 24.94, 25.71, 27.47, 29.53, 30.709999999999997, 32.61, 32.519999999999996, 33.64, 33.56, 37.57, 37.169999999999995, 37.59, 38.14, 40.25, 40.29, 42.21, 41.160000000000004, 41.23, 41.44, 44.5, 42.6, 44.379999999999995, 42.25, 44.41, 44.65, 45.56, 45.93, 46.129999999999995, 44.56, 47.28, 47.410000000000004, 47.199999999999996, 46.36, 47.69, 47.760000000000005, 47.58, 47.02, 48.1, 47.910000000000004, 48.449999999999996, 46.58, 49.3, 48.46, 49.15, 48.22, 48.39, 49.02, 49.08, 48.339999999999996, 49.8, 50.339999999999996, 49.02, 50.82, 50.67, 50.07, 50.44, 50.93, 50.22, 50.68, 51.61, 51.21, 51.71, 51.839999999999996, 52.03, 51.42, 50.49, 51.54, 50.970000000000006, 51.71, 51.62, 52.09, 51.690000000000005, 51.01, 51.82, 56.66, 56.940000000000005, 56.75, 56.88999999999999, 57.410000000000004, 56.63, 57.52, 57.3, 57.43000000000001, 56.879999999999995, 56.99999999999999, 56.95, 56.53, 56.92, 56.95, 57.06, 56.79, 57.199999999999996, 56.47, 57.14, 57.199999999999996]],