{"config": {"train_options": {"learning_rate": 0.05, "optimizer": "SGD", "batch_size": 128, "number_of_epochs": 300, "loss_parameters": {"temperature": 15, "distillation_type": "FILTER", "alpha": 0.8, "beta": 0.9}}}, "results": {"train_losses": [[73.03772924804687, 73.40966787109375, 73.77025131835937, 74.1179754272461, 74.45305556640625, 74.77611466064454, 75.08798826904297, 75.38901306152344, 75.67946928710937, 75.95981931152343, 76.23043189697266, 76.49167882080079, 76.74372668457032, 76.98718698730468, 77.22219438476563, 77.44918510742187, 77.66822005615235, 77.87968094482422, 78.08392747802735, 78.28117996826172, 78.47176948242188]], "valid_losses": [[73.22594348144531, 73.59282052001953, 73.94699702148438, 74.28841416015625, 74.61732203369141, 74.93468879394531, 75.24098801269531, 75.5369416748047, 75.82209600830078, 76.09744708251954, 76.36341850585937, 76.61992653808593, 76.8675724975586, 77.10653631591796, 77.3376484375, 77.56081188964843, 77.77592924804688, 77.9839797241211, 78.18459803466797, 78.37869353027344, 78.56586027832032]], "train_accs": [[2.3125, 4.1375, 5.390000000000001, 6.9175, 8.02, 8.9775, 9.9675, 10.635, 11.605, 12.47, 13.15, 13.9525, 14.78, 15.709999999999999, 16.5425, 17.21, 18.127499999999998, 18.775, 19.497500000000002, 20.352500000000003, 21.2725]], "valid_accs": [[3.84, 5.04, 6.65, 7.19, 7.99, 9.32, 10.71, 11.16, 11.690000000000001, 12.45, 12.98, 13.62, 14.71, 15.65, 16.31, 17.19, 17.82, 18.58, 18.87, 19.62, 20.77]], "train_times": [[48.90586042404175, 48.91411519050598, 48.9112434387207, 48.89788365364075, 48.948923110961914, 48.7597975730896, 49.76039099693298, 49.493502378463745, 49.689229249954224, 48.97626066207886, 50.065688371658325, 50.15452432632446, 49.806663513183594, 50.42884278297424, 49.121896743774414, 49.40928936004639, 49.6820867061615, 49.26825404167175, 49.325902700424194, 49.205029010772705, 49.17836785316467]], "valid_times": [[9.626534223556519, 9.651019096374512, 9.650002479553223, 9.65837287902832, 9.660706520080566, 9.799515962600708, 9.739004850387573, 9.846352338790894, 9.968015670776367, 9.770557641983032, 10.069033861160278, 9.831077575683594, 10.219022512435913, 10.138399600982666, 9.663739681243896, 9.9643394947052, 9.678518533706665, 9.706018924713135, 9.66487741470337, 9.703179121017456, 9.676304817199707]], "test_accuracy": 21.349999999999998, "convergence_iteration": 21}}