{"config": {"train_options": {"learning_rate": 0.005, "optimizer": "SGD", "batch_size": 128, "number_of_epochs": 300, "loss_parameters": {"temperature": 10, "distillation_type": "FILTER", "alpha": 0.1, "beta": 0.1}}}, "results": {"train_losses": [[11.323745295715332, 11.062929779052734, 10.872236279296875, 10.734303480529785, 10.627399572753907, 10.538598056030274, 10.447415620422364, 10.35640849761963, 10.269420516967774, 10.19198562927246, 10.119582704162598, 10.058150080871583, 9.991462182617187, 9.942095684814452, 9.887406843566895, 9.836969607543946, 9.792007601928711, 9.747067546081542, 9.703277548217773, 9.663520576477051, 9.61949954071045, 9.582811767578125, 9.548958786010742, 9.507150285339355, 9.47692426147461, 9.44338832244873, 9.412774645996095, 9.379117422485352, 9.351701681518554, 9.322047053527832, 9.297261447143555, 9.269048864746093, 9.242435317993165, 9.219669859313965, 9.192540875244141, 9.171267930603028, 9.148500689697265, 9.132510050964356, 9.11095354156494, 9.092520671081543, 9.07180542602539, 9.049286297607422, 9.03550560760498, 9.009767063903809, 8.995554733276368, 8.97451307067871, 8.96478994140625, 8.949492085266114, 8.922604302978515, 8.908863967895508, 8.891005810546876, 8.873596458435058, 8.861832055664063, 8.845714749145507, 8.829065689086914, 8.820078897094726, 8.801124737548829, 8.7874052734375, 8.778775521850585, 8.754638055419921, 8.747667906188966, 8.732845738220215, 8.71317752532959, 8.705140379333496, 8.692933612060546, 8.67981057434082, 8.664382809448242, 8.656790882873535, 8.64282334136963, 8.629095991516113, 8.622119941711425, 8.602493467712403, 8.595025329589843, 8.586065837097168, 8.572965753173827, 8.559893872070312, 8.549197476196289, 8.539054652404785, 8.52588660736084, 8.514278604125977, 8.499801440429687, 8.412602235412598, 8.375731172180176, 8.365480797576904, 8.357017283630372, 8.351723999023438, 8.348755758666993, 8.349152874755859, 8.341842813110352, 8.340891777038575, 8.336802230072022, 8.333279015350342, 8.332469039916992, 8.333435227966309, 8.329207808685302, 8.323764137268066, 8.324259350585937, 8.321694537353515, 8.31716727218628, 8.316990520477296, 8.314855521392822, 8.316941162109375, 8.312114796447753]], "valid_losses": [[11.189687696838378, 10.948968508911133, 10.798484173583985, 10.688345330810547, 10.613566967773437, 10.531958532714844, 10.453241119384765, 10.379326359558105, 10.301675573730469, 10.241926852416992, 10.23188524017334, 10.136776847839355, 10.143149557495118, 10.109022343444824, 10.033666763305664, 9.935147885131835, 9.870611026000976, 9.885561164855957, 9.819073707580566, 9.771499870300293, 9.714828053283691, 9.69045687713623, 9.681179075622559, 9.641256788635253, 9.63190756225586, 9.592952993774414, 9.594647543334961, 9.549992129516601, 9.529559338378906, 9.50514937286377, 9.539419995117187, 9.477086334228515, 9.462629669189454, 9.441697915649414, 9.453852142333984, 9.399537210083007, 9.417987327575684, 9.365912246704102, 9.41082879486084, 9.412579872131348, 9.344237316894532, 9.408580783081055, 9.424744917297364, 9.35030417175293, 9.335723936462403, 9.355936282348633, 9.3306648147583, 9.331487985229492, 9.37237368927002, 9.32907364654541, 9.345624978637696, 9.363250917053223, 9.355751834106446, 9.314474436950684, 9.285830743408203, 9.301290815734863, 9.270120036315918, 9.298326263427734, 9.350981463623047, 9.324082922363282, 9.290623957824707, 9.30087964477539, 9.29743999786377, 9.402176782226562, 9.324356755065917, 9.300093072509766, 9.301348867797852, 9.292256419372558, 9.453076689147949, 9.359759530639648, 9.3871490524292, 9.336114410400391, 9.249318601989746, 9.31413690032959, 9.32694967956543, 9.30047703552246, 9.306752011108399, 9.284843836975098, 9.312477632141114, 9.271023532104492, 9.330105364990235, 9.042909913635254, 9.026103234863282, 9.033749974060058, 9.036986167907715, 9.035018185424805, 9.036914530944824, 9.02633035888672, 9.030244947814941, 9.04294189453125, 9.035934272766113, 9.053440269470215, 9.041120190429687, 9.037150109863282, 9.048859764099122, 9.052114340209961, 9.048029426574708, 9.049476152038574, 9.047661683654786, 9.045481814575195, 9.062912367248535, 9.04877547607422, 9.066489660644532]], "train_accs": [[3.4975, 7.1825, 10.4375, 12.93, 14.935, 16.78, 18.915000000000003, 21.095, 23.07, 24.709999999999997, 26.332499999999996, 27.555000000000003, 29.205, 30.525000000000002, 31.935000000000002, 33.155, 34.4475, 35.504999999999995, 36.7675, 37.8675, 39.26, 39.855000000000004, 41.0175, 41.935, 42.902499999999996, 43.63, 44.85, 45.765, 46.4525, 47.3425, 48.085, 48.68, 49.47, 50.06, 51.0525, 51.434999999999995, 52.11, 52.412499999999994, 53.345, 53.945, 54.3975, 55.137499999999996, 55.35, 56.13249999999999, 56.472500000000004, 57.0125, 57.472500000000004, 57.7275, 58.684999999999995, 58.875, 59.3275, 59.824999999999996, 60.224999999999994, 60.612500000000004, 61.405, 61.3525, 61.9875, 62.067499999999995, 62.5275, 63.11, 63.28, 63.72, 64.1725, 64.42999999999999, 64.68, 65.12, 65.5875, 65.7475, 65.835, 66.43, 66.47, 67.1575, 67.265, 67.52, 67.51, 67.9925, 68.1825, 68.5475, 68.86250000000001, 69.13, 69.5275, 72.66, 74.2825, 74.4375, 74.715, 75.25, 75.2675, 75.2625, 75.53999999999999, 75.5175, 75.72, 75.7775, 75.8925, 75.91250000000001, 76.0725, 76.1175, 76.31, 76.225, 76.625, 76.49000000000001, 76.51, 76.4425, 76.82]], "valid_accs": [[5.35, 8.94, 11.34, 13.13, 14.940000000000001, 17.18, 18.5, 20.599999999999998, 22.84, 23.96, 24.63, 26.93, 27.08, 27.42, 29.15, 31.830000000000002, 33.019999999999996, 33.160000000000004, 34.72, 35.54, 37.1, 37.28, 37.9, 39.22, 40.02, 40.96, 40.42, 41.22, 42.4, 42.980000000000004, 41.61, 43.120000000000005, 44.1, 44.769999999999996, 44.72, 46.12, 45.07, 46.39, 45.75, 45.42, 47.18, 45.81, 45.519999999999996, 47.349999999999994, 47.260000000000005, 46.79, 47.74, 48.15, 47.57, 48.03, 48.1, 47.58, 48.32, 48.620000000000005, 49.55, 49.82, 49.669999999999995, 49.230000000000004, 48.52, 48.99, 49.33, 49.059999999999995, 49.05, 47.72, 49.419999999999995, 49.91, 49.33, 50.1, 47.86, 47.99, 48.59, 49.41, 50.59, 50.54, 49.220000000000006, 49.87, 49.8, 49.81, 50.09, 51.12, 49.43, 56.21000000000001, 56.16, 55.93, 56.44, 56.06, 56.2, 56.49999999999999, 56.25, 56.39999999999999, 56.379999999999995, 55.57, 56.49999999999999, 56.330000000000005, 56.220000000000006, 56.220000000000006, 56.31, 55.620000000000005, 56.3, 56.52, 56.3, 56.31, 55.78999999999999]],