{"config": {"train_options": {"learning_rate": 0.01, "optimizer": "SGD", "batch_size": 128, "number_of_epochs": 300, "loss_parameters": {"temperature": 10, "distillation_type": "FILTER", "alpha": 0.4, "beta": 0.2}}}, "results": {"train_losses": [[16.985322790527345, 16.800361291503908, 16.681756860351562, 16.61586546020508, 16.56441584472656, 16.509935287475585, 16.46123576965332, 16.412342306518553, 16.374315756225585, 16.3338731842041, 16.296306561279298, 16.262361322021484, 16.233305950927733, 16.204695581054686, 16.178138357543947, 16.151312420654296, 16.128334869384766, 16.10614182128906, 16.085856729125975, 16.06639253845215, 16.049523104858398, 16.02894221496582, 16.013303939819338, 15.99644962158203, 15.981381204223633, 15.96810290222168, 15.952015827941894, 15.940451553344726, 15.92814807434082, 15.91320398864746, 15.904554524230957, 15.892454582214356, 15.878772741699219, 15.868949475097656, 15.859027955627441, 15.851602221679688, 15.839342839050293, 15.828890284729004, 15.81876710357666, 15.810081677246094, 15.801893492126466, 15.793408264160156, 15.781551312255859, 15.774991993713378, 15.763414878845214, 15.756645079040528, 15.746491329956054, 15.741587545776367, 15.729243629455567, 15.722659077453613, 15.712283921813965, 15.706429972839356, 15.698833128356934, 15.68502473602295, 15.68081309967041, 15.670599114990234, 15.665042878723144, 15.658146894836426, 15.650924572753906, 15.640774299621581, 15.632482527160645, 15.626841555786132, 15.61729800567627, 15.606875080871582, 15.604440451049804, 15.594007038879395, 15.589517593383789, 15.583261990356446, 15.571927432250977, 15.561358018493653, 15.553901371765138, 15.547340272521973, 15.542191050720215, 15.534098194885255, 15.526565092468262, 15.518295639038087, 15.513369880676269, 15.503745359802245, 15.496506604003907, 15.487086566162109, 15.479234672546387, 15.425522871398925, 15.406278898620606, 15.39885871887207, 15.394395849609374, 15.392569946289063, 15.39054486694336, 15.389225172424316, 15.38796173248291, 15.387022549438477, 15.384671833801269, 15.38603677520752, 15.383860997009277, 15.383499688720702, 15.385129872131348, 15.38510975189209, 15.383792349243164, 15.384401205444336, 15.384167596435546, 15.38244732208252, 15.383375271606445, 15.384194381713867, 15.384869053649902]], "valid_losses": [[16.889285632324217, 16.74225972290039, 16.66425798339844, 16.61765512390137, 16.554833850097655, 16.499638705444337, 16.46726923522949, 16.414540182495116, 16.40086086425781, 16.372610791015624, 16.34536572265625, 16.332965817260742, 16.321972897338867, 16.278006896972656, 16.267514697265625, 16.25802794494629, 16.2554983581543, 16.23199294128418, 16.209860836791993, 16.178184240722658, 16.165618615722657, 16.170963876342775, 16.152436920166014, 16.14216278076172, 16.094399880981445, 16.09541823425293, 16.11095029296875, 16.111857678222655, 16.06979331665039, 16.077924057006836, 16.063578970336913, 16.06799209289551, 16.065365856933592, 16.062005270385743, 16.041007888793946, 16.077183380126954, 16.066093591308594, 16.044041137695313, 16.030339678955077, 16.052527087402343, 16.034649429321288, 16.04485260620117, 16.034515475463866, 16.025891098022463, 16.021735873413085, 16.023770785522462, 16.03389482421875, 16.005369134521484, 16.046424755859373, 16.037912216186523, 16.020478216552736, 16.016144186401366, 16.018666595458985, 16.019325439453127, 16.043644732666017, 16.020451559448244, 15.992613717651366, 16.026181982421875, 15.988940258789063, 16.04850267944336, 16.005657196044922, 15.990240802001953, 16.005669259643554, 15.997700344848633, 15.995617483520508, 15.995650631713866, 15.989474319458008, 16.02314391479492, 16.025427169799805, 16.01546006164551, 15.994251025390625, 16.032806857299803, 15.992166514587403, 15.99399453125, 16.000236097717284, 16.00703428955078, 16.026376220703124, 15.967755549621582, 15.975739102172852, 15.950662278747558, 15.970039363098145, 15.838890838623048, 15.836106048583984, 15.842945832824707, 15.839053843688966, 15.845174935913086, 15.842835946655274, 15.842166273498535, 15.847113873291015, 15.847359999084473, 15.851454309082031, 15.858226542663575, 15.856267369079589, 15.856975984191894, 15.85734658203125, 15.854044841003418, 15.869267448425292, 15.862748495483398, 15.867935401916505, 15.875025132751464, 15.877479309082032, 15.877936557006835, 15.876038250732423]], "train_accs": [[3.6900000000000004, 8.5325, 12.5175, 15.0475, 17.37, 19.215, 21.8475, 23.9775, 25.790000000000003, 27.5875, 29.630000000000003, 30.97, 32.81, 33.9975, 35.3875, 37.19, 38.269999999999996, 39.5525, 40.5625, 41.6225, 42.627500000000005, 44.06, 44.8025, 45.839999999999996, 47.0, 47.625, 48.6375, 49.0575, 50.1675, 50.760000000000005, 51.575, 52.1225, 53.2875, 53.7725, 54.455, 54.6625, 55.5425, 56.0675, 56.97, 57.0925, 57.647499999999994, 58.055, 58.995, 59.1425, 60.0, 59.9025, 60.7675, 60.985, 61.529999999999994, 62.042500000000004, 62.1375, 62.80250000000001, 63.295, 64.06500000000001, 64.1575, 64.5475, 64.6375, 65.11, 65.4825, 66.1125, 66.4075, 66.8675, 66.915, 67.675, 67.4825, 68.1575, 68.145, 68.3325, 68.785, 69.2975, 69.73, 69.72, 69.855, 70.27250000000001, 70.6125, 70.6725, 71.11, 71.1125, 71.64500000000001, 71.92, 71.76249999999999, 75.5, 76.92, 77.5, 77.85, 78.2175, 78.3025, 78.23, 78.5175, 78.8175, 78.88, 78.93, 79.27499999999999, 79.3025, 79.2075, 79.17, 79.6375, 79.585, 79.57, 79.5425, 79.93249999999999, 79.86, 80.0225]], "valid_accs": [[6.460000000000001, 10.209999999999999, 12.73, 14.540000000000001, 17.21, 20.05, 21.740000000000002, 23.66, 25.0, 26.040000000000003, 27.27, 28.08, 28.58, 30.990000000000002, 31.59, 32.800000000000004, 32.59, 34.12, 35.67, 36.4, 37.480000000000004, 37.169999999999995, 39.160000000000004, 39.35, 41.6, 41.57, 41.22, 41.349999999999994, 43.33, 43.57, 44.519999999999996, 44.080000000000005, 44.519999999999996, 44.5, 45.79, 44.95, 45.76, 46.650000000000006, 47.010000000000005, 46.25, 47.260000000000005, 47.099999999999994, 47.370000000000005, 48.03, 48.14, 48.010000000000005, 47.79, 49.230000000000004, 47.07, 48.43, 49.1, 49.08, 49.76, 49.7, 48.46, 49.04, 50.1, 48.480000000000004, 50.56, 48.620000000000005, 49.47, 50.13999999999999, 49.87, 50.629999999999995, 50.44, 50.18, 50.74999999999999, 49.5, 48.94, 50.41, 50.839999999999996, 49.309999999999995, 50.61, 50.72, 50.88, 50.94, 49.99, 51.44, 51.459999999999994, 52.410000000000004, 50.690000000000005, 56.43, 57.230000000000004, 56.48, 56.65, 56.699999999999996, 56.84, 56.97, 56.54, 56.35, 56.730000000000004, 56.52, 57.04, 56.96, 56.79, 57.19, 56.76, 57.220000000000006, 56.56, 56.39999999999999, 56.48, 57.11000000000001, 56.89999999999999]],