{"config": {"train_options": {"learning_rate": 0.05, "optimizer": "SGD", "batch_size": 128, "number_of_epochs": 300, "loss_parameters": {"temperature": 20, "distillation_type": "FILTER", "alpha": 0.3, "beta": 0.8}}}, "results": {"train_losses": [[8.061314999389648, 8.1460890625, 8.260455262756347, 8.375759965515137, 8.486228471374512, 8.590332376098633, 8.68888197631836, 8.781014356994628, 8.871138809204101, 8.958415501403808, 9.043371313476563, 9.122863658142089, 9.201027572631835, 9.275843586730957, 9.34786808166504, 9.41700238494873, 9.482585159301758, 9.546512591552734, 9.607934257507324, 9.66584988861084, 9.721010507202148]], "valid_losses": [[8.094750086975097, 8.204677659606933, 8.329178833007813, 8.442039341735839, 8.548489115905761, 8.651654858398437, 8.759683039855958, 8.862219342041016, 8.935459385681153, 9.02605373840332, 9.097901489257813, 9.19044559173584, 9.282713374328614, 9.340586784362793, 9.436176307678222, 9.500060330200196, 9.571885983276367, 9.629032312011718, 9.682218711853027, 9.74904308166504, 9.795935731506347]], "train_accs": [[4.16, 9.48, 13.3425, 16.3225, 19.067500000000003, 21.93, 24.447499999999998, 27.21, 29.54, 31.8725, 33.8225, 35.894999999999996, 37.76, 39.345, 40.972500000000004, 42.512499999999996, 43.614999999999995, 45.045, 46.0875, 47.485, 48.5875]], "valid_accs": [[7.19, 11.84, 13.98, 16.520000000000003, 19.41, 21.69, 22.689999999999998, 24.240000000000002, 28.88, 30.15, 33.160000000000004, 33.160000000000004, 33.18, 36.36, 34.63, 35.74, 36.559999999999995, 38.080000000000005, 39.79, 39.51, 41.760000000000005]], "train_times": [[125.80689287185669, 124.98314332962036, 125.53648948669434, 124.63873410224915, 125.72249937057495, 125.31507086753845, 125.38961672782898, 124.61662578582764, 125.43872857093811, 125.87462949752808, 125.09506273269653, 124.56614232063293, 125.78984498977661, 125.17371034622192, 125.06811428070068, 125.03033661842346, 124.70585584640503, 124.98321032524109, 125.07301878929138, 124.99106884002686, 125.0157618522644]], "valid_times": [[23.867225885391235, 23.993012189865112, 24.498222827911377, 24.24980068206787, 24.040842533111572, 23.88816809654236, 24.31913709640503, 24.08943819999695, 24.25443410873413, 24.10480284690857, 24.726367473602295, 23.99121880531311, 23.980865240097046, 23.970027685165405, 24.043925762176514, 23.768634796142578, 23.96476101875305, 23.882437467575073, 24.445353507995605, 23.941316604614258, 24.450209617614746]], "test_accuracy": 43.0, "convergence_iteration": 21}}