{"config": {"train_options": {"learning_rate": 0.01, "optimizer": "SGD", "batch_size": 128, "number_of_epochs": 300, "loss_parameters": {"temperature": 10, "distillation_type": "FILTER", "alpha": 0.9, "beta": 0.5}}}, "results": {"train_losses": [[3.06308477935791, 3.076460408782959, 3.0944214935302736, 3.112049482345581, 3.1304234733581544, 3.1484845001220703, 3.1664992610931395, 3.1835742946624754, 3.200689069747925, 3.21725199508667, 3.2337923572540284, 3.2512707824707032, 3.2673737411499024, 3.2841764282226564, 3.300434369659424, 3.3171708980560304, 3.333207416152954, 3.3491930206298828, 3.364848080444336, 3.381347661590576, 3.3967110008239745]], "valid_losses": [[3.067823711013794, 3.085139938354492, 3.102491070175171, 3.120574639892578, 3.1382449089050293, 3.157855889892578, 3.1747837772369385, 3.192682925415039, 3.2089559188842776, 3.2253615558624267, 3.242506093215942, 3.258906275939941, 3.2757642169952392, 3.2924310539245605, 3.30860831451416, 3.325738563156128, 3.340940814971924, 3.357687768173218, 3.372284162902832, 3.388274179458618, 3.404671312713623]], "train_accs": [[1.76, 2.8525, 3.6125, 4.1875, 4.9025, 5.25, 5.9725, 6.6075, 7.112499999999999, 7.89, 8.4575, 9.0825, 9.6425, 10.115, 10.565, 10.8975, 11.469999999999999, 11.9925, 12.43, 12.885, 13.1875]], "valid_accs": [[2.8000000000000003, 3.26, 4.18, 4.74, 5.09, 5.72, 6.47, 6.84, 7.79, 7.969999999999999, 8.91, 9.51, 10.01, 10.2, 10.97, 11.16, 11.67, 12.049999999999999, 12.629999999999999, 13.15, 13.33]], "train_times": [[122.0674467086792, 120.5622706413269, 122.17090320587158, 121.74491596221924, 121.84630703926086, 121.99541997909546, 122.2537477016449, 121.3690402507782, 122.32737493515015, 121.99008798599243, 122.53304719924927, 122.04594564437866, 122.18391466140747, 121.5699679851532, 121.57577967643738, 120.97081875801086, 121.15362429618835, 121.48622965812683, 121.74136161804199, 122.10214638710022, 121.73809123039246]], "valid_times": [[23.31821084022522, 23.50673770904541, 23.548760414123535, 23.317100763320923, 23.14709496498108, 23.309627056121826, 23.02669930458069, 23.265379905700684, 23.506538152694702, 23.3744797706604, 23.2605984210968, 23.367180347442627, 23.549838542938232, 23.55415940284729, 23.730005741119385, 23.464334964752197, 23.398813486099243, 23.396647214889526, 23.996620178222656, 23.542107820510864, 23.25781559944153]], "test_accuracy": 13.87, "convergence_iteration": 21}}