{"config": {"train_options": {"learning_rate": 0.005, "optimizer": "SGD", "batch_size": 128, "number_of_epochs": 300, "loss_parameters": {"temperature": 5, "distillation_type": "FILTER", "alpha": 0.1, "beta": 0.2}}}, "results": {"train_losses": [[19.212227981567384, 18.982447943115233, 18.82446481628418, 18.69414763183594, 18.60086859741211, 18.525714938354493, 18.451626583862303, 18.38377305603027, 18.316159231567383, 18.255567623901367, 18.194915460205078, 18.14547834777832, 18.094416015625, 18.041391290283205, 18.001149935913087, 17.955183374023438, 17.91758466491699, 17.880353289794922, 17.846525973510744, 17.808774908447266, 17.780367840576172, 17.747443811035158, 17.713799114990234, 17.683331838989258, 17.64892839050293, 17.627494848632814, 17.597721194458007, 17.56993236694336, 17.549626345825196, 17.526131069946288, 17.492591177368165, 17.471482250976564, 17.450901574707032, 17.428364288330076, 17.40620825805664, 17.384517568969727, 17.368990252685546, 17.35067650756836, 17.331266851806642, 17.312325744628907, 17.291834036254883, 17.272303546142577, 17.25957041015625, 17.241481231689452, 17.22013928527832, 17.2067401763916, 17.1907341217041, 17.171727606201173, 17.161343045043946, 17.146857708740235, 17.125742260742186, 17.11672519226074, 17.106227752685548, 17.09082061767578, 17.077042794799805, 17.057766070556642, 17.047237142944336, 17.03291300354004, 17.022315951538086, 17.004734497070313, 16.998018698120116, 16.981546035766602, 16.97088826904297, 16.957302893066405, 16.943460235595705, 16.93269663391113, 16.91794053039551, 16.90854991760254, 16.89701859741211, 16.88412380065918, 16.869013818359374, 16.85933813781738, 16.849210568237304, 16.833661544799806, 16.824903948974608, 16.817490368652344, 16.79997075805664, 16.789954162597656, 16.775266091918944, 16.76733771057129, 16.75803773803711, 16.676690438842773, 16.64811976623535, 16.639425640869142, 16.63187933654785, 16.62757667541504, 16.624772760009765, 16.62678900756836, 16.618362521362304, 16.618335528564455, 16.614462915039063, 16.613846936035156, 16.610320861816405, 16.60820557861328, 16.607459478759765, 16.60844278564453, 16.606373669433594, 16.606729623413084, 16.60444603881836, 16.60031996459961, 16.60154453125, 16.60325751953125, 16.602132861328126]], "valid_losses": [[19.071409020996093, 18.9134639251709, 18.7650106842041, 18.645486172485352, 18.654676831054687, 18.586059561157228, 18.518098028564452, 18.492758160400392, 18.362924072265624, 18.366552474975585, 18.311004827880858, 18.24853229370117, 18.193975814819336, 18.16368155517578, 18.16576209716797, 18.128784295654295, 18.06424482116699, 18.03282417602539, 17.954444274902343, 17.96566172180176, 17.939873590087892, 17.853313888549806, 17.87546410827637, 17.855466192626952, 17.844683056640626, 17.779598822021484, 17.7791697265625, 17.740906246948242, 17.732485372924806, 17.6834830078125, 17.700221099853515, 17.655244415283203, 17.650540795898436, 17.63105951538086, 17.649583444213867, 17.630468112182616, 17.590681674194336, 17.576116607666016, 17.603070755004882, 17.591896490478515, 17.547495947265624, 17.572906646728516, 17.5713041015625, 17.546650149536134, 17.55685622558594, 17.528109463500975, 17.528925415039062, 17.542765042114258, 17.526503240966797, 17.52802333984375, 17.497619198608398, 17.462712594604493, 17.458943215942384, 17.521886456298827, 17.500340979003905, 17.467137606811523, 17.503768322753906, 17.498329891967774, 17.466146685791017, 17.462761044311524, 17.518690155029297, 17.476777960205077, 17.451962377929686, 17.519887408447264, 17.492548986816406, 17.51538832397461, 17.477964852905274, 17.472860690307616, 17.476182693481444, 17.626658865356447, 17.507148666381838, 17.504809405517577, 17.433358200073243, 17.466233251953124, 17.429635299682616, 17.47984070739746, 17.539782409667968, 17.383020104980467, 17.441841049194338, 17.409382598876952, 17.408330081176757, 17.223742935180663, 17.2192337890625, 17.222556021118162, 17.220084204101564, 17.220637951660155, 17.22180199279785, 17.228385943603516, 17.23022794494629, 17.233456158447265, 17.224847409057617, 17.24030069885254, 17.246372747802734, 17.23577159729004, 17.23245916442871, 17.23665326538086, 17.24799417114258, 17.239477783203125, 17.24296403198242, 17.237574377441405, 17.2562904296875, 17.250718371582032, 17.25004067993164]], "train_accs": [[3.0675, 6.765000000000001, 10.095, 12.8075, 14.7425, 16.520000000000003, 18.6975, 20.2025, 22.2625, 23.8575, 25.685000000000002, 27.139999999999997, 28.494999999999997, 30.0375, 30.8225, 32.337500000000006, 33.845, 34.660000000000004, 35.7525, 36.585, 37.55, 38.68, 39.9325, 40.8575, 41.7775, 42.24, 43.364999999999995, 44.4725, 44.769999999999996, 45.7825, 46.7925, 47.2975, 48.0875, 48.8625, 49.7, 50.177499999999995, 50.565000000000005, 51.52250000000001, 52.0525, 52.5725, 53.06999999999999, 54.005, 53.9575, 54.845, 55.25, 55.8875, 56.2825, 56.972500000000004, 57.2275, 57.56, 58.404999999999994, 58.4275, 58.8975, 59.075, 59.760000000000005, 60.3775, 60.660000000000004, 61.195, 61.455000000000005, 61.72, 62.01, 62.5275, 62.46000000000001, 63.11, 63.567499999999995, 63.78, 64.095, 64.1875, 64.75999999999999, 65.1375, 65.4475, 65.64999999999999, 66.0075, 66.29, 66.5025, 66.9525, 67.21249999999999, 67.4275, 67.7225, 67.9775, 68.1825, 71.39999999999999, 72.7925, 73.02, 73.3925, 73.6475, 73.785, 73.5475, 73.8775, 74.18249999999999, 74.265, 74.41, 74.5325, 74.39, 74.56, 74.7675, 74.86749999999999, 74.58, 74.81, 75.165, 75.08749999999999, 75.03999999999999, 75.11]], "valid_accs": [[4.8500000000000005, 7.739999999999999, 11.020000000000001, 13.63, 13.94, 15.770000000000001, 17.49, 18.529999999999998, 20.91, 21.98, 22.919999999999998, 24.44, 25.75, 27.060000000000002, 27.029999999999998, 27.98, 30.18, 30.94, 32.879999999999995, 32.26, 33.73, 35.46, 35.36, 36.04, 36.75, 38.64, 38.080000000000005, 39.11, 39.28, 41.08, 40.93, 42.29, 42.25, 42.64, 42.85, 42.99, 44.01, 44.48, 44.04, 43.71, 45.0, 44.84, 45.11, 45.51, 45.019999999999996, 46.12, 45.96, 45.59, 46.42, 46.17, 47.21, 48.68, 48.64, 46.54, 47.63, 47.96, 47.32, 47.21, 48.35, 48.72, 47.5, 47.79, 48.88, 46.51, 47.54, 47.510000000000005, 47.93, 48.04, 48.28, 45.06, 47.32, 47.74, 48.9, 48.92, 49.14, 48.4, 46.75, 50.849999999999994, 49.44, 49.51, 49.059999999999995, 55.22, 55.00000000000001, 54.800000000000004, 55.16, 54.99000000000001, 55.25, 54.99000000000001, 55.35, 54.89000000000001, 55.42, 54.410000000000004, 54.65, 54.620000000000005, 55.37, 55.28999999999999, 54.81, 54.99000000000001, 54.99000000000001, 55.269999999999996, 55.1, 54.94, 55.00000000000001]],