{"config": {"train_options": {"learning_rate": 0.05, "optimizer": "SGD", "batch_size": 128, "number_of_epochs": 300, "loss_parameters": {"temperature": 10, "distillation_type": "FILTER", "alpha": 0.5, "beta": 0.3}}}, "results": {"train_losses": [[2.8214928886413575, 2.701477437210083, 2.6493315002441404, 2.6128283638000487, 2.5757786502838136, 2.542384329223633, 2.5213841453552246, 2.5041433235168458, 2.4867598678588867, 2.475375714111328, 2.4644521476745607, 2.4572630825042725, 2.450401270675659, 2.44801714553833, 2.4430257041931154, 2.4428100730895994, 2.441684724807739, 2.436457269668579, 2.437077713775635, 2.435015898513794, 2.4328252906799315, 2.4331480403900145, 2.429899731826782, 2.428365618896484, 2.4275411254882813, 2.4260993156433104, 2.4219015632629395, 2.4211671661376952, 2.4212556289672853, 2.41659861907959, 2.413652719116211, 2.412023595428467]], "valid_losses": [[2.7666573020935057, 2.703309714889526, 2.66688920211792, 2.6934168754577636, 2.621056694793701, 2.649818087768555, 2.564532369995117, 2.563705497741699, 2.5392276885986327, 2.5506586570739747, 2.5417106670379637, 2.5297369487762453, 2.541376919174194, 2.5813577297210695, 2.5744059310913086, 2.534047367477417, 2.569669565963745, 2.5613012130737305, 2.5831023349761963, 2.5564698917388915, 2.566990117645264, 2.5718495227813722, 2.6264598678588866, 2.603376454925537, 2.610802798461914, 2.6128771453857422, 2.6214856731414793, 2.6345309978485107, 2.621455393600464, 2.631351343154907, 2.622570642852783, 2.612130725479126]], "train_accs": [[6.3375, 12.975, 17.822499999999998, 21.8875, 25.88, 29.5875, 32.642500000000005, 35.25, 37.9975, 40.387499999999996, 42.7375, 44.7275, 46.72, 48.167500000000004, 49.815, 50.849999999999994, 52.01, 53.625, 54.254999999999995, 55.184999999999995, 56.4575, 57.2125, 58.0925, 59.137499999999996, 59.86, 60.29750000000001, 61.272499999999994, 61.9625, 62.370000000000005, 63.11750000000001, 63.849999999999994, 64.14999999999999]], "valid_accs": [[9.42, 14.580000000000002, 18.88, 20.26, 24.79, 26.33, 31.91, 34.07, 36.75, 37.5, 40.08, 41.11, 41.92, 41.449999999999996, 43.480000000000004, 45.95, 45.71, 46.660000000000004, 46.23, 48.63, 48.72, 49.730000000000004, 47.25, 48.52, 48.99, 49.53, 49.74, 49.51, 50.480000000000004, 50.49, 51.32, 52.49]], "train_times": [[120.3374342918396, 121.25525116920471, 122.03645920753479, 121.47045516967773, 121.39153027534485, 122.90277075767517, 121.66339755058289, 121.49993586540222, 120.3004858493805, 120.80509305000305, 121.78489875793457, 120.93991947174072, 122.6925401687622, 123.49131464958191, 121.64437246322632, 120.2600302696228, 121.87911820411682, 120.978276014328, 122.03485441207886, 120.97715401649475, 124.24242615699768, 120.8099377155304, 121.00191164016724, 122.63969731330872, 121.10686469078064, 121.23134922981262, 121.11226034164429, 122.90978980064392, 121.54518842697144, 122.48791313171387, 122.36098670959473, 124.56526851654053]], "valid_times": [[23.130059957504272, 23.69058656692505, 23.002599477767944, 23.19516682624817, 23.286572456359863, 23.49335241317749, 23.53731417655945, 23.24421787261963, 23.209604263305664, 23.551034927368164, 23.49882960319519, 23.891008377075195, 23.458651542663574, 23.753414154052734, 23.41534662246704, 23.04390001296997, 23.40779399871826, 23.36151957511902, 23.329851150512695, 24.581611156463623, 22.876772165298462, 23.380410194396973, 23.61670160293579, 23.21158528327942, 23.350627899169922, 23.324435710906982, 23.248964548110962, 23.531078577041626, 23.439096927642822, 23.143543004989624, 23.451452255249023, 23.29098153114319]], "test_accuracy": 53.26, "convergence_iteration": 32}}