{"config": {"train_options": {"learning_rate": 0.01, "optimizer": "SGD", "batch_size": 128, "number_of_epochs": 300, "loss_parameters": {"temperature": 5, "distillation_type": "FILTER", "alpha": 0.4, "beta": 0.7}}}, "results": {"train_losses": [[57.34487876586914, 57.35553572998047, 57.37843704833984, 57.412380133056644, 57.451796618652345, 57.493445690917966, 57.53546084594726, 57.578946801757816, 57.62100110473633, 57.66356669921875, 57.706053515625, 57.74631016845703, 57.78746706542969, 57.82702365722656, 57.86651369628906, 57.904499737548825, 57.94352734985352, 57.98099692382812, 58.017854370117185, 58.0553903137207, 58.09317272338867]], "valid_losses": [[57.34548173217773, 57.36372380981445, 57.3942743347168, 57.43391173706055, 57.474644860839845, 57.518896002197266, 57.5604344909668, 57.60450280761719, 57.64814886474609, 57.6884311706543, 57.733837054443356, 57.77429364013672, 57.8149555847168, 57.857521875, 57.897228594970706, 57.9377375793457, 57.97766538085938, 58.01647621459961, 58.059621868896485, 58.08776299438477, 58.128919470214846]], "train_accs": [[2.935, 5.505, 8.2325, 10.0675, 11.045, 12.345, 13.635, 14.527499999999998, 15.512500000000001, 16.634999999999998, 17.669999999999998, 18.6525, 19.689999999999998, 20.7175, 21.5775, 22.68, 23.7025, 24.6025, 25.629999999999995, 26.6075, 27.402500000000003]], "valid_accs": [[3.92, 6.38, 9.370000000000001, 10.94, 11.959999999999999, 13.05, 14.06, 15.03, 15.75, 16.869999999999997, 17.66, 18.78, 19.64, 20.49, 21.37, 22.54, 22.97, 23.5, 24.46, 26.229999999999997, 26.939999999999998]], "train_times": [[47.87477254867554, 48.34556841850281, 47.86496901512146, 47.92221784591675, 48.27716517448425, 47.88118124008179, 48.16513442993164, 48.12441039085388, 47.905516147613525, 47.85146427154541, 48.41214036941528, 48.10174345970154, 48.09801244735718, 47.93410873413086, 47.90308976173401, 47.855724811553955, 48.149309396743774, 47.88267469406128, 47.95164489746094, 47.845085859298706, 47.80712962150574]], "valid_times": [[9.378565073013306, 9.410511255264282, 9.392028093338013, 9.438516855239868, 9.500001192092896, 9.413508892059326, 9.40007495880127, 9.455508947372437, 9.40702486038208, 9.393001317977905, 9.395999908447266, 9.476393461227417, 9.41902780532837, 9.42151427268982, 9.396999597549438, 9.415520429611206, 9.410516262054443, 9.516518354415894, 9.418031930923462, 9.406002759933472, 9.359032392501831]], "test_accuracy": 27.07, "convergence_iteration": 21}}