{"config": {"train_options": {"learning_rate": 0.005, "optimizer": "SGD", "batch_size": 128, "number_of_epochs": 300, "loss_parameters": {"temperature": 10, "distillation_type": "FILTER", "alpha": 0.9, "beta": 0.7}}}, "results": {"train_losses": [[55.8995650756836, 55.9252751953125, 55.9537384765625, 55.982214208984374, 56.01121268310547, 56.04035299682617, 56.06919348754883, 56.09798590698242, 56.12686874389649, 56.155281976318356, 56.18375985107422, 56.21210509033203, 56.240522503662106, 56.26875203857422, 56.29676243286133, 56.324522662353516, 56.35254219970703, 56.3802725402832, 56.408071746826174, 56.4353967956543, 56.46296709594726]], "valid_losses": [[55.91149819946289, 55.93853002319336, 55.966940826416014, 55.99605319824219, 56.02487742919922, 56.05414390258789, 56.08321444091797, 56.111188299560546, 56.14010232543945, 56.16884686889649, 56.19728454589844, 56.22572368164062, 56.253941955566404, 56.28213444213867, 56.31010596313477, 56.33800927734375, 56.36562633056641, 56.39332077636719, 56.42112449951172, 56.448705981445315, 56.47655411987305]], "train_accs": [[0.9650000000000001, 1.1925, 1.76, 1.9349999999999998, 1.9775, 2.1825, 2.5149999999999997, 2.75, 3.055, 3.5125, 3.9600000000000004, 4.35, 4.5325, 4.7375, 4.855, 5.050000000000001, 5.25, 5.355, 5.3475, 5.5875, 5.6775]], "valid_accs": [[1.09, 1.3299999999999998, 1.7399999999999998, 1.91, 2.16, 2.23, 2.5700000000000003, 2.83, 3.1399999999999997, 3.95, 4.2299999999999995, 4.66, 4.7, 4.79, 5.09, 4.89, 5.4, 5.2, 5.29, 5.43, 5.59]], "train_times": [[198.05549383163452, 199.3607108592987, 199.85256481170654, 199.82901310920715, 198.94960260391235, 200.92239928245544, 198.82585859298706, 198.87139058113098, 200.8908772468567, 197.8774061203003, 199.34844398498535, 199.99181032180786, 199.1832399368286, 199.46177577972412, 200.3770890235901, 199.44416975975037, 198.89340114593506, 198.3284511566162, 198.53866982460022, 196.15450859069824, 199.7766354084015]], "valid_times": [[46.940441370010376, 47.98197340965271, 46.645167112350464, 46.96363568305969, 45.79466962814331, 46.68792200088501, 46.16723322868347, 47.3939163684845, 47.05261039733887, 47.1091194152832, 46.81776714324951, 46.786317348480225, 47.75265145301819, 46.69832444190979, 47.471136808395386, 46.08904838562012, 46.497196197509766, 47.176608085632324, 47.07858371734619, 47.273704528808594, 47.28706216812134]], "test_accuracy": 5.63, "convergence_iteration": 21}}