{"config": {"train_options": {"learning_rate": 0.01, "optimizer": "SGD", "batch_size": 128, "number_of_epochs": 300, "loss_parameters": {"temperature": 15, "distillation_type": "FILTER", "alpha": 0.9, "beta": 0.7}}}, "results": {"train_losses": [[5.563977401733398, 5.5884207847595215, 5.616010958862304, 5.6441569427490235, 5.671992318725586, 5.699659422302246, 5.727016610717773, 5.754217472839356, 5.780980651855469, 5.807656497955322, 5.8340129463195805, 5.860051694488526, 5.885758271789551, 5.911160585784912, 5.936259075164795, 5.960912673950196, 5.985219848632813, 6.009522161102295, 6.033565349578858, 6.057568078613281, 6.081153942871094]], "valid_losses": [[5.5752046875, 5.602208756256103, 5.630316157531738, 5.65830354309082, 5.686082466125488, 5.7136576477050784, 5.740920965576172, 5.767918595886231, 5.7947257743835445, 5.821188902282715, 5.847396138000488, 5.873439308166504, 5.89877919921875, 5.924065441131591, 5.9488463249206545, 5.973239430999756, 5.997537962341308, 6.021610238647461, 6.045733032989502, 6.069402856445312, 6.093086045837403]], "train_accs": [[1.2, 2.0175, 2.4025000000000003, 2.8525, 3.225, 3.5575, 3.9350000000000005, 4.1975, 4.5725, 4.93, 5.4625, 5.805, 6.365, 6.3950000000000005, 6.88, 7.012500000000001, 7.53, 8.007499999999999, 8.2875, 8.825, 9.354999999999999]], "valid_accs": [[1.71, 2.11, 2.4299999999999997, 2.96, 3.3000000000000003, 3.65, 4.02, 4.05, 4.47, 5.01, 5.79, 5.76, 5.7, 6.47, 6.87, 7.049999999999999, 7.430000000000001, 8.0, 8.39, 9.06, 9.2]], "train_times": [[121.48405051231384, 121.62616491317749, 122.44242596626282, 121.32500076293945, 121.9035131931305, 123.91072964668274, 122.14009380340576, 121.75318241119385, 122.45887327194214, 121.88596630096436, 121.69639873504639, 122.6356840133667, 121.92612361907959, 122.2265305519104, 121.98057460784912, 122.46573758125305, 122.66157150268555, 122.24030423164368, 120.79913353919983, 123.64508938789368, 121.76096153259277]], "valid_times": [[23.882750988006592, 23.58261251449585, 23.59250521659851, 23.342692136764526, 23.615889072418213, 23.6704261302948, 23.437950611114502, 23.656750202178955, 23.769168853759766, 23.69070601463318, 23.900174856185913, 23.76449942588806, 23.87186884880066, 23.681294918060303, 23.465559482574463, 23.791013717651367, 23.4584641456604, 23.76222825050354, 23.526265144348145, 23.921531438827515, 23.65350365638733]], "test_accuracy": 9.77, "convergence_iteration": 21}}