{"config": {"train_options": {"learning_rate": 0.005, "optimizer": "SGD", "batch_size": 128, "number_of_epochs": 300, "loss_parameters": {"temperature": 10, "distillation_type": "FILTER", "alpha": 0.2, "beta": 0.8}}}, "results": {"train_losses": [[8.246669396972656, 8.243008294677734, 8.242831387329101, 8.245683543395996, 8.246676496887208, 8.247332362365723, 8.250544639587403, 8.256487544250488, 8.263103790283203, 8.270354075622558, 8.278035768127442, 8.286367262268067, 8.295193763732911, 8.30452551727295, 8.313780989074708, 8.323490257263183, 8.332463249206542, 8.34259896850586, 8.352578140258789, 8.362803176879883, 8.372964765930176]], "valid_losses": [[8.24250153503418, 8.243680738830566, 8.24507885284424, 8.247027459716797, 8.245636672973633, 8.247775987243653, 8.25366104736328, 8.260998629760742, 8.267333908081055, 8.274319505310059, 8.283464709472657, 8.292735548400879, 8.302273638916015, 8.314632513427734, 8.32375054321289, 8.334706616210937, 8.345684739685058, 8.35270885772705, 8.36865828552246, 8.375593890380859, 8.383866159057618]], "train_accs": [[1.4575, 2.71, 3.605, 4.8625, 5.82, 6.8425, 7.7225, 8.5425, 9.5025, 10.25, 11.067499999999999, 11.7025, 12.23, 12.809999999999999, 13.4975, 14.045, 14.5925, 15.2725, 15.73, 16.2675, 16.88]], "valid_accs": [[1.8900000000000001, 3.18, 4.2700000000000005, 5.2299999999999995, 6.12, 7.23, 8.06, 8.72, 9.629999999999999, 10.54, 11.35, 12.17, 12.67, 12.44, 13.530000000000001, 13.59, 14.31, 14.829999999999998, 14.97, 15.8, 16.77]], "train_times": [[123.72433853149414, 122.98271894454956, 122.86180448532104, 123.39885306358337, 123.05377244949341, 123.27910876274109, 124.01460671424866, 122.25837516784668, 122.94198203086853, 123.01553583145142, 124.4080114364624, 122.37515664100647, 124.36552333831787, 121.58426856994629, 122.74232769012451, 123.28657865524292, 123.55900931358337, 122.23413801193237, 121.68472671508789, 122.81926584243774, 122.7764356136322]], "valid_times": [[23.36452078819275, 23.273006916046143, 23.47245168685913, 23.401097536087036, 23.01268768310547, 23.416107416152954, 23.354310512542725, 23.71760082244873, 23.29841685295105, 23.5785551071167, 23.37616729736328, 23.63107132911682, 23.469505548477173, 23.471917390823364, 23.304859399795532, 23.304060697555542, 23.41852641105652, 23.58538818359375, 23.71664571762085, 23.575178146362305, 23.660016536712646]], "test_accuracy": 16.919999999999998, "convergence_iteration": 21}}