{"config": {"train_options": {"learning_rate": 0.01, "optimizer": "SGD", "batch_size": 128, "number_of_epochs": 300, "loss_parameters": {"temperature": 5, "distillation_type": "FILTER", "alpha": 0.4, "beta": 0.2}}}, "results": {"train_losses": [[17.43039285888672, 17.230785635375977, 17.146648849487306, 17.084518142700194, 17.034895587158204, 16.985168280029296, 16.934577572631834, 16.887700942993163, 16.841860067749025, 16.799539346313477, 16.75894669799805, 16.725845013427733, 16.69462398376465, 16.663196228027342, 16.637979080200196, 16.61101704406738, 16.587399322509764, 16.56570544128418, 16.543333883666993, 16.522739303588867, 16.501548065185546, 16.480782791137695, 16.46402738647461, 16.448065618896486, 16.43139507141113, 16.415352905273437, 16.401469592285157, 16.390381143188478, 16.372619763183593, 16.358003491210937, 16.34581177368164, 16.334939129638673, 16.321223843383788, 16.309300897216797, 16.299878384399413, 16.287806268310547, 16.27748047180176, 16.265730462646484, 16.258413400268555, 16.244838778686525, 16.238712356567383, 16.226964270019533, 16.21391533203125, 16.20642555847168, 16.196626986694337, 16.186463134765624, 16.177348808288574, 16.168239892578125, 16.15702563934326, 16.14772647857666, 16.141740995788574, 16.13146802215576, 16.12458761138916, 16.11463625488281, 16.103692750549317, 16.09566832733154, 16.08599517364502, 16.07998101348877, 16.069237968444824, 16.059068379211425, 16.04889518737793, 16.04609878845215, 16.032890324401855, 16.023812994384766, 16.015915061950682, 16.007366801452637, 15.996224317932128, 15.989507824707031, 15.979120957946778, 15.969147073364258, 15.95934193572998, 15.955851458740234, 15.943438957214356, 15.929099786376954, 15.927447671508789, 15.914718159484863, 15.906062661743164, 15.898117613220215, 15.889326506042481, 15.883671138000489, 15.872061636352539, 15.812074855041503, 15.784559466552734, 15.779921255493164, 15.774717288208008, 15.771637521362305, 15.769503530883789, 15.768870559692383, 15.765518901062011, 15.768942419433595, 15.766507154846192, 15.767923251342774, 15.76512582244873, 15.762828337097169, 15.763668664550782, 15.764543780517577, 15.763382125854493, 15.763023397827148, 15.764232762145996, 15.76386747894287, 15.761901651000976, 15.761758549499511, 15.762675746154786, 15.762646461486817, 15.760339874267578]], "valid_losses": [[17.29500348815918, 17.180912979125978, 17.114468377685547, 17.073878747558595, 17.03708309020996, 17.00225750427246, 16.940507040405272, 16.904642532348632, 16.852716864013672, 16.82122699279785, 16.792316958618166, 16.765426135253907, 16.746249752807618, 16.722885565185546, 16.715721832275392, 16.69917555847168, 16.655088186645507, 16.63895985107422, 16.643703314208985, 16.640570483398438, 16.608573950195314, 16.59095690612793, 16.582186459350584, 16.588293362426757, 16.606560720825197, 16.57816821899414, 16.555763366699217, 16.544124185180664, 16.581705154418945, 16.580638748168944, 16.549803497314453, 16.49823101501465, 16.516065600585936, 16.500817736816405, 16.50522875366211, 16.496893740844726, 16.496037368774413, 16.50490065612793, 16.470274850463866, 16.475740460205078, 16.47900283508301, 16.470225158691406, 16.44808179321289, 16.438814074707032, 16.45269075317383, 16.466893954467775, 16.467987521362303, 16.433083444213867, 16.479591613769532, 16.445446771240235, 16.45828247680664, 16.43735464477539, 16.422347457885742, 16.432622744750976, 16.444159756469727, 16.423844723510744, 16.467596252441407, 16.46713572998047, 16.451181433105468, 16.453057904052734, 16.430769580078124, 16.434031872558595, 16.471825186157226, 16.403076010131837, 16.42391826171875, 16.414648635864257, 16.435665090942383, 16.389639291381837, 16.409337509155275, 16.40741430969238, 16.431940533447264, 16.452465060424803, 16.44810382080078, 16.442158743286132, 16.40046893310547, 16.389233209228514, 16.418296875, 16.373057482910156, 16.40824300842285, 16.418682803344726, 16.411359182739258, 16.242720532226564, 16.240030325317385, 16.242571298217772, 16.237018756103517, 16.2436922454834, 16.245057208251954, 16.248236978149414, 16.252788015747072, 16.255285369873047, 16.25460758972168, 16.265739266967774, 16.259517102050783, 16.25586810913086, 16.270904748535155, 16.267068017578126, 16.26867282714844, 16.273443380737305, 16.274076522827148, 16.27805428466797, 16.268889498901366, 16.284573416137697, 16.285820526123047, 16.29577700805664, 16.292869076538086]], "train_accs": [[3.7975000000000003, 8.425, 11.645, 14.147499999999999, 16.3625, 18.5325, 20.835, 22.8375, 24.68, 26.642500000000002, 28.517500000000002, 30.4875, 31.8075, 33.6625, 34.96, 36.4475, 38.16, 38.9975, 40.305, 41.415, 42.66, 43.6675, 44.535000000000004, 45.7125, 46.4025, 47.6275, 48.335, 49.1075, 49.9375, 50.91, 51.39, 52.085, 53.02, 53.644999999999996, 54.252500000000005, 54.8875, 55.35, 55.927499999999995, 56.557500000000005, 57.1975, 57.2875, 58.052499999999995, 58.9325, 59.3225, 59.8025, 60.150000000000006, 60.4025, 60.9375, 61.4, 62.0575, 62.2925, 62.81, 63.00750000000001, 63.4625, 63.9575, 64.3525, 64.7725, 64.97500000000001, 65.345, 65.77499999999999, 66.16499999999999, 66.13, 66.2925, 67.01, 67.15, 67.4925, 68.11, 68.155, 68.64, 69.025, 69.17999999999999, 69.3025, 69.745, 70.2975, 69.84, 70.71499999999999, 70.565, 70.95, 71.0125, 71.1025, 71.5425, 75.3525, 76.9675, 77.49000000000001, 77.9025, 77.9125, 78.3025, 78.3975, 78.6275, 78.705, 78.8575, 78.915, 79.03750000000001, 79.27499999999999, 79.43, 79.42, 79.55499999999999, 79.57499999999999, 79.71000000000001, 79.655, 79.9225, 80.075, 80.0625, 80.2225, 80.3025]], "valid_accs": [[5.93, 10.290000000000001, 12.53, 14.330000000000002, 16.04, 18.08, 20.62, 22.32, 24.21, 25.990000000000002, 27.63, 28.349999999999998, 29.81, 30.930000000000003, 31.929999999999996, 32.59, 34.73, 35.510000000000005, 35.839999999999996, 36.32, 38.11, 38.78, 38.91, 38.85, 38.7, 40.089999999999996, 41.13, 42.24, 40.489999999999995, 41.06, 42.55, 45.34, 43.8, 45.03, 45.31, 45.5, 45.379999999999995, 45.1, 47.21, 46.650000000000006, 46.800000000000004, 46.6, 48.339999999999996, 48.96, 48.620000000000005, 47.74, 48.11, 49.419999999999995, 47.839999999999996, 49.230000000000004, 49.11, 49.65, 50.029999999999994, 49.63, 49.61, 50.239999999999995, 48.92, 49.51, 49.55, 49.519999999999996, 50.2, 50.64999999999999, 48.93, 51.629999999999995, 50.21, 50.55, 50.27, 51.13999999999999, 51.06, 51.11, 49.81, 49.559999999999995, 50.349999999999994, 50.1, 50.239999999999995, 51.28, 50.51, 51.949999999999996, 50.33, 50.870000000000005, 50.449999999999996, 56.05, 55.800000000000004, 56.220000000000006, 56.61000000000001, 56.13, 56.64, 56.410000000000004, 56.489999999999995, 56.56, 56.21000000000001, 55.97, 56.44, 56.84, 56.43, 56.089999999999996, 56.14, 56.489999999999995, 56.52, 56.63, 56.87, 56.620000000000005, 56.230000000000004, 55.87, 56.56]],