{"config": {"train_options": {"learning_rate": 0.005, "optimizer": "SGD", "batch_size": 128, "number_of_epochs": 300, "loss_parameters": {"temperature": 5, "distillation_type": "FILTER", "alpha": 0.6, "beta": 0.4}}}, "results": {"train_losses": [[3.883703429412842, 3.856466138458252, 3.836227994155884, 3.809122760772705, 3.7889784770965576, 3.774050551223755, 3.7621822624206542, 3.7493873638153077, 3.7429389148712158, 3.734858644104004, 3.7312003963470457, 3.7274530055999757, 3.7253439708709717, 3.724293400192261, 3.7225901485443114, 3.7207980884552003, 3.7191765827178953, 3.7177642959594728, 3.7167461891174316, 3.7120717674255372, 3.7130185554504394, 3.709690599822998, 3.7068373958587646, 3.7054725212097166, 3.7034619510650635, 3.7008834999084472, 3.6993149833679198, 3.6973057876586912, 3.695411365890503, 3.696365016555786, 3.693439151763916, 3.6934815212249754, 3.693906381225586, 3.6931720417022706, 3.6924930686950685, 3.6933109489440916, 3.6931270275115966, 3.692443899154663, 3.693500736618042, 3.6946366706848144, 3.693279959487915, 3.695623002243042, 3.6965882965087893]], "valid_losses": [[3.8573806957244874, 3.8384894916534424, 3.8191621143341066, 3.7906884021759035, 3.7728007350921633, 3.7616855979919435, 3.74993913192749, 3.743940168762207, 3.7333671646118165, 3.732570266342163, 3.7277294078826904, 3.726375289916992, 3.7247769603729246, 3.7235269680023193, 3.7205605251312255, 3.7186512828826905, 3.724836421585083, 3.717164410018921, 3.713505199813843, 3.718483570098877, 3.7148383964538576, 3.71306821975708, 3.7077803833007814, 3.7160295112609862, 3.718138782501221, 3.7114082958221437, 3.7092617649078368, 3.7172531982421875, 3.717808730697632, 3.7243142272949217, 3.7225662704467775, 3.7096045478820803, 3.7147218887329103, 3.71857922744751, 3.723319324493408, 3.729789682769775, 3.7199690273284913, 3.7364889804840087, 3.7318498588562012, 3.74419941444397, 3.7258766578674316, 3.73606476020813, 3.7407794506072998]], "train_accs": [[2.13, 3.81, 5.2525, 6.755, 8.512500000000001, 9.86, 11.01, 12.0825, 12.870000000000001, 13.772499999999999, 14.540000000000001, 15.285000000000002, 15.93, 16.55, 17.3175, 17.86, 18.645, 19.2775, 19.8975, 20.752499999999998, 21.337500000000002, 22.2425, 22.9175, 23.5325, 24.44, 24.9175, 25.724999999999998, 26.2625, 26.86, 27.615000000000002, 28.305000000000003, 28.757500000000004, 29.13, 29.675, 30.25, 30.925000000000004, 31.4525, 32.027499999999996, 32.6125, 32.982499999999995, 33.555, 34.085, 34.489999999999995]], "valid_accs": [[2.9000000000000004, 4.859999999999999, 6.0, 8.15, 9.87, 10.639999999999999, 11.76, 12.53, 13.100000000000001, 13.96, 14.499999999999998, 15.39, 16.37, 16.41, 17.5, 18.55, 17.990000000000002, 19.52, 20.21, 20.65, 21.37, 22.509999999999998, 22.23, 22.28, 22.64, 24.27, 24.79, 24.43, 24.990000000000002, 25.069999999999997, 26.529999999999998, 27.49, 27.61, 27.810000000000002, 27.85, 28.7, 29.81, 28.89, 29.310000000000002, 29.37, 30.930000000000003, 31.11, 31.72]], "train_times": [[122.88143610954285, 122.8967535495758, 124.80153512954712, 121.76377511024475, 123.39600610733032, 121.99061155319214, 124.38710308074951, 124.33064413070679, 123.71340918540955, 124.76890301704407, 121.81567192077637, 124.75775074958801, 122.42684435844421, 123.391606092453, 122.68285822868347, 123.8857069015503, 121.55177927017212, 124.53863000869751, 122.6422369480133, 123.43177652359009, 124.2400758266449, 123.79896855354309, 124.64380192756653, 123.33424258232117, 123.59119439125061, 122.1767942905426, 123.94630146026611, 124.2696533203125, 123.17026424407959, 123.04603981971741, 124.0231442451477, 123.33245730400085, 123.00030732154846, 124.28513193130493, 123.87929487228394, 125.07072305679321, 122.61507248878479, 123.53230571746826, 123.29130625724792, 124.37483859062195, 123.88195252418518, 123.23270916938782, 123.09448862075806]], "valid_times": [[23.608752965927124, 23.415685415267944, 23.458855867385864, 23.950940370559692, 24.097896099090576, 24.195900678634644, 23.75632119178772, 23.64872145652771, 23.33072304725647, 24.36060667037964, 24.000541925430298, 24.004974603652954, 24.00912570953369, 23.638121843338013, 23.451857566833496, 23.703803300857544, 23.525075912475586, 24.339470624923706, 25.073807954788208, 23.880542516708374, 23.189885139465332, 23.81048893928528, 23.622397899627686, 23.374813556671143, 23.214939832687378, 23.7953999042511, 23.241764783859253, 23.426329851150513, 23.36644983291626, 23.53028631210327, 24.122780323028564, 24.612884044647217, 23.5819730758667, 23.517488718032837, 23.607970476150513, 24.16784358024597, 24.23362135887146, 23.46595811843872, 23.763407230377197, 23.398205518722534, 23.43225359916687, 23.349788665771484, 23.558732509613037]], "test_accuracy": 31.59, "convergence_iteration": 43}}