{"config": {"train_options": {"learning_rate": 0.05, "optimizer": "SGD", "batch_size": 128, "number_of_epochs": 300, "loss_parameters": {"temperature": 20, "distillation_type": "FILTER", "alpha": 0.9, "beta": 0.5}}}, "results": {"train_losses": [[38.87728643798828, 39.07398381958008, 39.263438763427736, 39.44792502441406, 39.6267053100586, 39.799210321044924, 39.965473510742186, 40.12567622070313, 40.28016854858399, 40.4289536743164, 40.57230049438476, 40.710025610351565, 40.84260809326172, 40.9700359375, 41.09286306762695, 41.21097651977539, 41.32487180786133, 41.43450601196289, 41.5408315612793, 41.64263780517578, 41.7411767578125]], "valid_losses": [[38.97614747924805, 39.16952785644531, 39.35742531738281, 39.539426684570316, 39.715705358886716, 39.88539185791016, 40.04985733032227, 40.205387762451174, 40.358365441894534, 40.50338973999023, 40.64559934082031, 40.78143314819336, 40.91104051513672, 41.03948922729492, 41.15991329345703, 41.276315051269535, 41.3872368774414, 41.49432496337891, 41.604339367675784, 41.699228527832034, 41.79759625854492]], "train_accs": [[3.1975000000000002, 5.7775, 8.1, 10.0175, 11.6825, 13.485, 15.079999999999998, 16.29, 17.447499999999998, 19.0975, 20.51, 21.404999999999998, 23.085, 24.365000000000002, 25.885, 27.0075, 28.2775, 29.799999999999997, 30.615, 31.9625, 32.8775]], "valid_accs": [[5.04, 7.23, 9.46, 10.51, 12.31, 13.489999999999998, 15.120000000000001, 16.6, 17.72, 19.040000000000003, 19.85, 20.97, 22.71, 22.68, 24.55, 24.990000000000002, 26.1, 27.6, 26.35, 29.82, 29.84]], "train_times": [[47.64351487159729, 47.653000354766846, 47.640663862228394, 47.61857295036316, 47.65359282493591, 47.61455965042114, 47.63110589981079, 47.63510727882385, 47.65859270095825, 47.64857864379883, 47.68460202217102, 47.658552169799805, 47.654088258743286, 47.640586853027344, 47.66557168960571, 47.71767520904541, 47.66499900817871, 47.65299987792969, 47.667001485824585, 47.65099811553955, 47.65002489089966]], "valid_times": [[9.373002052307129, 9.37300157546997, 9.377002239227295, 9.37200117111206, 9.384002447128296, 9.388000726699829, 9.379002571105957, 9.387516021728516, 9.379000425338745, 9.403000831604004, 9.386000633239746, 9.403001546859741, 9.412999868392944, 9.400001764297485, 9.38600206375122, 9.380001306533813, 9.38258171081543, 9.384000539779663, 9.388998031616211, 9.398001432418823, 9.395002126693726]], "test_accuracy": 30.130000000000003, "convergence_iteration": 21}}