{"config": {"train_options": {"learning_rate": 0.05, "optimizer": "SGD", "batch_size": 128, "number_of_epochs": 300, "loss_parameters": {"temperature": 10, "distillation_type": "FILTER", "alpha": 0.6, "beta": 0.5}}}, "results": {"train_losses": [[40.29817412109375, 40.38686416015625, 40.49621488647461, 40.59617330932617, 40.6881109375, 40.77894242553711, 40.865920208740235, 40.94913815917969, 41.02559920043945, 41.100428625488284, 41.17126866455078, 41.23669085083008, 41.3001634765625, 41.36078895874024, 41.41918157348633, 41.474370294189455, 41.52682373657227, 41.57769556884766, 41.62423502807617, 41.66742992553711, 41.71050789794922]], "valid_losses": [[40.338081018066404, 40.451933990478516, 40.564164166259765, 40.65942630004883, 40.752562634277346, 40.84821448364258, 40.93520549316406, 41.03933090209961, 41.09475462036133, 41.16617222290039, 41.2464637878418, 41.319904193115235, 41.393647369384766, 41.467286547851565, 41.50172818603516, 41.564902087402345, 41.61366129150391, 41.69020889282226, 41.713259588623046, 41.774376098632814, 41.80601947021484]], "train_accs": [[4.885, 11.057500000000001, 15.232499999999998, 19.335, 22.975, 26.1575, 29.345, 32.1925, 34.862500000000004, 37.045, 39.074999999999996, 40.915, 42.809999999999995, 44.515, 45.97, 47.2725, 48.5075, 49.975, 50.480000000000004, 52.11, 52.78]], "valid_accs": [[7.5600000000000005, 12.44, 15.06, 19.23, 23.22, 25.2, 28.34, 28.360000000000003, 32.65, 34.71, 35.17, 35.980000000000004, 37.55, 37.41, 40.71, 40.96, 42.39, 41.25, 44.32, 43.55, 45.379999999999995]], "train_times": [[47.73497486114502, 47.6857807636261, 47.716951847076416, 47.741010904312134, 47.722567558288574, 47.6890594959259, 47.70103693008423, 47.69899845123291, 47.7090220451355, 47.72353649139404, 47.69300889968872, 47.692036628723145, 47.72646880149841, 47.68651103973389, 47.70799779891968, 47.70647406578064, 47.71751070022583, 47.71000075340271, 47.70351004600525, 47.70550084114075, 47.70499515533447]], "valid_times": [[9.427194833755493, 9.403202772140503, 9.400164127349854, 9.398202896118164, 9.423608779907227, 9.41700029373169, 9.397003889083862, 9.409000873565674, 9.398545503616333, 9.39353060722351, 9.415518760681152, 9.415018558502197, 9.405003786087036, 9.39500379562378, 9.408008575439453, 9.398003578186035, 9.400003910064697, 9.416000127792358, 9.408000946044922, 9.396003723144531, 9.395004749298096]], "test_accuracy": 46.739999999999995, "convergence_iteration": 21}}