{"config": {"train_options": {"learning_rate": 0.01, "optimizer": "SGD", "batch_size": 128, "number_of_epochs": 300, "loss_parameters": {"temperature": 20, "distillation_type": "FILTER", "alpha": 0.4, "beta": 0.4}}}, "results": {"train_losses": [[33.03342452392578, 32.92053729858399, 32.86691812744141, 32.84182835083008, 32.82709709472656, 32.816177325439455, 32.80034513549805, 32.783027960205075, 32.76527355957031, 32.75167814331055, 32.740275103759764, 32.72631256103516, 32.71861467895508, 32.712788610839844, 32.70952440185547, 32.70434810791016, 32.70054111328125, 32.70006544189453, 32.699139666748046, 32.697126953125, 32.69729689331054, 32.696237561035154, 32.69758960571289, 32.695620129394534, 32.69749927368164, 32.70010883178711, 32.70233365478516, 32.70296027832031, 32.704283825683596, 32.7067342163086, 32.70985681762696, 32.71140142211914, 32.716252838134764, 32.71674475097656, 32.71915421142578, 32.7207337097168, 32.72572308959961, 32.72775981445312, 32.73173702392578]], "valid_losses": [[32.96245279541016, 32.89896638183594, 32.861620025634764, 32.866915264892576, 32.84024353637695, 32.83103370361328, 32.80718101196289, 32.814153356933595, 32.806176062011716, 32.81548804931641, 32.80852658691406, 32.80245082397461, 32.7890232421875, 32.78604240112305, 32.780976171875, 32.79955995483398, 32.79188723754883, 32.804821057128905, 32.7798508605957, 32.810694738769534, 32.8131110168457, 32.81412755126953, 32.812961071777345, 32.820487298583984, 32.81255516357422, 32.82174288330078, 32.81934652099609, 32.83761137695313, 32.83418159179688, 32.84148436889649, 32.838874011230466, 32.85006682739258, 32.86418615722656, 32.86242994995117, 32.864106298828126, 32.87097857055664, 32.89253656616211, 32.88409176025391, 32.898648126220706]], "train_accs": [[3.2625, 7.76, 11.1875, 13.072500000000002, 15.110000000000001, 16.7125, 18.975, 21.0075, 22.925, 24.7025, 26.217499999999998, 28.1, 29.4875, 30.98, 32.5175, 33.7375, 34.8975, 36.0325, 37.7025, 38.545, 39.637499999999996, 40.39, 41.655, 42.69, 43.56, 44.25, 44.9925, 46.050000000000004, 46.67, 47.53, 48.3125, 49.0525, 49.6025, 50.349999999999994, 51.0525, 51.692499999999995, 51.949999999999996, 53.105000000000004, 53.12]], "valid_accs": [[5.89, 9.1, 12.1, 12.790000000000001, 15.89, 17.04, 19.28, 20.01, 21.73, 22.189999999999998, 23.94, 24.83, 27.189999999999998, 28.26, 29.12, 30.320000000000004, 30.79, 31.490000000000002, 33.29, 33.45, 33.54, 34.17, 35.52, 36.41, 37.54, 37.49, 38.940000000000005, 38.76, 39.879999999999995, 40.46, 41.010000000000005, 41.23, 41.38, 41.959999999999994, 43.08, 43.25, 43.2, 44.12, 44.35]], "train_times": [[45.68201661109924, 45.331148624420166, 45.20334577560425, 45.19214749336243, 45.178131103515625, 45.256596326828, 45.34443259239197, 45.21442222595215, 45.182000398635864, 45.44178581237793, 45.46600031852722, 45.35288143157959, 45.218117237091064, 45.28784704208374, 45.24164366722107, 45.21365237236023, 45.37205624580383, 45.287049531936646, 45.21470236778259, 45.320019006729126, 45.32634139060974, 45.17052674293518, 45.17061114311218, 45.63337731361389, 45.20520806312561, 45.65564823150635, 46.36587715148926, 46.379807233810425, 45.41400337219238, 45.90312933921814, 45.20966696739197, 45.40011239051819, 45.58285665512085, 45.20361137390137, 45.209256649017334, 45.187116384506226, 45.19893789291382, 45.331560373306274, 45.19874382019043]], "valid_times": [[9.020558834075928, 8.897014141082764, 8.912009954452515, 8.90453815460205, 8.891288757324219, 8.892458200454712, 8.919411182403564, 8.901009321212769, 8.973816156387329, 8.947587251663208, 8.968034267425537, 8.910028219223022, 8.89900016784668, 8.891009330749512, 8.891683101654053, 8.886019229888916, 8.899999856948853, 8.895009517669678, 8.888020038604736, 9.046813488006592, 8.914999961853027, 8.905009031295776, 8.900999069213867, 8.93700098991394, 8.904000043869019, 9.251551866531372, 9.10302734375, 9.114084959030151, 8.91457486152649, 9.185009241104126, 8.949000597000122, 8.91002607345581, 8.90903091430664, 8.915000200271606, 8.899513244628906, 8.904020309448242, 8.902658700942993, 8.897137880325317, 8.89738416671753]], "test_accuracy": 44.71, "convergence_iteration": 39}}