{"config": {"train_options": {"learning_rate": 0.05, "optimizer": "SGD", "batch_size": 128, "number_of_epochs": 300, "loss_parameters": {"temperature": 15, "distillation_type": "FILTER", "alpha": 0.5, "beta": 0.1}}}, "results": {"train_losses": [[0.8137446269989014, 0.6141356945991516, 0.49307421808242796, 0.3780253638267517, 0.28250337295532224, 0.20240313844680785, 0.13148804445266724, 0.07095074863433838, 0.024978718566894532, -0.0185907808303833, -0.05850160026550293, -0.08740016269683838, -0.12013087577819824, -0.14588926982879638, -0.17103667888641358, -0.19351670322418213, -0.2122543155670166, -0.23466448917388916, -0.2477867406845093, -0.2648163562774658, -0.281689719581604, -0.2944151273727417, -0.30990206966400147, -0.3227428159713745, -0.3330787992477417, -0.3465140951156616, -0.35708390789031985, -0.36686858139038087, -0.3745955135345459, -0.38681207847595217, -0.39782309818267825, -0.4058194450378418, -0.4171573711395264, -0.42628428478240965, -0.4318168840408325, -0.4405629644393921, -0.45191099700927734, -0.45473865356445314, -0.4645823318481445, -0.47304558372497557, -0.4796039539337158, -0.48987607040405273, -0.49716234912872315, -0.5020763074874878, -0.5108049726486206, -0.5135828847885132, -0.524874264907837, -0.5263947425842285, -0.5352724744796753, -0.5442076627731324, -0.550030604171753, -0.5545848875045777, -0.5621987726211548, -0.5672610456466675, -0.5727567756652832, -0.582131897354126, -0.5833050384521484, -0.5896538854598999, -0.5986914011001587, -0.6044511468887329, -0.6107727684020996, -0.6122037740707398, -0.6177729982376099, -0.625214882850647, -0.6318391620635986, -0.6348918218612671, -0.6415042314529419, -0.6419232778549194, -0.6490138465881348, -0.6541794212341309, -0.6592127063751221, -0.6648995218276977, -0.665072389793396, -0.6743247911453247, -0.6758603343963623, -0.680809969329834, -0.6865862911224365, -0.687249674987793, -0.6960546232223511, -0.6974672032356262, -0.7025671685218811, -0.7758859232902526, -0.8099557873725891, -0.8182425557136536, -0.8254160524368286, -0.830427810382843, -0.8324466567993164, -0.8353039075851441, -0.8378007837295532, -0.8388399066925049, -0.840709529876709, -0.8423310682296753, -0.8467969461441041, -0.8459295488357544, -0.8439440940856934, -0.8459594516754151, -0.8486249652862549, -0.8460516841888428, -0.8482192861557006, -0.8494048341751098, -0.8494996696472168, -0.8485772361755372, -0.8511418561935424, -0.8477115324020386, -0.8494993553161622]], "valid_losses": [[0.7153684045791626, 0.5842130611419678, 0.4856158098220825, 0.39331701202392577, 0.31279603748321533, 0.2801751331329346, 0.2360909294128418, 0.22438742113113402, 0.1307688247680664, 0.10054994707107544, 0.07786088628768921, 0.0366377498626709, 0.03216700506210327, 0.05418007850646973, 0.03297023963928223, 0.06562062759399415, -0.013007960891723633, -0.00010441360473632813, -0.020307801342010497, -0.0067157724380493165, 0.05337312831878662, -0.00021681137084960937, -0.011592381191253663, -0.027524581718444824, 0.019849310779571534, 0.05377796478271484, -0.0100724271774292, 0.008882883262634277, -0.040217077445983886, -0.003972792625427246, -0.05367122735977173, -0.01280040168762207, 0.0033913615226745606, -0.047685912132263183, -0.060988990116119385, -0.0007823509216308594, -0.030808700370788575, 0.004225013160705567, -0.005641704177856446, -0.07053183040618896, 0.06454875602722168, -0.02444196834564209, 0.019398064517974854, -0.04915730323791504, 0.03937984981536865, -0.06053861093521118, -0.06982826547622681, 0.041350892734527585, -0.06936322803497315, 0.02424176197052002, -0.023339220714569092, -0.059988818359375, -0.017770362949371336, -0.09942198944091797, -0.08171641597747803, -0.11977771530151367, -0.0789667350769043, -0.0587093671798706, -0.09971882705688477, -0.10458681468963624, -0.075323983669281, -0.057807611179351806, -0.020864645767211913, -0.07425440778732299, -0.08928775835037231, -0.13056036911010743, -0.07197340335845948, -0.13290933113098144, -0.020479992866516115, -0.15548005695343017, -0.09101017475128174, -0.05835039691925049, -0.14793110828399658, -0.14360508794784546, -0.10947131395339965, -0.07913238019943238, -0.13310447959899901, -0.14084212217330933, -0.15752193660736083, -0.1738306014060974, -0.11280703573226929, -0.3479080913543701, -0.35063880891799926, -0.35179849367141725, -0.353561927318573, -0.34768964185714724, -0.34443815135955813, -0.3387561243057251, -0.32787089500427247, -0.3164715486526489, -0.3203256416320801, -0.31249708042144775, -0.31693178215026857, -0.3163765552520752, -0.2990153949737549, -0.29700463619232176, -0.2885262741088867, -0.28965707530975343, -0.28087766761779787, -0.28686843700408937, -0.276426816368103, -0.2656019721984863, -0.2620001518249512, -0.2687868532180786, -0.2660151456832886]], "train_accs": [[5.9775, 12.315, 17.580000000000002, 22.607499999999998, 27.0175, 30.7725, 34.475, 37.6525, 40.04, 42.7875, 44.690000000000005, 46.3675, 48.4275, 50.002500000000005, 51.3075, 52.6775, 53.510000000000005, 55.3075, 55.900000000000006, 57.099999999999994, 58.1425, 58.74, 59.79750000000001, 60.3525, 61.1675, 61.765, 62.272499999999994, 62.785000000000004, 63.345, 63.6475, 64.3925, 65.0775, 65.495, 66.11, 66.435, 66.845, 67.3625, 67.54, 67.91, 68.24, 68.43249999999999, 69.075, 69.34, 69.57, 69.9275, 70.0625, 70.6225, 70.535, 70.9275, 71.4975, 71.6425, 71.67, 72.0775, 72.1575, 72.4275, 72.9225, 72.8875, 73.14, 73.52499999999999, 73.9, 73.96249999999999, 73.7025, 74.2675, 74.4025, 74.825, 74.8225, 75.08749999999999, 75.01, 75.265, 75.5425, 75.5675, 75.9, 75.6425, 76.095, 76.0325, 76.305, 76.34, 76.28, 76.9475, 77.035, 77.13, 82.2375, 84.9825, 85.675, 86.29, 86.8225, 87.0475, 87.3925, 87.78, 88.01, 88.3725, 88.53, 88.84, 89.0025, 88.7075, 89.1425, 89.44, 89.265, 89.72, 89.87, 89.97500000000001, 89.9, 90.3925, 90.2475, 90.365]], "valid_accs": [[8.84, 13.15, 18.240000000000002, 22.37, 25.790000000000003, 27.939999999999998, 30.669999999999998, 31.900000000000002, 35.53, 36.99, 38.61, 40.87, 41.959999999999994, 40.98, 42.84, 41.42, 44.01, 44.35, 45.519999999999996, 45.46, 43.03, 45.46, 46.07, 46.800000000000004, 45.300000000000004, 44.269999999999996, 46.53, 46.400000000000006, 48.5, 46.69, 49.49, 47.31, 46.62, 48.449999999999996, 49.38, 48.309999999999995, 48.82, 47.05, 47.65, 50.38, 45.92, 48.41, 47.36, 49.39, 47.02, 50.57000000000001, 50.57000000000001, 46.9, 50.22, 47.339999999999996, 49.09, 50.519999999999996, 50.529999999999994, 52.09, 51.5, 52.62, 51.129999999999995, 51.42, 51.83, 51.99, 51.65, 50.83, 49.88, 51.5, 51.49, 52.64, 51.83, 52.839999999999996, 49.03, 54.17999999999999, 51.93, 51.0, 53.53, 52.669999999999995, 53.239999999999995, 51.17, 52.35999999999999, 53.44, 54.08, 54.67999999999999, 52.54, 61.12, 61.050000000000004, 61.53999999999999, 61.92999999999999, 61.8, 62.11, 61.58, 61.71, 61.49, 61.650000000000006, 61.19, 61.629999999999995, 61.78, 61.09, 61.71, 61.6, 61.21, 61.47, 61.31999999999999, 61.19, 60.77, 61.21, 61.06, 61.58]],