{"config": {"train_options": {"learning_rate": 0.005, "optimizer": "SGD", "batch_size": 128, "number_of_epochs": 300, "loss_parameters": {"temperature": 10, "distillation_type": "FILTER", "alpha": 0.3, "beta": 0.4}}}, "results": {"train_losses": [[33.63002164916992, 33.538443487548825, 33.46233971557617, 33.416849468994144, 33.377804516601564, 33.34979157714844, 33.326920336914064, 33.311685595703125, 33.298525268554684, 33.28828920288086, 33.272885906982424, 33.25954086914062, 33.2460132019043, 33.23010939941406, 33.216300524902344, 33.19971193847656, 33.18634306640625, 33.17510474243164, 33.16190416259766, 33.15035068359375, 33.14346038818359, 33.132638110351564, 33.12204514770508, 33.116057049560546, 33.11108836669922, 33.104010083007815, 33.09916232299805, 33.09430432739258, 33.09062354736328, 33.08570947875977, 33.08087995605469, 33.07934189453125, 33.07305830688477, 33.07068129882813, 33.06763210449219, 33.06577815551758, 33.06234143066406, 33.06263767700195, 33.05661988525391, 33.05729392700195, 33.050595397949216, 33.052613873291016, 33.05029845581055, 33.050801544189454, 33.048868090820314, 33.04410676879883, 33.043681585693356, 33.04264553833008, 33.04158839111328, 33.04023758544922, 33.04151264038086, 33.039477130126954, 33.039238836669924, 33.037767443847656, 33.037211157226565, 33.03893269042969, 33.036029901123044, 33.03694057006836]], "valid_losses": [[33.581206567382814, 33.491080792236325, 33.43462200927734, 33.3938798461914, 33.36255025024414, 33.34992244873047, 33.325812188720704, 33.31807607421875, 33.30673337402344, 33.29609873046875, 33.294430541992185, 33.28324515991211, 33.26356558227539, 33.248914880371096, 33.23549609375, 33.22424107055664, 33.20491944580078, 33.22194052734375, 33.19707396850586, 33.18496838378906, 33.18897518920898, 33.175493591308594, 33.18471826171875, 33.16751910400391, 33.165738830566404, 33.16309685668946, 33.169355450439454, 33.15969171142578, 33.16264764404297, 33.154138208007815, 33.162282995605466, 33.16942466430664, 33.15734567260742, 33.156456939697264, 33.162152349853514, 33.162289154052736, 33.15068161010742, 33.14884475708008, 33.16291725463867, 33.15539836425781, 33.155775518798826, 33.15321693115234, 33.16052989501953, 33.16938550415039, 33.170755535888674, 33.17124361572266, 33.17834692993164, 33.17082321777344, 33.20617057495117, 33.18162219238281, 33.177585626220704, 33.190517584228516, 33.19629302978515, 33.18504871826172, 33.18465785522461, 33.18591538085938, 33.19771297607422, 33.2308240234375]], "train_accs": [[2.2075, 5.1075, 7.7575, 9.64, 11.535, 12.934999999999999, 14.035, 15.0425, 16.3975, 17.28, 18.5975, 19.9325, 21.025, 21.8975, 23.217499999999998, 24.5075, 25.324999999999996, 26.497500000000002, 27.544999999999998, 28.9425, 29.715000000000003, 30.564999999999998, 31.66, 32.445, 33.040000000000006, 33.965, 35.0025, 35.46, 36.2525, 36.845, 37.7125, 38.295, 39.0675, 39.775, 40.4925, 40.9925, 41.6425, 42.0775, 42.9975, 43.375, 44.29, 44.6525, 45.3025, 45.537499999999994, 45.93, 47.057500000000005, 47.3125, 47.839999999999996, 48.33, 48.64, 49.162499999999994, 49.355, 49.945, 50.4125, 50.93, 51.044999999999995, 51.71249999999999, 52.01]], "valid_accs": [[4.01, 6.21, 8.63, 10.9, 12.29, 12.82, 14.14, 15.110000000000001, 15.879999999999999, 17.21, 17.98, 19.12, 20.19, 21.42, 22.45, 23.36, 24.88, 24.560000000000002, 26.47, 26.99, 27.71, 28.799999999999997, 29.38, 30.39, 31.319999999999997, 31.69, 32.32, 33.61, 33.25, 34.1, 34.25, 34.449999999999996, 35.480000000000004, 36.69, 36.93, 36.71, 38.33, 39.09, 38.690000000000005, 39.47, 39.589999999999996, 39.87, 40.1, 40.44, 40.589999999999996, 41.53, 41.44, 42.15, 41.07, 42.5, 42.57, 42.64, 42.99, 43.19, 44.31, 44.84, 44.61, 43.1]], "train_times": [[160.76028490066528, 157.274071931839, 155.70326113700867, 155.62421798706055, 156.4622447490692, 156.9685549736023, 155.42793941497803, 155.8067605495453, 155.33131766319275, 156.2689507007599, 155.27668142318726, 155.77315998077393, 155.85150170326233, 158.26301503181458, 155.59405755996704, 155.29054355621338, 155.65110850334167, 155.65955638885498, 156.54998350143433, 155.652446269989, 155.5213487148285, 154.9633390903473, 155.48827695846558, 155.53833937644958, 156.06091594696045, 156.04603457450867, 154.83510446548462, 155.40570187568665, 155.04744148254395, 156.05981183052063, 155.14337396621704, 154.1765992641449, 152.3557367324829, 153.2137475013733, 152.1083686351776, 154.6970648765564, 152.9875373840332, 154.0986659526825, 155.12115502357483, 154.1143925189972, 154.62322688102722, 154.89814257621765, 154.78754472732544, 154.4569215774536, 152.9633915424347, 154.75585079193115, 152.13487911224365, 155.13649368286133, 153.4756784439087, 152.69931268692017, 154.14798092842102, 155.61140871047974, 156.41142296791077, 157.49788093566895, 155.28887486457825, 151.0988883972168, 148.17230796813965, 152.01839590072632]], "valid_times": [[37.547245025634766, 36.75306797027588, 36.6325421333313, 36.75655388832092, 36.66611289978027, 36.53008246421814, 36.89455842971802, 36.862112045288086, 36.34906005859375, 36.632256269454956, 36.541587352752686, 36.87113833427429, 36.80169749259949, 36.93966269493103, 36.595706939697266, 36.60105586051941, 36.83558893203735, 36.69019436836243, 36.58317303657532, 36.8211784362793, 36.730581521987915, 36.721121311187744, 36.534114599227905, 36.96097445487976, 36.87670087814331, 36.67553901672363, 37.12662696838379, 36.66117238998413, 36.14157247543335, 36.2582802772522, 35.937198638916016, 35.62134504318237, 35.699004888534546, 35.89812397956848, 35.865071058273315, 35.741223096847534, 35.67871880531311, 35.83591437339783, 35.86703181266785, 35.92552709579468, 36.078624963760376, 36.18400001525879, 36.1065890789032, 36.08106541633606, 36.14486646652222, 36.33300018310547, 35.958001136779785, 35.82012128829956, 36.011765480041504, 35.91793203353882, 35.900201082229614, 37.41899871826172, 38.264151096343994, 36.895183801651, 34.57545518875122, 35.1851167678833, 34.8666718006134, 34.7915415763855]], "test_accuracy": 43.5, "convergence_iteration": 58}}