{"config": {"train_options": {"learning_rate": 0.005, "optimizer": "SGD", "batch_size": 128, "number_of_epochs": 300, "loss_parameters": {"temperature": 5, "distillation_type": "FILTER", "alpha": 0.9, "beta": 0.7}}}, "results": {"train_losses": [[56.26835517578125, 56.293945281982424, 56.32198436889649, 56.35110953369141, 56.3812650390625, 56.40981427612304, 56.43880461425781, 56.46659539794922, 56.495623345947266, 56.52395512084961, 56.55228069458008, 56.580816064453124, 56.609926477050784, 56.63746477050781, 56.66514495239258, 56.69312893066406, 56.72184833374023, 56.75007666015625, 56.77691864013672, 56.80389787597656, 56.83189676513672]], "valid_losses": [[56.280387969970704, 56.30911380004883, 56.33519788818359, 56.36754922485351, 56.39558605346679, 56.42619739990234, 56.45097031860352, 56.482224328613285, 56.51067164306641, 56.53888572998047, 56.56807120361328, 56.59418565063476, 56.623627124023436, 56.652060180664066, 56.68002546386719, 56.70685867919922, 56.736644024658204, 56.761658044433595, 56.78970067749023, 56.818019073486326, 56.84464908447266]], "train_accs": [[1.0250000000000001, 1.1225, 1.4000000000000001, 1.7575, 2.21, 2.435, 2.6975, 2.8275, 3.0375, 3.38, 3.5525, 3.765, 3.8625, 4.3175, 4.8125, 5.18, 5.3675, 5.680000000000001, 6.0125, 6.0925, 6.3375]], "valid_accs": [[1.15, 1.32, 1.39, 1.54, 2.1999999999999997, 2.4899999999999998, 2.4, 2.93, 2.9899999999999998, 3.45, 3.5900000000000003, 3.65, 3.92, 4.08, 4.390000000000001, 4.75, 5.06, 5.220000000000001, 5.47, 5.779999999999999, 6.13]], "train_times": [[200.39698886871338, 199.9805166721344, 198.66607928276062, 198.29346823692322, 196.17794060707092, 199.01945400238037, 198.1494598388672, 197.99187445640564, 199.97353315353394, 196.64136791229248, 199.3162362575531, 199.00278997421265, 200.11883974075317, 197.8479778766632, 200.63393640518188, 200.89591765403748, 198.5134675502777, 200.0783507823944, 200.20585894584656, 195.99293160438538, 196.13885378837585]], "valid_times": [[47.19868278503418, 46.953112840652466, 47.026225090026855, 46.585747718811035, 46.68953466415405, 47.06943082809448, 46.99408745765686, 45.977177143096924, 47.62430763244629, 46.81813359260559, 47.28964805603027, 47.0446412563324, 46.39616107940674, 46.77312660217285, 47.578608989715576, 47.26714205741882, 46.87524771690369, 47.54534387588501, 47.56467127799988, 47.68355345726013, 46.63379955291748]], "test_accuracy": 6.510000000000001, "convergence_iteration": 21}}