{"config": {"train_options": {"learning_rate": 0.05, "optimizer": "SGD", "batch_size": 128, "number_of_epochs": 300, "loss_parameters": {"temperature": 20, "distillation_type": "FILTER", "alpha": 0.3, "beta": 0.5}}}, "results": {"train_losses": [[41.52079926147461, 41.493478204345706, 41.497222552490236, 41.486523974609376, 41.466146325683596, 41.4443734375, 41.42036475830078, 41.39765692749023, 41.37963461303711, 41.364598645019534, 41.34873426513672, 41.33781347045898, 41.32379285888672, 41.305145794677735, 41.28997371826172, 41.27498150634766, 41.25826139526367, 41.23349450073242, 41.21137163696289, 41.19454965820312, 41.16955625, 41.14714266357422, 41.12312647094726, 41.098522534179686, 41.068773760986325, 41.041614453125, 41.01141090087891, 40.98259664306641, 40.953162432861326, 40.92561633300781, 40.890936401367185, 40.85983231811523, 40.824278942871096, 40.78745009765625, 40.751824224853515, 40.717153240966795, 40.6809944519043, 40.640231829833986, 40.60085806274414, 40.561167309570315, 40.5212409362793, 40.48738724975586, 40.44796651611328, 40.41059597167969, 40.37351563720703, 40.334970123291015, 40.29598102416992, 40.25599765014648, 40.22041597290039, 40.184107415771486, 40.14463441772461, 40.10977359008789, 40.073563671875, 40.036349212646485, 40.00147144775391, 39.966795306396484, 39.929908575439455, 39.89864380493164, 39.86496655273437, 39.82621502685547, 39.79477375488281, 39.757853131103516, 39.72372907714844, 39.69029578857422, 39.65447553710938, 39.6245947265625, 39.592550006103515, 39.55710336303711, 39.52535440673828, 39.48945285644531, 39.45915630493164, 39.42616062011719, 39.40079136352539, 39.36647694091797, 39.33838287353515, 39.30925097045898, 39.28512125244141, 39.252817736816404, 39.22830540771484, 39.196766314697264, 39.16553277587891, 39.111042010498046, 39.102495782470704, 39.11819122314453, 39.13523098754883, 39.152047631835934, 39.171811627197265, 39.19160615234375, 39.21219608154297, 39.23154917602539, 39.25196938476562, 39.271914312744144, 39.29247671508789, 39.313259857177734, 39.33344302368164, 39.352677947998046, 39.3724515625, 39.39335205078125, 39.414157415771484, 39.43389066772461, 39.45381800537109, 39.474861700439455]], "valid_losses": [[41.55087748413086, 41.55936351318359, 41.57559125366211, 41.51074833374023, 41.556358050537106, 41.46097857666015, 41.47617715454101, 41.443774877929684, 41.46156262207031, 41.44857702026367, 41.46570734863281, 41.475244342041016, 41.4625051940918, 41.4608001159668, 41.4266563659668, 41.404210748291014, 41.42074870605469, 41.426962103271485, 41.4039912109375, 41.43834091796875, 41.447023931884765, 41.412369311523435, 41.37370067138672, 41.313267486572265, 41.2930412109375, 41.29062713012695, 41.22165616455078, 41.18090856323242, 41.173652740478516, 41.20220900878906, 41.15426567993164, 41.096063751220704, 41.06313015136719, 41.03094652709961, 40.97719086303711, 40.986493115234374, 40.93864375, 40.87795670776367, 40.84951473388672, 40.767613018798826, 40.789965350341795, 40.750135040283205, 40.780192822265626, 40.66470282592773, 40.64336991577149, 40.63494006347656, 40.58932123413086, 40.52326380615234, 40.49193462524414, 40.47180815429687, 40.448384661865234, 40.420984857177736, 40.37667587890625, 40.36011541748047, 40.31054521484375, 40.27373637084961, 40.262805297851564, 40.23319340209961, 40.23811149902344, 40.17372748413086, 40.15120118408203, 40.10319154052734, 40.05794447021484, 40.06615891723633, 40.007615118408204, 39.99090654296875, 39.96782987060547, 39.942472998046874, 39.86431229858398, 39.87389270019531, 39.86105753173828, 39.834521136474606, 39.77173295898437, 39.7490789855957, 39.72822311401367, 39.721596514892575, 39.691280364990234, 39.681328088378905, 39.62981712646484, 39.594864959716794, 39.54319310302734, 39.43973977050781, 39.45933450927734, 39.486199530029296, 39.5084923828125, 39.52439281616211, 39.55880376586914, 39.586234143066406, 39.60399816894531, 39.6286655456543, 39.65825465087891, 39.676064361572266, 39.704477325439456, 39.72454641113281, 39.74901469726562, 39.777244921875, 39.803940338134765, 39.823864318847654, 39.84348387451172, 39.870633557128905, 39.894887799072265, 39.921992315673826]], "train_accs": [[5.244999999999999, 11.365, 16.49, 21.235, 25.627499999999998, 29.5425, 32.9875, 36.0625, 38.8525, 40.9375, 43.2725, 45.3275, 46.955000000000005, 48.572500000000005, 50.005, 51.3275, 52.35999999999999, 53.37499999999999, 54.767500000000005, 55.402499999999996, 56.535000000000004, 57.475, 58.307500000000005, 58.8175, 59.86749999999999, 60.33, 61.1925, 61.8025, 62.3775, 62.81250000000001, 63.76500000000001, 64.11, 64.67500000000001, 65.2, 65.615, 65.9875, 66.16250000000001, 66.5225, 67.09, 67.6125, 68.23, 68.11749999999999, 69.0125, 69.2175, 69.235, 69.595, 69.9525, 70.4425, 70.5525, 70.85000000000001, 71.24000000000001, 71.6275, 71.845, 71.9225, 72.1275, 72.2075, 72.7925, 72.64500000000001, 72.94, 73.55000000000001, 73.1025, 73.5425, 73.85249999999999, 73.9225, 74.3275, 74.3475, 74.395, 74.75500000000001, 74.59750000000001, 75.1425, 74.80250000000001, 75.49249999999999, 75.49249999999999, 75.94999999999999, 75.84, 75.91, 75.94999999999999, 76.36500000000001, 76.2425, 76.34, 76.79249999999999, 81.67, 84.6625, 85.1775, 85.99, 86.565, 86.775, 87.1175, 87.3825, 87.725, 87.8325, 88.13, 88.2125, 88.4425, 88.61, 88.7525, 89.19500000000001, 89.17, 89.2725, 89.3675, 89.58, 89.45]], "valid_accs": [[7.06, 11.709999999999999, 15.8, 22.74, 23.580000000000002, 30.15, 31.1, 35.13, 35.15, 37.169999999999995, 37.32, 38.22, 40.0, 40.87, 42.66, 44.0, 43.3, 42.88, 44.45, 42.84, 41.64, 43.66, 45.32, 46.800000000000004, 47.3, 46.23, 49.0, 49.85, 49.41, 47.32, 48.27, 49.71, 50.19, 50.72, 51.480000000000004, 50.14999999999999, 51.17, 51.55, 52.49, 54.04, 52.32, 52.459999999999994, 49.51, 53.239999999999995, 52.790000000000006, 51.470000000000006, 52.33, 53.690000000000005, 53.410000000000004, 53.47, 52.849999999999994, 53.059999999999995, 53.300000000000004, 52.080000000000005, 53.239999999999995, 53.63, 52.76, 52.49, 50.7, 52.839999999999996, 52.5, 53.32, 53.5, 53.02, 53.620000000000005, 53.449999999999996, 52.849999999999994, 52.790000000000006, 54.400000000000006, 53.14, 53.190000000000005, 52.790000000000006, 53.690000000000005, 54.58, 53.66, 52.769999999999996, 53.02, 52.910000000000004, 54.33, 52.83, 54.82, 62.19, 62.260000000000005, 61.88, 62.63999999999999, 62.68, 62.33, 61.91, 62.529999999999994, 62.64999999999999, 61.91, 62.339999999999996, 62.150000000000006, 62.129999999999995, 62.12, 61.69, 61.919999999999995, 62.51, 62.17, 61.77, 62.019999999999996, 62.36000000000001]],