{"config": {"train_options": {"learning_rate": 0.005, "optimizer": "SGD", "batch_size": 128, "number_of_epochs": 300, "loss_parameters": {"temperature": 20, "distillation_type": "FILTER", "alpha": 0.7, "beta": 0.2}}}, "results": {"train_losses": [[0.4712531604766846, 0.41485810260772704, 0.38288375930786134, 0.36198857078552243, 0.34528354949951173, 0.33015389194488526, 0.31619362030029297, 0.30457095718383786, 0.2951231414794922, 0.2861998115539551, 0.27941847534179687, 0.27306080780029296, 0.26809870090484617, 0.2631428295135498, 0.2574392210006714, 0.2524754280090332, 0.249113490486145, 0.24424671726226807, 0.23932356338500976, 0.23352767009735106, 0.22886028594970703, 0.2230275749206543, 0.217612029838562, 0.21199017524719238, 0.20614723377227784, 0.2025141487121582, 0.19710688705444335, 0.19141349925994874, 0.18721844635009766, 0.18295882835388183, 0.17861170406341553, 0.17518927783966065, 0.17193265171051025, 0.1691514627456665, 0.1644514181137085, 0.16085099716186524, 0.1570446865081787, 0.15463521156311036, 0.15132975730895995, 0.1474180784225464, 0.1460735502243042, 0.14397877902984618, 0.14027138385772706, 0.13762599391937255, 0.13452887935638427, 0.13192329216003418, 0.1301336326599121, 0.12832669849395753, 0.12484926071166992, 0.12272376899719238, 0.1204413272857666, 0.11905348930358886, 0.1174578540802002, 0.11616166801452636, 0.11275819854736328, 0.11241705360412597, 0.10968932342529297, 0.10725066528320312, 0.10609649124145508, 0.10557126922607422, 0.10407038154602051, 0.10214171409606934, 0.10022836837768555, 0.09919362258911132, 0.09892796745300293, 0.09772932434082031, 0.09673600463867188, 0.09519844932556153, 0.09594005470275879, 0.09385101470947266, 0.0928101188659668, 0.09250313377380372, 0.09085188446044921, 0.09129103507995605, 0.08958282890319824, 0.08963430366516113, 0.089206884765625, 0.08817313575744629]], "valid_losses": [[0.4398518901824951, 0.3971472640991211, 0.37279769039154054, 0.35835342864990233, 0.34178891181945803, 0.3294180858612061, 0.31552760448455813, 0.30452236919403075, 0.2964595630645752, 0.2923597942352295, 0.2849110134124756, 0.278135355758667, 0.27258908214569094, 0.26951000022888183, 0.26553009014129636, 0.2611718170166016, 0.2578920215606689, 0.25365062503814695, 0.2514394847869873, 0.25190001544952395, 0.23995700130462647, 0.23638862133026123, 0.23267306461334228, 0.2304542615890503, 0.22280737056732178, 0.21790761585235596, 0.2181146800994873, 0.21022340412139892, 0.20690092849731445, 0.2096174819946289, 0.1993267692565918, 0.20156810131072997, 0.19448751430511474, 0.19273256015777587, 0.19293547687530518, 0.18611563720703125, 0.18400122032165528, 0.1878550958633423, 0.1833227945327759, 0.18045168285369872, 0.1777133653640747, 0.17692001705169677, 0.18022336864471436, 0.17119865169525147, 0.17222064304351806, 0.16669696731567382, 0.17005118522644044, 0.16830992641448975, 0.17150213737487793, 0.16639713001251222, 0.16479358234405517, 0.1612210304260254, 0.16205918655395507, 0.1628604175567627, 0.1604368564605713, 0.1628480266571045, 0.1624534755706787, 0.1533170955657959, 0.16066911010742188, 0.15462252540588378, 0.16128744125366212, 0.15581116371154785, 0.15688031425476073, 0.15980875663757324, 0.16509955673217774, 0.15747347755432128, 0.15640980033874513, 0.1558564193725586, 0.16226573524475096, 0.15726802444458007, 0.15909039192199706, 0.1586607364654541, 0.16157083282470702, 0.16433137817382812, 0.16622076950073242, 0.1593759162902832, 0.17276132698059082, 0.17258028106689452]], "train_accs": [[2.15, 4.8425, 6.3275, 7.614999999999999, 8.8475, 10.03, 11.0275, 11.865, 12.775, 13.625000000000002, 14.344999999999999, 14.9025, 15.555, 16.1575, 16.91, 17.5525, 17.925, 18.8425, 19.525000000000002, 20.0475, 20.794999999999998, 21.2175, 21.9725, 22.725, 23.4125, 24.0475, 24.7775, 25.577499999999997, 25.94, 26.505000000000003, 27.425, 27.975, 28.4675, 29.2, 29.86, 30.255, 30.814999999999998, 31.185000000000002, 31.7975, 32.505, 33.055, 33.35, 34.089999999999996, 34.5425, 35.1775, 35.5675, 35.6625, 36.3925, 36.8375, 37.269999999999996, 37.875, 38.324999999999996, 38.6275, 39.065, 39.7125, 39.9575, 40.48, 41.099999999999994, 41.3, 41.472500000000004, 41.91, 42.2975, 42.92, 43.127500000000005, 43.6625, 43.980000000000004, 44.2575, 44.8825, 45.045, 45.385, 45.6825, 46.1275, 46.57, 46.625, 47.2425, 47.4575, 47.785, 48.2175]], "valid_accs": [[3.61, 5.18, 6.65, 8.28, 9.34, 10.15, 11.200000000000001, 11.88, 12.43, 13.19, 14.05, 14.63, 14.979999999999999, 15.57, 16.0, 16.400000000000002, 17.32, 18.19, 18.08, 18.6, 19.99, 20.43, 20.86, 21.44, 21.84, 22.509999999999998, 22.57, 24.41, 24.66, 25.019999999999996, 26.16, 26.419999999999998, 27.36, 27.24, 27.529999999999998, 28.689999999999998, 29.01, 29.220000000000002, 29.959999999999997, 30.080000000000002, 30.91, 30.959999999999997, 31.240000000000002, 31.85, 32.56, 33.18, 32.87, 33.4, 33.410000000000004, 33.910000000000004, 34.17, 35.05, 35.510000000000005, 35.589999999999996, 36.370000000000005, 35.57, 36.41, 37.25, 36.84, 38.15, 37.419999999999995, 38.29, 38.51, 38.73, 38.62, 38.800000000000004, 39.54, 39.879999999999995, 40.04, 40.73, 40.04, 41.07, 41.06, 40.98, 40.94, 41.6, 41.13, 41.31]], "train_times": [[122.47821712493896, 121.93998742103577, 123.79481744766235, 122.80197930335999, 121.86015677452087, 122.62512111663818, 121.48927450180054, 121.3199212551117, 122.75141048431396, 121.25842571258545, 122.03481864929199, 121.46108484268188, 121.56050562858582, 122.30825996398926, 121.84954118728638, 121.74313998222351, 122.23812556266785, 122.22754788398743, 122.02053093910217, 121.41089224815369, 121.85277676582336, 121.75658822059631, 121.8303427696228, 121.63946175575256, 121.84075403213501, 123.43945598602295, 121.71235227584839, 122.04737615585327, 122.1154773235321, 121.96573853492737, 121.71524357795715, 123.67405724525452, 121.65772938728333, 123.28760385513306, 121.29831576347351, 121.66798973083496, 122.53158020973206, 121.43412733078003, 121.35169553756714, 121.41382503509521, 121.39143896102905, 121.17857050895691, 122.21546912193298, 122.62198829650879, 122.3644950389862, 122.19849252700806, 122.14963006973267, 122.21989107131958, 121.0582025051117, 123.50703573226929, 122.38449192047119, 122.07628178596497, 122.75343465805054, 122.52769184112549, 122.22733926773071, 121.97677659988403, 121.83010959625244, 121.68893766403198, 122.31427550315857, 121.67091369628906, 121.81369113922119, 121.88793396949768, 123.12867498397827, 123.36036491394043, 121.72160172462463, 122.45697212219238, 122.69704866409302, 123.1176815032959, 121.6285343170166, 122.71532368659973, 123.17983222007751, 122.87283635139465, 120.90754294395447, 123.0066614151001, 122.55314755439758, 121.92116594314575, 123.21980690956116, 122.38616275787354]],