{"config": {"train_options": {"learning_rate": 0.05, "optimizer": "SGD", "batch_size": 128, "number_of_epochs": 300, "loss_parameters": {"temperature": 20, "distillation_type": "FILTER", "alpha": 0.8, "beta": 0.2}}}, "results": {"train_losses": [[14.060397189331054, 14.059889793395996, 14.099156060791016, 14.13845922393799, 14.170677523803711, 14.197545123291016, 14.226437464904786, 14.253927070617676, 14.280683450317383, 14.309238717651366, 14.335835198974609, 14.362157781982422, 14.386973265075683, 14.411186138916015, 14.435273526000977, 14.457483642578126, 14.479418365478516, 14.500353326416016, 14.521614015197754, 14.539505043029784, 14.557715454101562]], "valid_losses": [[14.049770381164551, 14.090910745239258, 14.125565385437012, 14.155541117858887, 14.186290396118164, 14.239550869750977, 14.26906286468506, 14.314791311645507, 14.34315068359375, 14.343698582458495, 14.402024632263183, 14.415761283874511, 14.454891827392577, 14.478466418457032, 14.524927630615235, 14.548370138549805, 14.5649345413208, 14.600509487915039, 14.601556030273438, 14.649133134460449, 14.65290643310547]], "train_accs": [[4.5325, 10.4725, 13.745, 16.73, 19.96, 23.147499999999997, 26.0575, 28.762500000000003, 31.11, 33.37, 35.33, 37.4475, 39.2, 40.945, 42.3875, 43.8975, 45.2275, 46.7425, 47.8325, 49.1125, 50.395]], "valid_accs": [[7.5600000000000005, 10.979999999999999, 15.15, 18.45, 21.4, 22.259999999999998, 23.98, 25.900000000000002, 27.51, 32.56, 31.240000000000002, 33.650000000000006, 34.07, 35.36, 34.589999999999996, 35.699999999999996, 37.25, 37.41, 39.900000000000006, 37.6, 40.21]], "train_times": [[47.7691011428833, 47.83315300941467, 47.79011845588684, 47.807072162628174, 47.76717972755432, 47.76209378242493, 47.76353979110718, 47.796523094177246, 47.804757595062256, 47.765607595443726, 47.73611068725586, 47.744107723236084, 47.72607779502869, 47.76764464378357, 47.79952526092529, 47.77517056465149, 47.783613204956055, 47.713308572769165, 47.745057106018066, 47.72107648849487, 47.796061754226685]], "valid_times": [[9.429000616073608, 9.419001340866089, 9.430002689361572, 9.442022562026978, 9.417002201080322, 9.395002126693726, 9.416519165039062, 9.424000263214111, 9.417001247406006, 9.410520553588867, 9.420003175735474, 9.418031215667725, 9.410056829452515, 9.40702748298645, 9.403001070022583, 9.413001537322998, 9.41204309463501, 9.404501914978027, 9.400998592376709, 9.415054082870483, 9.410001516342163]], "test_accuracy": 41.58, "convergence_iteration": 21}}