{"config": {"train_options": {"learning_rate": 0.005, "optimizer": "SGD", "batch_size": 128, "number_of_epochs": 300, "loss_parameters": {"temperature": 20, "distillation_type": "FILTER", "alpha": 0.1, "beta": 0.7}}}, "results": {"train_losses": [[57.96251199340821, 57.93991505126953, 57.928105114746096, 57.919824536132815, 57.922322778320314, 57.92785427856445, 57.932312939453126, 57.93768023071289, 57.94696411132813, 57.959729162597654, 57.97253789672852, 57.98606010131836, 58.000655053710936, 58.016311303710935, 58.03004842529297, 58.045436779785156, 58.059564447021486, 58.07455693359375, 58.08833430175781, 58.10313228149414, 58.11729360351563, 58.131250842285155, 58.145616271972656]], "valid_losses": [[57.94208478393555, 57.93270208740234, 57.919021032714845, 57.919470965576174, 57.92468887329102, 57.92905949707031, 57.93590914916992, 57.943400048828124, 57.954704907226564, 57.971216479492185, 57.98586413574219, 57.99978966064453, 58.01423109741211, 58.030852801513674, 58.04840319213867, 58.069167407226566, 58.08056848144531, 58.097882330322264, 58.111650689697264, 58.129994860839844, 58.14318739013672, 58.17120093383789, 58.17610727539063]], "train_accs": [[2.025, 3.66, 5.505, 6.955, 8.2375, 9.5175, 11.01, 12.145, 13.420000000000002, 14.2125, 15.1975, 16.0325, 16.7925, 17.5975, 18.360000000000003, 19.11, 19.8125, 20.447499999999998, 21.2975, 21.8475, 22.63, 23.4875, 24.169999999999998]], "valid_accs": [[3.42, 4.97, 6.32, 7.920000000000001, 8.62, 10.4, 12.11, 12.989999999999998, 14.01, 14.719999999999999, 15.120000000000001, 16.25, 16.96, 17.48, 17.98, 18.360000000000003, 19.52, 20.39, 20.82, 21.26, 22.49, 21.95, 23.29]], "train_times": [[49.896995544433594, 46.211503744125366, 46.41450524330139, 46.46699905395508, 46.29099750518799, 46.94840669631958, 46.26774287223816, 46.293312549591064, 46.28201341629028, 46.525211811065674, 46.97623324394226, 46.75350284576416, 46.564560890197754, 46.55391192436218, 46.527135372161865, 46.54472613334656, 46.53860545158386, 46.55211877822876, 46.52164602279663, 46.752185344696045, 46.58475589752197, 46.57454466819763, 46.56472325325012]], "valid_times": [[9.14800238609314, 9.204001903533936, 9.182521104812622, 9.14800238609314, 9.174001455307007, 9.13302493095398, 9.13099980354309, 9.138487577438354, 9.131001949310303, 9.66203498840332, 9.237029314041138, 9.182598114013672, 9.184145450592041, 9.21900200843811, 9.186524152755737, 9.186542749404907, 9.19651460647583, 9.201002597808838, 9.219513654708862, 9.1850004196167, 9.191548824310303, 9.209513664245605, 9.180512428283691]], "test_accuracy": 23.79, "convergence_iteration": 23}}