{"config": {"train_options": {"learning_rate": 0.005, "optimizer": "SGD", "batch_size": 128, "number_of_epochs": 300, "loss_parameters": {"temperature": 15, "distillation_type": "FILTER", "alpha": 0.1, "beta": 0.4}}}, "results": {"train_losses": [[34.628938189697266, 34.45834064331055, 34.36945732421875, 34.30799520874024, 34.25896844482422, 34.22263532714844, 34.193795446777344, 34.1667602355957, 34.140397680664066, 34.11539997558594, 34.087950561523435, 34.05398261108398, 34.02506436157226, 33.99678107299805, 33.96904705810547, 33.94144104003906, 33.91756595458985, 33.89512523803711, 33.87555358276367, 33.85569322509765, 33.838234423828126, 33.82004614257813, 33.802185040283206, 33.78351424560547, 33.768987030029294, 33.755355645751955, 33.74066327514648, 33.72513294677734, 33.711961834716796, 33.69939280395508, 33.68883850708008, 33.673675170898434, 33.664186730957034, 33.65797268676758, 33.64315083007813, 33.63393517456055, 33.62230712890625, 33.61535258178711, 33.60511777954102, 33.59440596923828, 33.58721596069336, 33.57848407592773, 33.56920850219726, 33.56195895996094, 33.554146124267575, 33.54676552734375, 33.54160371704101, 33.534020416259764, 33.52731220703125, 33.52169473876953, 33.5153104675293, 33.509954132080075, 33.50023741455078, 33.49313417358398, 33.484578509521484, 33.48452637939453, 33.47556448974609, 33.47427868652344, 33.46236439819336, 33.45865288696289, 33.45450458374023, 33.449638397216795, 33.438543420410156, 33.437110955810546, 33.432555364990236, 33.426086700439456, 33.42449141845703, 33.41914172363281, 33.41061429443359, 33.406376068115236, 33.39683894042969, 33.39461379394531, 33.38840150756836, 33.380764990234375, 33.376736779785155, 33.37393883056641, 33.36534928588867, 33.35882060546875, 33.35278928222656, 33.349957287597654, 33.344447247314456, 33.29607784423828, 33.27681292724609, 33.268844647216795, 33.268798321533204, 33.267881140136716, 33.26835509033203, 33.26441586303711, 33.26607529907226, 33.26466433105469, 33.26640205078125, 33.26203432617187, 33.26508958740234, 33.26545500488281, 33.26376776123047, 33.26501612548828, 33.26139826049805, 33.26417969970703, 33.2623303527832, 33.262915197753905, 33.264524328613284, 33.26353081665039, 33.266018731689456, 33.26423101196289]], "valid_losses": [[34.52300622558594, 34.40412121582031, 34.3467779296875, 34.29567750854492, 34.25450521850586, 34.227531115722655, 34.212467309570314, 34.19737307739258, 34.16137224731445, 34.15728483276367, 34.128487841796876, 34.11875062255859, 34.08398645629883, 34.040202703857425, 34.03498347167969, 33.999465124511715, 33.97762466430664, 33.965857098388675, 33.93497778930664, 33.938531079101566, 33.91425989379883, 33.89285057983398, 33.89044171142578, 33.90422767944336, 33.86235827636719, 33.87297962646485, 33.84466113891602, 33.827335656738285, 33.83287124633789, 33.80155803833008, 33.805171215820316, 33.79171721801758, 33.78861228027344, 33.78529230957031, 33.78158774414062, 33.79949725341797, 33.770491717529296, 33.763290509033205, 33.76708575439453, 33.79872069702149, 33.763060546875, 33.76713949584961, 33.766628125, 33.78762723388672, 33.77414835205078, 33.75809906005859, 33.751780450439455, 33.782076989746095, 33.7684920715332, 33.744309045410155, 33.79089594116211, 33.7682849609375, 33.74119432983399, 33.769381732177735, 33.77895209960938, 33.75406021728516, 33.7806408996582, 33.75124688720703, 33.74459577026367, 33.784518872070315, 33.769719525146485, 33.75179891967773, 33.752296783447264, 33.78157182006836, 33.797606158447266, 33.76470739746094, 33.78337046508789, 33.74020629272461, 33.75218880004883, 33.76330242919922, 33.759820947265624, 33.76413612670898, 33.76528802490235, 33.779761267089846, 33.78360288696289, 33.76763845214844, 33.79179654541016, 33.799625512695314, 33.788713146972654, 33.768380346679685, 33.76967696533203, 33.65714578857422, 33.6552241394043, 33.65497811889649, 33.662128668212894, 33.66324045410156, 33.65966685791015, 33.66457245483399, 33.659431939697264, 33.656770642089846, 33.67238614501953, 33.6667977355957, 33.664961926269534, 33.66509984741211, 33.674344976806644, 33.672356335449216, 33.68239696044922, 33.67765371704102, 33.679833752441404, 33.6844286315918, 33.68612649536133, 33.69173384399414, 33.68644426879883, 33.68809542236328]], "train_accs": [[3.4799999999999995, 7.090000000000001, 9.872499999999999, 11.74, 13.5, 15.1675, 16.220000000000002, 17.7225, 18.755, 20.0275, 21.3975, 22.725, 24.1725, 25.355, 26.6575, 27.8825, 29.1275, 30.4, 30.91, 32.36, 33.332499999999996, 34.2625, 35.405, 36.265, 37.385000000000005, 37.9025, 39.0525, 39.83, 40.5875, 41.6875, 42.015, 42.730000000000004, 43.25, 43.9975, 44.9425, 45.67, 46.3675, 46.6225, 47.5025, 48.107499999999995, 48.58, 49.402499999999996, 49.86, 50.39, 50.8925, 51.5275, 51.7425, 52.49, 52.8575, 53.4925, 53.6875, 54.32, 54.767500000000005, 55.17999999999999, 55.730000000000004, 56.1125, 56.55, 56.597500000000004, 57.3, 57.572500000000005, 57.8725, 58.392500000000005, 59.035000000000004, 59.19, 59.2875, 59.697500000000005, 59.925, 60.38, 60.95, 61.05500000000001, 61.56, 61.629999999999995, 62.127500000000005, 62.45, 62.5, 62.965, 63.55499999999999, 63.8525, 63.932500000000005, 64.1675, 64.455, 66.88499999999999, 68.2175, 68.8725, 68.8725, 69.00500000000001, 68.9425, 69.19, 69.185, 69.4525, 69.595, 69.8125, 69.42, 69.525, 69.765, 69.935, 70.1675, 69.965, 70.09, 70.34, 70.11500000000001, 70.33749999999999, 70.21, 70.2575]], "valid_accs": [[5.26, 8.52, 10.190000000000001, 12.49, 13.819999999999999, 15.260000000000002, 15.68, 16.7, 18.55, 19.33, 20.23, 21.18, 22.79, 24.01, 25.1, 26.279999999999998, 27.63, 28.09, 29.28, 29.62, 30.95, 31.75, 32.6, 32.33, 33.6, 34.150000000000006, 35.31, 36.230000000000004, 36.91, 37.89, 37.82, 38.62, 38.92, 39.82, 40.43, 39.89, 41.0, 41.99, 41.48, 40.760000000000005, 41.99, 42.69, 42.91, 42.27, 42.980000000000004, 44.0, 44.12, 43.49, 43.980000000000004, 45.34, 43.9, 44.61, 46.03, 45.43, 45.21, 45.97, 45.4, 46.42, 47.089999999999996, 45.550000000000004, 46.75, 47.47, 46.82, 45.82, 46.32, 47.08, 46.949999999999996, 48.29, 47.38, 47.52, 47.57, 47.79, 47.370000000000005, 47.13, 47.03, 47.760000000000005, 47.760000000000005, 47.31, 47.83, 48.870000000000005, 48.46, 52.849999999999994, 52.800000000000004, 52.790000000000006, 52.769999999999996, 52.92, 53.14, 52.78, 52.900000000000006, 53.15, 52.410000000000004, 53.410000000000004, 52.78, 53.06999999999999, 53.03, 53.190000000000005, 52.669999999999995, 53.21, 52.87, 52.78, 52.790000000000006, 53.190000000000005, 53.12, 52.910000000000004]],