{"config": {"train_options": {"learning_rate": 0.005, "optimizer": "SGD", "batch_size": 128, "number_of_epochs": 300, "loss_parameters": {"temperature": 20, "distillation_type": "FILTER", "alpha": 0.3, "beta": 0.6}}}, "results": {"train_losses": [[6.459953887939453, 6.425134308624267, 6.403828356170655, 6.375849938201904, 6.354816790771484, 6.342224231719971, 6.334424450683594, 6.327886415863037, 6.3221373878479, 6.316638723754883, 6.310706228637695, 6.305907196807861, 6.304521365356445, 6.301767998504639, 6.300328728485107, 6.2988976356506345, 6.297319355773926, 6.296262991333008, 6.294439465332031, 6.293287879943848, 6.293688793182373, 6.292351140594483, 6.290423609161377, 6.290684845733643, 6.291014633178711, 6.290767489624024, 6.290101205444336, 6.289697493743897, 6.292892012023926, 6.292869927978516, 6.293034455108643, 6.293166809082031, 6.2940082962036135, 6.29703024597168, 6.2999323501586915, 6.301966331481934, 6.303280924987793, 6.307034478759766, 6.309021597290039, 6.311443635559082, 6.313655295562744, 6.318053664398193]], "valid_losses": [[6.439231106567383, 6.418696928405762, 6.390033739471436, 6.363753786468505, 6.349916541290283, 6.3402781028747555, 6.333167589569092, 6.328282695770263, 6.325473753356934, 6.321096431732178, 6.316105859375, 6.317138645935058, 6.31319700012207, 6.313938432312011, 6.311118202209473, 6.3123688285827635, 6.309521044921875, 6.314733102416993, 6.31682864227295, 6.314607511901856, 6.315465364837647, 6.308477024078369, 6.312419845581054, 6.312551914215088, 6.321656645202637, 6.3191723655700685, 6.321012613677978, 6.321702320861816, 6.326492877960205, 6.326265105438233, 6.325620692443848, 6.330877152252198, 6.344990758514404, 6.344887144470214, 6.347310433197022, 6.348401889038086, 6.346430010223389, 6.362762979125977, 6.3658243278503415, 6.369290055847168, 6.387387104034424, 6.383489183807373]], "train_accs": [[2.6550000000000002, 4.4425, 5.5875, 7.12, 8.7025, 10.015, 11.03, 12.015, 12.907499999999999, 14.0775, 15.104999999999999, 16.0575, 16.8475, 17.544999999999998, 18.6175, 19.32, 20.335, 21.0675, 22.2175, 22.795, 23.272499999999997, 24.1675, 25.1175, 25.662499999999998, 26.827499999999997, 27.4275, 28.115000000000002, 28.8825, 29.48, 30.085, 30.91, 31.765, 32.4375, 32.74, 33.442499999999995, 33.800000000000004, 34.705000000000005, 35.1425, 35.822500000000005, 36.120000000000005, 36.895, 37.574999999999996]], "valid_accs": [[3.49, 5.1, 6.510000000000001, 8.12, 9.17, 10.56, 11.58, 12.72, 13.76, 14.000000000000002, 15.120000000000001, 16.06, 16.650000000000002, 17.36, 18.13, 18.78, 19.74, 20.02, 20.82, 21.93, 22.470000000000002, 23.580000000000002, 23.95, 24.46, 24.490000000000002, 25.7, 26.5, 26.939999999999998, 27.589999999999996, 27.82, 29.220000000000002, 28.57, 28.49, 29.81, 30.459999999999997, 30.759999999999998, 32.019999999999996, 30.959999999999997, 31.61, 32.45, 31.81, 33.160000000000004]], "train_times": [[121.66267681121826, 122.25885224342346, 120.62646627426147, 122.04513764381409, 122.07031965255737, 121.11775732040405, 121.22038340568542, 120.8148283958435, 120.8189046382904, 120.87189960479736, 121.0107491016388, 121.38131904602051, 121.41854858398438, 120.31036567687988, 122.15496754646301, 122.56851124763489, 122.27131938934326, 120.28273725509644, 122.02399635314941, 120.6275749206543, 121.01379179954529, 121.81948971748352, 122.59598112106323, 120.8997392654419, 120.74564838409424, 121.49832272529602, 121.82135200500488, 121.04799437522888, 122.95826983451843, 121.18901300430298, 120.90813994407654, 121.39127612113953, 120.87635397911072, 120.8878526687622, 120.67913031578064, 121.62104606628418, 120.17219972610474, 121.12936806678772, 121.92063879966736, 121.76067471504211, 120.71167206764221, 122.62424492835999]], "valid_times": [[23.879425048828125, 23.684709310531616, 23.433806896209717, 23.426899194717407, 23.393388986587524, 23.484368324279785, 23.455854177474976, 23.38354253768921, 23.608476877212524, 23.554534912109375, 23.201740980148315, 23.403666496276855, 23.727973699569702, 23.262904405593872, 23.5314359664917, 23.4125657081604, 23.17404866218567, 23.20597004890442, 23.652729511260986, 23.346672296524048, 23.387688159942627, 23.30036211013794, 23.366859674453735, 23.360766172409058, 23.42185688018799, 23.386401414871216, 23.30214214324951, 23.651333570480347, 23.511520385742188, 23.63808035850525, 23.33024501800537, 23.24569869041443, 23.2279212474823, 23.256832122802734, 23.143083333969116, 23.37243938446045, 23.260748386383057, 23.904582023620605, 23.882038116455078, 23.713564157485962, 23.827304124832153, 23.272067308425903]], "test_accuracy": 34.19, "convergence_iteration": 42}}