{"config": {"train_options": {"learning_rate": 0.05, "optimizer": "SGD", "batch_size": 128, "number_of_epochs": 300, "loss_parameters": {"temperature": 5, "distillation_type": "FILTER", "alpha": 0.8, "beta": 0.2}}}, "results": {"train_losses": [[15.099031854248047, 15.106370175170898, 15.137237892150878, 15.16792507019043, 15.201332669067384, 15.229703280639649, 15.258586891174316, 15.283875692749023, 15.305976815795898, 15.334357922363282, 15.359048484802246, 15.381882368469238, 15.404167897033691, 15.425568981933594, 15.449179447937011, 15.469431387329102, 15.484698538208008, 15.504817951965332, 15.51963254852295, 15.534233995056152, 15.550284461975098]], "valid_losses": [[15.087050007629395, 15.117114115905762, 15.157397872924804, 15.191993313598633, 15.233374336242676, 15.279340579223632, 15.322287008666992, 15.323771571350097, 15.35629895477295, 15.381693745422364, 15.421968766784667, 15.417503179931641, 15.44420594329834, 15.491803462219238, 15.498187329101562, 15.513011758422852, 15.551359025573731, 15.567575955200196, 15.575084802246094, 15.599146235656738, 15.614558120727539]], "train_accs": [[4.71, 10.045, 13.902500000000002, 17.6725, 20.625, 23.775, 26.57, 29.2875, 31.85, 33.989999999999995, 36.1925, 38.1075, 39.895, 41.8525, 43.0425, 44.525, 46.18, 47.137499999999996, 48.315000000000005, 49.3575, 50.025]], "valid_accs": [[8.309999999999999, 12.5, 15.58, 17.990000000000002, 19.869999999999997, 21.15, 22.759999999999998, 26.55, 29.17, 31.39, 30.75, 36.29, 37.13, 36.53, 39.31, 40.21, 39.75, 41.47, 42.77, 42.8, 44.67]], "train_times": [[49.102001428604126, 49.161508321762085, 47.89544153213501, 47.84117293357849, 47.76117658615112, 48.10340094566345, 48.140231132507324, 48.50141882896423, 48.49106574058533, 47.76418900489807, 47.71522855758667, 47.69811248779297, 47.70201563835144, 47.69016170501709, 47.73006558418274, 47.69607853889465, 47.696134090423584, 47.72319746017456, 47.660059213638306, 47.64009761810303, 47.69359874725342]], "valid_times": [[9.650999307632446, 9.602001190185547, 9.475518465042114, 9.430036306381226, 9.472516775131226, 9.538105726242065, 9.379025220870972, 9.565051317214966, 9.478543281555176, 9.414087533950806, 9.404033422470093, 9.392004251480103, 9.395002365112305, 9.398002862930298, 9.399016857147217, 9.407023191452026, 9.416062593460083, 9.395081043243408, 9.38100266456604, 9.403028964996338, 9.39100170135498]], "test_accuracy": 44.92, "convergence_iteration": 21}}