{"config": {"train_options": {"learning_rate": 0.005, "optimizer": "SGD", "batch_size": 128, "number_of_epochs": 300, "loss_parameters": {"temperature": 10, "distillation_type": "FILTER", "alpha": 0.6, "beta": 0.8}}}, "results": {"train_losses": [[7.541322397613525, 7.546938304138184, 7.558224223327636, 7.5694591957092285, 7.581443706512451, 7.593208857727051, 7.604469928741455, 7.615529759979248, 7.627024962615967, 7.638932125854492, 7.651237727355957, 7.663441802978515, 7.6758284088134765, 7.688090175628662, 7.700492076873779, 7.713328470611573, 7.725826222229004, 7.7389426483154296, 7.7517466003417965, 7.76484322052002, 7.777719678497315]], "valid_losses": [[7.54134241027832, 7.55286589050293, 7.563882735443115, 7.575738103485107, 7.587891913604737, 7.599732403564453, 7.610853167724609, 7.622238623046875, 7.633810483551025, 7.6454690742492675, 7.657850733947754, 7.669937842559815, 7.682148923492432, 7.6947338638305665, 7.707165731048584, 7.720391542053223, 7.733639916992187, 7.746174837493896, 7.759774951934815, 7.772686152648926, 7.785982690429687]], "train_accs": [[1.345, 1.9324999999999999, 2.3975, 3.3649999999999998, 3.9699999999999998, 4.58, 5.319999999999999, 5.7924999999999995, 6.52, 6.9, 7.692499999999999, 8.25, 8.895, 9.46, 9.7325, 10.305, 10.625, 11.2275, 11.64, 11.852500000000001, 12.5275]], "valid_accs": [[1.5699999999999998, 2.07, 2.96, 3.53, 4.02, 4.77, 5.47, 6.069999999999999, 6.5, 7.109999999999999, 7.62, 8.6, 9.1, 9.45, 10.08, 10.4, 10.979999999999999, 11.06, 11.53, 12.13, 12.34]], "train_times": [[122.17490220069885, 124.22152543067932, 124.49552655220032, 123.30596089363098, 124.18681836128235, 122.50954580307007, 124.62287783622742, 122.4186623096466, 124.67807793617249, 123.84209823608398, 123.34856986999512, 124.57695841789246, 123.71110439300537, 122.824392080307, 123.69809317588806, 124.4055380821228, 123.2439227104187, 124.56651902198792, 123.93124294281006, 124.79139447212219, 123.681649684906]], "valid_times": [[24.818971633911133, 23.626182079315186, 23.14971661567688, 24.36173105239868, 23.93318462371826, 23.83902597427368, 23.372411966323853, 23.79970955848694, 23.51401424407959, 23.81674361228943, 23.442994117736816, 23.51676917076111, 23.97262930870056, 25.203424215316772, 23.6988844871521, 24.04242515563965, 23.276538610458374, 23.80193018913269, 23.343739986419678, 23.451781272888184, 24.252294778823853]], "test_accuracy": 12.740000000000002, "convergence_iteration": 21}}