{"config": {"train_options": {"learning_rate": 0.005, "optimizer": "SGD", "batch_size": 128, "number_of_epochs": 300, "loss_parameters": {"temperature": 20, "distillation_type": "FILTER", "alpha": 0.2, "beta": 0.2}}}, "results": {"train_losses": [[18.381231359863282, 18.15590405883789, 18.02969401550293, 17.92453408203125, 17.85152179260254, 17.795500115966796, 17.748048419189452, 17.699959622192385, 17.65580056152344, 17.608771633911132, 17.559066213989258, 17.5121899810791, 17.46277417297363, 17.41511248474121, 17.372423669433594, 17.332460345458983, 17.291517868041993, 17.25318532104492, 17.21550222167969, 17.187057333374025, 17.155193063354492, 17.124078314208983, 17.09603203125, 17.068946432495117, 17.045510235595703, 17.022299194335936, 16.997050708007812, 16.97367816467285, 16.95140895690918, 16.93135022277832, 16.912623443603515, 16.89625034790039, 16.87408957824707, 16.86036325683594, 16.845191513061522, 16.82206597290039, 16.809342544555665, 16.7937996673584, 16.777917428588868, 16.763958694458008, 16.74830794067383, 16.735975268554686, 16.722626538085937, 16.70629892272949, 16.69927880859375, 16.682424755859376, 16.669165365600588, 16.65540325012207, 16.648215576171875, 16.633452923583985, 16.619162145996093, 16.612321893310547, 16.601421948242187, 16.58846672668457, 16.579518154907227, 16.571680963134767, 16.558726165771485, 16.54865665283203, 16.533572369384764, 16.526385974121094, 16.515844482421876, 16.50680417175293, 16.499186825561523, 16.486120782470703, 16.47295788269043, 16.46522145690918, 16.456405575561522, 16.444061895751954, 16.439405194091798, 16.428750186157227, 16.424396838378907, 16.41155534057617, 16.403081976318358, 16.391283847045898, 16.38092073059082, 16.378429400634765, 16.36530913696289, 16.35886834716797, 16.344343099975585, 16.340513198852538, 16.33319564819336, 16.263712255859375, 16.24296503753662, 16.231982205200197, 16.23064603881836, 16.22816076660156, 16.22329401702881, 16.22188855895996, 16.2235318069458, 16.22090953063965, 16.221151191711424, 16.21724684295654, 16.21540949707031, 16.21473137207031, 16.211633625793457, 16.21318638458252, 16.21104689941406, 16.212462925720214, 16.209839442443847, 16.20853567199707, 16.210240780639648, 16.207137231445312, 16.202743215942384, 16.20275916748047]], "valid_losses": [[18.237168057250976, 18.077144381713868, 17.96715173339844, 17.89369285888672, 17.84474900817871, 17.788619912719728, 17.76622048034668, 17.716798370361328, 17.668306466674803, 17.649863537597657, 17.59249468383789, 17.549334020996096, 17.516620043945313, 17.484982305908204, 17.419935180664062, 17.417187106323244, 17.386435629272462, 17.366243951416017, 17.332464611816405, 17.313510702514648, 17.298372607421875, 17.268425247192383, 17.22636456298828, 17.235331176757814, 17.19222770996094, 17.197430438232423, 17.17791142578125, 17.13463903198242, 17.146826910400392, 17.11960626525879, 17.09067770690918, 17.07578450317383, 17.066983401489257, 17.086049420166017, 17.052803192138672, 17.031516348266603, 17.004843493652345, 17.00643303527832, 16.98573591003418, 16.986255599975586, 16.99118778076172, 16.974945797729493, 16.981151040649415, 16.959212463378908, 16.95100437927246, 16.956933850097656, 16.943700924682616, 16.939552728271483, 16.9398069519043, 16.919144174194336, 16.955646713256836, 16.943668240356445, 16.919388568115235, 16.913774215698243, 16.97574401855469, 16.909577618408203, 16.942365341186523, 16.913096765136718, 16.935420022583006, 16.91561017456055, 16.93021926574707, 16.908748806762695, 16.89890612487793, 16.901568560791016, 16.88539606323242, 16.890820126342774, 16.914840127563476, 16.863438330078125, 16.868821310424806, 16.897386120605468, 16.877761929321288, 16.91265629272461, 16.88665312805176, 16.892507025146486, 16.89222305908203, 16.895206582641602, 16.872749423217773, 16.866521054077147, 16.875481661987305, 16.888056814575194, 16.892545846557617, 16.73006208190918, 16.727546963500977, 16.72129312438965, 16.726279946899414, 16.723737670898437, 16.727589053344726, 16.73260220336914, 16.73640545654297, 16.727721875, 16.7401010559082, 16.733935787963865, 16.731544580078126, 16.72983264465332, 16.74582334289551, 16.745066683959962, 16.734255154418946, 16.7388112701416, 16.742222604370117, 16.739068548583983, 16.73784868774414, 16.742544161987304, 16.74929605102539, 16.753252099609377]], "train_accs": [[2.8000000000000003, 6.260000000000001, 9.29, 12.145, 14.2425, 15.7725, 17.21, 18.9625, 19.9425, 21.715, 23.3425, 25.0525, 25.972499999999997, 27.775, 29.0425, 30.412499999999998, 32.0475, 33.2825, 34.4225, 35.475, 36.625, 37.7325, 38.8675, 39.5875, 40.585, 41.445, 42.54, 43.3025, 44.05, 45.055, 45.81, 46.2175, 47.165, 47.82, 48.3325, 49.14, 49.88, 50.31250000000001, 50.875, 51.285000000000004, 52.14, 52.44, 52.98500000000001, 53.3325, 54.175, 54.74, 54.93, 55.67999999999999, 55.995, 56.49999999999999, 56.779999999999994, 57.115, 57.7875, 58.15, 58.7225, 58.684999999999995, 59.25, 59.48, 60.224999999999994, 60.6325, 60.824999999999996, 60.967499999999994, 61.502500000000005, 61.9975, 62.214999999999996, 62.895, 63.035, 63.737500000000004, 63.482499999999995, 63.777499999999996, 63.9925, 64.49000000000001, 64.66, 65.2025, 65.8, 65.41749999999999, 66.0125, 66.315, 66.7425, 66.82000000000001, 66.96, 70.1225, 71.1975, 71.9375, 72.05, 71.9575, 72.2225, 72.46249999999999, 72.48750000000001, 72.5475, 72.8075, 72.685, 72.78, 73.0025, 73.30499999999999, 72.9375, 73.0175, 73.31, 73.28, 73.2525, 73.22, 73.5525, 73.69, 73.89]], "valid_accs": [[4.9, 8.05, 11.15, 12.920000000000002, 14.680000000000001, 16.18, 16.59, 18.66, 19.62, 20.52, 21.6, 23.72, 24.86, 25.96, 28.18, 28.360000000000003, 29.12, 30.11, 30.84, 31.630000000000003, 32.23, 33.46, 34.31, 34.42, 35.78, 35.61, 36.47, 37.63, 37.46, 38.58, 39.519999999999996, 40.81, 41.160000000000004, 39.900000000000006, 40.82, 42.4, 42.69, 42.870000000000005, 44.440000000000005, 43.99, 44.28, 44.86, 44.31, 45.08, 45.98, 45.989999999999995, 46.660000000000004, 46.650000000000006, 46.19, 47.29, 46.400000000000006, 46.93, 47.78, 47.760000000000005, 46.11, 47.839999999999996, 47.5, 48.54, 47.46, 48.47, 48.3, 48.92, 48.82, 49.44, 48.88, 49.94, 48.88, 50.21, 50.14999999999999, 49.01, 50.339999999999996, 49.36, 49.41, 49.82, 50.12, 49.38, 50.21, 50.55, 50.470000000000006, 50.54, 50.5, 53.900000000000006, 54.36, 54.169999999999995, 54.379999999999995, 54.03, 54.59, 54.74, 54.290000000000006, 54.64, 54.37, 54.39000000000001, 54.74, 54.44, 55.08, 54.2, 54.52, 54.7, 54.67999999999999, 54.769999999999996, 54.98, 54.89000000000001, 54.49, 54.63]],