{"config": {"train_options": {"learning_rate": 0.01, "optimizer": "SGD", "batch_size": 128, "number_of_epochs": 300, "loss_parameters": {"temperature": 10, "distillation_type": "FILTER", "alpha": 0.9, "beta": 0.9}}}, "results": {"train_losses": [[8.315332215881348, 8.35102151184082, 8.386885928344727, 8.422636691284179, 8.458195391845702, 8.493555908203126, 8.528450833129883, 8.563076313781739, 8.59731497039795, 8.631301354980469, 8.664842863464356, 8.698187533569335, 8.731130625915528, 8.763771459960937, 8.796123672485352, 8.828010159301758, 8.85973012084961, 8.891114012145996, 8.922178787231445, 8.95300027923584, 8.983474481201172]], "valid_losses": [[8.333200671386718, 8.369132658386231, 8.404880505371093, 8.44066335144043, 8.47599867553711, 8.511148114013672, 8.546015017700196, 8.580440473937989, 8.614480670166015, 8.64837059020996, 8.681798558044434, 8.714688404846191, 8.747682276916503, 8.779956051635741, 8.812074966430664, 8.84401470336914, 8.875614251708985, 8.906729890441895, 8.937605780029298, 8.968368124389649, 8.998669145202637]], "train_accs": [[1.5125, 1.8975, 2.235, 2.26, 2.4299999999999997, 2.5125, 2.6475, 2.83, 3.055, 3.3474999999999997, 3.6350000000000002, 3.7199999999999998, 3.9025, 4.0125, 4.2275, 4.1625000000000005, 4.42, 4.695, 4.7025, 4.8575, 5.0]], "valid_accs": [[1.6500000000000001, 2.1999999999999997, 2.39, 2.31, 2.39, 2.53, 2.4299999999999997, 2.96, 3.0700000000000003, 3.44, 3.39, 3.8, 3.9800000000000004, 4.15, 4.130000000000001, 4.36, 4.38, 4.77, 4.79, 4.89, 5.28]], "train_times": [[122.57075881958008, 121.84252786636353, 121.9763925075531, 122.2990095615387, 122.46258020401001, 121.84233117103577, 122.46210527420044, 121.415842294693, 122.98786664009094, 122.2052550315857, 122.80896472930908, 122.25815081596375, 122.6597671508789, 123.1331193447113, 122.66402292251587, 123.27977108955383, 121.80818390846252, 122.88979172706604, 122.92265510559082, 122.76952409744263, 122.6068983078003]], "valid_times": [[23.268326997756958, 23.31513524055481, 23.456894397735596, 23.594192504882812, 23.266673803329468, 23.542333126068115, 23.37492799758911, 23.671027183532715, 23.515888452529907, 23.312182426452637, 23.281590938568115, 23.560654163360596, 23.649322986602783, 23.49355673789978, 23.435961484909058, 23.458209991455078, 23.22388195991516, 24.787379026412964, 23.595532417297363, 23.472365856170654, 23.794602870941162]], "test_accuracy": 5.19, "convergence_iteration": 21}}