{"config": {"train_options": {"learning_rate": 0.005, "optimizer": "SGD", "batch_size": 128, "number_of_epochs": 300, "loss_parameters": {"temperature": 20, "distillation_type": "FILTER", "alpha": 0.7, "beta": 0.6}}}, "results": {"train_losses": [[4.994636553955078, 4.991650704956054, 4.998259214019775, 5.00454913482666, 5.010896074676514, 5.017533027648926, 5.023005107879639, 5.027152849578857, 5.031630235290527, 5.0371609275817875, 5.044331086730957, 5.051021411895752, 5.058079873657227, 5.064439103698731, 5.071029288482666, 5.077045452880859, 5.083238107299804, 5.0905302688598635, 5.097650885009766, 5.105437270355225, 5.113406339263916]], "valid_losses": [[4.988401416015625, 4.994213948059082, 5.001363903808594, 5.007506269073486, 5.014275816345215, 5.02044649810791, 5.025337576293945, 5.028996631622315, 5.034598856353759, 5.040718280792237, 5.04893458328247, 5.056024949645996, 5.062258673858643, 5.069560511016846, 5.0760420852661134, 5.081697265625, 5.088237026977539, 5.097104161071777, 5.103914966583252, 5.112383955383301, 5.119644379425049]], "train_accs": [[1.5725, 2.6725, 3.4924999999999997, 4.375, 5.2725, 5.905, 6.510000000000001, 6.807499999999999, 7.3, 8.004999999999999, 8.407499999999999, 9.21, 10.0075, 10.6075, 10.95, 11.625, 12.055, 12.4775, 13.095, 13.364999999999998, 13.815]], "valid_accs": [[2.59, 2.9499999999999997, 3.83, 4.74, 5.7299999999999995, 6.2, 6.64, 7.07, 7.630000000000001, 8.3, 8.97, 9.87, 10.32, 11.12, 11.58, 12.42, 13.18, 12.91, 13.639999999999999, 13.81, 14.7]], "train_times": [[124.14050364494324, 124.94458031654358, 124.04532766342163, 124.60463738441467, 124.97645711898804, 125.96557235717773, 125.79716968536377, 124.72991967201233, 124.43042826652527, 124.75296306610107, 124.66590094566345, 125.36910009384155, 125.5987606048584, 125.1841835975647, 124.40823459625244, 124.7792317867279, 125.38202691078186, 124.2486093044281, 125.01166439056396, 124.31882739067078, 124.87982773780823]], "valid_times": [[23.950183391571045, 24.14850401878357, 23.824339628219604, 24.388940811157227, 23.97075581550598, 23.782463788986206, 23.736254453659058, 24.293659925460815, 23.96352505683899, 23.924447774887085, 24.273693323135376, 24.06061291694641, 23.6838219165802, 23.980308055877686, 23.507427215576172, 24.043134689331055, 23.89398169517517, 24.00000262260437, 24.067255973815918, 23.893629789352417, 24.102254629135132]], "test_accuracy": 14.6, "convergence_iteration": 21}}