{"config": {"train_options": {"learning_rate": 0.01, "optimizer": "SGD", "batch_size": 128, "number_of_epochs": 300, "loss_parameters": {"temperature": 15, "distillation_type": "FILTER", "alpha": 0.7, "beta": 0.9}}}, "results": {"train_losses": [[72.9573927734375, 73.03044304199219, 73.10553142089844, 73.18065404052734, 73.25542634277343, 73.32977947998047, 73.40360860595703, 73.47687885742188, 73.54969522705078, 73.62195668945313, 73.69374870605469, 73.76498048095704, 73.83569837646485, 73.9059044921875, 73.97549552001954, 74.04454201660157, 74.11316607666015, 74.18151225585937, 74.24918653564453, 74.31645427246093, 74.3831854248047]], "valid_losses": [[72.99328548583985, 73.06808377685547, 73.14321680908203, 73.21791862792969, 73.29255109863281, 73.36665056152344, 73.44024365234375, 73.51326409912109, 73.58583004150391, 73.65782318115234, 73.72939221191406, 73.80049495849609, 73.87083736572265, 73.9407095336914, 74.01004849853516, 74.0788373046875, 74.14738975830078, 74.21543349609375, 74.28275350341796, 74.34981369628906, 74.41625041503906]], "train_accs": [[1.1475000000000002, 1.915, 2.2275, 2.56, 3.0225, 3.5125, 4.115, 4.62, 4.984999999999999, 5.2425, 5.695, 6.05, 6.322500000000001, 6.585000000000001, 6.9675, 7.4399999999999995, 7.5874999999999995, 8.0225, 8.305, 8.6425, 9.0275]], "valid_accs": [[1.77, 2.09, 2.5100000000000002, 3.08, 3.6700000000000004, 4.16, 4.2700000000000005, 4.859999999999999, 5.0200000000000005, 5.34, 5.75, 5.86, 6.15, 6.87, 7.109999999999999, 7.24, 7.470000000000001, 8.15, 8.4, 8.39, 9.07]], "train_times": [[49.427152156829834, 48.03059363365173, 48.963592529296875, 48.87901520729065, 48.49301719665527, 48.707998514175415, 48.57604146003723, 48.77051901817322, 48.573997497558594, 49.84003758430481, 49.702245235443115, 49.675084352493286, 49.70960760116577, 49.78302788734436, 50.151021242141724, 49.77402114868164, 49.727057218551636, 49.63102626800537, 49.453426122665405, 49.628533601760864, 49.63216948509216]], "valid_times": [[9.603002786636353, 9.455999612808228, 9.706002235412598, 9.947524070739746, 9.59999966621399, 9.600510358810425, 9.516002178192139, 9.674030065536499, 9.560519218444824, 9.768548727035522, 9.700003862380981, 9.77952265739441, 9.770048379898071, 9.810001850128174, 9.762037515640259, 9.811537504196167, 9.706040143966675, 9.76150894165039, 9.724023580551147, 9.780513286590576, 9.753073692321777]], "test_accuracy": 8.95, "convergence_iteration": 21}}