{"config": {"train_options": {"learning_rate": 0.005, "optimizer": "SGD", "batch_size": 128, "number_of_epochs": 300, "loss_parameters": {"temperature": 15, "distillation_type": "FILTER", "alpha": 0.3, "beta": 0.7}}}, "results": {"train_losses": [[7.206553228759765, 7.17618501739502, 7.153585279846191, 7.142647994995118, 7.140175087738037, 7.139295808410645, 7.140798079681397, 7.143495066833496, 7.145708771514893, 7.148517742919922, 7.152816537475586, 7.1563197677612305, 7.159733341217041, 7.1635995262145995, 7.168089167785644, 7.172594253540039, 7.177464581298828, 7.18364453125, 7.187397979736328, 7.193690379333496, 7.198953869628906, 7.204235774230957, 7.2091279884338375, 7.21482963104248, 7.219928419494629]], "valid_losses": [[7.18841469116211, 7.164622135925293, 7.149822232818604, 7.144202223205566, 7.143433953094482, 7.14345405883789, 7.147221475982666, 7.147865477752686, 7.150369692993164, 7.154408626556396, 7.1605215263366695, 7.164816696166993, 7.168696825408936, 7.174261864471435, 7.182001263427734, 7.183446798706055, 7.194379878997803, 7.197712201690674, 7.204501531982422, 7.210172537994385, 7.215470428466797, 7.221523753356934, 7.230571744537354, 7.234837216949463, 7.242164192199707]], "train_accs": [[1.9775, 4.185, 5.7825, 7.3575, 8.2325, 9.29, 10.18, 10.9125, 11.834999999999999, 12.725, 13.255, 14.147499999999999, 14.8225, 15.55, 16.34, 17.1425, 17.8825, 18.59, 19.4775, 19.900000000000002, 20.62, 21.4, 22.162499999999998, 22.7975, 23.3175]], "valid_accs": [[3.62, 4.96, 6.61, 8.19, 9.09, 9.719999999999999, 10.47, 11.55, 12.16, 12.879999999999999, 13.33, 13.750000000000002, 14.540000000000001, 15.06, 16.1, 17.09, 17.49, 18.25, 18.83, 19.35, 20.16, 20.89, 20.9, 21.740000000000002, 21.58]], "train_times": [[120.5630578994751, 121.64391994476318, 121.34386110305786, 121.08249473571777, 122.06506204605103, 121.46445369720459, 121.87149810791016, 121.79544568061829, 121.7399959564209, 120.95114612579346, 122.2640814781189, 122.11035799980164, 121.37894892692566, 121.53105020523071, 121.88768601417542, 122.74938654899597, 122.23823428153992, 121.75907516479492, 122.91313552856445, 122.294682264328, 121.1904149055481, 122.35510611534119, 121.31080746650696, 120.82724690437317, 121.0930564403534]], "valid_times": [[23.658304929733276, 23.70999789237976, 23.954917430877686, 23.355478525161743, 23.583800315856934, 23.481711864471436, 23.714618682861328, 23.490546226501465, 23.39517903327942, 23.518802404403687, 23.63337993621826, 23.716604709625244, 23.507797479629517, 23.6114501953125, 23.82989239692688, 23.467957496643066, 23.58757472038269, 23.01477360725403, 23.193555116653442, 23.653762578964233, 23.22281551361084, 24.04512858390808, 23.694300174713135, 23.48206067085266, 23.561322927474976]], "test_accuracy": 23.44, "convergence_iteration": 25}}