{
  "config": {
    "train_options": {
      "learning_rate": 0.01,
      "optimizer": "SGD",
      "batch_size": 128,
      "number_of_epochs": 300,
      "loss_parameters": {
        "temperature": 10,
        "distillation_type": "FILTER",
        "alpha": 0.2,
        "beta": 0.9
      }
    }
  },
  "results": {
    "train_losses": [
      [
        73.46894370117188, 73.53026456298828, 73.59487282714844,
        73.66144821777344, 73.72963284912109, 73.79813548583985,
        73.86668037109375, 73.93499920654297, 74.00332596435547,
        74.07146912841797, 74.1395280029297, 74.20713840332031,
        74.27429714355469, 74.34133568115234, 74.40767250976562,
        74.47384895019532, 74.53930010986328, 74.60436943359375,
        74.6691677734375, 74.73353499755859, 74.79756673583984
      ]
    ],
    "valid_losses": [
      [
        73.4987812133789, 73.56155944824219, 73.62761535644532,
        73.6951287475586, 73.76407995605469, 73.83352612304688,
        73.90208358154297, 73.97136030273437, 74.04042296142578,
        74.10833868408203, 74.17739425048828, 74.24245242919922,
        74.30908703613281, 74.37741882324218, 74.44246536865235,
        74.50750648193359, 74.57249919433593, 74.63865482177734,
        74.70343155517578, 74.76731674804688, 74.8314333984375
      ]
    ],
    "train_accs": [
      [
        1.9375, 3.8774999999999995, 5.2775, 6.5125, 7.630000000000001, 8.7425,
        9.47, 10.6225, 11.297500000000001, 11.924999999999999, 12.6525, 13.38,
        14.000000000000002, 14.6125, 15.147499999999999, 15.4325, 16.045,
        16.575, 16.9425, 17.580000000000002, 17.8925
      ]
    ],
    "valid_accs": [
      [
        3.32, 4.14, 5.779999999999999, 6.99, 8.23, 8.9, 9.54, 10.34, 11.43,
        11.899999999999999, 12.27, 13.43, 13.919999999999998,
        14.249999999999998, 15.2, 15.690000000000001, 16.34, 16.689999999999998,
        16.78, 17.18, 17.5
      ]
    ],
    "train_times": [
      [
        46.88559651374817, 46.878012895584106, 46.87799620628357,
        46.947999715805054, 46.90961718559265, 46.87910008430481,
        46.87914037704468, 46.88915705680847, 46.869107246398926,
        46.89160084724426, 46.879591941833496, 46.87610697746277,
        46.895591020584106, 46.87712121009827, 46.876595973968506,
        46.894692182540894, 46.876030921936035, 46.874006032943726,
        46.881996154785156, 46.86999821662903, 46.874995946884155
      ]
    ],
    "valid_times": [
      [
        9.220529317855835, 9.219595909118652, 9.23555874824524,
        9.254997491836548, 9.217002630233765, 9.219003438949585,
        9.226519346237183, 9.229003429412842, 9.241004228591919,
        9.23400354385376, 9.221015453338623, 9.22000503540039,
        9.238000631332397, 9.22100305557251, 9.236003637313843,
        9.222004175186157, 9.20900273323059, 9.214106798171997,
        9.229387044906616, 9.208440065383911, 9.239003658294678
      ]
    ],
    "test_accuracy": 17.94,
    "convergence_iteration": 21
  }
}
