{"config": {"train_options": {"learning_rate": 0.05, "optimizer": "SGD", "batch_size": 128, "number_of_epochs": 300, "loss_parameters": {"temperature": 5, "distillation_type": "FILTER", "alpha": 0.8, "beta": 0.7}}}, "results": {"train_losses": [[56.53639284057617, 56.806347479248046, 57.073315484619144, 57.33091831665039, 57.58020038452148, 57.82203004150391, 58.05379146728516, 58.27635162963867, 58.49118856201172, 58.695451861572266, 58.892635638427734, 59.0811583984375, 59.26126729125976, 59.435386322021486, 59.601180432128906, 59.76302239379883, 59.91593563232422, 60.06541654663086, 60.20776130981445, 60.344605059814455, 60.477510791015625]], "valid_losses": [[56.669961370849606, 56.940571807861325, 57.20248073120117, 57.45815274047852, 57.702188635253904, 57.940738916015626, 58.16634549560547, 58.3872198425293, 58.59834903564453, 58.79910832519531, 58.99071705322265, 59.17988530273438, 59.35549608154297, 59.52504951171875, 59.688503186035156, 59.84788325805664, 60.000440142822264, 60.147367578125, 60.28893552856445, 60.42905754394531, 60.55586556396484]], "train_accs": [[3.105, 6.825, 9.945, 12.139999999999999, 14.29, 15.684999999999999, 17.035, 18.515, 19.7825, 21.245, 23.0375, 24.6675, 26.242500000000003, 27.6925, 28.825, 30.257499999999997, 31.7575, 32.78, 33.7325, 35.3975, 36.4625]], "valid_accs": [[4.82, 8.35, 11.020000000000001, 12.920000000000002, 14.48, 15.310000000000002, 16.93, 18.18, 19.0, 20.73, 22.07, 22.45, 24.21, 25.869999999999997, 27.48, 28.549999999999997, 29.020000000000003, 28.71, 30.759999999999998, 30.09, 31.7]], "train_times": [[48.16408610343933, 48.04717516899109, 48.11415386199951, 48.043078660964966, 48.06415128707886, 48.17720985412598, 48.70922827720642, 48.541059255599976, 48.54955458641052, 47.781933069229126, 47.43348240852356, 46.885541915893555, 47.89676213264465, 48.306684494018555, 48.20185899734497, 47.85087847709656, 48.02519917488098, 48.66340374946594, 49.60592341423035, 48.35651636123657, 49.34522008895874]], "valid_times": [[9.486001253128052, 9.579962015151978, 9.48903512954712, 9.487157583236694, 9.487029552459717, 9.496509552001953, 9.533385515213013, 9.811883926391602, 9.498001337051392, 9.401163816452026, 9.187000036239624, 9.209009408950806, 9.54503321647644, 9.539055109024048, 9.423417806625366, 9.601423263549805, 9.464707374572754, 9.660592317581177, 9.431204319000244, 9.765997886657715, 9.540923118591309]], "test_accuracy": 32.78, "convergence_iteration": 21}}