{"config": {"train_options": {"learning_rate": 0.005, "optimizer": "SGD", "batch_size": 128, "number_of_epochs": 300, "loss_parameters": {"temperature": 20, "distillation_type": "FILTER", "alpha": 0.9, "beta": 0.9}}}, "results": {"train_losses": [[72.7831900390625, 72.8209405883789, 72.8590164428711, 72.89717159423829, 72.93527553710938, 72.97331804199219, 73.0112616821289, 73.0490978515625, 73.08681540527344, 73.12442830810546, 73.16189044189453, 73.19921896972656, 73.23643162841798, 73.27350871582031, 73.31044704589844, 73.34724309082031, 73.38392099609375, 73.42047139892578, 73.45685783691407, 73.4931340209961, 73.52928275146485]], "valid_losses": [[72.80201860351562, 72.84005849609375, 72.87819234619141, 72.91635704345703, 72.95441774902343, 72.99247674560547, 73.03032834472656, 73.06812301025391, 73.1057529296875, 73.14329020996094, 73.18073366699218, 73.21801309814452, 73.25514295654297, 73.29213843994141, 73.329008984375, 73.36572756347657, 73.40233011474609, 73.43882758789063, 73.47513505859375, 73.5113088256836, 73.54742760009766]], "train_accs": [[0.9974999999999999, 1.0325000000000002, 1.0775, 1.1724999999999999, 1.2275, 1.2625000000000002, 1.2975, 1.2850000000000001, 1.375, 1.3724999999999998, 1.49, 1.5625, 1.67, 1.8950000000000002, 2.0125, 1.9900000000000002, 2.08, 2.21, 2.36, 2.2925, 2.4275]], "valid_accs": [[1.22, 1.08, 1.2, 1.3299999999999998, 1.39, 1.32, 1.4000000000000001, 1.3299999999999998, 1.5599999999999998, 1.5699999999999998, 1.52, 1.73, 1.55, 1.9, 2.0500000000000003, 2.21, 2.53, 2.5700000000000003, 2.64, 2.54, 2.7199999999999998]], "train_times": [[199.63501620292664, 197.91845965385437, 196.2424819469452, 194.83666062355042, 194.3512396812439, 194.70355248451233, 195.94840240478516, 198.77763104438782, 201.83944296836853, 211.2365653514862, 218.04447150230408, 200.84752774238586, 199.7450201511383, 198.10165739059448, 197.80831599235535, 201.10866236686707, 200.91392374038696, 199.02485990524292, 201.6757628917694, 199.6539032459259, 202.07427048683167]], "valid_times": [[47.206475019454956, 46.756282329559326, 46.57618689537048, 46.65189981460571, 45.81410455703735, 46.22676157951355, 46.73618030548096, 46.94824028015137, 47.27251434326172, 51.63279318809509, 49.3405122756958, 47.11733388900757, 47.1681649684906, 47.473849296569824, 47.55456233024597, 45.390854358673096, 47.55415177345276, 48.80490183830261, 46.41410851478577, 48.24687433242798, 47.89929556846619]], "test_accuracy": 2.37, "convergence_iteration": 21}}