{"config": {"train_options": {"learning_rate": 0.005, "optimizer": "SGD", "batch_size": 128, "number_of_epochs": 300, "loss_parameters": {"temperature": 5, "distillation_type": "FILTER", "alpha": 0.7, "beta": 0.7}}}, "results": {"train_losses": [[6.5022601257324215, 6.500268248748779, 6.509539078521729, 6.518710787200928, 6.525893686676025, 6.533603310394287, 6.543342736053467, 6.552401848602295, 6.562517742919922, 6.571950658416748, 6.583972821044922, 6.593847411346435, 6.604486092376709, 6.615171741485596, 6.624218022155762, 6.636450497436523, 6.646367291259765, 6.657354328918457, 6.667963552856445, 6.679915396881103, 6.690813339233398]], "valid_losses": [[6.494937744140625, 6.50183129196167, 6.512319078826904, 6.519564405059814, 6.527328397369385, 6.536347161102295, 6.543492477416992, 6.55723152923584, 6.564854233551025, 6.575147796630859, 6.587687587738037, 6.597593212890625, 6.608360643005371, 6.619666870880127, 6.629072109222412, 6.640713529968262, 6.650395879364014, 6.66021644897461, 6.672227684783936, 6.684204172515869, 6.694419927978515]], "train_accs": [[1.4575, 2.5, 3.53, 4.52, 5.135, 5.5775, 6.21, 7.1575, 7.89, 8.43, 8.8825, 9.335, 9.74, 10.0925, 10.5325, 10.84, 11.2375, 11.6725, 11.977500000000001, 12.455, 12.8875]], "valid_accs": [[1.95, 3.2, 4.41, 5.35, 5.54, 6.140000000000001, 7.359999999999999, 7.7700000000000005, 8.459999999999999, 9.02, 8.99, 9.33, 10.11, 10.41, 10.59, 11.25, 11.57, 12.120000000000001, 11.959999999999999, 12.8, 13.0]], "train_times": [[124.71256041526794, 125.04342579841614, 124.60553121566772, 125.59032702445984, 126.299973487854, 125.09752917289734, 124.2473475933075, 125.49231314659119, 125.61706972122192, 124.68170285224915, 125.70994424819946, 124.99530220031738, 125.0883481502533, 124.52628374099731, 125.37265968322754, 124.62285566329956, 125.5307788848877, 126.20196533203125, 124.31468415260315, 125.34101915359497, 124.80042672157288]], "valid_times": [[23.731387853622437, 23.744343757629395, 23.914087772369385, 23.72529888153076, 24.016693353652954, 24.12177348136902, 24.027491807937622, 24.44306707382202, 23.82267165184021, 23.885584354400635, 24.303496599197388, 24.36207890510559, 24.035583019256592, 24.592682361602783, 24.126710653305054, 23.877501726150513, 23.892379999160767, 24.183231115341187, 23.935802459716797, 24.132376432418823, 23.866259813308716]], "test_accuracy": 13.209999999999999, "convergence_iteration": 21}}