{"config": {"train_options": {"learning_rate": 0.05, "optimizer": "SGD", "batch_size": 128, "number_of_epochs": 300, "loss_parameters": {"temperature": 5, "distillation_type": "FILTER", "alpha": 0.7, "beta": 0.1}}}, "results": {"train_losses": [[7.432758387756348, 7.334350923919677, 7.286504152679443, 7.253263844299316, 7.216230690002441, 7.180831370544434, 7.14856438369751, 7.123690682983399, 7.099332751464844, 7.079094984436035, 7.065801851654053, 7.045276792907715, 7.033777825164795, 7.021015817260742, 7.010975419616699, 6.996338066101075, 6.989375155639649, 6.976710410308838, 6.966689176940918, 6.959309831237793, 6.947992012023926, 6.9405624946594235, 6.932287314605713, 6.922197983551025, 6.91041996383667, 6.903650477600098, 6.893116839599609, 6.881402938842774, 6.871875514984131, 6.861924565124512, 6.849458888244629, 6.841133402252197, 6.827303991699218, 6.815930265808105, 6.8068392402648925, 6.796638468933105, 6.785239399719238, 6.769989002227783, 6.759489476013184, 6.745739599609375, 6.736724876403809, 6.724980752563477, 6.710455537414551, 6.698663387298584, 6.68802194519043, 6.674684101867676, 6.659443225860596, 6.651159431457519, 6.640644734954834, 6.624544525909424, 6.61380530090332, 6.601554232788086, 6.58770983581543, 6.578781812286377, 6.564474906921387, 6.55550443572998, 6.541018475341797, 6.526657028198242, 6.522544647979736, 6.508247462463379, 6.497280310821533, 6.485793144226074, 6.470979134368896, 6.460943408203125, 6.455124958801269, 6.441557691955566, 6.42999249420166, 6.424189547729492, 6.412779266357422, 6.39998609008789, 6.391886599731445, 6.386858148193359, 6.373135544586182, 6.362312552642822, 6.3514158889770505, 6.342280997467041, 6.332723550415039, 6.326615480041504, 6.311671374511719, 6.304895580291748, 6.294502522277832, 6.232873569488525, 6.207191699981689, 6.205416049957275, 6.201851379394531, 6.199879240417481, 6.202887174987793, 6.201225593566894, 6.201394505310058, 6.202449011230469, 6.20575431060791, 6.20824518661499, 6.209637577056885, 6.209089846801758, 6.210563539886475, 6.213801635742188, 6.215070719909668, 6.220185977172852, 6.21959881362915, 6.224332965087891, 6.2235507392883305, 6.227432949066162]], "valid_losses": [[7.393240674591064, 7.360135759735107, 7.313934073638916, 7.261086756134033, 7.239962454223633, 7.205474627685547, 7.2033729736328125, 7.186175222778321, 7.165594364929199, 7.138604050445557, 7.140345837402344, 7.096051733398437, 7.125357447052002, 7.113230388641357, 7.104117774963379, 7.118411305999756, 7.083574558258056, 7.104846463775635, 7.135763256835937, 7.079020658874512, 7.109489964294434, 7.078564582824707, 7.079298577880859, 7.08602915725708, 7.068696720886231, 7.096540742492675, 7.104395632171631, 7.10639906463623, 7.055430185699463, 7.070122451019287, 7.050997096252441, 7.045888468170166, 7.042344878387452, 7.040894714355469, 7.053455381011963, 7.076888069152832, 7.051394236755371, 7.043618109893798, 6.977086706542969, 7.005329731750488, 7.01708475189209, 6.993582106781006, 6.96616923904419, 6.916222537231445, 6.90434301147461, 6.96542029800415, 6.912966620635986, 6.895765028381348, 6.8814280967712405, 6.9134980598449705, 6.878040030670166, 6.94848472442627, 6.843552684020996, 6.884685835266113, 6.840528114318848, 6.861019309234619, 6.881508863830566, 6.892158828735352, 6.810869310760498, 6.781006615447998, 6.798648684692383, 6.8402168052673336, 6.792942194366455, 6.791561574554444, 6.852119276428223, 6.770381725311279, 6.807389194488525, 6.705278764343261, 6.831744200134278, 6.743702973937988, 6.74737424697876, 6.767355258178711, 6.675755255889893, 6.688603575134278, 6.721700146484375, 6.705456784820557, 6.712931566619873, 6.69958440246582, 6.692780208587647, 6.6972546447753905, 6.650532894897461, 6.496045413208008, 6.501134249877929, 6.502508397674561, 6.512619428253174, 6.519001385498047, 6.53053970413208, 6.531472788238525, 6.541611965942383, 6.547002082061767, 6.553227512359619, 6.565576747894287, 6.561588233947754, 6.57414331741333, 6.5798487503051755, 6.577429131317139, 6.588429900360107, 6.593653551483154, 6.5971481300354, 6.612077289581299, 6.61329836807251, 6.613407246398926]], "train_accs": [[5.489999999999999, 11.709999999999999, 16.115, 20.115, 23.9525, 27.5625, 31.045, 34.1425, 37.042500000000004, 39.2725, 41.215, 43.3375, 45.1875, 46.745, 48.2725, 49.877500000000005, 50.68, 51.955, 53.49, 54.107499999999995, 55.2275, 55.754999999999995, 56.9175, 57.555, 58.07, 58.575, 59.597500000000004, 59.865, 60.5725, 61.4125, 61.58, 62.044999999999995, 62.56, 63.115, 63.12, 63.660000000000004, 64.03750000000001, 64.49249999999999, 64.79, 65.185, 65.315, 65.45, 66.19, 66.4975, 66.535, 66.965, 67.64750000000001, 67.33, 67.8325, 67.84, 68.1825, 68.215, 68.88499999999999, 69.04249999999999, 69.2125, 68.83500000000001, 69.545, 69.99, 69.72749999999999, 69.905, 70.1725, 70.89750000000001, 70.9125, 71.115, 71.02000000000001, 71.48, 71.37, 70.97, 71.5675, 72.28750000000001, 71.8375, 71.625, 71.925, 72.255, 72.665, 72.74249999999999, 72.7625, 72.88, 73.0025, 73.55000000000001, 73.52, 78.5925, 81.435, 82.10499999999999, 83.00750000000001, 83.2975, 83.505, 84.15, 84.0525, 84.2925, 84.435, 84.6975, 84.775, 85.185, 85.2275, 85.5275, 85.61, 85.63499999999999, 85.9025, 86.13499999999999, 86.0775, 86.2925]], "valid_accs": [[7.51, 10.549999999999999, 15.42, 19.59, 23.380000000000003, 25.729999999999997, 28.93, 29.68, 33.46, 35.8, 36.36, 39.81, 38.33, 40.699999999999996, 41.839999999999996, 41.089999999999996, 43.41, 43.480000000000004, 41.53, 45.45, 43.96, 46.47, 46.410000000000004, 45.92, 47.03, 46.12, 46.07, 46.18, 47.949999999999996, 47.04, 48.230000000000004, 48.53, 48.949999999999996, 48.05, 49.1, 46.489999999999995, 48.58, 48.9, 51.24999999999999, 50.54, 49.03, 49.08, 49.97, 52.480000000000004, 53.2, 50.580000000000005, 51.99, 52.09, 52.51, 51.13999999999999, 52.12, 49.730000000000004, 53.1, 51.06, 53.49, 52.849999999999994, 50.91, 49.62, 52.04, 54.300000000000004, 52.959999999999994, 51.51, 52.900000000000006, 52.87, 50.11, 53.33, 52.89, 55.33, 50.63999999999999, 53.93, 53.05, 52.42, 55.65, 54.059999999999995, 53.64, 52.09, 53.22, 53.21, 52.86, 53.42, 55.7, 62.55, 62.72, 62.74999999999999, 63.13999999999999, 62.970000000000006, 62.88, 63.21, 62.849999999999994, 63.519999999999996, 62.49, 62.59, 63.13999999999999, 62.86000000000001, 62.91, 62.949999999999996, 62.99, 63.22, 63.190000000000005, 62.870000000000005, 63.18, 63.05]],