{"config": {"train_options": {"learning_rate": 0.005, "optimizer": "SGD", "batch_size": 128, "number_of_epochs": 300, "loss_parameters": {"temperature": 20, "distillation_type": "FILTER", "alpha": 0.2, "beta": 0.3}}}, "results": {"train_losses": [[26.235487469482422, 26.097380926513672, 25.994512042236327, 25.91611030883789, 25.85397961730957, 25.79653540649414, 25.751495599365235, 25.712621646118166, 25.676429010009766, 25.64728483276367, 25.61294292907715, 25.58072497253418, 25.54938005065918, 25.517142025756836, 25.486104446411133, 25.459826919555663, 25.428366510009766, 25.400700366210938, 25.37276539001465, 25.348375134277344, 25.327939511108397, 25.306529858398438, 25.285027392578126, 25.26597046508789, 25.245184530639648, 25.230817959594727, 25.20933673400879, 25.192227322387694, 25.17514684753418, 25.162340075683595, 25.143011431884766, 25.129819793701174, 25.116419869995116, 25.09909633178711, 25.09138000793457, 25.072630017089843, 25.05852346496582, 25.052700958251954, 25.03893106994629, 25.02637587890625, 25.01944819946289, 25.007637579345705, 24.996359518432616, 24.985679119873048, 24.9745723815918, 24.968796115112305, 24.952066049194336, 24.947237335205077, 24.937088543701172, 24.926706362915038, 24.91923075866699, 24.909855319213868, 24.903665161132814, 24.89619220275879, 24.887784552001953, 24.882287799072266, 24.872042999267578, 24.86263952331543, 24.856351940917968, 24.84973112487793, 24.84045942993164, 24.833733450317382, 24.826433099365236, 24.81823765563965, 24.813592404174805, 24.803456997680666, 24.794970101928712, 24.788301235961914, 24.78165198059082, 24.77932189025879, 24.770982427978517, 24.761000802612305, 24.755973333740233, 24.749585382080078, 24.743031713867186, 24.736721838378905, 24.726597409057618, 24.72197198486328, 24.714944503784178, 24.708247387695312, 24.70173862915039, 24.648515084838866, 24.629110919189454, 24.622425518798828, 24.61777883605957, 24.617649447631837, 24.614690219116213, 24.614106436157225, 24.615139056396483, 24.611349102783205, 24.61225892944336, 24.60999317626953, 24.609246746826173, 24.610359259033203, 24.609730474853517, 24.608176486206055, 24.60772738647461, 24.609201123046876, 24.608876791381835, 24.607779229736327, 24.60582081298828, 24.609233801269532, 24.610033081054688]], "valid_losses": [[26.168249685668947, 26.03901040649414, 25.94553551940918, 25.89034059753418, 25.836321572875978, 25.79637533569336, 25.753064801025392, 25.71498071899414, 25.68456798095703, 25.65200712890625, 25.631293032836915, 25.60362707824707, 25.60099072265625, 25.54499463195801, 25.54015510864258, 25.507851724243164, 25.463446920776367, 25.447379019165037, 25.415973812866213, 25.403560034179687, 25.407289694213866, 25.37490746765137, 25.3706202331543, 25.356806811523438, 25.330952407836914, 25.313989141845703, 25.28559320983887, 25.283948736572267, 25.29016049194336, 25.2622740234375, 25.265817599487306, 25.27848918762207, 25.275122125244142, 25.27583488769531, 25.230527981567384, 25.27059321899414, 25.23530441894531, 25.224254312133787, 25.239574530029298, 25.212254403686522, 25.185524612426757, 25.202568725585937, 25.218885787963867, 25.216788513183594, 25.202930422973633, 25.171890841674806, 25.197005841064453, 25.18054712524414, 25.193807113647463, 25.226051025390625, 25.204289697265626, 25.190431930541994, 25.164362631225586, 25.190289935302733, 25.153662240600585, 25.166254815673827, 25.17131327819824, 25.17886332397461, 25.179016888427736, 25.191099435424803, 25.158376278686525, 25.14878932495117, 25.172138363647463, 25.179110513305663, 25.14599103088379, 25.152674575805666, 25.173124267578125, 25.174881420898437, 25.16045267944336, 25.170332220458985, 25.157366006469726, 25.15561209411621, 25.17087116699219, 25.197666635131835, 25.15269921569824, 25.187773040771486, 25.145393405151367, 25.132137329101564, 25.174999877929686, 25.170878921508788, 25.161475915527344, 25.01343855895996, 25.004069787597658, 25.01194300842285, 25.01123394470215, 25.01617724609375, 25.011356344604494, 25.015965576171876, 25.017166033935545, 25.014765466308592, 25.01396546936035, 25.02391620788574, 25.027838708496095, 25.02569362487793, 25.025341543579103, 25.02793534851074, 25.03139267578125, 25.027413885498046, 25.028841751098632, 25.030284173583983, 25.03508030090332, 25.02985612182617, 25.037867993164063]], "train_accs": [[2.965, 5.695, 8.19, 10.535, 12.837499999999999, 14.804999999999998, 16.21, 17.605, 19.02, 20.4, 21.7775, 22.7925, 23.985, 25.645, 26.6625, 27.3825, 28.87, 30.220000000000002, 31.2, 32.2975, 33.53, 34.300000000000004, 35.2025, 36.22, 36.8925, 37.6, 38.934999999999995, 39.735, 40.4625, 41.1175, 42.2325, 42.95, 43.565, 44.4975, 44.9925, 45.96, 46.410000000000004, 47.102500000000006, 47.58, 48.552499999999995, 48.74, 49.4375, 50.1975, 50.644999999999996, 51.300000000000004, 51.51, 52.192499999999995, 52.605000000000004, 53.09, 53.7875, 54.1525, 54.52, 54.9575, 55.32, 55.7275, 56.115, 56.584999999999994, 57.01500000000001, 57.5675, 57.865, 58.4075, 58.440000000000005, 58.99250000000001, 59.3975, 59.765, 60.097500000000004, 60.552499999999995, 61.040000000000006, 61.3, 61.255, 61.73, 62.1425, 62.46000000000001, 62.815, 62.9775, 63.385000000000005, 63.7525, 63.725, 64.22, 64.4625, 64.84, 67.6775, 68.78999999999999, 69.1375, 69.5, 69.32249999999999, 69.5925, 69.83, 69.71000000000001, 70.0, 70.125, 70.155, 70.1825, 70.19, 70.19, 70.4125, 70.67, 70.545, 70.65249999999999, 70.72500000000001, 70.67750000000001, 70.81, 70.875]], "valid_accs": [[4.19, 6.43, 9.25, 11.540000000000001, 13.420000000000002, 14.360000000000001, 16.41, 17.47, 18.38, 20.369999999999997, 20.78, 22.55, 22.59, 24.759999999999998, 25.169999999999998, 25.81, 28.050000000000004, 28.46, 29.94, 30.45, 31.019999999999996, 31.840000000000003, 33.03, 33.64, 34.73, 35.49, 36.52, 37.16, 36.64, 38.129999999999995, 38.61, 38.24, 38.37, 38.61, 40.699999999999996, 38.83, 40.54, 41.22, 40.67, 41.75, 42.89, 41.97, 42.309999999999995, 41.94, 43.46, 44.5, 43.56, 44.07, 43.63, 43.57, 44.32, 44.99, 45.59, 44.82, 46.08, 45.989999999999995, 46.11, 46.01, 45.85, 46.160000000000004, 46.64, 47.69, 46.73, 46.89, 47.61, 48.24, 47.12, 46.93, 48.46, 47.510000000000005, 47.99, 48.4, 47.660000000000004, 47.21, 48.61, 47.25, 49.13, 49.3, 48.230000000000004, 48.55, 48.04, 53.349999999999994, 54.16, 53.449999999999996, 53.800000000000004, 53.5, 53.44, 53.81, 54.04, 53.959999999999994, 53.669999999999995, 53.02, 53.459999999999994, 53.75, 53.400000000000006, 54.1, 53.89000000000001, 53.75, 53.36, 53.769999999999996, 53.65, 53.949999999999996, 53.900000000000006]],