{"config": {"train_options": {"learning_rate": 0.05, "optimizer": "SGD", "batch_size": 128, "number_of_epochs": 300, "loss_parameters": {"temperature": 15, "distillation_type": "FILTER", "alpha": 0.3, "beta": 0.7}}}, "results": {"train_losses": [[7.247549530792236, 7.276067280578613, 7.348065581512452, 7.421374758911133, 7.488108946228027, 7.5564112426757815, 7.62124418258667, 7.685978150939941, 7.749042378997803, 7.807444208526611, 7.86648318862915, 7.921286724853515, 7.975258377075195, 8.026115737915038, 8.075967749023437, 8.121878861999512, 8.168302214050293, 8.211579736328124, 8.253404661560058, 8.293103372192382, 8.329650578308106]], "valid_losses": [[7.2545257057189945, 7.3244952339172364, 7.419114423370361, 7.478443077087403, 7.547079731750488, 7.6106617027282715, 7.67737848815918, 7.756476031494141, 7.818007536315918, 7.9191296180725095, 7.943398173522949, 8.035347314453125, 8.063745057678222, 8.097445916748047, 8.225454064941406, 8.229996366882323, 8.308699591064453, 8.354352812194824, 8.377993058776855, 8.421952452087403, 8.473528637695312]], "train_accs": [[5.2325, 11.1775, 15.1, 18.55, 22.107499999999998, 25.45, 28.405, 30.94, 33.4125, 35.8125, 37.9075, 39.9025, 41.765, 43.5275, 44.732499999999995, 46.635, 47.71, 49.2375, 50.19, 51.29, 52.49]], "valid_accs": [[7.8, 11.78, 14.469999999999999, 18.92, 20.94, 24.93, 27.26, 28.57, 31.09, 29.79, 34.33, 32.81, 35.82, 39.31, 34.8, 39.22, 37.18, 38.17, 40.23, 41.760000000000005, 41.18]], "train_times": [[123.7874002456665, 124.42003583908081, 124.02254915237427, 124.70983862876892, 124.65317511558533, 123.64241600036621, 123.8715569972992, 124.19001412391663, 126.36484122276306, 124.45643973350525, 123.96335506439209, 123.9442150592804, 124.8837776184082, 124.97486805915833, 124.01218891143799, 125.06453776359558, 124.85476660728455, 123.79408001899719, 124.09710431098938, 123.92000365257263, 124.70419788360596]], "valid_times": [[23.944557189941406, 23.523334980010986, 23.422277450561523, 23.853182077407837, 23.71435022354126, 23.891408920288086, 23.659029006958008, 23.56308102607727, 23.74723196029663, 23.71480441093445, 23.33189082145691, 23.792136907577515, 23.644246816635132, 23.701785564422607, 24.08132553100586, 23.780497312545776, 23.787296295166016, 23.839673280715942, 23.694003582000732, 23.8406925201416, 23.84719491004944]], "test_accuracy": 42.42, "convergence_iteration": 21}}