{"config": {"train_options": {"learning_rate": 0.005, "optimizer": "SGD", "batch_size": 128, "number_of_epochs": 300, "loss_parameters": {"temperature": 20, "distillation_type": "FILTER", "alpha": 0.8, "beta": 0.7}}}, "results": {"train_losses": [[56.05126800537109, 56.07269475097656, 56.09923257446289, 56.12616083374024, 56.15348284301758, 56.18097454833985, 56.20868758544922, 56.236279125976566, 56.26363037109375, 56.29089829101562, 56.31816670532226, 56.34549114379883, 56.372917449951174, 56.40022222900391, 56.42759853515625, 56.454901068115234, 56.48222502441406, 56.509354772949216, 56.53631846313476, 56.56326921997071, 56.59021915893555]], "valid_losses": [[56.06067700805664, 56.085976348876954, 56.11284473266601, 56.14021447143555, 56.167842401123046, 56.19554498291016, 56.2232155456543, 56.25097909545899, 56.27806491088867, 56.30543471069336, 56.332958264160155, 56.36047130737305, 56.38784610595703, 56.41510902099609, 56.44241560058594, 56.46986948852539, 56.49665150756836, 56.523766986083984, 56.550896075439454, 56.57809993286133, 56.604304150390625]], "train_accs": [[1.5650000000000002, 2.5, 3.1925000000000003, 3.6525000000000003, 3.9375, 4.275, 4.61, 5.065, 5.58, 5.935, 6.41, 6.75, 7.090000000000001, 7.5075, 7.7975, 8.3025, 8.497499999999999, 9.0375, 9.092500000000001, 9.545, 9.7525]], "valid_accs": [[2.06, 2.67, 3.63, 3.61, 4.08, 4.44, 4.88, 5.2299999999999995, 5.65, 5.94, 6.2700000000000005, 6.38, 6.84, 7.32, 7.580000000000001, 7.9, 8.53, 8.75, 8.77, 9.19, 9.28]], "train_times": [[206.74851536750793, 201.90191006660461, 205.42781615257263, 204.26404643058777, 205.6206214427948, 205.63623690605164, 203.62860751152039, 205.358726978302, 201.02786684036255, 205.5673749446869, 205.1765055656433, 203.73049187660217, 204.16068148612976, 201.52879309654236, 201.01028037071228, 206.2684350013733, 200.71673035621643, 202.24261021614075, 204.95140051841736, 201.1713047027588, 203.42656302452087]], "valid_times": [[49.60781192779541, 47.47234749794006, 47.677919149398804, 49.00706195831299, 48.40107703208923, 49.009660959243774, 48.125489950180054, 48.1303071975708, 48.238508224487305, 47.87540912628174, 47.90419960021973, 48.028082609176636, 47.28529119491577, 47.14080047607422, 49.23878884315491, 47.32122874259949, 47.375389099121094, 47.958067417144775, 47.831207036972046, 47.887879371643066, 47.87238788604736]], "test_accuracy": 9.48, "convergence_iteration": 21}}