{"config": {"train_options": {"learning_rate": 0.05, "optimizer": "SGD", "batch_size": 128, "number_of_epochs": 300, "loss_parameters": {"temperature": 15, "distillation_type": "FILTER", "alpha": 0.4, "beta": 0.4}}}, "results": {"train_losses": [[4.270773719024659, 4.152718949127197, 4.107620812988281, 4.077054959106445, 4.056012525939941, 4.0376449356079105, 4.023586934280395, 4.015035738754272, 4.00551287612915, 3.998468820953369, 3.994467321014404, 3.989876391220093, 3.990166608047485, 3.9894445766448974, 3.9878312660217285, 3.989033514404297, 3.9841499130249023, 3.9853989418029787, 3.9857948753356935, 3.9874339950561524, 3.9845231887817385, 3.986869097518921, 3.986375049209595, 3.9848665687561033, 3.984408144760132, 3.983459312438965, 3.9820752937316897, 3.978856634902954, 3.978739044570923, 3.9768809661865236, 3.9760658073425295, 3.9713184211730956]], "valid_losses": [[4.215498011016845, 4.140745826721192, 4.139165667724609, 4.154191704559326, 4.154677136230469, 4.156662121582031, 4.132187452697754, 4.12867618637085, 4.102381329345703, 4.123088479614258, 4.1140814270019535, 4.085054236602783, 4.114908737182617, 4.1121411041259766, 4.156526264190674, 4.105814819335937, 4.138279153060913, 4.13385422668457, 4.169768879699707, 4.157917290496826, 4.163675524139404, 4.164465103912353, 4.171853317260743, 4.16469246673584, 4.1760795829772945, 4.176169261932373, 4.180966929626464, 4.192046767425537, 4.200969256591797, 4.197936082458496, 4.230411429595947, 4.211959667205811]], "train_accs": [[5.5075, 12.1575, 17.4425, 21.775, 25.525, 28.815, 31.822499999999998, 34.644999999999996, 37.3875, 39.735, 42.0625, 44.24, 45.6775, 47.525, 49.162499999999994, 50.595, 52.0475, 53.12, 54.0675, 55.05, 56.292500000000004, 56.9175, 57.7375, 58.68, 59.614999999999995, 60.004999999999995, 60.709999999999994, 61.595, 62.2475, 62.845, 63.307500000000005, 64.0775]], "valid_accs": [[8.62, 13.719999999999999, 17.39, 20.05, 22.009999999999998, 25.05, 27.49, 30.240000000000002, 33.79, 34.489999999999995, 36.33, 39.589999999999996, 39.47, 41.160000000000004, 40.150000000000006, 44.29, 43.55, 44.99, 44.4, 46.26, 46.410000000000004, 46.45, 47.589999999999996, 48.82, 48.65, 48.67, 49.29, 49.57, 49.480000000000004, 50.17, 48.51, 49.9]], "train_times": [[132.59159588813782, 132.95055484771729, 132.67302322387695, 134.6690173149109, 133.64761757850647, 132.3239619731903, 131.4175922870636, 133.15533876419067, 131.9283607006073, 132.18640899658203, 134.20806336402893, 129.58388805389404, 133.66635918617249, 135.26811289787292, 132.1431121826172, 133.26892733573914, 131.57919263839722, 132.28075122833252, 131.53415966033936, 133.22798657417297, 133.1103892326355, 130.9086287021637, 135.09044575691223, 129.7134234905243, 134.41435360908508, 131.0119948387146, 128.4954595565796, 132.56394410133362, 132.44179677963257, 132.58263444900513, 131.8395595550537, 132.25127911567688]], "valid_times": [[24.6077823638916, 25.77808165550232, 26.238748788833618, 25.032726287841797, 24.94385552406311, 26.133991479873657, 25.36600351333618, 25.923314094543457, 25.021121978759766, 25.471901416778564, 25.239957809448242, 25.6272292137146, 26.611268520355225, 27.570841550827026, 24.572219371795654, 24.81493306159973, 26.11921453475952, 24.426961421966553, 25.404274940490723, 25.764914751052856, 26.55733370780945, 25.792040586471558, 25.94750714302063, 25.940733194351196, 26.076579332351685, 26.87902283668518, 24.575541496276855, 25.67801260948181, 25.995023012161255, 25.42954659461975, 24.387219667434692, 25.01012086868286]], "test_accuracy": 51.44, "convergence_iteration": 32}}