{"config": {"train_options": {"learning_rate": 0.005, "optimizer": "SGD", "batch_size": 128, "number_of_epochs": 300, "loss_parameters": {"temperature": 15, "distillation_type": "FILTER", "alpha": 0.9, "beta": 0.5}}}, "results": {"train_losses": [[38.864803424072264, 38.87826896362305, 38.89759890136719, 38.91746924438477, 38.937566076660154, 38.95774010009766, 38.9779872253418, 38.99818619384766, 39.018139471435546, 39.03806802368164, 39.05763692626953, 39.07688167114258, 39.09600693359375, 39.115003442382815, 39.13403873901367, 39.15292761840821, 39.172014178466796, 39.191088995361326, 39.21034571533203, 39.22916751708984, 39.24816096801758]], "valid_losses": [[38.868955358886716, 38.88761512451172, 38.907107238769534, 38.9274915222168, 38.94729912719727, 38.96770075683594, 38.987835125732424, 39.008198291015624, 39.02788178100586, 39.04775181274414, 39.06709512939453, 39.08594362792969, 39.10512386474609, 39.123725842285154, 39.143070928955076, 39.1620391418457, 39.18077609863281, 39.2001192199707, 39.219012182617185, 39.23803845825195, 39.256931323242185]], "train_accs": [[1.4525, 2.08, 2.5149999999999997, 2.7550000000000003, 2.945, 3.3175000000000003, 3.8025, 4.345000000000001, 4.8500000000000005, 5.12, 5.3125, 5.45, 5.585, 5.93, 6.1925, 6.25, 6.7250000000000005, 6.834999999999999, 7.0874999999999995, 7.3125, 7.775]], "valid_accs": [[1.72, 2.5100000000000002, 2.75, 3.0300000000000002, 3.36, 3.6700000000000004, 4.2, 4.72, 5.12, 5.37, 5.680000000000001, 5.56, 5.8999999999999995, 6.16, 6.36, 6.710000000000001, 6.890000000000001, 7.03, 7.61, 7.84, 8.02]], "train_times": [[195.34539079666138, 199.31035780906677, 200.41802382469177, 197.7282953262329, 197.07071995735168, 199.97513556480408, 197.2281506061554, 199.20756936073303, 199.77227187156677, 198.50485515594482, 199.60987973213196, 199.45436143875122, 198.7594699859619, 199.57950115203857, 199.11477828025818, 198.406836271286, 198.349627494812, 198.9758231639862, 199.11977458000183, 197.62059235572815, 198.52482843399048]], "valid_times": [[47.08061718940735, 47.313313722610474, 46.792086124420166, 45.637234687805176, 47.166329860687256, 47.49829888343811, 47.4237494468689, 47.41211175918579, 47.664217948913574, 47.097625970840454, 47.112123250961304, 47.44918704032898, 46.725090742111206, 47.06365656852722, 47.49402856826782, 47.17522954940796, 47.197073221206665, 46.516512393951416, 47.339160442352295, 46.95712065696716, 46.883790254592896]], "test_accuracy": 7.71, "convergence_iteration": 21}}