{
  "config": {
    "train_options": {
      "learning_rate": 0.05,
      "optimizer": "SGD",
      "batch_size": 128,
      "number_of_epochs": 300,
      "loss_parameters": {
        "temperature": 10,
        "distillation_type": "FILTER",
        "alpha": 0.5,
        "beta": 0.1
      }
    }
  },
  "results": {
    "train_losses": [
      [
        0.8936657444953918, 0.6818672172546387, 0.5566093479156494,
        0.4507038229942322, 0.3576833061218262, 0.2805001331329346,
        0.21779815406799316, 0.15864977836608887, 0.11223821649551391,
        0.07062135553359986, 0.031233903121948244, -0.0036651824951171876,
        -0.03434074058532715, -0.058127356719970706, -0.08324168910980224,
        -0.10543969688415528, -0.12408439655303954, -0.14397535724639893,
        -0.1619806137084961, -0.17490750522613524, -0.19355986347198487,
        -0.2060493995666504, -0.221616233253479, -0.23494320888519288,
        -0.24674045066833497, -0.258744574546814, -0.2683297420501709,
        -0.2828549819946289, -0.2898785232543945, -0.30482862339019773,
        -0.3107780038833618, -0.3256089027404785, -0.33295552711486814,
        -0.3389112819671631, -0.3495859031677246, -0.35592942485809326,
        -0.3654161075592041, -0.373416837310791, -0.3849423488616943,
        -0.3913329025268555, -0.4011028661727905, -0.4010696699142456,
        -0.41647266693115237, -0.4175779336929321, -0.4255404821395874,
        -0.4354296033859253, -0.4399411018371582, -0.44519547367095946,
        -0.4549279333114624, -0.46086501865386964, -0.46445194759368896,
        -0.4714632314682007, -0.47719203128814697, -0.4830085325241089,
        -0.4915943365097046, -0.4975671060562134, -0.49871485958099365,
        -0.5100027215957642, -0.5104279874801636, -0.5151603116989135,
        -0.5220942657470703, -0.5284744310379028, -0.5305070484161377,
        -0.5388152351379395, -0.5428680980682373, -0.5439601840972901,
        -0.5533748361587525, -0.5542066619873047, -0.5602170421600342,
        -0.5633324808120728, -0.5667822111129761, -0.5727032802581787,
        -0.5784658451080322, -0.585356845664978, -0.5850081537246704,
        -0.5907009656906128, -0.5949661001205444, -0.599417350769043,
        -0.5998517934799195, -0.6005963376998902, -0.611574118232727,
        -0.6815917239189148, -0.7160468187332153, -0.7284061128616333,
        -0.7322980712890625, -0.7382038496017456, -0.7425827020645142,
        -0.7442694679260254, -0.7475876079559326, -0.7472652824401855,
        -0.74798035030365, -0.7514353847503662, -0.7534786794662476,
        -0.7553996267318726, -0.7547023805618286, -0.7549160373687744,
        -0.7556389577865601, -0.756934320640564, -0.7560283267974853,
        -0.7570397533416748, -0.757673427772522, -0.756913751411438,
        -0.757097622680664, -0.7581120941162109
      ]
    ],
    "valid_losses": [
      [
        0.7664979817390442, 0.6808478582382202, 0.5391620697021484,
        0.48146147813796997, 0.4026764584541321, 0.2797865447998047,
        0.27377814340591433, 0.25994441204071045, 0.23097442560195922,
        0.17787970476150514, 0.1108253189086914, 0.12068013534545899,
        0.09799576816558837, 0.09567110080718993, 0.07883058185577392,
        0.0668133134841919, 0.037804090785980224, 0.007510622978210449,
        0.07309303350448608, 0.0315450364112854, -0.008843675994873047,
        0.007905292320251465, -0.0147151593208313, 0.02805288953781128,
        -0.027689116191864014, -0.013432923603057862, 0.003223541259765625,
        0.00667316198348999, -0.054018927478790287, -0.012699670124053954,
        -0.039937255096435545, -0.040307801246643064, -0.02035961322784424,
        -0.06715416774749756, -0.0090124924659729, -0.0654342399597168,
        -0.028090841484069824, -0.007904059886932373, -0.023138866996765137,
        -0.03663711814880371, -0.05507923240661621, -0.05898001432418823,
        -0.027293468952178955, -0.03520652980804443, -0.05051885061264038,
        -0.007573409461975098, -0.07684719505310059, -0.026979321193695067,
        -0.03779278974533081, -0.04763314599990845, -0.009379035472869873,
        -0.040169786739349365, -0.04263686943054199, 0.034376770973205566,
        -0.06046642036437988, -0.04464853067398071, -0.0665555908203125,
        -0.06368517293930054, -0.02560148229598999, -0.05604142770767212,
        -0.024703645515441894, -0.04798352451324463, 0.0024421650886535646,
        -0.05439755754470825, 0.004244331169128418, -0.04618875770568848,
        -0.07988039436340331, -0.07003181943893433, -0.05588123798370361,
        -0.05548614568710327, -0.088380557346344, -0.06739198608398438,
        -0.028626332473754883, -0.09357979488372803, -0.004806120300292969,
        -0.04628669652938843, -0.03783358373641968, -0.0550087495803833,
        -0.05497625141143799, -0.019678825569152833, -0.01537679033279419,
        -0.2516156803131104, -0.25609624805450437, -0.25889529123306276,
        -0.25315853395462035, -0.24827219877243042, -0.24881855144500734,
        -0.23907548580169677, -0.2391778158187866, -0.22378157472610474,
        -0.2293953658103943, -0.2253458320617676, -0.22787291965484618,
        -0.21095712966918945, -0.20494198694229127, -0.20418957767486573,
        -0.19734588422775268, -0.19700264310836793, -0.18971222791671752,
        -0.18433122301101684, -0.17984245519638062, -0.16925229330062866,
        -0.17312744312286377, -0.15931666736602784
      ]
    ],
    "train_accs": [
      [
        6.3125, 13.3025, 18.4525, 23.06, 27.41, 31.362499999999997, 34.3675,
        37.5825, 40.055, 42.2925, 44.615, 46.685, 48.66, 50.237500000000004,
        51.4675, 52.56999999999999, 54.03, 55.025, 56.11000000000001, 57.0125,
        57.9175, 58.69, 59.665, 60.567499999999995, 61.1475, 61.95,
        62.457499999999996, 63.2075, 63.629999999999995, 64.4875,
        64.75999999999999, 65.5925, 66.0625, 66.345, 66.78, 67.1525, 67.805,
        68.1275, 68.6475, 68.9175, 69.39, 69.39, 70.1675, 70.0975, 70.6125,
        71.17750000000001, 71.27, 71.3125, 71.93, 72.07000000000001, 72.1575,
        72.47, 72.57000000000001, 72.7475, 73.08, 73.9425, 73.74000000000001,
        74.165, 73.91499999999999, 74.29249999999999, 74.6, 74.5475, 74.75,
        75.205, 75.22999999999999, 75.2825, 75.53750000000001, 75.395, 75.7825,
        75.70750000000001, 76.0575, 76.14999999999999, 76.7425, 76.9825,
        76.5675, 76.9825, 77.1125, 77.28, 77.285, 76.9675, 77.565, 82.5225,
        85.32, 86.44, 86.94, 87.37, 87.815, 88.0125, 88.41250000000001, 88.47,
        88.8525, 88.985, 89.325, 89.53999999999999, 89.7025, 89.82, 89.7625,
        90.1075, 90.0925, 90.42999999999999, 90.53750000000001, 90.5425,
        90.71000000000001, 90.815
      ]
    ],