{"config": {"train_options": {"learning_rate": 0.01, "optimizer": "SGD", "batch_size": 128, "number_of_epochs": 300, "loss_parameters": {"temperature": 15, "distillation_type": "FILTER", "alpha": 0.3, "beta": 0.7}}}, "results": {"train_losses": [[57.44971614379883, 57.4637533996582, 57.48527114868164, 57.5092060546875, 57.537254333496094, 57.56726619873047, 57.60204974975586, 57.64005748901367, 57.67836115722656, 57.71768485717774, 57.756780786132815, 57.7948286315918, 57.831467651367184, 57.86801434936523, 57.903915338134766, 57.938416265869144, 57.97385756225586, 58.00581181640625, 58.038632501220704, 58.070780010986326, 58.10323186035156]], "valid_losses": [[57.451302001953124, 57.477731951904296, 57.49316561279297, 57.52514399414063, 57.55310849609375, 57.58757043457031, 57.62703518066406, 57.66490689697265, 57.70343364868164, 57.74080832519531, 57.78848464355469, 57.81988458862305, 57.86123901977539, 57.89771376953125, 57.934284362792965, 57.9720370300293, 58.00498916015625, 58.04592926025391, 58.07658719482422, 58.10581553955078, 58.14541841430664]], "train_accs": [[2.565, 5.3025, 7.3325000000000005, 9.5875, 11.37, 12.86, 14.042499999999999, 15.2225, 16.33, 17.419999999999998, 18.5975, 19.53, 20.4075, 21.517500000000002, 22.6325, 23.665, 24.732499999999998, 25.607499999999998, 26.584999999999997, 27.615000000000002, 29.054999999999996]], "valid_accs": [[3.94, 6.05, 7.969999999999999, 9.58, 11.68, 12.67, 13.469999999999999, 14.82, 16.07, 17.14, 17.4, 19.28, 19.509999999999998, 21.12, 21.959999999999997, 22.34, 23.549999999999997, 24.02, 25.25, 26.700000000000003, 27.08]], "train_times": [[47.082608699798584, 46.253093957901, 46.2297945022583, 46.12730288505554, 46.796674966812134, 46.78273582458496, 46.170321464538574, 46.20124673843384, 46.18673634529114, 46.23971080780029, 46.23615527153015, 46.23962736129761, 46.19354295730591, 46.26982307434082, 46.26233959197998, 46.17723298072815, 46.224008083343506, 46.23999047279358, 46.258702754974365, 46.170231103897095, 46.18134546279907]], "valid_times": [[9.218863487243652, 9.129014730453491, 9.136054992675781, 9.181305408477783, 9.125535011291504, 9.148001432418823, 9.137017250061035, 9.134018659591675, 9.133073329925537, 9.138050317764282, 9.155574798583984, 9.132041692733765, 9.136973142623901, 9.147120237350464, 9.152002096176147, 9.152997255325317, 9.132044315338135, 9.134052515029907, 9.140526056289673, 9.128533124923706, 9.133024215698242]], "test_accuracy": 27.689999999999998, "convergence_iteration": 21}}