{"config": {"train_options": {"learning_rate": 0.01, "optimizer": "SGD", "batch_size": 128, "number_of_epochs": 300, "loss_parameters": {"temperature": 20, "distillation_type": "FILTER", "alpha": 0.8, "beta": 0.9}}}, "results": {"train_losses": [[8.359373554992676, 8.393821098327637, 8.429569752502442, 8.465180880737305, 8.500676278686523, 8.535892555236817, 8.570715081787109, 8.60515699005127, 8.639229794311523, 8.67290129699707, 8.706238134765625, 8.73922511138916, 8.771924629211426, 8.804329983520509, 8.83642007751465, 8.868271899414063, 8.899779025268554, 8.931045199584961, 8.961997331237793, 8.992624858093262, 9.023008348083495]], "valid_losses": [[8.376389427185059, 8.411892431640625, 8.44752781677246, 8.483125686645508, 8.518442720031738, 8.55352200012207, 8.588140936279297, 8.622384739685058, 8.65629412536621, 8.68975281982422, 8.722924571228027, 8.755746060180664, 8.788241036987305, 8.820486396789551, 8.852456842041015, 8.884145123291015, 8.915521025085448, 8.946598429870605, 8.977484230041505, 9.008003607177734, 9.038238848876953]], "train_accs": [[1.055, 1.5275, 1.92, 2.1950000000000003, 2.53, 2.8775, 3.2625, 3.785, 4.117500000000001, 4.234999999999999, 4.5525, 4.7825, 4.9175, 5.085, 5.225, 5.425, 5.7275, 6.0249999999999995, 6.295000000000001, 6.7, 6.865]], "valid_accs": [[1.3, 1.82, 1.73, 2.16, 2.77, 2.97, 3.6700000000000004, 3.93, 4.16, 4.44, 4.52, 4.43, 5.04, 4.9799999999999995, 4.89, 5.57, 5.4, 5.949999999999999, 6.16, 6.76, 6.819999999999999]], "train_times": [[122.19548106193542, 122.63111066818237, 121.64018726348877, 121.62853646278381, 121.64975547790527, 121.89292883872986, 122.78428244590759, 122.81686854362488, 121.50389361381531, 122.63863921165466, 121.87475061416626, 122.14056444168091, 120.91612505912781, 123.45820164680481, 121.69326424598694, 121.35535550117493, 121.95403218269348, 122.66490030288696, 121.52008605003357, 121.5334722995758, 120.93553686141968]], "valid_times": [[23.35651445388794, 23.42044186592102, 23.51094079017639, 23.296496868133545, 23.906612396240234, 23.686436414718628, 24.179545640945435, 23.94426965713501, 23.80035376548767, 23.990777730941772, 23.410840034484863, 23.539571285247803, 23.86247229576111, 23.48273730278015, 23.857966661453247, 23.128852367401123, 23.672629594802856, 23.626983404159546, 23.785502195358276, 23.735299110412598, 23.45047640800476]], "test_accuracy": 6.76, "convergence_iteration": 21}}