{"config": {"train_options": {"learning_rate": 0.005, "optimizer": "SGD", "batch_size": 128, "number_of_epochs": 300, "loss_parameters": {"temperature": 15, "distillation_type": "FILTER", "alpha": 0.4, "beta": 0.9}}}, "results": {"train_losses": [[8.736227795410157, 8.746980880737304, 8.762872538757325, 8.778777438354492, 8.794664404296874, 8.8107798828125, 8.82693429260254, 8.843197171020508, 8.859388899230957, 8.875401167297364, 8.891101472473144, 8.906443969726563, 8.921341007995606, 8.936103965759278, 8.951154100036621, 8.96627463684082, 8.981634428405762, 8.997039363098144, 9.012540406799316, 9.02797992401123, 9.043461444091797]], "valid_losses": [[8.739329258728027, 8.754591101074219, 8.770579640197754, 8.78633993988037, 8.802279100036621, 8.818482490539552, 8.83485458831787, 8.850686267089843, 8.867191055297852, 8.88317160797119, 8.89813197479248, 8.913418946838378, 8.927837673950195, 8.942879360961914, 8.957662031555175, 8.973136143493653, 8.988455667114257, 9.0041265914917, 9.019601347351074, 9.034877421569824, 9.050012008666993]], "train_accs": [[1.1900000000000002, 1.8325, 2.5149999999999997, 2.9225000000000003, 3.52, 3.9524999999999997, 4.3775, 4.7675, 5.1125, 5.345, 5.99, 6.3725000000000005, 6.7875000000000005, 7.46, 7.7299999999999995, 8.2975, 8.62, 9.1, 9.692499999999999, 10.0875, 10.2225]], "valid_accs": [[1.39, 2.35, 3.01, 3.2800000000000002, 3.9800000000000004, 3.9800000000000004, 4.47, 5.08, 4.93, 5.62, 6.47, 6.61, 7.7299999999999995, 8.04, 8.68, 9.049999999999999, 9.13, 9.33, 9.83, 10.05, 10.45]], "train_times": [[129.51501512527466, 129.81063675880432, 130.36595821380615, 131.24394941329956, 127.7021152973175, 130.05577278137207, 129.5753755569458, 129.84742379188538, 129.24483609199524, 130.285640001297, 130.2468626499176, 129.30232763290405, 128.9988420009613, 130.52120184898376, 131.1908118724823, 129.38671326637268, 129.20459246635437, 130.70569610595703, 129.96168780326843, 130.806090593338, 129.90729475021362]], "valid_times": [[25.181102514266968, 25.40280270576477, 26.51897382736206, 26.33070468902588, 24.760262489318848, 24.06655716896057, 24.741684436798096, 23.514102935791016, 25.71212935447693, 25.385108709335327, 26.513961791992188, 25.536806106567383, 25.85159707069397, 26.0898540019989, 25.862502098083496, 25.381491661071777, 25.450998783111572, 23.972752809524536, 25.356685161590576, 25.717568159103394, 25.572607278823853]], "test_accuracy": 10.26, "convergence_iteration": 21}}