{"config": {"train_options": {"learning_rate": 0.01, "optimizer": "SGD", "batch_size": 128, "number_of_epochs": 300, "loss_parameters": {"temperature": 5, "distillation_type": "FILTER", "alpha": 0.4, "beta": 0.4}}}, "results": {"train_losses": [[33.43516813354492, 33.321716284179686, 33.25682258300781, 33.23198848266602, 33.21890928344727, 33.20697908325195, 33.19739799194336, 33.184245245361325, 33.170978009033206, 33.15768106689453, 33.142983764648434, 33.13218991088867, 33.124715698242184, 33.117855731201175, 33.11345377807617, 33.10934854736328, 33.10888283691406, 33.10368310546875, 33.099816387939455, 33.096442614746096, 33.09778544921875, 33.09699105834961, 33.09575914306641, 33.09519704589844, 33.09543499755859, 33.09656593017578, 33.096094006347656, 33.09627290039062, 33.096101953125, 33.09744638671875, 33.09692449951172, 33.09892434082031, 33.10142130126953, 33.10453054199219, 33.10596932983398, 33.106341119384766]], "valid_losses": [[33.3598848449707, 33.287883966064456, 33.27304627685547, 33.26014507446289, 33.22825416870117, 33.248286901855465, 33.21518757324219, 33.21420717773437, 33.186024182128904, 33.19117323608398, 33.1814770324707, 33.21603189697266, 33.17577374267578, 33.18057779541016, 33.1865132019043, 33.15860596313477, 33.19542010498047, 33.165758026123044, 33.17857615356445, 33.193193896484374, 33.184154382324216, 33.18740784301758, 33.18317136230469, 33.18253233032227, 33.20468361206055, 33.21494636230469, 33.20346185302734, 33.19002174682617, 33.21526378173828, 33.2276681640625, 33.20644678955078, 33.20982805175781, 33.23360531005859, 33.23083707885742, 33.22820634765625, 33.250083392333984]], "train_accs": [[3.1649999999999996, 7.642500000000001, 11.0925, 13.18, 14.8375, 16.8775, 18.5925, 20.352500000000003, 21.98, 23.6875, 25.7325, 27.192499999999995, 29.044999999999998, 30.4325, 31.642500000000002, 33.175, 34.0325, 35.4525, 36.575, 38.0, 38.792500000000004, 40.027499999999996, 40.997499999999995, 41.839999999999996, 42.9, 43.7325, 44.67, 45.49, 46.4775, 47.2925, 47.975, 49.055, 49.2925, 50.11, 50.72, 51.4725]], "valid_accs": [[4.84, 8.48, 10.84, 12.58, 15.25, 15.43, 18.35, 18.86, 21.23, 22.33, 24.169999999999998, 24.29, 26.640000000000004, 28.02, 28.65, 30.89, 30.42, 33.14, 33.09, 33.29, 35.08, 35.52, 36.76, 37.84, 37.46, 37.99, 39.21, 41.120000000000005, 40.129999999999995, 40.58, 42.57, 43.09, 42.15, 43.81, 44.17, 44.29]], "train_times": [[45.20813703536987, 45.74302959442139, 45.22602128982544, 45.226123571395874, 45.28645205497742, 45.237117528915405, 45.25160622596741, 45.195131063461304, 45.52685904502869, 45.18615651130676, 45.17024850845337, 45.195703983306885, 45.17459154129028, 45.18899941444397, 45.21103382110596, 45.19917035102844, 45.21057605743408, 45.20859432220459, 45.20402908325195, 45.165579080581665, 45.18259310722351, 45.184250593185425, 45.17111587524414, 45.19360041618347, 45.18999099731445, 45.21707630157471, 45.18856430053711, 45.182093381881714, 45.41256761550903, 45.16087222099304, 45.18557262420654, 45.173155546188354, 45.17220997810364, 45.169999837875366, 45.170010566711426, 45.1986186504364]], "valid_times": [[8.893543243408203, 9.071999549865723, 8.908233404159546, 8.890554666519165, 8.95461916923523, 8.892997741699219, 8.958000183105469, 8.898000717163086, 8.901001930236816, 8.905000686645508, 8.887242317199707, 8.900542974472046, 8.94601035118103, 8.889528036117554, 8.896018505096436, 8.907999992370605, 9.108551502227783, 8.886094808578491, 8.899023532867432, 8.923009157180786, 8.915077209472656, 8.887999296188354, 8.888246536254883, 8.894574880599976, 8.904838562011719, 8.926079511642456, 8.896000385284424, 8.900128841400146, 8.90000057220459, 8.891999244689941, 8.905530214309692, 8.886019945144653, 8.881536722183228, 8.90058445930481, 8.899523973464966, 8.888028383255005]], "test_accuracy": 44.529999999999994, "convergence_iteration": 36}}