{"config": {"train_options": {"learning_rate": 0.01, "optimizer": "SGD", "batch_size": 128, "number_of_epochs": 300, "loss_parameters": {"temperature": 10, "distillation_type": "FILTER", "alpha": 0.3, "beta": 0.3}}}, "results": {"train_losses": [[25.6081412109375, 25.426168359375, 25.34684397583008, 25.292023040771486, 25.246244720458986, 25.20275695800781, 25.157449530029297, 25.118895584106447, 25.080483569335936, 25.041643170166015, 25.00714937438965, 24.972770153808593, 24.942945614624023, 24.913539099121095, 24.888346334838868, 24.863882333374022, 24.843516427612304, 24.81713063354492, 24.794497482299803, 24.77632461242676, 24.75580485534668, 24.73796395568848, 24.719201763916015, 24.701784756469728, 24.686304022216795, 24.669616397094728, 24.654892086791993, 24.641768380737304, 24.62756911315918, 24.611761279296875, 24.602891036987305, 24.58823426513672, 24.579598129272462, 24.566686087036132, 24.55760649719238, 24.543764260864258, 24.53503149719238, 24.52331300048828, 24.512463946533202, 24.50132815246582, 24.493360818481445, 24.484003186035157, 24.47603513183594, 24.464027783203125, 24.45095983886719, 24.44322998046875, 24.438264028930664, 24.423047482299804, 24.416862301635742, 24.403693804931642, 24.398496252441408, 24.3877365234375, 24.37737590637207, 24.373258117675782, 24.364874322509767, 24.352485403442383, 24.343051458740234, 24.331193588256834, 24.325761129760743, 24.312945974731445, 24.30256314086914, 24.2963959564209, 24.284270138549804, 24.27570973815918, 24.268405529785156, 24.25690864868164, 24.247674490356445, 24.238939642333985, 24.22668623046875, 24.218428121948243, 24.208876263427733, 24.197032720947266, 24.185966394042968, 24.181909970092775, 24.16653474121094, 24.15971975402832, 24.147703652954103, 24.13845192565918, 24.126537466430666, 24.118632315063476, 24.10996643371582, 24.052003704833986, 24.02504393310547, 24.02050762939453, 24.021254696655273, 24.01792253112793, 24.017232208251954, 24.015475286865236, 24.014891174316407, 24.020013104248047, 24.015577200317384, 24.01612092590332, 24.013996008300783, 24.016098178100584, 24.018635525512696, 24.01794075012207, 24.01788226623535, 24.02017963256836, 24.019066455078125, 24.018132318115235, 24.019623257446288, 24.02103003540039, 24.02171019897461]], "valid_losses": [[25.492886517333986, 25.42181107788086, 25.329749334716798, 25.294849475097656, 25.25850799255371, 25.21391428527832, 25.184746044921877, 25.15841240234375, 25.114121011352537, 25.088104769897463, 25.048799172973634, 25.05841171875, 25.003097152709962, 25.02776439819336, 24.972106646728516, 24.926886666870118, 24.90459829711914, 24.901033279418947, 24.90626562805176, 24.893714266967773, 24.870948223876955, 24.84589882507324, 24.839897180175782, 24.839455096435547, 24.834878009033204, 24.796366915893554, 24.804843203735352, 24.819669927978516, 24.82871206665039, 24.786019424438475, 24.80571116027832, 24.785735061645507, 24.781609429931642, 24.751513903808593, 24.751474398803712, 24.750178570556642, 24.798463027954103, 24.753036450195314, 24.73641686706543, 24.73978171081543, 24.73567245788574, 24.732079565429686, 24.75015461730957, 24.721855859375, 24.736982601928712, 24.727957009887696, 24.726884536743164, 24.736884078979493, 24.75163857727051, 24.713691162109374, 24.744984707641603, 24.710099560546876, 24.71417230529785, 24.687088482666017, 24.716430535888673, 24.680150436401366, 24.66265869140625, 24.69866544494629, 24.683954309082033, 24.684273220825194, 24.668100375366212, 24.69682431640625, 24.665800604248048, 24.661692083740235, 24.654936083984374, 24.64784059753418, 24.669202407836913, 24.646373153686522, 24.62293005065918, 24.64450283203125, 24.641969506835938, 24.60911813659668, 24.662938970947266, 24.62254450073242, 24.623868237304688, 24.642800912475586, 24.64811562805176, 24.59771990966797, 24.62697821044922, 24.569975479125976, 24.579478063964842, 24.47535174560547, 24.47377592163086, 24.475106237792968, 24.4839270690918, 24.47651086425781, 24.48305544128418, 24.48188467712402, 24.489132263183595, 24.494973010253908, 24.499139581298827, 24.495579812622072, 24.509090280151366, 24.509368756103516, 24.520923040771486, 24.523188217163085, 24.5195681640625, 24.512349615478517, 24.52465296936035, 24.52653646850586, 24.527428646850584, 24.526501837158204, 24.531903881835937]], "train_accs": [[4.1475, 8.93, 11.62, 14.332500000000001, 16.485, 18.765, 20.82, 22.5225, 24.3475, 26.442500000000003, 28.215, 29.89, 31.59, 33.142500000000005, 34.495, 35.99, 37.230000000000004, 38.805, 40.08, 41.402499999999996, 42.425000000000004, 43.5375, 44.792500000000004, 45.824999999999996, 46.7075, 47.8275, 48.517500000000005, 49.41, 50.11750000000001, 51.275000000000006, 52.02250000000001, 52.895, 53.63, 53.800000000000004, 54.705000000000005, 55.2725, 55.775, 56.455, 57.2375, 57.574999999999996, 58.3, 58.485, 59.4125, 59.63, 60.467499999999994, 60.78249999999999, 61.1175, 62.002500000000005, 62.2275, 62.677499999999995, 63.23, 63.54, 63.8725, 64.0, 64.5675, 64.7875, 65.4, 65.7325, 66.16250000000001, 66.3375, 67.05250000000001, 66.995, 67.5825, 68.1125, 68.0625, 68.53, 68.8525, 68.935, 69.45750000000001, 69.7075, 69.84, 70.215, 70.55, 70.47, 70.9675, 70.9925, 71.6575, 71.85249999999999, 72.18, 72.425, 72.26, 75.955, 78.025, 78.29, 78.5225, 78.615, 78.8, 79.1875, 79.485, 79.1925, 79.635, 79.7375, 79.84750000000001, 79.83749999999999, 79.84750000000001, 79.9075, 80.25, 80.25750000000001, 80.485, 80.5475, 80.4925, 80.6975, 80.6925]], "valid_accs": [[6.34, 9.120000000000001, 12.7, 14.24, 16.25, 18.12, 19.869999999999997, 21.41, 23.400000000000002, 24.52, 26.36, 26.950000000000003, 29.23, 28.310000000000002, 31.05, 33.07, 33.94, 34.699999999999996, 34.69, 36.0, 36.93, 38.68, 39.129999999999995, 39.21, 40.12, 41.67, 42.26, 41.39, 41.760000000000005, 43.769999999999996, 42.76, 43.2, 43.89, 45.910000000000004, 45.79, 45.739999999999995, 44.14, 46.45, 46.82, 46.89, 47.260000000000005, 47.839999999999996, 46.300000000000004, 48.11, 47.449999999999996, 48.08, 48.08, 48.07, 47.48, 49.059999999999995, 48.11, 49.059999999999995, 48.71, 50.18, 49.24, 50.05, 50.849999999999994, 48.79, 49.82, 50.129999999999995, 50.7, 50.080000000000005, 51.03, 50.19, 51.0, 51.39, 50.31, 50.88, 51.629999999999995, 50.93, 51.470000000000006, 52.18000000000001, 50.88, 51.57000000000001, 51.27, 50.63999999999999, 50.59, 52.11, 50.96000000000001, 52.14, 52.370000000000005, 56.68, 57.11000000000001, 56.89999999999999, 57.02, 57.15, 56.86, 57.24, 56.65, 57.48, 57.28, 57.410000000000004, 56.87, 56.65, 56.510000000000005, 56.52, 56.75, 57.63, 56.84, 57.410000000000004, 57.02, 56.84, 57.36]],