{"config": {"train_options": {"learning_rate": 0.05, "optimizer": "SGD", "batch_size": 128, "number_of_epochs": 300, "loss_parameters": {"temperature": 5, "distillation_type": "FILTER", "alpha": 0.4, "beta": 0.8}}}, "results": {"train_losses": [[7.992497822570801, 8.100712115478515, 8.219132379150391, 8.339709802246094, 8.45436971130371, 8.564748960876464, 8.670744662475586, 8.771900813293456, 8.868575317382813, 8.960463804626464, 9.049075776672364, 9.134499690246582, 9.216148291015624, 9.294929330444337, 9.369893705749512, 9.44271354675293, 9.512530041503906, 9.579577407836915, 9.643602789306641, 9.704357153320313, 9.764383975219726]], "valid_losses": [[8.041664993286133, 8.165497709655762, 8.285115379333496, 8.406973692321777, 8.516994966125488, 8.624451643371582, 8.728524375915528, 8.824383172607423, 8.92116745300293, 9.013362518310547, 9.118607696533203, 9.19123568725586, 9.270150782775879, 9.353315347290039, 9.430929641723633, 9.50738646697998, 9.574311602783203, 9.644973440551757, 9.716742825317382, 9.779028315734863, 9.842474382019043]], "train_accs": [[4.0325, 8.254999999999999, 11.825, 14.17, 16.950000000000003, 19.7375, 22.2075, 24.6875, 26.88, 29.0825, 31.167499999999997, 33.25, 34.88, 36.572500000000005, 38.3575, 39.805, 41.1625, 42.285000000000004, 43.76, 45.2425, 46.08]], "valid_accs": [[5.949999999999999, 9.26, 12.23, 13.950000000000001, 17.03, 20.27, 22.43, 25.97, 27.05, 29.07, 28.349999999999998, 31.45, 33.300000000000004, 33.43, 34.699999999999996, 35.63, 37.03, 37.68, 36.99, 37.71, 38.66]], "train_times": [[121.19347977638245, 120.60506463050842, 122.05278396606445, 121.40348148345947, 123.44981813430786, 122.55258059501648, 122.25988340377808, 122.64252257347107, 121.34239673614502, 121.66059398651123, 121.81204462051392, 122.26172733306885, 120.83261942863464, 121.25720977783203, 121.07449221611023, 121.2141501903534, 121.25057911872864, 121.95725536346436, 120.74593353271484, 122.38284158706665, 121.67133450508118]], "valid_times": [[23.263132572174072, 23.752748727798462, 23.57959008216858, 23.30676007270813, 24.35323691368103, 23.5519540309906, 23.209903240203857, 23.178438901901245, 23.179436683654785, 23.72361183166504, 23.348328351974487, 23.75751233100891, 23.18819761276245, 23.143284797668457, 23.24277091026306, 23.544167280197144, 23.5988872051239, 23.140175104141235, 23.75320267677307, 23.367037057876587, 23.853570699691772]], "test_accuracy": 39.550000000000004, "convergence_iteration": 21}}