{"config": {"train_options": {"learning_rate": 0.01, "optimizer": "SGD", "batch_size": 128, "number_of_epochs": 300, "loss_parameters": {"temperature": 10, "distillation_type": "FILTER", "alpha": 0.5, "beta": 0.8}}}, "results": {"train_losses": [[65.10968677978515, 65.16268674316406, 65.21520650634766, 65.2676087524414, 65.32324833984374, 65.37970089111329, 65.43637319335937, 65.49392183837891, 65.55180479736327, 65.60969506835937, 65.6674175048828, 65.72500695800781, 65.78242419433593, 65.83921888427734, 65.89568818359375, 65.95207331542969, 66.00747404785156, 66.06285190429688, 66.11750388183594, 66.17168090820313, 66.22557456054687]], "valid_losses": [[65.13526174316407, 65.18966135253906, 65.24144510498047, 65.29648787841796, 65.35248504638672, 65.40931141357422, 65.46779862060546, 65.52393819580078, 65.58294328613282, 65.63937008056641, 65.69927541503907, 65.75711890869141, 65.81446472167968, 65.8712877685547, 65.92682484130859, 65.98403303222656, 66.03863607177735, 66.09360095214844, 66.152673828125, 66.20452471923828, 66.25850988769531]], "train_accs": [[1.6875, 2.9875, 4.7875, 6.43, 7.6225000000000005, 9.1075, 10.467500000000001, 11.445, 12.13, 13.07, 13.635, 14.552499999999998, 15.104999999999999, 15.695, 16.4725, 17.075000000000003, 17.635, 18.224999999999998, 18.875, 19.8175, 20.155]], "valid_accs": [[2.26, 3.7900000000000005, 5.75, 6.74, 8.16, 9.34, 10.84, 12.139999999999999, 12.4, 13.420000000000002, 13.83, 13.900000000000002, 14.6, 15.65, 16.56, 16.66, 17.9, 18.22, 18.23, 18.75, 19.62]], "train_times": [[45.64551782608032, 45.6340537071228, 45.653998613357544, 45.62302017211914, 45.650511741638184, 45.60999846458435, 45.603538274765015, 45.612027645111084, 45.62850570678711, 45.73699736595154, 45.634536266326904, 45.682002782821655, 46.304999113082886, 45.68399977684021, 45.68553614616394, 45.651031255722046, 45.60950493812561, 45.72750473022461, 45.63799810409546, 45.652997970581055, 45.650025844573975]], "valid_times": [[8.961001873016357, 9.07250690460205, 8.974001169204712, 8.958001613616943, 8.96903395652771, 8.964091300964355, 8.974002361297607, 8.974001407623291, 8.958057880401611, 8.963002681732178, 8.964001655578613, 9.365997314453125, 8.993029356002808, 8.968000888824463, 8.958525896072388, 8.97851276397705, 9.048002481460571, 8.971515893936157, 8.965002298355103, 8.960030317306519, 8.974511623382568]], "test_accuracy": 20.65, "convergence_iteration": 21}}