{
  "config": {
    "train_options": {
      "learning_rate": 0.05,
      "optimizer": "SGD",
      "batch_size": 128,
      "number_of_epochs": 300,
      "loss_parameters": {
        "temperature": 15,
        "distillation_type": "FILTER",
        "alpha": 0.4,
        "beta": 0.7
      }
    }
  },
  "results": {
    "train_losses": [
      [
        7.0158987106323245, 7.061644927978516, 7.138584421539306,
        7.219413965606689, 7.295373851776123, 7.368559526062012,
        7.4417436447143555, 7.514979777526856, 7.584476692962647,
        7.65222977142334, 7.714755553436279, 7.7775495330810545,
        7.8361324783325195, 7.893510587310791, 7.946243240356445,
        7.998348503112793, 8.049426834106445, 8.098563148498535,
        8.142919752502442, 8.186774142456054, 8.228607972717285
      ]
    ],
    "valid_losses": [
      [
        7.0301621086120605, 7.108757511901856, 7.189885153198242,
        7.27164746017456, 7.3380270751953125, 7.430238396453857,
        7.508813632965088, 7.576878537750244, 7.654666925048828,
        7.727060612487793, 7.78246962890625, 7.84408470993042,
        7.906746781921386, 7.965378523254395, 8.022307200622558,
        8.083283747863769, 8.118955848693847, 8.171490301513671,
        8.222845846557616, 8.263435260009766, 8.306144151306153
      ]
    ],
    "train_accs": [
      [
        4.585, 10.0475, 14.0775, 17.72, 21.2325, 24.21, 27.43, 29.5925, 32.0225,
        33.965, 36.305, 38.245000000000005, 39.705, 41.78, 43.4375, 44.96,
        46.2675, 47.49, 48.8625, 50.2725, 51.1725
      ]
    ],
    "valid_accs": [
      [
        6.74, 11.200000000000001, 14.95, 17.919999999999998, 22.2, 24.01, 25.56,
        28.99, 30.0, 31.25, 33.800000000000004, 35.4, 36.58, 38.3, 38.98, 38.81,
        42.27, 42.449999999999996, 42.94, 44.080000000000005, 45.08
      ]
    ],
    "train_times": [
      [
        131.80314922332764, 128.6797857284546, 130.81196784973145,
        130.93114924430847, 128.5301628112793, 131.36063170433044,
        129.52374958992004, 131.8652732372284, 130.16761541366577,
        130.39847207069397, 129.72511506080627, 131.25490307807922,
        131.37109851837158, 131.88526368141174, 131.25652933120728,
        131.5330104827881, 130.77476358413696, 130.94632935523987,
        130.8201994895935, 131.47011256217957, 129.98016691207886
      ]
    ],
    "valid_times": [
      [
        23.895357847213745, 24.228761196136475, 25.47068977355957,
        26.587003231048584, 25.00736117362976, 25.25695276260376,
        25.714757204055786, 24.3747341632843, 25.56273055076599,
        25.187970638275146, 27.20543909072876, 24.646143913269043,
        26.244402647018433, 25.56156301498413, 24.226957321166992,
        23.84943985939026, 25.8902645111084, 25.93998694419861,
        24.19003915786743, 26.75524353981018, 25.110686540603638
      ]
    ],
    "test_accuracy": 45.25,
    "convergence_iteration": 21
  }
}
