{"config": {"train_options": {"learning_rate": 0.005, "optimizer": "SGD", "batch_size": 128, "number_of_epochs": 300, "loss_parameters": {"temperature": 15, "distillation_type": "FILTER", "alpha": 0.7, "beta": 0.4}}}, "results": {"train_losses": [[31.435219525146483, 31.42122833557129, 31.42109181213379, 31.418131314086914, 31.416399377441405, 31.419635589599608, 31.424012634277343, 31.42922033996582, 31.434203515625, 31.43981168823242, 31.445924923706055, 31.45253287963867, 31.460515698242187, 31.46915954284668, 31.478362753295897, 31.487729431152342, 31.497771142578124, 31.507959967041014, 31.51773758544922, 31.528283520507813, 31.53779271850586, 31.548343713378905, 31.55811496887207, 31.56722744140625]], "valid_losses": [[31.421808432006834, 31.41899111328125, 31.419398974609376, 31.414201818847655, 31.414418917846678, 31.419576245117188, 31.424245278930663, 31.42938122253418, 31.43390757751465, 31.440710552978516, 31.44702734375, 31.45922540588379, 31.46458299560547, 31.479645971679687, 31.488990856933594, 31.500237310791015, 31.51042353820801, 31.5263513671875, 31.53401787109375, 31.549847329711913, 31.556310125732423, 31.570209005737304, 31.57716283569336, 31.58518081970215]], "train_accs": [[1.7425, 2.96, 4.375, 5.65, 6.6625000000000005, 7.7625, 8.6725, 9.6975, 10.7725, 11.5725, 12.4125, 13.295000000000002, 14.0475, 14.807500000000001, 15.1525, 15.7275, 16.3975, 16.8275, 17.395, 17.8475, 18.655, 18.8825, 19.48, 20.1125]], "valid_accs": [[2.78, 4.02, 5.1499999999999995, 5.9799999999999995, 7.33, 8.37, 9.15, 10.12, 11.34, 12.23, 13.420000000000002, 13.3, 13.94, 14.31, 14.46, 15.09, 15.709999999999999, 15.8, 16.54, 16.91, 17.669999999999998, 17.73, 18.360000000000003, 19.08]], "train_times": [[171.0567226409912, 176.06806206703186, 176.49547505378723, 173.37824153900146, 180.2635099887848, 177.78103375434875, 177.4783787727356, 174.3275887966156, 170.95669507980347, 170.69589924812317, 173.14415574073792, 172.63370156288147, 172.35105443000793, 172.3194887638092, 174.31600642204285, 176.00298047065735, 177.19156527519226, 177.6816864013672, 176.2775628566742, 176.40049862861633, 176.8099822998047, 175.25591325759888, 176.86850905418396, 176.25691843032837]], "valid_times": [[43.56561470031738, 41.62354373931885, 42.18859505653381, 41.5810284614563, 42.27300238609314, 43.55905055999756, 43.49272346496582, 41.643967628479004, 41.03915548324585, 41.43623924255371, 41.0325448513031, 41.496304988861084, 41.86008667945862, 41.072707653045654, 42.56190347671509, 42.50805354118347, 43.53917932510376, 41.6120491027832, 42.22212505340576, 42.16914916038513, 42.292619705200195, 43.21522879600525, 42.52199149131775, 42.04931044578552]], "test_accuracy": 19.6, "convergence_iteration": 24}}