{"config": {"train_options": {"learning_rate": 0.01, "optimizer": "SGD", "batch_size": 128, "number_of_epochs": 300, "loss_parameters": {"temperature": 5, "distillation_type": "FILTER", "alpha": 0.9, "beta": 0.4}}}, "results": {"train_losses": [[2.5187558982849123, 2.525771794128418, 2.5393572788238528, 2.553652393722534, 2.5649931034088134, 2.5758758392333982, 2.5881846542358398, 2.6009542514801027, 2.611919274902344, 2.6261082771301267, 2.637399101638794, 2.651433115386963, 2.6646058361053466, 2.675810762786865, 2.6892039016723635, 2.7000840019226073, 2.711356873321533, 2.7244819160461424, 2.7367705406188967, 2.747584344482422, 2.7601201839447023]], "valid_losses": [[2.518751066207886, 2.5352405838012695, 2.5441719902038575, 2.560948303222656, 2.5682620124816893, 2.580756982421875, 2.5938551651000976, 2.6085171573638917, 2.619654085922241, 2.6331157691955567, 2.6460655448913575, 2.65193703956604, 2.6702787673950197, 2.6761261573791506, 2.693522483062744, 2.7068703117370605, 2.7132148517608643, 2.7311159404754637, 2.737102193069458, 2.753755020904541, 2.7632581382751464]], "train_accs": [[1.915, 2.815, 3.6925, 4.8125, 5.3975, 5.8775, 6.5775, 7.2124999999999995, 7.817499999999999, 8.412500000000001, 8.924999999999999, 9.395000000000001, 9.9725, 10.2175, 10.7825, 11.305, 11.7975, 12.3325, 12.950000000000001, 13.3975, 13.79]], "valid_accs": [[2.77, 3.2199999999999998, 4.63, 5.3, 5.800000000000001, 6.510000000000001, 7.3, 7.89, 8.25, 9.01, 9.55, 9.94, 10.4, 11.05, 11.600000000000001, 11.92, 12.509999999999998, 12.78, 13.43, 13.74, 14.19]], "train_times": [[122.03686261177063, 121.65610718727112, 121.42759776115417, 121.16161346435547, 122.16294455528259, 122.81895661354065, 121.9014220237732, 120.88780951499939, 120.6980333328247, 121.19548964500427, 122.51934027671814, 121.02528214454651, 121.45482873916626, 120.5838520526886, 121.54410123825073, 122.58335638046265, 120.68225145339966, 121.85171961784363, 121.22716164588928, 121.82338333129883, 121.04506802558899]], "valid_times": [[23.29758930206299, 23.68591833114624, 23.418208360671997, 23.444616079330444, 23.632574558258057, 23.89547610282898, 23.714064598083496, 23.513914346694946, 23.403181314468384, 23.275285720825195, 23.407496452331543, 23.748206853866577, 23.05988883972168, 23.306912899017334, 23.405073881149292, 23.943779706954956, 23.458938360214233, 23.380915641784668, 23.964348077774048, 23.443456411361694, 23.19950008392334]], "test_accuracy": 14.42, "convergence_iteration": 21}}