{"config": {"train_options": {"learning_rate": 0.005, "optimizer": "SGD", "batch_size": 128, "number_of_epochs": 300, "loss_parameters": {"temperature": 15, "distillation_type": "FILTER", "alpha": 0.5, "beta": 0.2}}}, "results": {"train_losses": [[1.9065403093338014, 1.7997028512954711, 1.735646033668518, 1.68669853515625, 1.6439762550354005, 1.6111579704284669, 1.5813206754684448, 1.5563028676986694, 1.5331185760498047, 1.5104437496185303, 1.485692010307312, 1.4611971895217895, 1.4381768966674804, 1.4124316106796264, 1.3933943996429443, 1.3710612628936767, 1.3535453504562378, 1.3356289546966553, 1.3195826824188233, 1.3056138198852538, 1.289924527168274, 1.2770950428009034, 1.2622209800720214, 1.251784415435791, 1.2391142595291138, 1.2279965667724608, 1.218270488548279, 1.20616198387146, 1.1952155517578125, 1.1852753372192384, 1.1787270683288573, 1.166980754852295, 1.160276602935791, 1.1489659763336182, 1.1405014415740966, 1.134903423690796, 1.1280623126983642, 1.1218032358169556, 1.1109096675872803, 1.1052070470809936, 1.0994615600585937, 1.091199534225464, 1.0871855407714843, 1.0815214681625367, 1.0762117881774902, 1.0690370365142823, 1.0644525157928466, 1.0586946172714233, 1.052939563560486, 1.0504147933959962, 1.041853394508362, 1.0395900711059571, 1.0331111545562743, 1.02893484249115, 1.0242481000900268, 1.0202366296768188, 1.0183539829254151, 1.0091617637634278, 1.006268367767334, 1.003085618019104, 0.9995412433624268, 0.9964007232666016, 0.9909881479263306, 0.9894230054855346, 0.9871776468276977, 0.9826370536804199, 0.9771368551254273, 0.9759240404129028, 0.9722163135528564, 0.9699246047973633, 0.9671630468368531, 0.9627579454421997, 0.959641083908081, 0.9576136156082153, 0.9539684587478637, 0.9523685829162598, 0.9526597190856934, 0.9493677661895752, 0.9460390720367432, 0.9423684467315674, 0.939596994972229, 0.9040694345474243, 0.894503420829773, 0.8905599521636963, 0.8887646747589111, 0.8867361455917359, 0.8836958520889282, 0.8842631797790528, 0.8841906663894653, 0.882318504524231, 0.8817982019424438, 0.8812131731033325, 0.8813781869888305, 0.8803599172592164, 0.8813063343048095, 0.8784733371734619, 0.8780976852416992, 0.8757895315170288, 0.8774940494537353, 0.8775130819320679, 0.8758209852218628, 0.877259377670288, 0.8720101808547973, 0.8744829025268555, 0.8744679727554321, 0.87377392578125, 0.8723167629241944, 0.8706324035644532, 0.871898283958435, 0.8712196201324462, 0.8714361993789673, 0.8685204605102539, 0.8699869188308715, 0.8677655555725098]], "valid_losses": [[1.8425108697891235, 1.7573075830459595, 1.7014968677520752, 1.6577152256011962, 1.6220477237701416, 1.590594644546509, 1.569867862892151, 1.5472738569259643, 1.5288202674865723, 1.515966241645813, 1.4779815950393678, 1.4580497009277344, 1.444879861831665, 1.4370459300994873, 1.3950808515548707, 1.386889447593689, 1.3832260406494141, 1.3627659955978393, 1.3441228099822997, 1.3386487159729004, 1.3424304670333862, 1.3029039907455444, 1.3037170829772948, 1.2803898347854614, 1.316899626159668, 1.2543272232055664, 1.2674333618164062, 1.2495168491363526, 1.2613170528411866, 1.2555994287490844, 1.2295609657287598, 1.226198959159851, 1.2318936740875244, 1.2218548580169677, 1.2247206588745116, 1.2151674379348756, 1.2189184171676635, 1.2198219703674316, 1.2170278982162475, 1.2104127704620362, 1.197365847015381, 1.1973711791992188, 1.2101091594696045, 1.1914133443832398, 1.223439043045044, 1.1906627319335938, 1.1947271068572998, 1.1834878383636476, 1.1842642890930175, 1.2006039531707764, 1.191639722442627, 1.2042547107696533, 1.1965777465820313, 1.189564057159424, 1.1885340255737304, 1.1807801286697388, 1.1979928119659424, 1.2009612146377564, 1.1780701499938966, 1.1640293214797974, 1.1776436632156373, 1.14105022315979, 1.179921968460083, 1.197814193725586, 1.150657390975952, 1.193159294128418, 1.1533133499145507, 1.1858069606781005, 1.1700758655548096, 1.1969732585906983, 1.202240940475464, 1.1725191204071046, 1.1547308822631837, 1.1496641052246093, 1.2063250535964967, 1.205924366760254, 1.1702400590896607, 1.1739478698730468, 1.2139279441833497, 1.1762657470703124, 1.1787544651031494, 1.1046317916870116, 1.0974815910339355, 1.1015818933486938, 1.0974064321517945, 1.0985925506591796, 1.096502643585205, 1.097660269355774, 1.0982541381835937, 1.0982707382202148, 1.1040425437927246, 1.1063123004913331, 1.1035353477478027, 1.095104811668396, 1.103817855834961, 1.1020676921844483, 1.106114019393921, 1.0983231204986572, 1.097304625892639, 1.1062739141464233, 1.099160584640503, 1.1088675449371337, 1.1010003498077392, 1.103534662628174, 1.1023839263916015, 1.1031983251571655, 1.1032621492385863, 1.1035038459777833, 1.1098352069854736, 1.1039391796112061, 1.1041204847335815, 1.106139197731018, 1.099392192840576, 1.1070203170776367]], "train_accs": [[2.625, 5.27, 7.5475, 9.7175, 11.0525, 12.479999999999999, 13.612499999999999, 14.7775, 15.795, 16.9375, 18.4525, 19.7925, 20.9275, 22.14, 23.4825, 24.4775, 25.272499999999997, 26.0025, 27.155, 28.0325, 29.205, 29.9675, 30.764999999999997, 31.472499999999997, 32.4725, 33.1475, 33.75, 34.5875, 35.2875, 35.8825, 36.545, 37.2775, 37.5875, 38.464999999999996, 39.2375, 39.78, 40.29, 40.8975, 41.555, 41.885, 42.6775, 43.055, 43.7525, 44.230000000000004, 44.832499999999996, 45.434999999999995, 45.660000000000004, 46.22, 46.7175, 46.98, 47.807500000000005, 47.9825, 48.52, 48.8475, 49.504999999999995, 49.84, 50.1475, 50.712500000000006, 51.125, 51.5575, 51.897499999999994, 52.302499999999995, 52.837500000000006, 53.349999999999994, 53.317499999999995, 53.837500000000006, 54.47, 54.38499999999999, 54.955, 55.25750000000001, 55.63, 55.900000000000006, 56.2775, 56.5225, 57.17250000000001, 57.345, 57.54, 58.0925, 58.072500000000005, 58.3525, 59.052499999999995, 61.18, 62.31, 62.2525, 62.5875, 62.675000000000004, 63.0025, 63.135, 63.0225, 63.185, 63.112500000000004, 63.2075, 63.2675, 63.5275, 63.17, 63.542500000000004, 63.592499999999994, 63.607499999999995, 63.2475, 63.485, 63.795, 63.7925, 64.1275, 63.660000000000004, 63.895, 64.03999999999999, 63.9775, 64.0775, 64.075, 64.0775, 63.975, 64.2375, 64.38000000000001, 64.3825]], "valid_accs": [[3.9800000000000004, 6.68, 8.97, 10.23, 12.280000000000001, 13.56, 14.13, 14.530000000000001, 15.98, 16.88, 18.38, 19.89, 20.47, 21.08, 22.81, 23.49, 23.61, 25.05, 26.33, 26.21, 26.029999999999998, 28.7, 28.27, 30.2, 28.83, 31.580000000000002, 31.290000000000003, 32.54, 32.07, 32.769999999999996, 34.5, 34.19, 34.46, 35.53, 35.199999999999996, 36.199999999999996, 35.63, 36.39, 36.93, 37.419999999999995, 38.41, 38.080000000000005, 38.26, 38.83, 37.71, 39.290000000000006, 39.58, 40.94, 40.36, 40.35, 40.37, 40.739999999999995, 41.53, 41.67, 42.38, 42.85, 41.8, 42.29, 42.68, 43.57, 43.46, 45.42, 43.76, 43.26, 45.050000000000004, 43.62, 45.78, 44.76, 45.269999999999996, 44.39, 44.76, 46.150000000000006, 46.73, 47.089999999999996, 45.440000000000005, 45.800000000000004, 46.77, 46.94, 45.32, 47.36, 47.4, 50.690000000000005, 51.0, 50.63999999999999, 51.44, 51.23, 51.23, 50.82, 51.339999999999996, 51.27, 50.74999999999999, 50.580000000000005, 51.13999999999999, 51.559999999999995, 50.72, 51.11, 50.839999999999996, 51.54, 51.41, 51.15, 51.55, 51.07000000000001, 51.580000000000005, 51.54, 51.03, 51.07000000000001, 51.5, 50.74999999999999, 50.89, 50.980000000000004, 51.41, 51.33, 51.33, 50.849999999999994]],