{"config": {"train_options": {"learning_rate": 0.005, "optimizer": "SGD", "batch_size": 128, "number_of_epochs": 300, "loss_parameters": {"temperature": 20, "distillation_type": "FILTER", "alpha": 0.9, "beta": 0.8}}}, "results": {"train_losses": [[64.31904479980469, 64.35111466064453, 64.38406610107423, 64.41728580322265, 64.45068211669921, 64.48405889892578, 64.51738728027344, 64.55053186035157, 64.5835660522461, 64.61647182617187, 64.64934754638672, 64.68212576904297, 64.71482038574219, 64.74734953613282, 64.77984476318359, 64.81213175048828, 64.84437152099609, 64.87649251708984, 64.9085234741211, 64.94037098388672, 64.97222885742187]], "valid_losses": [[64.3351480834961, 64.36778861083984, 64.40085982666015, 64.43414466552734, 64.46762443847656, 64.50095423583984, 64.53415941162109, 64.56722635498046, 64.60018089599609, 64.63300948486328, 64.66583214111328, 64.69849854736329, 64.73109382324219, 64.76358192138672, 64.795937109375, 64.82823227539062, 64.86033132324219, 64.89244227294922, 64.92436475830078, 64.95611724853515, 64.98790460205078]], "train_accs": [[1.175, 1.35, 1.6424999999999998, 1.7225000000000001, 2.2725, 2.65, 2.9499999999999997, 3.2300000000000004, 3.4000000000000004, 3.5225, 3.8625, 4.12, 4.3549999999999995, 4.515000000000001, 4.795, 4.905, 5.305, 5.327500000000001, 5.5125, 5.665, 5.7475]], "valid_accs": [[1.09, 1.48, 1.68, 2.0500000000000003, 2.32, 2.76, 2.9899999999999998, 3.2199999999999998, 3.47, 3.7800000000000002, 3.94, 4.19, 4.5600000000000005, 4.4799999999999995, 4.77, 5.220000000000001, 5.38, 5.2299999999999995, 5.84, 5.88, 6.05]], "train_times": [[199.9069356918335, 200.913015127182, 199.28079199790955, 198.5061411857605, 200.78458833694458, 198.69878125190735, 197.2388515472412, 201.91040444374084, 198.56747913360596, 200.73811054229736, 198.75573015213013, 200.61743998527527, 199.98120737075806, 197.0243456363678, 200.43349885940552, 200.99955821037292, 201.07672810554504, 198.91441226005554, 199.19077849388123, 199.26546382904053, 196.8445429801941]], "valid_times": [[47.61159086227417, 47.20363807678223, 47.51764512062073, 46.67006731033325, 47.09339380264282, 47.105210065841675, 46.8649320602417, 47.58453106880188, 45.746275186538696, 47.22712182998657, 46.99621844291687, 47.05358815193176, 45.752690076828, 46.57818245887756, 47.08013129234314, 47.09886884689331, 47.42917466163635, 47.163227796554565, 46.99414324760437, 47.59806227684021, 47.355817556381226]], "test_accuracy": 6.2, "convergence_iteration": 21}}