{"config": {"train_options": {"learning_rate": 0.01, "optimizer": "SGD", "batch_size": 128, "number_of_epochs": 300, "loss_parameters": {"temperature": 20, "distillation_type": "FILTER", "alpha": 0.2, "beta": 0.2}}}, "results": {"train_losses": [[18.32543691101074, 18.05082010498047, 17.89877889099121, 17.793539654541014, 17.709411071777343, 17.628256918334962, 17.549806369018555, 17.468818051147462, 17.39197859802246, 17.324748345947267, 17.26175986633301, 17.200101751708985, 17.14449418334961, 17.096162686157225, 17.05326220703125, 17.003471984863282, 16.967133505249024, 16.93047661743164, 16.89169102783203, 16.86056897277832, 16.83003185119629, 16.796935632324217, 16.765520962524413, 16.740342025756835, 16.71195710449219, 16.691102294921876, 16.665823446655274, 16.641325970458983, 16.615771963500976, 16.595081857299803, 16.57229767150879, 16.552335943603516, 16.528112506103515, 16.507358685302734, 16.490798886108397, 16.471170498657226, 16.454348291015624, 16.437754397583006, 16.4148124420166, 16.398802713012696, 16.376194232177735, 16.361334857177734, 16.34241255187988, 16.32498585205078, 16.30789377746582, 16.288925140380858, 16.2717888092041, 16.256937014770507, 16.241417376708984, 16.224874603271484, 16.206828469848634, 16.1905812789917, 16.171841943359375, 16.153751919555663, 16.138481106567383, 16.128192109680175, 16.108626930236817, 16.087817817687988, 16.069071618652345, 16.058403068542482, 16.047317037963868, 16.025161235046387, 16.01276728363037, 16.000637869262697, 15.983532658386231, 15.963686889648438, 15.94655636291504, 15.93211741027832, 15.919067961120605, 15.905700814819335, 15.887084799194335, 15.872133688354491, 15.859845098876953, 15.841153608703614, 15.826766520690917, 15.812763600158691, 15.796551121520997, 15.782643585205077, 15.770764245605468, 15.75498148651123, 15.737421907043457, 15.663166775512694, 15.629796287536621, 15.621180136108398, 15.61644885559082, 15.615546447753907, 15.610831938171387, 15.606849703979492, 15.60490550994873, 15.603291792297362, 15.601169087219239, 15.596764324951172, 15.599608847045898, 15.59936149597168, 15.597958255004883, 15.599598054504394, 15.596208097839355, 15.59740158996582, 15.597430270385741, 15.593898994445802, 15.593866746520996, 15.592243029785156]], "valid_losses": [[18.145563906860353, 17.990001477050782, 17.928239852905275, 17.799103918457032, 17.77829677429199, 17.695738983154296, 17.62394719543457, 17.539795141601562, 17.493677981567384, 17.408376641845702, 17.33833846435547, 17.332595883178712, 17.255304849243164, 17.205545739746093, 17.19677525024414, 17.14084064025879, 17.11236978149414, 17.110315112304686, 17.091635665893556, 17.07152724609375, 17.035534497070312, 16.970970489501955, 16.991768423461913, 16.968725604248046, 16.922495654296874, 16.905312384033202, 16.9773847076416, 16.91073505554199, 16.860455154418947, 16.884706216430665, 16.835017846679687, 16.825300469970703, 16.865041873168945, 16.825107907104492, 16.809243560791014, 16.847706622314455, 16.805906649780272, 16.81559905395508, 16.82593363952637, 16.792059692382814, 16.795430447387695, 16.744804681396484, 16.76881728515625, 16.725919079589843, 16.726709368896483, 16.716921166992186, 16.749302603149413, 16.751429412841798, 16.68988441772461, 16.727590371704103, 16.66039807434082, 16.664267300415037, 16.686023443603517, 16.647673153686522, 16.681802478027343, 16.696319094848633, 16.641379443359376, 16.68247112426758, 16.6996594909668, 16.623702517700195, 16.598929306030275, 16.615291748046875, 16.607706661987304, 16.651538592529295, 16.566602392578126, 16.576021118164064, 16.54464704284668, 16.579625448608397, 16.591728622436523, 16.56196940612793, 16.570750775146486, 16.55348594055176, 16.557389880371094, 16.54445263977051, 16.512614764404297, 16.54537283630371, 16.54489059753418, 16.57953196411133, 16.483413311767578, 16.559089520263672, 16.508965130615234, 16.28645251159668, 16.297376733398437, 16.29417099304199, 16.29969186706543, 16.303001080322264, 16.30159000854492, 16.32557200317383, 16.31671275024414, 16.308908532714845, 16.325290243530272, 16.324997900390624, 16.325833395385743, 16.33772671813965, 16.33533408508301, 16.343605575561522, 16.3503171295166, 16.327305514526365, 16.339064346313478, 16.355572579956053, 16.354253024291992, 16.35097561035156]], "train_accs": [[3.7975000000000003, 8.575000000000001, 12.645000000000001, 15.6975, 18.2875, 20.585, 23.255, 25.472499999999997, 27.905, 29.93, 32.25, 34.4075, 35.77, 37.817499999999995, 39.1875, 40.8725, 42.1325, 43.53, 44.49, 45.5325, 46.6525, 47.78, 49.0475, 49.9725, 50.934999999999995, 51.582499999999996, 52.295, 53.1575, 53.9675, 54.71, 55.5425, 56.04, 56.88999999999999, 57.255, 57.975, 58.575, 59.105, 59.5225, 59.967499999999994, 60.58, 61.2525, 61.597500000000004, 62.3425, 62.6675, 63.127500000000005, 63.565000000000005, 64.2375, 64.34, 64.6575, 64.9875, 65.71249999999999, 65.7975, 66.53, 66.7925, 67.0925, 67.1425, 67.86999999999999, 68.38499999999999, 68.66499999999999, 68.66499999999999, 69.0375, 69.7325, 69.77, 69.7675, 70.295, 70.5025, 71.2, 71.44, 71.5475, 71.6875, 72.185, 72.455, 72.41250000000001, 73.03, 73.00999999999999, 73.175, 73.57000000000001, 73.9, 73.9575, 74.3925, 74.5925, 77.8175, 79.7675, 80.1975, 80.77250000000001, 80.985, 80.99, 81.315, 81.605, 81.88, 81.95, 82.11, 82.19, 82.345, 82.315, 82.5025, 82.5175, 82.54249999999999, 82.765, 82.9775, 82.98, 83.275]], "valid_accs": [[6.67, 10.01, 12.68, 15.459999999999999, 17.24, 19.11, 21.740000000000002, 23.880000000000003, 25.369999999999997, 27.72, 30.099999999999998, 30.380000000000003, 32.800000000000004, 34.449999999999996, 34.870000000000005, 36.65, 37.62, 36.93, 38.56, 39.34, 40.1, 42.03, 41.660000000000004, 42.71, 44.080000000000005, 44.45, 41.83, 44.62, 45.739999999999995, 45.06, 46.58, 46.98, 46.07, 46.56, 47.36, 46.489999999999995, 47.63, 47.04, 47.18, 48.44, 47.56, 48.68, 48.55, 48.82, 48.949999999999996, 49.33, 48.480000000000004, 48.46, 49.99, 48.55, 50.39, 50.96000000000001, 49.5, 50.55, 49.66, 49.36, 50.38, 49.75, 49.02, 50.55, 50.949999999999996, 51.39, 50.57000000000001, 50.019999999999996, 51.11, 51.18000000000001, 52.39, 50.82, 50.43, 51.449999999999996, 50.019999999999996, 51.09, 51.06, 51.22, 51.62, 50.91, 51.12, 49.57, 51.41, 50.31, 50.82, 56.46, 56.58, 57.15, 56.940000000000005, 56.56, 57.05, 56.330000000000005, 56.95, 57.099999999999994, 56.65, 56.65, 56.779999999999994, 56.269999999999996, 56.379999999999995, 56.34, 56.38999999999999, 56.87, 56.93, 56.05, 57.089999999999996, 56.989999999999995]],