{"config": {"train_options": {"learning_rate": 0.005, "optimizer": "SGD", "batch_size": 128, "number_of_epochs": 300, "loss_parameters": {"temperature": 20, "distillation_type": "FILTER", "alpha": 0.6, "beta": 0.1}}}, "results": {"train_losses": [[0.1475825053215027, 0.06121751413345337, -0.03627803964614868, -0.09103673496246338, -0.1303869520187378, -0.1593890866279602, -0.18468393201828004, -0.20989254007339478, -0.23253102903366088, -0.25438153333663943, -0.27639763212203977, -0.29813255100250247, -0.3194183585166931, -0.33835883207321166, -0.35784205894470217, -0.37480641202926634, -0.3923290107727051, -0.4099596751213074, -0.42425871858596803, -0.4379556960105896, -0.4531756821632385, -0.4659483510017395, -0.4784412336349487, -0.4916399284362793, -0.5040940414428711, -0.5144971878051757, -0.5274496711730957, -0.5393169631958008, -0.5494224979400635, -0.5605209850311279, -0.5696155324935913, -0.5773632530212403, -0.586651007270813, -0.5979244104385376, -0.604808731842041, -0.615203981590271, -0.6226591003417968, -0.6327924671173095, -0.6388497983932495, -0.6476837442398071, -0.6534340370178222, -0.6619431283950805, -0.6673098237991333, -0.6748502035140991, -0.681713323020935, -0.6882970273971558, -0.6938537090301514, -0.6992596433639526, -0.7053315998077393, -0.7125781393051147, -0.7170582065582275, -0.7205635404586792, -0.7282405019760132, -0.7327415853500366, -0.7391216941833496, -0.743917848777771, -0.7464874856948852, -0.7515057289123536, -0.75554740524292, -0.7610926109313965, -0.7636034788131714, -0.7712374458312988, -0.7743694416046143, -0.7780705488204956, -0.7818561069488525, -0.7853205734252929, -0.7909707208633423, -0.7918518526077271, -0.7964180673599243, -0.7991622528076172, -0.8033786489486694, -0.8057638275146485, -0.8116996681213379, -0.8121966827392578, -0.8163614641189575, -0.8188793128967286, -0.8235725904464721, -0.8276583517074585, -0.8296591512680054, -0.8341109115600586, -0.8350571413040161, -0.8656589342117309, -0.8754276908874512, -0.8785276580810547, -0.8790267450332642, -0.8810909692764283, -0.8817386606216431, -0.8835203927993774, -0.8824776313781738, -0.8846695169448853, -0.8850050058364868, -0.8873322141647338, -0.8873374599456787, -0.8879803365707397, -0.8870170274734497, -0.8893725578308106, -0.8897685995101928, -0.8886630926132202, -0.8919457990646362, -0.8913281763076782, -0.8932405988693237, -0.8910368490219116, -0.8925639436721802, -0.8952184568405152, -0.894102156829834, -0.8934735181808472, -0.8968738275527954, -0.8954566926956177, -0.8972830045700073, -0.8959784803390503, -0.8984826257705688, -0.8977727262496948, -0.8973557821273803, -0.89775171585083, -0.8976005933761597, -0.9006973461151123, -0.8998450225830078, -0.8990405282974243, -0.8988246072769165, -0.8999270671844483, -0.9017529306411743]], "valid_losses": [[0.11389355745315552, 0.006993529415130615, -0.0598912615776062, -0.10487777299880982, -0.13677069301605224, -0.16113358449935913, -0.1820523964881897, -0.19568319730758668, -0.21269258451461792, -0.22535211515426637, -0.25829583711624143, -0.26463521642684934, -0.2961695638656616, -0.29918430995941164, -0.3261615141868591, -0.3413800247192383, -0.36231929998397827, -0.3778359650611877, -0.39125465898513795, -0.403989737701416, -0.4076860580444336, -0.4193553668022156, -0.43489512214660647, -0.42857504405975344, -0.44439448795318603, -0.46504665508270265, -0.486251086807251, -0.4897948810577393, -0.4847133583068848, -0.49324509105682374, -0.511426356124878, -0.526818023109436, -0.5247127738952637, -0.5309407388687134, -0.547608458518982, -0.5523917966842652, -0.5505967603683471, -0.5639258850097656, -0.5716460504531861, -0.5565992191314697, -0.5773147325515747, -0.5887151681900025, -0.5761847242355347, -0.5847401231765748, -0.5922989358901978, -0.607585340309143, -0.6054962961196899, -0.606605072593689, -0.5937444570541381, -0.6092025299072266, -0.6148951278686523, -0.6064983547210694, -0.5992235292434692, -0.6231766647338867, -0.6226174085617066, -0.6083973951339722, -0.6091034931182862, -0.6271193723678589, -0.6003979198455811, -0.6304894092559814, -0.6409569591522217, -0.6133652332305908, -0.6327243850708008, -0.6414885250091553, -0.6465647483825684, -0.5972827436447143, -0.6441304691314698, -0.6224574953079224, -0.6321381816864013, -0.645673321723938, -0.630461343383789, -0.6476768630981445, -0.6490286178588868, -0.6260875890731812, -0.6229220430374145, -0.6252746110916138, -0.6094349380493164, -0.6413803079605103, -0.6292458364486694, -0.640338876914978, -0.6246604387283325, -0.705830651473999, -0.706360627746582, -0.7082828451156616, -0.7094766746520996, -0.7066827838897705, -0.7056504961013794, -0.7083220388412476, -0.706613703918457, -0.7019549173355103, -0.7055141820907592, -0.7082025722503662, -0.7056226949691773, -0.7061145559310913, -0.7100610260009765, -0.7010823484420776, -0.7095639490127563, -0.7066014728546143, -0.6998832096099854, -0.708305609703064, -0.7108697011947632, -0.7041684694290161, -0.7053840826034546, -0.7061657524108886, -0.7012765420913696, -0.7020038660049438, -0.7047478454589844, -0.708317211151123, -0.7049594068527222, -0.7041087703704834, -0.7035825262069703, -0.7034498844146728, -0.7032008455276489, -0.704603752708435, -0.7028818994522095, -0.7037089502334595, -0.7053907344818116, -0.7037526308059693, -0.6984406435012818, -0.7015748107910156, -0.6986579010009766]], "train_accs": [[2.1999999999999997, 4.7075, 7.470000000000001, 9.6525, 11.3825, 12.717500000000001, 13.8, 15.012500000000001, 16.259999999999998, 17.4675, 18.64, 19.6175, 20.8975, 21.959999999999997, 22.9625, 23.945, 24.785, 25.882500000000004, 26.619999999999997, 27.33, 28.165000000000003, 29.002499999999998, 29.965000000000003, 30.7475, 31.41, 32.3275, 33.1575, 33.7475, 34.4625, 35.28, 36.13, 36.515, 37.3825, 38.0925, 38.605000000000004, 39.225, 39.67, 40.5125, 40.9225, 41.635, 42.2325, 42.662499999999994, 43.355, 43.8875, 44.347500000000004, 44.95, 45.37, 45.6525, 46.2225, 46.794999999999995, 47.3125, 47.545, 48.0325, 48.449999999999996, 49.0825, 49.4, 49.635, 50.092499999999994, 50.6325, 50.88, 50.9725, 51.735, 51.9075, 52.400000000000006, 52.8525, 53.1375, 53.61, 53.6825, 54.08500000000001, 54.48, 54.902499999999996, 55.042500000000004, 55.4325, 55.5875, 55.95250000000001, 56.269999999999996, 56.515, 57.04, 57.2725, 57.6125, 57.86750000000001, 60.162499999999994, 61.029999999999994, 61.4125, 61.160000000000004, 61.1175, 61.5125, 61.6825, 61.3475, 61.772499999999994, 61.7375, 61.760000000000005, 61.92999999999999, 62.0575, 62.015, 62.22, 61.99249999999999, 62.0225, 62.465, 62.205, 62.74999999999999, 62.2675, 62.35000000000001, 62.44, 62.5325, 62.5225, 62.6425, 62.535, 62.8275, 62.7175, 62.71, 62.6825, 62.6675, 62.83, 62.805, 63.05500000000001, 63.005, 63.05, 62.9675, 62.980000000000004, 63.135]],