{"config": {"train_options": {"learning_rate": 0.005, "optimizer": "SGD", "batch_size": 128, "number_of_epochs": 300, "loss_parameters": {"temperature": 15, "distillation_type": "FILTER", "alpha": 0.9, "beta": 0.9}}}, "results": {"train_losses": [[72.77923388671876, 72.81694799804687, 72.85490239257813, 72.89289610595704, 72.93089760742187, 72.96881947021484, 73.00669748535157, 73.04446309814453, 73.08215931396484, 73.11975036621094, 73.1571812866211, 73.19451837158203, 73.23171629638672, 73.26884956054687, 73.3057833984375, 73.3426024169922, 73.3793384765625, 73.41589516601563, 73.45234841308594, 73.48866844482421, 73.52483107910156]], "valid_losses": [[72.79820697021485, 72.83607354736328, 72.87411462402343, 72.91207430419922, 72.95003779296874, 72.98786379394531, 73.02567692871094, 73.06340313720703, 73.10106936035156, 73.13855777587891, 73.1759759765625, 73.21323537597657, 73.25042796630859, 73.2874556640625, 73.3243239501953, 73.36111483154296, 73.39768967285156, 73.43426759033203, 73.47064641113282, 73.50685213623046, 73.54299699707032]], "train_accs": [[1.1525, 1.5075, 1.7850000000000001, 1.8599999999999999, 1.7825, 1.8399999999999999, 2.145, 2.27, 2.4975, 2.67, 2.795, 2.87, 2.965, 3.0949999999999998, 3.2525, 3.1300000000000003, 3.4325, 3.6249999999999996, 3.4775, 3.6174999999999997, 3.6325000000000003]], "valid_accs": [[1.24, 1.69, 1.71, 1.66, 1.77, 1.94, 2.2399999999999998, 2.42, 2.2399999999999998, 2.87, 2.9499999999999997, 3.2, 3.05, 2.96, 3.1199999999999997, 3.46, 3.49, 3.34, 3.55, 3.66, 3.8699999999999997]], "train_times": [[207.3038432598114, 201.5438539981842, 203.32380270957947, 202.91723012924194, 202.86591625213623, 202.11314511299133, 202.39722776412964, 204.20316672325134, 205.60761404037476, 206.39725041389465, 204.26988244056702, 204.25997400283813, 205.23761010169983, 203.43564462661743, 205.05415415763855, 206.94765090942383, 212.84182691574097, 203.0142376422882, 197.77321314811707, 197.50588130950928, 198.07625675201416]], "valid_times": [[50.07414531707764, 48.5780713558197, 49.52367329597473, 47.56596088409424, 46.744566202163696, 47.83681869506836, 48.13650345802307, 48.33408737182617, 47.48880577087402, 48.44936752319336, 47.968501329422, 47.30051589012146, 48.10769486427307, 48.224886655807495, 49.682472467422485, 50.54903817176819, 50.03545784950256, 47.588757038116455, 47.656134366989136, 47.16414284706116, 47.395042181015015]], "test_accuracy": 4.02, "convergence_iteration": 21}}