{"config": {"train_options": {"learning_rate": 0.01, "optimizer": "SGD", "batch_size": 128, "number_of_epochs": 300, "loss_parameters": {"temperature": 10, "distillation_type": "FILTER", "alpha": 0.6, "beta": 0.2}}}, "results": {"train_losses": [[15.62701834411621, 15.516909603881835, 15.464009359741212, 15.428409283447266, 15.40564563293457, 15.385489503479004, 15.36945956878662, 15.355131687927246, 15.34229266204834, 15.331282460021972, 15.321537858581543, 15.306014047241211, 15.292448429870605, 15.281203671264649, 15.2687861328125, 15.258237336730957, 15.248402075195312, 15.237978169250487, 15.230881202697754, 15.222648809814453, 15.215198626708984, 15.210487786865235, 15.20265789794922, 15.196713529968262, 15.190128387451171, 15.185910678100585, 15.182981112670898, 15.17728337097168, 15.17359896697998, 15.171029335021972, 15.167280671691895, 15.165464976501465, 15.163090066528321, 15.161323794555663, 15.157541625976563, 15.15687462158203, 15.15433698272705, 15.154457417297364, 15.151498402404785, 15.149041102600098, 15.14845476989746, 15.148742395019532, 15.149486358642578, 15.148724760437013, 15.145816580200195, 15.14543846130371, 15.144586868286133, 15.145658592224121, 15.145598471069336]], "valid_losses": [[15.558700376892089, 15.486755339050292, 15.450893087768554, 15.429973109436036, 15.40888928527832, 15.387963328552246, 15.370835421752929, 15.366072235107422, 15.352320484924316, 15.342711413574218, 15.346157620239257, 15.326414390563965, 15.307984840393067, 15.30639751586914, 15.28711421661377, 15.287948321533204, 15.297341998291015, 15.297528240966797, 15.277032429504395, 15.281692254638672, 15.262027584838867, 15.25683509979248, 15.246744227600098, 15.253610018920899, 15.260786834716797, 15.247894018554687, 15.249982820129395, 15.259216485595703, 15.239185305786133, 15.260449562072754, 15.254733206176757, 15.255159028625489, 15.25208708190918, 15.248981642150879, 15.261811672973632, 15.295173023986816, 15.265169998168945, 15.272440950012207, 15.274190174865723, 15.27675435333252, 15.27334167175293, 15.302270608520509, 15.297718110656739, 15.279321940612792, 15.30094383392334, 15.292058152770997, 15.316806413269044, 15.304531301879884, 15.30305969543457]], "train_accs": [[3.0425, 7.3825, 10.095, 12.612499999999999, 14.39, 16.6325, 17.9975, 19.545, 21.032500000000002, 22.142500000000002, 23.4975, 25.019999999999996, 26.55, 27.8925, 29.4675, 30.605, 31.755, 33.0025, 34.405, 35.2325, 36.4625, 37.485, 38.405, 39.68, 40.544999999999995, 41.5725, 42.3875, 43.325, 44.35, 44.9175, 45.7375, 46.3425, 47.362500000000004, 47.9375, 48.7925, 49.285000000000004, 50.0775, 50.3775, 51.322500000000005, 51.902499999999996, 52.4275, 52.7625, 53.305, 54.175, 54.47, 55.24, 55.559999999999995, 55.92, 56.377500000000005]], "valid_accs": [[5.45, 8.540000000000001, 11.58, 12.91, 14.91, 17.26, 18.84, 19.63, 21.279999999999998, 22.24, 23.09, 24.91, 26.36, 27.13, 29.24, 30.12, 30.220000000000002, 31.14, 32.33, 32.81, 34.53, 34.94, 36.55, 36.44, 36.809999999999995, 37.3, 37.89, 38.34, 40.36, 39.47, 40.62, 40.68, 41.370000000000005, 42.92, 41.8, 41.120000000000005, 42.44, 42.980000000000004, 43.34, 43.53, 43.95, 43.56, 44.68, 45.6, 44.269999999999996, 45.64, 44.37, 45.98, 46.57]], "train_times": [[46.20091652870178, 46.15290832519531, 46.210606813430786, 46.13270974159241, 46.16982626914978, 46.17335534095764, 46.2552433013916, 46.187580823898315, 46.15514063835144, 46.18371844291687, 46.33258366584778, 46.204917430877686, 46.72524285316467, 46.25415396690369, 46.20636439323425, 46.12001872062683, 46.115177392959595, 46.17849922180176, 47.041439056396484, 47.020153284072876, 46.99782466888428, 47.02135252952576, 46.97065281867981, 47.04997229576111, 47.12574362754822, 46.982388496398926, 46.93617105484009, 46.045467138290405, 45.589030027389526, 45.60003471374512, 45.5499541759491, 45.551597118377686, 45.52760553359985, 45.66258692741394, 45.600107192993164, 45.56080937385559, 45.54960227012634, 45.565542697906494, 45.56301164627075, 45.579021692276, 45.69554686546326, 45.64401960372925, 45.53700828552246, 45.532719373703, 45.57258582115173, 45.666595458984375, 45.607120752334595, 45.529600858688354, 45.54828953742981]], "valid_times": [[9.077779531478882, 9.092269897460938, 9.100970983505249, 9.081866025924683, 9.046873569488525, 9.073038816452026, 9.073846340179443, 9.067361116409302, 9.06806755065918, 9.078867673873901, 9.068119287490845, 9.06637716293335, 9.057902812957764, 9.090981006622314, 9.052292585372925, 9.052127122879028, 9.097780227661133, 9.073825359344482, 9.237510204315186, 9.201517343521118, 9.216951847076416, 9.237011909484863, 9.263431787490845, 9.251489162445068, 9.249516487121582, 9.248967170715332, 9.22900128364563, 8.963126420974731, 8.956090450286865, 8.957998752593994, 8.948999881744385, 8.960013389587402, 8.937009334564209, 8.94901180267334, 8.943513631820679, 8.954999685287476, 8.950023651123047, 8.931517124176025, 8.957543134689331, 9.01101016998291, 8.967008590698242, 8.939554691314697, 8.943586349487305, 8.964999437332153, 8.968000173568726, 8.95013952255249, 8.947999715805054, 8.961000919342041, 8.949996709823608]], "test_accuracy": 46.089999999999996, "convergence_iteration": 49}}