{"config": {"train_options": {"learning_rate": 0.05, "optimizer": "SGD", "batch_size": 128, "number_of_epochs": 300, "loss_parameters": {"temperature": 10, "distillation_type": "FILTER", "alpha": 0.9, "beta": 0.4}}}, "results": {"train_losses": [[30.554611053466797, 30.700370205688476, 30.845253530883788, 30.985762298583985, 31.123266439819336, 31.256602334594728, 31.384903427124023, 31.508608993530274, 31.62698059692383, 31.740282348632814, 31.849168530273438, 31.95431340637207, 32.054005029296874, 32.151388537597654, 32.24461832275391, 32.33400330200195, 32.42037547607422, 32.50346049804688, 32.58290277709961, 32.65952009277344, 32.73386268310547]], "valid_losses": [[30.62642191772461, 30.77522607421875, 30.916838220214842, 31.0558618560791, 31.19335973815918, 31.324139154052734, 31.450218270874025, 31.574534143066405, 31.68865582885742, 31.801561892700196, 31.905976538085937, 32.009385131835934, 32.109230090332034, 32.20884486083985, 32.29987569580078, 32.38790135498047, 32.47062576904297, 32.55168184814453, 32.630197338867184, 32.70691435546875, 32.78293194580078]], "train_accs": [[3.2575, 6.635000000000001, 9.6275, 12.25, 14.12, 15.745000000000001, 17.3425, 19.040000000000003, 20.7375, 22.259999999999998, 23.7775, 25.1275, 26.945000000000004, 28.302500000000002, 29.402499999999996, 31.0475, 32.2575, 33.375, 34.805, 36.29, 37.2525]], "valid_accs": [[4.92, 7.66, 10.74, 13.120000000000001, 14.540000000000001, 15.690000000000001, 17.48, 18.37, 20.91, 21.17, 23.68, 24.97, 25.55, 25.6, 26.650000000000002, 28.24, 30.459999999999997, 31.730000000000004, 32.99, 32.78, 32.67]], "train_times": [[47.77010154724121, 48.89256262779236, 49.527997732162476, 49.326000690460205, 49.07799768447876, 48.56299948692322, 48.997528314590454, 48.857338666915894, 48.694079637527466, 49.614943742752075, 49.39418077468872, 49.12850570678711, 49.147589445114136, 49.1750214099884, 49.1735999584198, 49.16304087638855, 49.1265823841095, 49.141562938690186, 49.23558068275452, 49.07482886314392, 49.25416970252991]], "valid_times": [[9.608082056045532, 9.766000986099243, 9.590002059936523, 9.619999408721924, 9.652002334594727, 9.7160005569458, 9.688555002212524, 9.677042484283447, 9.734025239944458, 9.698031187057495, 9.675049304962158, 9.668522596359253, 9.662535429000854, 9.667001247406006, 9.669557809829712, 9.680019617080688, 9.673030138015747, 9.668509483337402, 9.68351149559021, 9.682515621185303, 9.70300030708313]], "test_accuracy": 34.13, "convergence_iteration": 21}}