{
  "config": {
    "train_options": {
      "learning_rate": 0.01,
      "optimizer": "SGD",
      "batch_size": 128,
      "number_of_epochs": 300,
      "loss_parameters": {
        "temperature": 10,
        "distillation_type": "TRADITIONAL",
        "alpha": 0.2,
        "beta": 0.0
      }
    }
  },
  "results": {
    "train_losses": [
      [
        2.5763453559875487, 2.209809399795532, 2.0288100343704225,
        1.8750901870727539, 1.7366297920227052, 1.6093165248870849,
        1.49337826461792, 1.3830379470825196, 1.286595498085022,
        1.1972918457984925, 1.111877407836914, 1.0402316791534423,
        0.9705507641792297, 0.9068081980705262, 0.8506356008529663,
        0.7997138535499573, 0.7528621383666992, 0.7059490536689759,
        0.6617604598999024, 0.6276264335632324, 0.5874966512680053,
        0.5546697087287903, 0.5247404787063599, 0.49114692049026487,
        0.4574220609664917, 0.4282252898216248, 0.40716522035598757,
        0.3772247057914734, 0.3581838565826416, 0.3351614603996277,
        0.30857226333618165, 0.29142247467041016, 0.266846820640564,
        0.24990900411605835, 0.2359781452178955, 0.2155352599143982,
        0.20307196760177612, 0.17365144004821778, 0.15988794088363648,
        0.14014997940063476, 0.13227822904586792, 0.11255743217468261,
        0.09945469932556153, 0.08682770824432373, 0.07555783672332764,
        0.05741139755249024, 0.043526640796661374, 0.031106471157073975,
        0.02796139893531799, 0.00868268575668335, -0.004160461711883545,
        -0.01310888385772705, -0.02321847610473633, -0.03247713441848755,
        -0.04661051950454712, -0.055803191566467285, -0.07005083589553833,
        -0.08422418580055237, -0.08585510687828064
      ]
    ],
    "valid_losses": [
      [
        2.3466463130950928, 2.1118467735290527, 1.9902104194641113,
        1.8572457180023194, 1.7499438537597656, 1.650461111831665,
        1.5861359245300293, 1.430361689376831, 1.3355721073150635,
        1.261596460723877, 1.2307025568962098, 1.1615553950309754,
        1.1410572359085083, 1.130825711250305, 1.0563085310935973,
        0.9986806797027588, 0.978559245967865, 0.9939385876655579,
        0.9015400040626526, 0.914562776184082, 0.8876143459320068,
        0.8689033596038819, 0.8545335302352906, 0.8623326445579529,
        0.8486705458641052, 0.8885161516189575, 0.8193486659049988,
        0.8352014982223511, 0.7457568040847778, 0.8744509055137635,
        0.861900059223175, 0.7790660697937012, 0.7734530827522278,
        0.7805703996658325, 0.7693984338760376, 0.765848026561737,
        0.8222158687591553, 0.8567837327957153, 0.716723642539978,
        0.8044914824485779, 0.7304106029510498, 0.8189798757553101,
        0.786263794517517, 0.8039331767082214, 0.7562387434005737,
        0.8616567780494689, 0.7772441891670228, 0.8153497819900513,
        0.7586160165786743, 0.8266401798248291, 0.8090501455307006,
        0.7424235281944275, 0.7175507650375367, 0.7957523675918579,
        0.7562507252693176, 0.7187730803489685, 0.7674269944190979,
        0.7538737102508545, 0.7490840873718262
      ]
    ],
    "train_accs": [
      [
        4.7725, 10.212499999999999, 13.370000000000001, 16.8125, 19.935,
        22.6825, 25.607499999999998, 27.97, 30.44, 33.1, 35.0475, 37.0775,
        38.82, 40.8475, 42.195, 43.6975, 45.0575, 46.332499999999996, 47.865,
        48.5775, 49.915, 50.887499999999996, 51.70249999999999,
        52.675000000000004, 53.7575, 54.767500000000005, 55.15, 56.1125,
        56.7625, 57.6125, 58.165, 58.892500000000005, 59.6275, 60.3275,
        60.535000000000004, 61.129999999999995, 61.467499999999994, 62.425,
        63.285000000000004, 63.6675, 63.7825, 64.75, 64.7175, 65.3575, 65.745,
        66.3, 66.74, 67.1325, 67.13, 67.75999999999999, 68.2825, 68.5025,
        69.27499999999999, 69.235, 69.5975, 70.28750000000001, 70.4825, 71.1275,
        71.195
      ]
    ],
    "valid_accs": [
      [
        7.829999999999999, 12.740000000000002, 14.71, 17.68, 20.09, 22.39,
        24.04, 26.87, 29.049999999999997, 31.509999999999998, 32.32, 34.18,
        35.099999999999994, 35.33, 37.85, 38.64, 39.800000000000004,
        39.739999999999995, 41.730000000000004, 41.49, 42.309999999999995,
        43.19, 44.07, 43.79, 44.16, 43.53, 45.12, 44.32, 46.39,
        44.269999999999996, 44.76, 46.550000000000004, 47.13, 46.62, 47.54,
        46.650000000000006, 46.150000000000006, 46.07, 48.809999999999995,
        47.19, 48.480000000000004, 47.160000000000004, 48.3, 48.42, 48.67,
        46.62, 48.47, 47.74, 49.33, 47.93, 49.26, 49.93, 50.760000000000005,
        48.44, 50.83, 50.82, 48.71, 50.03999999999999, 50.8
      ]
    ],
    "train_times": [
      [
        21.432158708572388, 21.423770904541016, 21.438554763793945,
        21.42473816871643, 21.42165994644165, 21.425736665725708,
        21.42072367668152, 21.426647186279297, 21.534927368164062,
        22.0012309551239, 21.534990310668945, 21.430947065353394,
        21.434597730636597, 21.43175768852234, 21.435012817382812,
        21.432019233703613, 21.43913435935974, 21.433199882507324,
        21.439444541931152, 21.438087940216064, 21.43056321144104,
        21.434878826141357, 21.44704008102417, 21.4568874835968,
        21.449708700180054, 21.434897661209106, 21.439999103546143,
        21.44050168991089, 21.439125537872314, 21.433977365493774,
        21.43624210357666, 21.433768033981323, 21.432583332061768,
        21.434486389160156, 21.451927661895752, 21.454054355621338,
        21.44785761833191, 21.433840036392212, 21.440410614013672,
        21.445692777633667, 21.443018913269043, 21.799476861953735,
        22.015289783477783, 22.004258155822754, 22.006682634353638,
        22.01724076271057, 22.01004958152771, 22.01665472984314,
        22.008039474487305, 22.01230502128601, 22.0181782245636,
        22.012486219406128, 22.026567459106445, 22.008227825164795,
        22.012624979019165, 22.018210649490356, 22.00952935218811,
        22.012453317642212, 22.00369381904602
      ]
    ],
    "valid_times": [
      [
        4.027363061904907, 4.026851415634155, 4.012895822525024,
        4.020993947982788, 4.017943859100342, 4.010793685913086,
        4.012125253677368, 4.016165494918823, 4.150122880935669,
        4.153582572937012, 4.050836801528931, 4.029270172119141,
        4.016137599945068, 4.014507532119751, 4.015297889709473,
        4.017436981201172, 4.0195348262786865, 4.017897129058838,
        4.0148303508758545, 4.015925168991089, 4.010975360870361,
        4.018264532089233, 4.021921634674072, 4.017434597015381,
        4.019874095916748, 4.019408941268921, 4.0220770835876465,
        4.023473501205444, 4.018977403640747, 4.021132707595825,
        4.019331693649292, 4.019249200820923, 4.0173890590667725,
        4.024686574935913, 4.018716335296631, 4.021875381469727,
        4.020339250564575, 4.013588905334473, 4.010523796081543,
        4.01807427406311, 4.010969638824463, 4.152454853057861,
        4.156525135040283, 4.154911994934082, 4.15483283996582,
        4.158624887466431, 4.159162998199463, 4.155475378036499,
        4.1526665687561035, 4.155939102172852, 4.156780958175659,
        4.1530609130859375, 4.153950452804565, 4.1566994190216064,
        4.1512672901153564, 4.152562856674194, 4.15263819694519,
        4.159295558929443, 4.155677318572998
      ]
    ],
    "test_accuracy": 51.89,
    "convergence_iteration": 59
  }
}
