{"config": {"train_options": {"learning_rate": 0.005, "optimizer": "SGD", "batch_size": 128, "number_of_epochs": 300, "loss_parameters": {"temperature": 10, "distillation_type": "TRADITIONAL", "alpha": 0.2, "beta": 0.0}}}, "results": {"train_losses": [[2.697459917449951, 2.411785237503052, 2.244729873275757, 2.0938620109558106, 1.9761623439788818, 1.8744544906616212, 1.7858087833404541, 1.693248196029663, 1.6090413135528565, 1.525671785926819, 1.4517835834503174, 1.3786304977416992, 1.3200473558425903, 1.2603578664779662, 1.2008876846313477, 1.152190767288208, 1.1025285194396972, 1.0509892749786376, 1.0076226119041443, 0.9648317136764526, 0.9278311417579651, 0.8875796801567077, 0.849237848854065, 0.8142008107185363, 0.783961030292511, 0.7528855854034424, 0.7215912965774536, 0.6952369744300843, 0.6635277064323425, 0.6391317305564881, 0.6134706887245178, 0.5883136686325073, 0.5685420281410217, 0.5491826535224914, 0.5236253680229187, 0.5006333069801331, 0.47691607990264895, 0.4580868565559387, 0.4410809277534485, 0.42105630464553834, 0.40576611623764036, 0.38537113265991213, 0.36626268320083616, 0.3531021760940552, 0.33672264499664306, 0.3219083520889282, 0.3058851707458496, 0.2905539319038391, 0.27509229621887205, 0.2594737973213196, 0.24906423234939576, 0.23198467922210694, 0.22227676601409913, 0.210605926322937, 0.1979413465499878, 0.18070349550247192, 0.16859464120864867, 0.15736934928894042, 0.1441544298171997, 0.1336122667312622, 0.12385637092590332, 0.11446230239868165, 0.10225068082809448, 0.09038433246612548, 0.07937502937316894, 0.06938529996871948, 0.0591910945892334, 0.04995291204452515, 0.04391609535217285, 0.02918172359466553, 0.017133741664886473, 0.011153607654571534, 0.0037888084411621093, -0.007614040374755859, -0.01590773591995239, -0.020745418643951415, -0.02638448600769043, -0.03783842706680298, -0.04723845467567444, -0.05846806454658508, -0.06457355308532715, -0.14993913354873656, -0.1819061385154724, -0.190077916097641, -0.2013776246070862, -0.2053786959171295, -0.20800289640426636, -0.21251218996047974, -0.2147728793144226, -0.2199147045135498, -0.22000183305740356, -0.22324007778167726, -0.2258513328552246, -0.23038766117095946, -0.23260318336486815, -0.23340414810180665, -0.2384592414855957, -0.2412594039916992, -0.2449848913192749, -0.24836345148086547, -0.24112351350784303, -0.2515173537254333, -0.24983375425338744, -0.24977150259017944]], "valid_losses": [[2.5282751579284666, 2.3562237911224364, 2.196873480987549, 2.066608570098877, 1.9833813205718993, 1.895553987121582, 1.8197887817382812, 1.7329912174224853, 1.6981201347351074, 1.5835417331695556, 1.5052641569137573, 1.4536132751464843, 1.4242849517822265, 1.3894118505477906, 1.3350732769012452, 1.3180868027687074, 1.2382378650665282, 1.250679323196411, 1.1768935584068299, 1.1523416392326356, 1.0807082527160645, 1.1112674824714661, 1.0592501887321473, 1.0159906069755553, 1.056183086681366, 0.9675731004714966, 0.9569319583892822, 0.9358724068641663, 0.9053011708259583, 0.8701910429000854, 0.8572490439414978, 0.9060683562278747, 0.8608098956108093, 0.8708995146751404, 0.8059019286155701, 0.8278188411712647, 0.7946792676925659, 0.7865931046485901, 0.7647557969093323, 0.7455940707206726, 0.7898316907882691, 0.743196151638031, 0.7772538908958435, 0.7464596285820008, 0.7701464234352112, 0.7140138430595397, 0.734035659122467, 0.7313889742851257, 0.6873374108314514, 0.6825397068977356, 0.735543975353241, 0.7201945425033569, 0.6898473147392273, 0.7189282442092896, 0.6680116250991821, 0.7367851634025574, 0.7400455758094787, 0.7424457202911376, 0.6847139721870422, 0.6651927264213562, 0.6823394488334655, 0.6875274271965027, 0.741167596244812, 0.7120758805274964, 0.6805061796188354, 0.6760005237579346, 0.6584472593307495, 0.6397210151672363, 0.758072054195404, 0.6644424708366394, 0.7181577703475952, 0.7231921462059021, 0.6949671289443969, 0.7009801033973694, 0.7061472918510437, 0.681461183166504, 0.6869363622665405, 0.7025859433174133, 0.6764425290107727, 0.7224934493064881, 0.722868721294403, 0.509274501991272, 0.5012047850608826, 0.4988202880859375, 0.5055758377075196, 0.507751026058197, 0.5076654410362244, 0.5092327739715576, 0.5105137490272522, 0.5175031554222107, 0.5153365666389466, 0.5088058528900147, 0.5105969113349914, 0.5139448514938354, 0.5040616654396057, 0.5150549312591552, 0.5180890095710754, 0.5202769680976868, 0.5240554037094116, 0.5270935250282287, 0.5249351291656494, 0.5193324628829956, 0.5383850226402283, 0.5327602822303772]], "train_accs": [[3.3625000000000003, 6.7325, 9.8075, 12.5, 14.81, 17.1625, 19.247500000000002, 21.175, 22.8925, 24.474999999999998, 26.355, 28.155, 29.6375, 31.069999999999997, 32.82, 34.0225, 35.2175, 36.7875, 37.555, 38.9025, 40.0, 41.07, 42.1625, 42.8825, 44.0525, 44.7175, 45.59, 46.685, 47.712500000000006, 48.22, 48.835, 49.9425, 50.322500000000005, 51.04, 51.6675, 52.3675, 53.295, 53.8425, 54.405, 54.767500000000005, 55.1925, 55.85, 56.71000000000001, 56.9675, 57.335, 57.942499999999995, 58.0925, 58.84, 59.3225, 59.857499999999995, 60.1425, 60.78249999999999, 61.0425, 61.4375, 61.8625, 62.31, 62.872499999999995, 62.9625, 63.29, 63.85999999999999, 64.27000000000001, 64.5275, 65.0175, 65.3575, 65.92750000000001, 65.995, 66.375, 66.57499999999999, 66.9275, 67.24, 67.765, 67.8425, 68.21249999999999, 68.5975, 68.7025, 68.9675, 68.9875, 69.42, 69.65249999999999, 70.065, 70.075, 73.58, 74.785, 75.155, 75.6675, 75.785, 75.83, 76.01, 75.8425, 76.3025, 76.1775, 76.435, 76.5475, 76.56500000000001, 76.8575, 76.615, 77.005, 77.05499999999999, 77.2725, 77.3575, 76.89, 77.48, 77.49249999999999, 77.4375]], "valid_accs": [[5.1, 7.88, 10.4, 13.04, 14.87, 16.3, 18.04, 19.919999999999998, 21.36, 23.59, 25.319999999999997, 26.76, 27.13, 28.51, 29.93, 30.0, 32.37, 31.929999999999996, 33.78, 35.02, 36.46, 35.78, 36.83, 38.379999999999995, 37.69, 40.150000000000006, 40.46, 40.28, 41.68, 42.61, 42.99, 41.980000000000004, 43.22, 43.04, 44.3, 43.88, 44.800000000000004, 45.24, 45.71, 46.81, 45.72, 46.69, 45.36, 46.9, 46.69, 47.36, 47.14, 47.33, 48.58, 48.730000000000004, 47.92, 47.74, 48.47, 47.370000000000005, 49.39, 47.760000000000005, 48.11, 47.75, 48.339999999999996, 49.519999999999996, 49.33, 49.519999999999996, 48.199999999999996, 48.68, 49.27, 50.43, 49.830000000000005, 50.660000000000004, 48.41, 49.87, 49.2, 48.199999999999996, 49.4, 49.46, 50.2, 50.449999999999996, 50.55, 49.63, 51.25999999999999, 50.3, 50.18, 55.1, 55.52, 55.85, 55.769999999999996, 55.82, 55.82, 56.08, 55.48, 55.43, 55.26, 55.900000000000006, 56.06, 55.620000000000005, 55.76, 56.230000000000004, 56.13, 55.48, 55.589999999999996, 55.69, 56.37, 55.48, 55.31, 55.58]],