{"config": {"train_options": {"learning_rate": 0.005, "optimizer": "SGD", "batch_size": 128, "number_of_epochs": 300, "loss_parameters": {"temperature": 15, "distillation_type": "TRADITIONAL", "alpha": 0.5, "beta": 0.0}}}, "results": {"train_losses": [[0.00251220703125, -0.1577960880279541, -0.27962947959899903, -0.3454824546813965, -0.4003512861251831, -0.44368813552856445, -0.4859409778594971, -0.5217933450698853, -0.5559144132614136, -0.590161591720581, -0.626011841583252, -0.6579712953567505, -0.6899251382827759, -0.7184979526519776, -0.751431476020813, -0.7788571411132813, -0.8088138631820678, -0.8343842983245849, -0.8612344190597534, -0.888633589553833, -0.9140110420227051, -0.9349438604354858, -0.9594000072479248, -0.9810491010665894, -1.0041356855392456, -1.022239831161499, -1.043929274749756, -1.0667056322097779, -1.0839685766220093, -1.1034539489746094, -1.1211093460083008, -1.1399876571655274, -1.1574069822311401, -1.1725270288467406, -1.187151885032654, -1.2044607707977295, -1.2173918395996093, -1.2317266847610473, -1.2478364261627197, -1.2604527549743652, -1.2742607498168945, -1.2878848234176636, -1.2996110513687134, -1.3144409881591796, -1.3257542064666747, -1.3363111110687256, -1.3490298816680908, -1.3611278270721436, -1.3717737098693847, -1.3824781690597534, -1.391342350578308, -1.4053399719238282, -1.4128062973022462, -1.4225427474975585, -1.4320470182418823, -1.4416435926437379, -1.4491624128341676, -1.459590326309204, -1.4690035102844239, -1.473332524871826, -1.482949986076355, -1.4922515529632567, -1.5021360366821288, -1.5104175905227661, -1.5177603706359863, -1.5218842113494873, -1.5326086345672607, -1.5334902940750121, -1.543694408416748, -1.5509291767120361, -1.5587401817321778, -1.56560589427948, -1.5704939319610596, -1.5769664785385131, -1.585079323196411, -1.5904302167892457, -1.5952202716827393, -1.6018167795181275, -1.6098288345336913, -1.6127794673919678, -1.6183243524551392, -1.6685124481201172, -1.685101144218445, -1.6884473834991456, -1.6916730630874635, -1.692590229034424, -1.696542082977295, -1.69971411819458, -1.7012719089508057, -1.7043736652374268, -1.7028143182754516, -1.7054699058532714, -1.7063969875335694, -1.7083475059509277, -1.7104330272674562, -1.7104121269226074, -1.7129822513580322, -1.7134740159988404, -1.7144698707580566, -1.715461958885193, -1.7152787431716918, -1.7190331771850587, -1.71872502784729, -1.7190174003601075, -1.7193251865386963, -1.7224008989334108, -1.7210427795410157, -1.7247770040512085]], "valid_losses": [[-0.07294571189880371, -0.22773408546447754, -0.29294691314697263, -0.3662102569580078, -0.41059889335632327, -0.4329911357879639, -0.49215215148925784, -0.5072790634155273, -0.5231912994384765, -0.5851305648803711, -0.6232138750076294, -0.6493816194534302, -0.6714383722305298, -0.7012450021743775, -0.7407537761688232, -0.7725425241470337, -0.7799614154815674, -0.8086994373321533, -0.8465738845825195, -0.8653114437103272, -0.8779776142120361, -0.8963329870223999, -0.9193821193695069, -0.9302124881744385, -0.9521976110458374, -0.9769867889404297, -1.0026716451644897, -0.9940413539886475, -1.0301817329406737, -1.0300363983154297, -1.0420913532257081, -1.0413637039184571, -1.0446118333816528, -1.0719671541213989, -1.0604701950073243, -1.1011901563644408, -1.0902005908966064, -1.1232971830368041, -1.1425476568222046, -1.132891109085083, -1.133408688735962, -1.1516441621780396, -1.1564544729232789, -1.1810187330245971, -1.1774305351257324, -1.1810608306884767, -1.2055449455261231, -1.2005062757492067, -1.2024749612808228, -1.2240099933624267, -1.2315625438690185, -1.2402192790985107, -1.2383732265472411, -1.237762629508972, -1.222611982536316, -1.2450360303878785, -1.2549728597640992, -1.2471597650527955, -1.2734678602218628, -1.278997850036621, -1.280718347930908, -1.2652064834594727, -1.2704252458572387, -1.2841497638702393, -1.2799926486968993, -1.2814891819000245, -1.2791791133880615, -1.2721678655624389, -1.2844442905426026, -1.2920761512756347, -1.283410277557373, -1.2920612787246704, -1.2716125186920166, -1.2882578609466553, -1.3044813045501709, -1.2925646518707274, -1.2859873853683472, -1.3046306522369384, -1.2806396911621094, -1.2706196640014649, -1.2808876121520996, -1.3799218496322632, -1.377397603225708, -1.3814077487945557, -1.3812332090377808, -1.383199617576599, -1.3804635847091675, -1.3864774528503419, -1.3795023078918458, -1.380552381324768, -1.3797775678634643, -1.3789284475326538, -1.3768160083770753, -1.3781181896209718, -1.374612942123413, -1.374033296775818, -1.3740401720046997, -1.3747878662109374, -1.3809211132049561, -1.381006276512146, -1.3791153579711914, -1.3776379180908203, -1.379180178451538, -1.3728467128753663, -1.3848002782821656, -1.383008450126648, -1.3782802280426025, -1.3729752420425414]], "train_accs": [[2.8000000000000003, 6.645, 8.9025, 10.6075, 12.5225, 14.0125, 15.415000000000001, 16.435, 17.8175, 19.1, 20.2075, 21.310000000000002, 22.6925, 23.6725, 24.7775, 25.932500000000005, 27.11, 28.0325, 28.9725, 30.485, 31.277500000000003, 32.245000000000005, 32.97, 34.150000000000006, 35.0725, 35.67, 36.825, 37.34, 38.3925, 39.190000000000005, 39.8575, 40.68, 41.435, 42.045, 42.662499999999994, 43.725, 44.29, 44.745000000000005, 45.76, 46.12, 46.894999999999996, 47.075, 47.955, 48.8125, 48.9225, 49.792500000000004, 50.365, 50.77, 51.2525, 51.642500000000005, 52.532500000000006, 52.9425, 53.317499999999995, 53.6875, 54.24, 54.5825, 55.33749999999999, 55.65, 56.2625, 56.24249999999999, 56.620000000000005, 57.3075, 57.675, 58.004999999999995, 58.485, 58.8375, 59.355000000000004, 59.097500000000004, 59.8175, 60.22, 60.465, 60.762499999999996, 60.9625, 61.5425, 61.980000000000004, 62.305, 62.19, 62.529999999999994, 62.91, 63.192499999999995, 63.3775, 66.23750000000001, 67.1775, 67.625, 67.6325, 67.8325, 68.145, 68.2025, 68.455, 68.22749999999999, 68.28999999999999, 68.5625, 68.375, 68.8325, 68.5925, 68.695, 68.905, 68.975, 68.9425, 68.915, 68.82000000000001, 69.045, 69.1725, 69.175, 69.27499999999999, 69.27250000000001, 69.28750000000001, 69.43249999999999]], "valid_accs": [[4.31, 7.31, 8.3, 11.16, 12.8, 13.71, 15.040000000000001, 15.93, 17.02, 18.22, 20.45, 21.29, 22.18, 23.14, 24.57, 25.53, 26.63, 27.189999999999998, 29.12, 29.189999999999998, 30.220000000000002, 31.019999999999996, 31.35, 32.12, 32.84, 33.61, 35.199999999999996, 34.28, 36.059999999999995, 36.27, 36.79, 36.99, 37.230000000000004, 38.18, 37.99, 39.019999999999996, 39.08, 39.98, 40.94, 40.760000000000005, 40.96, 41.48, 41.44, 42.71, 42.84, 42.47, 43.49, 43.57, 43.86, 44.0, 44.55, 45.45, 45.97, 45.64, 45.14, 46.01, 46.489999999999995, 45.879999999999995, 46.839999999999996, 47.349999999999994, 47.72, 46.550000000000004, 47.39, 47.8, 47.620000000000005, 47.660000000000004, 47.49, 47.25, 48.25, 48.39, 48.17, 48.86, 48.0, 48.78, 49.08, 48.66, 48.55, 49.51, 48.4, 48.13, 48.63, 53.239999999999995, 53.14, 53.22, 53.63, 53.22, 53.15, 53.080000000000005, 52.849999999999994, 53.0, 53.23, 53.37, 52.690000000000005, 53.290000000000006, 53.1, 53.190000000000005, 53.18000000000001, 53.22, 53.690000000000005, 53.449999999999996, 53.42, 53.349999999999994, 53.059999999999995, 53.26, 53.25, 53.38, 53.32, 53.09]],