{"config": {"train_options": {"learning_rate": 0.05, "optimizer": "SGD", "batch_size": 128, "number_of_epochs": 300, "loss_parameters": {"temperature": 15, "distillation_type": "TRADITIONAL", "alpha": 0.3, "beta": 0.0}}}, "results": {"train_losses": [[1.5492354558944703, 1.1900344354629517, 0.9546858131408691, 0.7420705562591553, 0.5749627519607544, 0.4486514123916626, 0.3293263801574707, 0.2344167865753174, 0.14190843334197997, 0.06921032619476318, 0.004544733810424805, -0.05325918483734131, -0.10450327472686767, -0.15303396167755126, -0.19161962356567383, -0.23189897212982177, -0.2618543886184692, -0.29793801860809327, -0.3243962218284607, -0.3502391541481018, -0.36787056674957275, -0.39469862813949586, -0.41570754718780517, -0.4345131823539734, -0.4554805016517639, -0.4753984885215759, -0.49495376415252684, -0.5089650519371033, -0.5231203783035279, -0.5373360326766968, -0.5522368570327759, -0.5649708067893982, -0.5804801074981689, -0.5908666117668152, -0.5998446138381958, -0.6123204305648804, -0.627761445236206, -0.6319801896095276, -0.6438630801200866, -0.6584035507202148, -0.666281120300293, -0.6735843316078186, -0.6748842060089111, -0.6874349858283997, -0.6963867794036865, -0.7082534471511841, -0.7023007266998291, -0.717977290058136, -0.7196055406570434, -0.7384941066741944, -0.7481273170471191, -0.7448830435752869, -0.7515852397918701, -0.7545134634971619, -0.7576928695678711, -0.7681381380081177, -0.771980856704712, -0.7798494964599609, -0.7834653890609741, -0.7878754259109497, -0.7883275285720825, -0.8001983314514161, -0.8069667647361756, -0.8059631242752076, -0.8199751340866089, -0.8129334083557129, -0.8191616905212402, -0.827384365272522, -0.8299814283370972, -0.8252788560867309, -0.8382920568466187, -0.8389776699066163, -0.8465520757675171, -0.8444835790634155, -0.8588503616333008, -0.8552597517013549, -0.8575047702789307, -0.8696787544250488]], "valid_losses": [[1.3921319190979005, 1.1888611833572387, 0.9319322237014771, 0.7831428939819336, 0.6076121959686279, 0.5529923589706421, 0.5801018775939941, 0.40981200714111327, 0.3377739253997803, 0.2906574171066284, 0.2708698860168457, 0.2683692096710205, 0.2429291982650757, 0.1782148416519165, 0.2216402582168579, 0.09153549575805664, 0.18485604572296144, 0.07073806915283203, 0.21925843982696533, 0.04350841064453125, 0.017575465393066408, 0.044090469169616696, 0.010859877777099609, 0.06734526329040527, 0.017053429412841797, 0.022733148002624513, -0.025881790542602538, -0.01167277603149414, 0.024727202224731445, -0.0014224157333374023, 0.01331274185180664, 0.002560416793823242, 0.004725539398193359, -0.005452472877502441, -0.004455842208862305, -0.017957213401794434, -0.01620396842956543, -0.034823490715026856, -0.05774987316131592, -0.05225678882598877, -0.06613982543945313, 0.003431339454650879, -0.07049146366119385, 0.021094716262817382, -0.02446272449493408, -0.018012270736694334, -0.015364380836486816, 0.04191277179718018, 0.03389538516998291, -0.027782942581176757, 0.0018290342330932617, -0.06913006629943848, -0.04619151496887207, -0.026002483749389647, 0.0004058876037597656, -0.01052563133239746, -0.03385752544403076, -0.07313874950408936, -0.010838008308410644, 0.03567287559509277, -0.010001394844055175, 0.05489335632324219, 0.10921169414520264, 0.11743451747894287, 0.09401555213928223, 0.09295766887664796, 0.14287879486083985, 0.03864395179748535, 0.16310273094177247, 0.12138987789154053, -0.008822243881225586, -0.026189231300354002, 0.05021739177703857, 0.06407920513153076, 0.08441920051574707, 0.09044371662139893, 0.06331631546020508, 0.15259646892547607]], "train_accs": [[6.175, 13.4075, 18.970000000000002, 24.3425, 29.107499999999998, 32.677499999999995, 36.2825, 39.4225, 42.3775, 44.6925, 46.7275, 48.417500000000004, 50.544999999999995, 52.059999999999995, 53.23, 54.7, 55.9825, 56.9225, 58.315, 58.78, 59.5725, 60.34, 61.287499999999994, 61.905, 62.777499999999996, 63.55499999999999, 64.075, 64.7625, 65.5625, 65.85, 66.185, 66.725, 67.61749999999999, 67.6825, 68.0225, 68.47999999999999, 69.155, 69.285, 69.67750000000001, 70.6575, 70.8225, 70.8875, 70.8475, 71.4425, 71.53, 72.47749999999999, 71.9775, 72.72999999999999, 72.725, 73.55000000000001, 73.58749999999999, 73.50999999999999, 73.8125, 74.0025, 74.03, 74.5425, 74.575, 74.8925, 75.1425, 75.25500000000001, 75.11250000000001, 75.6525, 75.9225, 75.87, 76.605, 76.0975, 76.3125, 76.75, 76.9625, 76.615, 77.33250000000001, 77.1625, 77.55250000000001, 77.33, 77.99000000000001, 77.73, 78.1775, 78.375]], "valid_accs": [[8.38, 13.34, 20.13, 22.770000000000003, 27.6, 29.79, 29.189999999999998, 33.839999999999996, 36.02, 37.72, 38.81, 39.18, 39.83, 41.52, 41.089999999999996, 44.42, 42.42, 45.97, 42.480000000000004, 47.099999999999994, 47.13, 46.29, 48.0, 46.660000000000004, 49.21, 48.68, 50.0, 49.51, 49.26, 49.71, 49.4, 49.94, 49.27, 50.949999999999996, 50.59, 50.93, 51.300000000000004, 50.71, 51.59, 51.129999999999995, 52.449999999999996, 50.660000000000004, 52.959999999999994, 51.06, 52.33, 52.76, 52.300000000000004, 50.78, 51.09, 52.2, 51.72, 53.33, 53.22, 52.82, 52.349999999999994, 52.559999999999995, 52.88, 54.24, 53.31, 51.77, 52.44, 51.67, 51.41, 50.160000000000004, 51.55, 51.39, 51.370000000000005, 51.959999999999994, 50.64999999999999, 51.080000000000005, 54.43, 53.83, 53.059999999999995, 51.849999999999994, 52.38, 52.83, 52.129999999999995, 51.27]], "train_times": [[48.22893404960632, 48.82939314842224, 48.4270441532135, 48.461740255355835, 48.42891597747803, 48.59009790420532, 48.21208119392395, 48.236398220062256, 48.223392724990845, 47.30787754058838, 47.373011112213135, 47.38099932670593, 47.349897623062134, 47.372623920440674, 47.302510023117065, 47.33454084396362, 47.44815993309021, 47.358126163482666, 47.54813027381897, 47.592031717300415, 47.5832941532135, 47.66262412071228, 47.76488375663757, 47.629756927490234, 47.59148955345154, 48.37458848953247, 48.42663097381592, 48.52349281311035, 48.22872233390808, 48.20863699913025, 48.51205635070801, 48.50414299964905, 48.252591133117676, 48.46943783760071, 48.250333070755005, 48.25456166267395, 48.500154972076416, 48.44289469718933, 48.23640537261963, 48.272539377212524, 48.27361845970154, 48.528873443603516, 48.57469058036804, 48.062644243240356, 48.01128816604614, 48.023037910461426, 47.98290514945984, 48.25849890708923, 48.39736747741699, 48.19979000091553, 48.220664262771606, 48.18158411979675, 48.23190903663635, 48.80534648895264, 48.42833709716797, 48.41927433013916, 48.43628692626953, 48.06599998474121, 47.98992419242859, 47.96907830238342, 48.01369905471802, 48.57695150375366, 48.51759600639343, 48.97266936302185, 48.32757329940796, 48.22913312911987, 48.21963596343994, 48.04068398475647, 48.00274109840393, 47.98975849151611, 48.01611828804016, 48.00008964538574, 48.72792935371399, 48.20373177528381, 48.26671743392944, 48.26652240753174, 48.251856565475464, 48.47951650619507]],