{"config": {"train_options": {"learning_rate": 0.05, "optimizer": "SGD", "batch_size": 128, "number_of_epochs": 300, "loss_parameters": {"temperature": 5, "distillation_type": "TRADITIONAL", "alpha": 0.5, "beta": 0.0}}}, "results": {"train_losses": [[0.5936536645889282, 0.35766325225830076, 0.22330620193481446, 0.09917179126739502, -0.02287749786376953, -0.13419274921417237, -0.21969618530273438, -0.2947185495376587, -0.359081329536438, -0.4174557415008545, -0.46517321014404295, -0.5072538814544678, -0.5498666637420654, -0.579471354675293, -0.613101854801178, -0.6418348358154297, -0.6679975971221924, -0.691762571811676, -0.7120775742530823, -0.7341192301750183, -0.7564158761024475, -0.7747915115356445, -0.7867770400047303, -0.8034356303215027, -0.8164781852722168, -0.8352854839324951, -0.8499287853240967, -0.8578225875854493, -0.8684358089447022, -0.8821546487808227, -0.8940709352493286, -0.8964440086364746, -0.9099409341812134, -0.9193085983276367, -0.9255316358566285, -0.9397883382797241, -0.9446299154281617, -0.9581725284576416, -0.9632860818862915, -0.966480940246582, -0.9805739025115967, -0.9841803936004638, -0.9919003576278687, -0.9961200798034668, -1.0015212865829468, -1.0056869249343872, -1.0140008613586426, -1.023455152130127, -1.0234755336761474, -1.0347865842819215, -1.0342043252944946, -1.0438439964294433, -1.0485068902969361, -1.0521427774429322, -1.0569977029800415, -1.0593460309982299, -1.0645569387435914, -1.0673139728546142, -1.0706854936599732, -1.076477319908142, -1.083042989730835]], "valid_losses": [[0.48480980434417725, 0.3322036352157593, 0.24771705570220948, 0.120082647895813, -0.043871419525146484, -0.07574149684906006, -0.09240831146240235, -0.1285456636428833, -0.2003774175643921, -0.2939877184867859, -0.3118345516204834, -0.3836585074424744, -0.37612305479049685, -0.4345624788284302, -0.4038067102432251, -0.4186734217643738, -0.4540665126800537, -0.4741705786705017, -0.4776114210128784, -0.5123605734825134, -0.4819441410064697, -0.496334436416626, -0.48598099746704104, -0.5481711885452271, -0.47046528158187867, -0.4745276718139648, -0.48563431587219236, -0.5320974606513977, -0.5368879364013672, -0.46290950183868407, -0.467561171913147, -0.5534189064979553, -0.5313827953338623, -0.5128483345985413, -0.563607168674469, -0.5307384810447693, -0.5434602966308594, -0.5390233588218689, -0.5783622356414795, -0.5688717195510864, -0.5872833315849304, -0.5476169179916381, -0.5439509534835816, -0.5340366762161255, -0.5405522819519043, -0.536454515838623, -0.5849363050460815, -0.5849011671066284, -0.5173595462799072, -0.48043398780822755, -0.537958000946045, -0.5093752180099488, -0.5159960203170776, -0.4715399594306946, -0.5753056735992431, -0.4954205997467041, -0.5142446000099182, -0.529193183517456, -0.426354806137085, -0.5345451068878174, -0.531731402015686]], "train_accs": [[6.3325000000000005, 13.020000000000001, 17.515, 22.0575, 26.522499999999997, 30.685000000000002, 34.394999999999996, 37.645, 40.275, 43.225, 44.9975, 47.3275, 49.2, 50.4725, 51.89, 53.557500000000005, 54.3425, 55.845, 56.0825, 57.52, 58.442499999999995, 59.3225, 59.685, 60.870000000000005, 61.3425, 62.1075, 62.9275, 63.57000000000001, 63.845, 64.5025, 65.12, 65.16999999999999, 65.5225, 66.185, 66.21000000000001, 67.285, 67.285, 67.89500000000001, 68.1225, 68.17750000000001, 68.93, 69.25750000000001, 69.5275, 69.78750000000001, 69.9775, 70.0525, 70.43, 71.0275, 71.04, 71.655, 71.665, 72.0875, 72.1475, 72.4525, 72.655, 72.635, 72.8275, 72.83, 73.285, 73.885, 73.88749999999999]], "valid_accs": [[8.97, 13.469999999999999, 17.01, 21.7, 27.400000000000002, 29.110000000000003, 29.709999999999997, 31.72, 34.849999999999994, 38.440000000000005, 38.83, 42.309999999999995, 41.97, 44.65, 43.84, 44.51, 45.72, 46.73, 47.38, 49.18, 48.17, 48.17, 48.6, 50.62, 48.42, 48.92, 49.72, 50.970000000000006, 50.93, 49.44, 49.61, 52.38, 51.72, 51.72, 53.480000000000004, 51.54, 53.010000000000005, 52.49, 54.010000000000005, 53.39, 54.55, 53.56999999999999, 52.43, 53.73, 53.59, 53.849999999999994, 54.94, 55.589999999999996, 53.400000000000006, 53.09, 53.55, 53.169999999999995, 53.86, 53.080000000000005, 54.86, 52.99, 53.93, 54.620000000000005, 52.5, 54.48, 55.28999999999999]], "train_times": [[45.50399971008301, 45.54800319671631, 45.50301170349121, 45.49399924278259, 45.479997396469116, 45.4995059967041, 45.46899938583374, 45.47402286529541, 45.43351697921753, 46.19833493232727, 45.144540786743164, 45.189008951187134, 45.16200017929077, 45.17860269546509, 45.21735978126526, 45.15408706665039, 45.14899969100952, 45.16900825500488, 45.116989612579346, 45.172998905181885, 45.14752435684204, 45.14501070976257, 45.137025356292725, 45.200000524520874, 45.14902448654175, 45.15202355384827, 45.11911940574646, 45.11335253715515, 45.130000829696655, 45.11500096321106, 45.135000228881836, 45.14006209373474, 45.115999937057495, 45.16100072860718, 45.16113018989563, 45.19301223754883, 45.12148857116699, 45.13852620124817, 45.131016969680786, 45.12904500961304, 45.12951588630676, 45.15599989891052, 45.14599919319153, 45.134010553359985, 45.14209723472595, 45.19275116920471, 45.2018723487854, 45.17188358306885, 45.14203691482544, 45.12536144256592, 45.11400127410889, 45.141000270843506, 45.160597801208496, 45.133015871047974, 45.11722755432129, 45.10700011253357, 45.13401007652283, 45.11573123931885, 45.129798889160156, 45.11901926994324, 45.13251209259033]], "valid_times": [[8.908998966217041, 8.927998304367065, 8.927002191543579, 8.913001298904419, 8.902002811431885, 8.90800166130066, 8.923001289367676, 8.93900203704834, 8.905000686645508, 8.840999841690063, 8.838999509811401, 8.854000091552734, 8.843001127243042, 8.820001125335693, 8.828999519348145, 8.82900071144104, 8.83299994468689, 8.831001043319702, 8.829000473022461, 8.825002431869507, 8.829077005386353, 8.839010953903198, 8.847997426986694, 8.82399868965149, 8.817000150680542, 8.822998762130737, 8.838999271392822, 8.821869373321533, 8.830998182296753, 8.820000171661377, 8.851001977920532, 8.824000120162964, 8.823000192642212, 8.826000690460205, 8.825000524520874, 8.825998783111572, 8.84199857711792, 8.823041200637817, 8.820008754730225, 8.824998378753662, 8.84500789642334, 8.815001010894775, 8.82699990272522, 8.827999591827393, 8.870894432067871, 8.864151954650879, 8.825144529342651, 8.834184169769287, 8.813612699508667, 8.835585117340088, 8.832597494125366, 8.824999570846558, 8.82200837135315, 8.828994989395142, 8.833999633789062, 8.830000162124634, 8.822999715805054, 8.848000288009644, 8.839000940322876, 8.827515125274658, 8.837999820709229]], "test_accuracy": 56.35, "convergence_iteration": 61}}