{"config": {"train_options": {"learning_rate": 0.05, "optimizer": "SGD", "batch_size": 128, "number_of_epochs": 300, "loss_parameters": {"temperature": 5, "distillation_type": "TRADITIONAL", "alpha": 0.8, "beta": 0.0}}}, "results": {"train_losses": [[-1.4966584281921387, -1.5994290214538573, -1.6473656688690186, -1.6868029037475587, -1.7260375528335572, -1.759997951889038, -1.7921398139953613, -1.8199976219177245, -1.8426470909118653, -1.86838876953125, -1.8881921997070312, -1.9083586948394775, -1.9255241870880127, -1.9401597244262696, -1.955305898284912, -1.968873286628723, -1.9784922946929933, -1.9926642059326172, -2.0019799692153932, -2.00907808303833, -2.020981793212891, -2.03017526512146, -2.037819279098511, -2.046280354309082, -2.0553965232849123, -2.060336819076538, -2.068211826324463, -2.076844843673706, -2.081927825164795, -2.0919931327819823, -2.091005590057373, -2.10058052406311, -2.11040721244812, -2.113854677963257, -2.119559873962402, -2.1247821796417234, -2.1289801486968996, -2.1368651435852053, -2.13963604888916, -2.1447631202697752, -2.1496834053039553, -2.1505219703674316, -2.1576514110565186, -2.1595210662841797, -2.169630548095703, -2.172464624786377, -2.173136713409424, -2.1742480236053465, -2.182238443374634, -2.187740368270874, -2.185673028564453, -2.187531335449219, -2.1951714756011964, -2.1969394863128664, -2.2036429763793945, -2.2017191955566404, -2.2069149814605713, -2.211564636230469, -2.2110841331481934, -2.215126944732666, -2.21800842666626, -2.227509338760376, -2.2222738327026366, -2.227547603225708, -2.2278726779937745, -2.233503725814819, -2.236353401184082, -2.233076254272461, -2.2394845653533935, -2.243755588531494, -2.2444533332824705, -2.246556996536255, -2.249923807144165, -2.2464387950897216, -2.2526883449554442]], "valid_losses": [[-1.5633899724960327, -1.597696382522583, -1.6373153886795044, -1.6819602573394776, -1.7343793075561524, -1.7380447540283204, -1.7688620933532715, -1.7373790237426758, -1.7948342903137207, -1.812121209526062, -1.8338488197326661, -1.868404140472412, -1.8494504737854003, -1.8460920036315918, -1.8294680721282959, -1.8678916297912598, -1.9015469497680664, -1.9127790592193603, -1.9261949634552002, -1.9333067085266114, -1.9101548313140868, -1.9246565742492676, -1.9453719413757324, -1.9352527725219726, -1.9374974613189697, -1.9615231830596924, -1.940721527862549, -1.9429867084503174, -1.9187060871124269, -1.9141291172027588, -1.8851820055007935, -1.960405488204956, -1.936563154220581, -1.975326448059082, -1.9774689590454102, -1.95229273147583, -1.9230457221984862, -1.9401971633911133, -1.9300593441009521, -1.9825590980529786, -1.9634056705474854, -1.9495229274749757, -1.9612583625793456, -1.9615069801330567, -1.98258768119812, -1.9510477214813233, -1.9653972507476807, -1.9276110374450683, -2.0099976276397706, -1.9723813774108887, -1.9417754089355468, -2.0095875923156736, -1.927140217590332, -1.9405841247558593, -2.0242498912811278, -2.0226462158203127, -1.9947099605560303, -1.9594092708587647, -1.9512838134765624, -1.9927624206542969, -1.9927980865478516, -1.9492943161010743, -1.9420788749694824, -2.0042637508392334, -1.960613516998291, -2.0055955028533936, -1.9555356060028075, -1.9748262062072754, -1.915153364944458, -2.005822829055786, -2.004883043670654, -1.994569591140747, -1.9838829772949218, -1.9773343994140624, -1.984517130279541]], "train_accs": [[5.7475, 11.662500000000001, 15.645000000000001, 19.1375, 22.48, 25.669999999999998, 28.64, 31.5375, 33.629999999999995, 36.3825, 37.935, 39.98, 41.77, 43.205, 44.84, 46.129999999999995, 47.565000000000005, 48.5575, 49.7675, 50.7, 51.4775, 52.43, 53.3225, 54.05, 54.6375, 55.010000000000005, 56.13, 56.845, 57.19499999999999, 57.82000000000001, 58.025000000000006, 58.4175, 59.4275, 59.697500000000005, 60.112500000000004, 60.540000000000006, 60.815, 61.3375, 61.480000000000004, 61.875, 62.3575, 62.5525, 62.897499999999994, 63.1325, 63.644999999999996, 63.8525, 64.4225, 64.37, 64.84, 65.11, 65.12, 65.125, 65.7, 66.36999999999999, 66.2675, 66.125, 66.73750000000001, 66.8025, 67.035, 67.2425, 67.305, 68.11, 67.92, 67.975, 67.99, 68.345, 68.5, 68.715, 68.895, 69.51, 69.4875, 69.62, 69.82000000000001, 69.77, 69.7975]], "valid_accs": [[8.559999999999999, 11.26, 14.860000000000001, 18.54, 22.67, 23.53, 26.63, 25.55, 30.17, 31.39, 33.73, 36.33, 35.39, 36.24, 34.68, 37.41, 39.25, 41.92, 42.61, 43.14, 42.69, 43.35, 44.74, 45.04, 44.9, 46.489999999999995, 45.57, 46.78, 45.29, 45.2, 44.35, 48.51, 46.01, 49.0, 49.4, 47.949999999999996, 45.839999999999996, 46.73, 47.77, 50.78, 48.699999999999996, 48.05, 49.220000000000006, 48.79, 50.77, 49.32, 51.019999999999996, 48.91, 52.72, 50.82, 48.809999999999995, 52.92, 49.830000000000005, 49.769999999999996, 53.300000000000004, 53.269999999999996, 52.93, 50.73, 50.580000000000005, 52.2, 53.580000000000005, 49.84, 50.68, 54.24, 51.239999999999995, 53.52, 51.239999999999995, 52.32, 50.68, 53.38, 53.22, 53.16, 52.839999999999996, 53.690000000000005, 54.03]], "train_times": [[46.87299823760986, 46.86703038215637, 46.865997552871704, 46.801024198532104, 46.764503717422485, 46.744998931884766, 46.71402025222778, 46.73299717903137, 46.733996868133545, 46.7010498046875, 46.71300029754639, 46.67853283882141, 46.72551107406616, 46.69099760055542, 46.73001956939697, 47.36652708053589, 46.80210328102112, 46.86751437187195, 46.865506649017334, 47.07550621032715, 47.33016777038574, 46.92489957809448, 46.84502387046814, 46.849050521850586, 46.844218254089355, 46.79402542114258, 46.87565088272095, 46.89806365966797, 46.86394214630127, 46.84558892250061, 46.86790084838867, 46.88115859031677, 46.8546097278595, 46.833102226257324, 46.832115650177, 46.82904052734375, 46.8635573387146, 46.86752462387085, 46.88393592834473, 46.87812042236328, 46.86726212501526, 46.88273215293884, 46.86104369163513, 46.86713624000549, 46.87511372566223, 46.79837942123413, 46.23399758338928, 46.21799898147583, 46.218998193740845, 46.200520515441895, 46.189998626708984, 46.221585750579834, 46.27208399772644, 46.20389938354492, 46.24188184738159, 46.21293330192566, 46.2121319770813, 47.45800471305847, 46.87922501564026, 46.864540100097656, 46.86566162109375, 46.8469512462616, 46.866432666778564, 46.86657691001892, 46.89911675453186, 46.86167931556702, 46.84928798675537, 46.863173723220825, 46.897807359695435, 46.8500611782074, 46.86553764343262, 46.883151054382324, 46.8658013343811, 46.9661545753479, 46.884538888931274]], "valid_times": [[9.1300048828125, 9.132002592086792, 9.131515502929688, 9.148004293441772, 9.117002248764038, 9.121513366699219, 9.117000818252563, 9.131003141403198, 9.131490230560303, 9.130025386810303, 9.136508226394653, 9.120001554489136, 9.124027490615845, 9.124021768569946, 9.118022680282593, 9.130388498306274, 9.131002187728882, 9.132018089294434, 9.281002759933472, 9.442998886108398, 9.166999816894531, 9.156518936157227, 9.135000228881836, 9.13056468963623, 9.137511730194092, 9.14851450920105, 9.131423950195312, 9.132507801055908, 9.132516622543335, 9.120055913925171, 9.13150668144226, 9.145090579986572, 9.132966041564941, 9.13107705116272, 9.133018016815186, 9.118000268936157, 9.135055541992188, 9.13001823425293, 9.131545782089233, 9.136999607086182, 9.131003141403198, 9.133044958114624, 9.119508504867554, 9.132002592086792, 9.123035669326782, 9.076509952545166, 9.067002534866333, 9.044000625610352, 9.048001289367676, 9.050000190734863, 9.060002326965332, 9.104001522064209, 9.060597896575928, 9.04857087135315, 9.051135540008545, 9.074154615402222, 9.049025058746338, 9.553001880645752, 9.164101362228394, 9.135095357894897, 9.13214921951294, 9.13202691078186, 9.13200068473816, 9.13151741027832, 9.14954137802124, 9.152507305145264, 9.137021780014038, 9.132509469985962, 9.132063388824463, 9.134523153305054, 9.131505966186523, 9.131523609161377, 9.133514404296875, 9.130002975463867, 9.131526231765747]], "test_accuracy": 54.230000000000004, "convergence_iteration": 75}}