{
  "config": {
    "train_options": {
      "learning_rate": 0.05,
      "optimizer": "SGD",
      "batch_size": 128,
      "number_of_epochs": 300,
      "loss_parameters": {
        "temperature": 20,
        "distillation_type": "TRADITIONAL",
        "alpha": 0.8,
        "beta": 0.0
      }
    }
  },
  "results": {
    "train_losses": [
      [
        -2.782286639022827, -2.885155527496338, -2.9437219860076906,
        -2.988207797241211, -3.0271779678344726, -3.0618321712493897,
        -3.095101957702637, -3.1224785259246826, -3.1461526123046877,
        -3.169091956329346, -3.1889388423919676, -3.2070403835296633,
        -3.222731896972656, -3.237842841720581, -3.2494436000823974,
        -3.263432518005371, -3.2741397705078126, -3.284220900344849,
        -3.293425227355957, -3.3012671199798582, -3.3112801818847655,
        -3.318852035522461, -3.3255426136016846, -3.332392161941528,
        -3.338350568771362, -3.345286127471924, -3.34869355506897,
        -3.3560938995361327, -3.360019033432007, -3.363926826095581,
        -3.369864891433716, -3.3747899684906004, -3.3796246360778808,
        -3.3824747913360595, -3.3876619941711428, -3.3906308479309084,
        -3.3965521423339844, -3.3974965126037597, -3.402559509277344,
        -3.4040466739654542, -3.4067871780395507, -3.4109302059173583,
        -3.412672956085205, -3.4165040451049804, -3.418581583404541,
        -3.4225482345581053, -3.4254380794525146, -3.427142958831787,
        -3.428662120437622, -3.432731048965454, -3.4343573833465575,
        -3.4362597862243653, -3.4389417194366456, -3.440300652694702,
        -3.4429406959533693, -3.4451016761779787, -3.4467228660583498,
        -3.4479424880981444, -3.4485482418060305, -3.4512623905181883,
        -3.451699827194214, -3.4550087265014646, -3.455129744720459,
        -3.457575731277466, -3.458496457672119, -3.460315788269043,
        -3.4629874114990233, -3.4635355087280275, -3.4649061782836914,
        -3.4666985614776613, -3.4662847213745116, -3.4683853481292726,
        -3.4696970329284667, -3.469038354110718, -3.4729637893676757,
        -3.4738593189239504
      ]
    ],
    "valid_losses": [
      [
        -2.840988564682007, -2.908736848068237, -2.9544174453735352,
        -2.983289008331299, -3.004588375854492, -3.021858067703247,
        -3.0681904582977295, -3.0809060710906984, -3.118868646240234,
        -3.1395272178649902, -3.142938262176514, -3.1631420810699464,
        -3.1917302337646483, -3.1982441387176515, -3.1826785873413086,
        -3.1987654228210447, -3.210105104446411, -3.224292339324951,
        -3.2277234188079835, -3.2306249755859375, -3.250539421463013,
        -3.246483324813843, -3.256692990875244, -3.227443324661255,
        -3.2518040939331057, -3.2482076278686525, -3.2737705844879152,
        -3.280274235153198, -3.2798382789611815, -3.256783066558838,
        -3.2324717891693115, -3.274987159729004, -3.232497233963013,
        -3.2943579490661623, -3.276080778121948, -3.2762323894500733,
        -3.2821644817352293, -3.2747376846313476, -3.2808703239440917,
        -3.2716479141235353, -3.279349682998657, -3.286445918273926,
        -3.2861920608520507, -3.26676858253479, -3.2956994117736818,
        -3.295261964035034, -3.2838368927001955, -3.2849636783599854,
        -3.2715638019561766, -3.282968472290039, -3.2917060958862305,
        -3.2754477527618406, -3.2455087394714357, -3.2882807235717775,
        -3.279187607574463, -3.297645341873169, -3.278317052078247,
        -3.2707207374572755, -3.279646890640259, -3.283951383972168,
        -3.290347743988037, -3.2713784187316897, -3.281794190979004,
        -3.2482292652130127, -3.268179141998291, -3.2856444694519045,
        -3.291424697113037, -3.2950491355895997, -3.268241547393799,
        -3.2549807987213133, -3.2849837188720703, -3.2776201278686523,
        -3.284447508621216, -3.283057257080078, -3.2691814262390135,
        -3.2806484252929686
      ]
    ],
    "train_accs": [
      [
        4.53, 10.9725, 15.5225, 19.415, 22.8675, 25.805, 29.057500000000005,
        31.905, 33.9725, 36.485, 38.8725, 41.05, 43.055, 44.4625, 45.6825,
        47.335, 48.855, 50.03999999999999, 51.1225, 52.125, 53.3975,
        53.947500000000005, 55.122499999999995, 55.7825, 56.44,
        57.477500000000006, 58.0125, 58.550000000000004, 59.050000000000004,
        59.555, 60.4225, 61.0075, 61.8025, 61.99, 62.62, 63.127500000000005,
        63.822500000000005, 63.855, 64.485, 64.735, 65.2275, 65.6375, 65.8725,
        66.385, 66.755, 67.3925, 67.445, 67.8275, 68.01, 68.6475, 68.9775,
        68.905, 69.3425, 69.65, 69.7825, 70.06750000000001, 70.375, 70.5925,
        70.665, 70.96249999999999, 71.05749999999999, 71.515, 71.4325,
        71.71499999999999, 72.11999999999999, 72.1975, 72.6075, 72.7075,
        72.9025, 72.83500000000001, 73.0825, 73.44500000000001, 73.4875,
        73.4575, 73.9025, 74.1425
      ]
    ],
    "valid_accs": [
      [
        8.4, 12.97, 16.45, 19.35, 21.12, 23.45, 27.42, 28.62, 32.22, 34.01,
        34.78, 37.08, 39.51, 40.839999999999996, 39.42, 41.44, 41.3, 43.45,
        43.71, 44.64, 46.839999999999996, 46.75, 47.67, 45.75, 47.49, 47.47,
        50.14999999999999, 50.349999999999994, 51.13999999999999, 48.79, 47.85,
        51.019999999999996, 47.660000000000004, 52.839999999999996,
        51.18000000000001, 52.32, 51.739999999999995, 51.53, 52.14,
        51.449999999999996, 51.870000000000005, 52.5, 52.62, 51.17,
        53.410000000000004, 54.339999999999996, 53.010000000000005,
        52.559999999999995, 52.18000000000001, 53.05, 53.63, 51.970000000000006,
        49.85, 54.0, 52.62, 54.15, 53.26, 52.51, 52.92, 53.54, 54.25, 53.11,
        53.16, 50.9, 52.82, 54.32, 54.71, 54.94, 52.7, 51.92, 54.11, 53.76,
        53.349999999999994, 54.17999999999999, 53.68000000000001,
        54.949999999999996
      ]
    ],
    "train_times": [
      [
        45.06600046157837, 45.07100057601929, 45.02137327194214,
        45.02222537994385, 45.00652575492859, 45.07200050354004,
        45.02199983596802, 45.0239999294281, 45.02702069282532,
        45.01400017738342, 45.01673626899719, 45.05433940887451,
        45.033000230789185, 45.02000045776367, 45.04799818992615,
        45.0506477355957, 45.05203437805176, 45.045021295547485,
        45.03700017929077, 45.05684494972229, 45.01851487159729,
        45.032999992370605, 45.0615131855011, 45.052850008010864,
        45.05100870132446, 45.03121614456177, 45.132558822631836,
        45.057586908340454, 45.03107404708862, 45.06910967826843,
        45.07101798057556, 45.08500051498413, 45.046661376953125,
        45.03825330734253, 45.02899932861328, 45.05051398277283,
        45.0200092792511, 45.06499648094177, 45.03699994087219,
        45.03800010681152, 45.026997804641724, 45.02651643753052,
        45.070597648620605, 45.07700729370117, 45.7449996471405,
        46.1945104598999, 46.182998180389404, 46.30999827384949,
        46.59599757194519, 46.648611545562744, 47.199729681015015,
        48.28326201438904, 46.34944772720337, 46.557055950164795,
        46.635117053985596, 46.65084624290466, 47.055129528045654,
        47.065619707107544, 46.895646810531616, 46.98055410385132,
        47.099167585372925, 47.198588371276855, 47.29760718345642,
        47.01406788825989, 46.39939093589783, 47.012139558792114,
        46.96761965751648, 46.47822952270508, 46.463419914245605,
        46.40398716926575, 46.77895665168762, 46.73425912857056,
        46.263028621673584, 46.225574254989624, 46.22102212905884,
        46.86380577087402
      ]
    ],