{
  "config": {
    "train_options": {
      "learning_rate": 0.01,
      "optimizer": "SGD",
      "batch_size": 128,
      "number_of_epochs": 300,
      "loss_parameters": {
        "temperature": 10,
        "distillation_type": "TRADITIONAL",
        "alpha": 0.6,
        "beta": 0.0
      }
    }
  },
  "results": {
    "train_losses": [
      [
        -0.7880065673828125, -0.9505707197189331, -1.0547766201019286,
        -1.1260760108947754, -1.1819229692459106, -1.2300952272415162,
        -1.2734484045028687, -1.3112829051971435, -1.3527385471343993,
        -1.3943114740371705, -1.4283604822158813, -1.46464751663208,
        -1.4975243907928466, -1.5293402236938476, -1.555541979408264,
        -1.5841064949035644, -1.6105258695602418, -1.6310463508605957,
        -1.6570787662506103, -1.6788419254302978, -1.6998933296203613,
        -1.7199144596099853, -1.7396371967315674, -1.7539317951202393,
        -1.7709383714675904, -1.7875369812011719, -1.802862420654297,
        -1.8174943286895753, -1.8314947134017945, -1.8448577842712401,
        -1.858218380355835, -1.8703481582641601, -1.8830881429672242,
        -1.8925644771575927, -1.904634785079956, -1.9139167362213134,
        -1.9238649181365968, -1.934179732131958, -1.9439474769592284,
        -1.952770819091797, -1.9600837913513183, -1.9694613445281983,
        -1.9807460624694824, -1.9869383293151854, -1.9942638916015625,
        -2.000889344406128, -2.0095884952545164, -2.017385726547241,
        -2.02175129699707, -2.030463534164429, -2.038298136138916,
        -2.0443535091400147, -2.0510735740661623, -2.0560588157653807,
        -2.0620485221862794, -2.0696562282562256, -2.076454619216919,
        -2.0788708724975584, -2.08738897857666, -2.091239593887329,
        -2.0983817165374754, -2.101247448348999, -2.108929923629761,
        -2.112584422302246, -2.1193123252868653, -2.124394041442871,
        -2.125550270462036, -2.131193220901489, -2.1386650829315186,
        -2.1414701675415038, -2.1448032932281493, -2.150735694885254,
        -2.1552961196899414, -2.159144388580322, -2.16102021446228,
        -2.167502516555786, -2.1730480365753175, -2.173999538421631,
        -2.178608243560791, -2.1834753986358644, -2.1855382972717283,
        -2.2313593078613283, -2.247914677810669, -2.256107360839844,
        -2.2566704776763915, -2.261885344314575, -2.2640261714935304,
        -2.264999119567871, -2.269430228805542, -2.2713124774932862,
        -2.272428026199341, -2.2755207271575926, -2.2754860195159914,
        -2.2765748069763183, -2.278406045150757, -2.27975934677124,
        -2.2816417346954347, -2.2824425392150878, -2.282816138839722,
        -2.2839151363372805, -2.2851202686309815, -2.2863553833007813,
        -2.2879482177734376, -2.2884770595550536, -2.2892817810058594,
        -2.2902661109924316, -2.291666916656494, -2.293766300201416
      ]
    ],
    "valid_losses": [
      [
        -0.878446566581726, -0.9961059999465942, -1.0657033885955811,
        -1.1323892656326293, -1.1596340646743775, -1.234499167060852,
        -1.2558952423095704, -1.3114358787536622, -1.3439635358810424,
        -1.3724014295578002, -1.414368671607971, -1.4409101119995118,
        -1.4667879512786866, -1.506363775253296, -1.5291244625091553,
        -1.5481025588989257, -1.559485256576538, -1.566551905632019,
        -1.6006184122085572, -1.6148315116882324, -1.6353459381103517,
        -1.6395546697616576, -1.6539721172332764, -1.6574817752838136,
        -1.6897177669525147, -1.67598977394104, -1.7093484142303468,
        -1.7203083883285522, -1.7061823205947877, -1.7470264713287353,
        -1.7105923789978028, -1.7342887203216553, -1.7620831352233888,
        -1.7104977684020997, -1.7584999897003173, -1.790510200881958,
        -1.7910003871917726, -1.7727419342041015, -1.7713917282104492,
        -1.7937346530914307, -1.7979464111328125, -1.803821875190735,
        -1.7999761283874511, -1.8054202754974364, -1.8073187679290772,
        -1.7892371154785156, -1.8168217582702637, -1.8118716844558715,
        -1.8134890111923219, -1.8107118852615356, -1.8049406494140625,
        -1.806688681411743, -1.803062218093872, -1.8001354038238526,
        -1.809822682952881, -1.826590383529663, -1.8358384456634522,
        -1.8366182296752929, -1.823926985168457, -1.812909814453125,
        -1.8325745826721191, -1.8376820545196533, -1.8434828521728515,
        -1.828893946838379, -1.7809734329223632, -1.8075080963134766,
        -1.8392627849578858, -1.8362247707366943, -1.8461945007324219,
        -1.7908112342834472, -1.8427848756790162, -1.848108363723755,
        -1.804881558227539, -1.8183103355407715, -1.8315738395690917,
        -1.780162353515625, -1.8053874313354492, -1.8178459018707276,
        -1.8139123123168945, -1.820627339553833, -1.8123335689544677,
        -1.918546995162964, -1.9233103645324707, -1.9166757591247559,
        -1.9206017578125, -1.9167270736694335, -1.9167685249328614,
        -1.924481464767456, -1.9192330753326416, -1.9203762802124023,
        -1.9186513591766357, -1.9167098321914673, -1.9164382541656495,
        -1.9118486095428466, -1.9134483558654785, -1.9222449867248534,
        -1.908679056930542, -1.9212220726013183, -1.910745760345459,
        -1.9071037475585937, -1.911049277496338, -1.911984818649292,
        -1.9051666580200195, -1.911891442489624, -1.9127181402206421,
        -1.9096767414093017, -1.907579605102539, -1.9079727890014648
      ]
    ],
    "train_accs": [
      [
        3.085, 7.2725, 11.1425, 13.9225, 16.12, 18.25, 20.4, 21.990000000000002,
        23.6275, 25.5025, 27.36, 28.854999999999997, 30.555, 32.265, 33.825,
        35.27, 36.7125, 37.8225, 38.9075, 40.1025, 41.42, 42.33, 43.38,
        44.330000000000005, 45.0775, 46.1575, 47.02, 48.0175, 48.64,
        49.285000000000004, 50.4125, 50.785000000000004, 51.8275,
        52.397499999999994, 53.290000000000006, 53.745, 54.24, 54.9075, 55.215,
        55.82, 56.3, 56.9825, 57.7125, 58.065, 58.5475, 58.9825,
        59.614999999999995, 59.885, 60.4225, 60.585, 61.177499999999995,
        61.565000000000005, 62.1475, 62.419999999999995, 62.6675, 63.12,
        63.8275, 63.665000000000006, 64.4375, 64.6225, 65.0475,
        65.21249999999999, 65.8575, 66.0575, 66.4275, 66.5825, 66.8125, 67.2425,
        67.4025, 67.86, 67.8025, 68.425, 68.785, 68.8725, 68.9925, 69.4225,
        69.94500000000001, 69.99499999999999, 70.2625, 70.59, 70.52000000000001,
        74.1075, 75.5025, 76.015, 76.105, 76.5275, 76.5725, 76.7975,
        76.97500000000001, 77.2025, 77.3, 77.3375, 77.68, 77.63250000000001,
        77.885, 77.845, 78.0925, 77.985, 77.925, 78.16, 78.3475, 78.1675,
        78.5975, 78.60000000000001, 78.595, 78.73750000000001, 78.77,
        78.77250000000001
      ]
    ],