{"config": {"train_options": {"learning_rate": 0.005, "optimizer": "SGD", "batch_size": 128, "number_of_epochs": 300, "loss_parameters": {"temperature": 5, "distillation_type": "TRADITIONAL", "alpha": 0.9, "beta": 0.0}}}, "results": {"train_losses": [[-2.1626759254455568, -2.1802415397644044, -2.187321682739258, -2.1932537536621095, -2.1975607807159423, -2.2036589572906493, -2.209690620803833, -2.2137785278320314, -2.2231891944885254, -2.2291258476257325, -2.2319978160858156, -2.2364946704864503, -2.2408808097839357, -2.2452796524047853, -2.247044041061401, -2.2512029335021975, -2.254941160964966, -2.2561376625061036, -2.2612861824035644, -2.264147523880005, -2.2664924293518065, -2.2706128356933593, -2.272452897644043, -2.273892898178101, -2.2792382560729982, -2.281792715072632, -2.2845685138702394, -2.283861840438843, -2.2880233592987063, -2.2892592624664307, -2.2946720306396484, -2.29351210975647, -2.292865123748779, -2.2965597679138186, -2.3002249099731444, -2.29931837387085, -2.3026374572753907, -2.3052918998718264, -2.3072725547790527, -2.3078708236694334, -2.310823041152954, -2.309253225326538, -2.31150717086792, -2.311417334365845, -2.317508089828491, -2.3190283992767333, -2.320917735671997, -2.3214308658599854, -2.319964249420166, -2.327757272720337, -2.322302117919922, -2.3269625705718995, -2.3285673721313476, -2.329394753265381, -2.3308048419952394, -2.334714021682739, -2.33233606300354, -2.3355442459106444, -2.3397665924072264, -2.3368706943511963, -2.3416625534057616, -2.3417331653594973, -2.3435798080444337, -2.343583555221558, -2.3462460571289063, -2.3489586647033693, -2.3526472663879394, -2.3534597438812255, -2.354662553024292, -2.3545508491516114, -2.3599780284881593, -2.3562860454559327, -2.3606859199523926, -2.3632025188446044, -2.3618416385650636, -2.365585246658325, -2.366590660095215, -2.370005745315552, -2.370018567276001, -2.3693800964355467, -2.3732641872406006, -2.3779706184387206, -2.3800169551849364, -2.37909765663147, -2.379320790481567, -2.3815046123504637, -2.3787247455596923, -2.3824806167602537, -2.381224514389038, -2.380110021209717, -2.380262480926514, -2.3796258800506593, -2.3805802421569826, -2.3849018627166747, -2.380735307312012, -2.383553525543213, -2.382031996536255, -2.384118871307373, -2.3802348915100096, -2.3818793029785157, -2.38115958442688, -2.3835985359191896, -2.3813161674499512, -2.3832289703369143, -2.3837742385864256, -2.383733896636963, -2.3844157501220704, -2.382953706359863, -2.383039196777344, -2.3811380813598633, -2.3851867595672607, -2.388270167160034, -2.3829993896484374, -2.3864929244995117, -2.3833959575653076, -2.3848753925323485, -2.384825674057007, -2.385889607620239, -2.3881733978271487, -2.387334386444092, -2.386628826904297, -2.3848292167663576, -2.3892786643981934, -2.3891481136322024, -2.3853242034912108, -2.3870869049072265, -2.387783695602417, -2.3871297817230226, -2.388055360031128, -2.3853182369232178, -2.3888413871765137, -2.388109437942505, -2.3898717308044435, -2.3883432750701905, -2.3847146980285645, -2.3818217769622803, -2.389752350616455, -2.3872572631835935, -2.386153902053833, -2.3882798557281495, -2.38873578414917, -2.3869649700164794, -2.3878725135803225, -2.3867909832000733, -2.3896444511413573, -2.3883116844177246, -2.387642353057861, -2.3867191341400145, -2.3863960269927977, -2.3894979610443117, -2.3889472511291503, -2.3839369342803955, -2.3898924335479736, -2.3895409061431883, -2.385558826828003, -2.388332415008545, -2.3885206970214843, -2.385559831237793, -2.3864222091674803, -2.3868927280426027, -2.3892210048675535, -2.3867626861572266, -2.389117317199707, -2.39047981300354]], "valid_losses": [[-2.1882899868011476, -2.1934593326568605, -2.196107173538208, -2.2087733894348145, -2.209031453323364, -2.2158640926361084, -2.218381467437744, -2.2282171001434325, -2.2339431373596192, -2.241841800689697, -2.244892345428467, -2.248297817993164, -2.2546634502410887, -2.2522772464752197, -2.2607530731201173, -2.2649996963500976, -2.260220973587036, -2.269636329650879, -2.268712533569336, -2.2750732166290284, -2.276354676437378, -2.2771279205322266, -2.2835930519104, -2.2820804557800294, -2.2856136909484865, -2.28786090965271, -2.286184447860718, -2.2944172122955324, -2.2952928855895998, -2.302310149383545, -2.297402584838867, -2.306819395828247, -2.299742124557495, -2.304336686706543, -2.313123558044434, -2.3107644794464113, -2.309488032531738, -2.3122467601776124, -2.317669867706299, -2.310164840698242, -2.3134946212768557, -2.3178711181640623, -2.3190238910675047, -2.3232389923095704, -2.321387083053589, -2.324951397705078, -2.3250590293884277, -2.3252051467895507, -2.3234663848876953, -2.326296392440796, -2.327908192062378, -2.3285750026702883, -2.3340281772613527, -2.3332118995666504, -2.330838055419922, -2.340625577545166, -2.335006518936157, -2.3413693027496336, -2.3455086307525637, -2.3378227031707763, -2.3447028232574465, -2.345057814025879, -2.338303749847412, -2.3470765113830567, -2.3492539993286132, -2.3533669841766356, -2.3457242721557616, -2.349673717880249, -2.351260104751587, -2.3537002822875976, -2.362950101852417, -2.3573572818756103, -2.3542935428619383, -2.361510486984253, -2.3562866203308106, -2.3614483127593995, -2.363173559951782, -2.3607915912628172, -2.3689854877471923, -2.379299160003662, -2.3665252822875975, -2.374090572357178, -2.378959652709961, -2.3762971313476564, -2.372078483963013, -2.378045360183716, -2.375150729751587, -2.3764547756195067, -2.3763291053771973, -2.371938932800293, -2.383669318008423, -2.3798244533538817, -2.3832462448120117, -2.3801323959350587, -2.374713387298584, -2.3778922634124755, -2.3814350936889648, -2.380269288635254, -2.377972082901001, -2.3839847747802736, -2.384938027191162, -2.383682250213623, -2.384100088119507, -2.37681866607666, -2.383049044036865, -2.3826953243255615, -2.380426432800293, -2.380368084335327, -2.3764076972961425, -2.3792880195617676, -2.379348983001709, -2.376679472732544, -2.3836196605682374, -2.3871537532806397, -2.3791039108276366, -2.3772397621154786, -2.377438054656982, -2.3871132522583007, -2.3840703105926515, -2.384590753173828, -2.3795452713012697, -2.3819075050354006, -2.379448910522461, -2.379099513244629, -2.3855567222595213, -2.380837940597534, -2.3843578784942627, -2.3807493446350096, -2.38577029838562, -2.3835110691070556, -2.382231117630005, -2.382834900665283, -2.385462655258179, -2.3885862171173096, -2.384772155380249, -2.386791153717041, -2.382508812332153, -2.3875983852386473, -2.3832597404479983, -2.386268469619751, -2.3837785453796387, -2.3796449363708496, -2.382346067047119, -2.3898438373565676, -2.3833803722381592, -2.385602844238281, -2.3821589977264406, -2.383377997589111, -2.3794883865356447, -2.385455087661743, -2.383175255203247, -2.383283764266968, -2.386551741409302, -2.3882478813171386, -2.376643719100952, -2.3840797344207765, -2.38683334274292, -2.3828551204681396, -2.379085090637207, -2.384614693069458, -2.3855203639984133, -2.386586436843872, -2.386159027862549, -2.3813386100769045]],