{
  "config": {
    "train_options": {
      "learning_rate": 0.01,
      "optimizer": "SGD",
      "batch_size": 128,
      "number_of_epochs": 300,
      "loss_parameters": {
        "temperature": 10,
        "distillation_type": "TRADITIONAL",
        "alpha": 0.3,
        "beta": 0.0
      }
    }
  },
  "results": {
    "train_losses": [
      [
        1.7364344047546387, 1.3857582172393799, 1.2201637733459472,
        1.1005160259246827, 0.99254797706604, 0.8975354480743408,
        0.8023082998275757, 0.7150337167739869, 0.6356511053085327,
        0.5582758855819702, 0.4914819030761719, 0.4269764310836792,
        0.3662754316329956, 0.3114383571624756, 0.26569831371307373,
        0.2166126293182373, 0.17600238094329834, 0.13487486133575438,
        0.09873131656646729, 0.06416409435272216, 0.03691542415618897,
        0.005523404312133789, -0.02443656139373779, -0.05194290027618408,
        -0.07854184417724609, -0.10553821029663087, -0.12613606643676759,
        -0.15298642673492432, -0.17011807041168212, -0.1970066125869751,
        -0.2103194356918335, -0.2327667854309082, -0.2489177474975586,
        -0.27185524225234986, -0.28496005792617796, -0.3070398675918579,
        -0.31936241245269775, -0.3313785185813904, -0.3522925434112549,
        -0.36884926347732544, -0.3799709747314453, -0.3883475893974304,
        -0.4045230434417725, -0.4179054904937744, -0.4310277924537659,
        -0.4483705180168152, -0.45372445583343507, -0.4632821315765381,
        -0.47837597160339357, -0.49125645027160647, -0.5056384547233581,
        -0.5090161228179931, -0.5269603013038635, -0.52799265832901,
        -0.5408917735099793, -0.550600443649292, -0.5546087251663208,
        -0.5640574859619141, -0.5769100246429444, -0.5861920578956604,
        -0.5931854270935059, -0.6093222975730896, -0.6071823247909546,
        -0.6146609935760498, -0.6255489515304565, -0.6354768494606018,
        -0.6411503325462341, -0.6436580516815186, -0.6643097823143005,
        -0.6624082601547241, -0.6662002954483032, -0.6765294255256653,
        -0.6843494386672974
      ]
    ],
    "valid_losses": [
      [
        1.5404868076324463, 1.3386438262939453, 1.2307669399261474,
        1.1324913446426392, 1.0884064472198487, 1.0021810411453247,
        0.874866618347168, 0.8217138404846192, 0.7740958211898804,
        0.6827084798812866, 0.6418532314300537, 0.5853196727752685,
        0.4893172760009766, 0.45141669864654543, 0.39691402797698977,
        0.3417541637420654, 0.3436515682220459, 0.30777721138000486,
        0.2741092998504639, 0.20814381599426268, 0.24853731327056885,
        0.19444224491119386, 0.21330061721801757, 0.15348845672607422,
        0.16873643531799318, 0.16819833488464356, 0.16996209926605224,
        0.1323239475250244, 0.15026098594665527, 0.1479554183959961,
        0.11533331928253174, 0.12619397411346436, 0.11502928638458251,
        0.1379197036743164, 0.07685342502593995, 0.11706467247009278,
        0.20522243537902832, 0.05460167503356934, 0.14426663188934327,
        0.06973052158355712, 0.08445105667114258, 0.06707445106506348,
        0.05651161594390869, 0.0644809555053711, 0.11491243991851807,
        0.02921234188079834, 0.06961126232147216, 0.04373656520843506,
        0.03752591819763183, 0.09390622520446777, 0.04683382396697998,
        0.020204174423217775, 0.013156356048583985, 0.017021116638183592,
        0.015526171684265136, 0.05016957893371582, 0.0966197940826416,
        0.029582213020324707, 0.07176690502166748, 0.041797287368774416,
        0.01706821231842041, 0.09990422439575196, 0.14873094120025634,
        0.0942106466293335, 0.053887604713439945, 0.05159594917297363,
        0.057254517364501954, 0.04892404918670654, 0.039037156295776365,
        0.06824520206451416, 0.059576223182678224, 0.06897045803070069,
        0.09310892276763916
      ]
    ],
    "train_accs": [
      [
        4.585, 10.4075, 13.885, 16.869999999999997, 19.747500000000002, 22.4675,
        24.6975, 27.152500000000003, 29.147499999999997, 31.46, 33.6275, 35.445,
        37.255, 39.129999999999995, 40.5175, 42.5475, 43.305,
        44.940000000000005, 46.0425, 46.972500000000004, 47.955, 49.1975,
        49.792500000000004, 50.9575, 51.800000000000004, 52.997499999999995,
        53.355, 54.527499999999996, 55.2825, 56.182500000000005,
        56.462500000000006, 57.18, 57.825, 58.4, 59.2275, 59.7275, 60.4,
        60.7525, 61.49250000000001, 62.177499999999995, 62.6425,
        62.872499999999995, 63.43, 63.627500000000005, 64.2075, 64.9725, 65.225,
        65.5175, 66.175, 66.51, 67.11749999999999, 67.2825, 67.825, 68.105,
        68.41000000000001, 68.73, 68.565, 69.05, 69.4525, 69.86,
        70.46249999999999, 70.9875, 70.8275, 71.0325, 71.255, 71.8925, 72.21,
        72.2525, 72.8625, 73.105, 73.0625, 73.4225, 73.92
      ]
    ],
    "valid_accs": [
      [
        7.23, 11.09, 13.03, 16.06, 17.16, 19.74, 22.68, 23.880000000000003,
        25.45, 27.79, 28.95, 30.5, 33.57, 34.61, 36.64, 38.39, 37.55, 39.46,
        40.26, 42.16, 41.04, 42.85, 42.559999999999995, 43.59, 43.91, 43.51,
        44.019999999999996, 45.25, 45.33, 45.98, 45.89, 46.75,
        46.339999999999996, 45.96, 48.84, 47.24, 45.33, 49.7, 47.78, 49.63,
        48.77, 49.769999999999996, 49.419999999999995, 49.9, 48.64,
        51.019999999999996, 49.86, 50.49, 51.49, 49.66, 50.94,
        50.760000000000005, 51.790000000000006, 51.81, 52.239999999999995,
        52.349999999999994, 50.94, 51.870000000000005, 51.480000000000004,
        51.629999999999995, 52.53, 50.99, 49.64, 51.83, 52.349999999999994,
        52.669999999999995, 52.15, 53.169999999999995, 53.269999999999996,
        52.53, 52.68000000000001, 52.959999999999994, 52.71
      ]
    ],
    "train_times": [
      [
        21.598968505859375, 21.59438157081604, 21.593724966049194,
        21.62347722053528, 21.601439952850342, 21.588648557662964,
        21.59869956970215, 21.585765600204468, 21.58130145072937,
        21.586265325546265, 21.584973335266113, 21.579888820648193,
        21.569188117980957, 21.572265148162842, 21.925969123840332,
        22.146912574768066, 22.154408931732178, 22.15850305557251,
        22.156010389328003, 21.584900856018066, 21.583718061447144,
        21.574955224990845, 21.593531370162964, 21.586983919143677,
        21.584950923919678, 21.577626943588257, 21.578806161880493,
        21.5764102935791, 21.576746702194214, 21.579802751541138,
        21.577722787857056, 21.57684850692749, 21.592289447784424,
        21.58168625831604, 21.60560941696167, 21.57829999923706,
        21.599279165267944, 21.57539701461792, 21.593300342559814,
        21.490168571472168, 21.48883843421936, 21.48872470855713,
        21.487309217453003, 21.491273164749146, 21.492077112197876,
        21.51243257522583, 21.50345754623413, 21.490295886993408,
        21.500115871429443, 21.51531147956848, 21.516367435455322,
        21.50905728340149, 21.499024629592896, 21.482490301132202,
        21.49519419670105, 21.50218629837036, 21.490198373794556,
        21.765443086624146, 22.0595760345459, 21.510135412216187,
        21.51381492614746, 21.506996870040894, 21.53013277053833,
        21.50869059562683, 21.520482540130615, 21.506043195724487,
        21.507495641708374, 21.493850469589233, 21.502431631088257,
        21.5014488697052, 21.494213581085205, 21.517003297805786,
        21.503008365631104
      ]
    ],