{"config": {"train_options": {"learning_rate": 0.005, "optimizer": "SGD", "batch_size": 128, "number_of_epochs": 300, "loss_parameters": {"temperature": 20, "distillation_type": "TRADITIONAL", "alpha": 0.1, "beta": 0.0}}}, "results": {"train_losses": [[3.513087495803833, 3.1064236331939696, 2.9075536987304686, 2.7826773998260497, 2.6803814334869385, 2.586808938217163, 2.4959390312194825, 2.402941918563843, 2.3091821941375734, 2.2240865890502928, 2.141353542327881, 2.062749474334717, 1.9814713474273682, 1.9124995681762695, 1.846331007385254, 1.7825356266021728, 1.7190538902282715, 1.67081435546875, 1.6140884483337403, 1.5630411304473877, 1.5157864572525024, 1.4779300315856934, 1.4377949054718018, 1.398388302230835, 1.3647317041397096, 1.321071271133423, 1.2926839736938476, 1.2582193237304689, 1.2304246202468871, 1.2036715549468995, 1.1683855257034301, 1.1486689195632935, 1.1230159336090089, 1.0964460990905762, 1.063961464881897, 1.0461730373382567, 1.0227545446395874, 1.0061415471076964, 0.9838574407577515, 0.957458835029602, 0.9382635049819946, 0.9179468678474426, 0.8992637913703918, 0.8771023176193238, 0.8633723685264587, 0.8426703577041625, 0.8287383628845215, 0.811748851776123, 0.7955733552932739, 0.7792464256286621, 0.7628675278663635, 0.743958320236206, 0.7349015775680542, 0.7153181718826294, 0.7030514160633087, 0.6898175727844238, 0.6766792497634888, 0.6574169820308685, 0.6481523376941681, 0.6383453301906585, 0.6236820513248443, 0.614355495595932, 0.5977576249599457, 0.5860529366016388, 0.5702691107273102, 0.5598836102962493, 0.5498576525211334, 0.5413765150547027, 0.5288538658618926, 0.5134067565917969, 0.5144129982471466, 0.49407119841575625, 0.4958286742687225, 0.4737066333770752, 0.47134066581726075, 0.46028575835227964, 0.4513266086101532, 0.43768472242355344, 0.43742334494590757, 0.4180443459033966, 0.40683496799468993, 0.31781313190460203, 0.28120735754966736, 0.2646306211948395, 0.25543381791114805, 0.25009014415740966, 0.24201957449913025, 0.23864353547096254, 0.2423933304309845, 0.2308596954345703, 0.23099530825614928, 0.2224724986076355, 0.22128405447006225, 0.21935380730628967, 0.2164718502521515, 0.2113382724761963, 0.21113712968826293, 0.20624408178329467, 0.19952949380874635, 0.20023983244895935, 0.1953073073387146, 0.1921509400844574, 0.19576154494285583, 0.19494073429107667, 0.1881550346851349]], "valid_losses": [[3.2425827293395995, 3.020818883514404, 2.901662148666382, 2.7933467041015625, 2.6841660514831545, 2.61007313041687, 2.5746913555145263, 2.4775958164215086, 2.372667614364624, 2.2812003200531006, 2.2629874607086182, 2.1477709911346436, 2.065596796798706, 2.0119874221801757, 1.9665444072723388, 2.00134308013916, 1.9120456157684327, 1.8018752025604248, 1.7974484325408935, 1.7781264419555665, 1.7259992708206178, 1.6828486045837403, 1.6540345932006837, 1.637044577217102, 1.5768653022766113, 1.5675974979400635, 1.538675591468811, 1.549135390472412, 1.4724427392959594, 1.502217134475708, 1.4791825731277466, 1.4242267684936523, 1.384135191345215, 1.3878801376342773, 1.384051118183136, 1.3663403026580812, 1.371757586479187, 1.364480499458313, 1.3591275081634522, 1.332941150188446, 1.3592407594680787, 1.3672719526290893, 1.3314283409118652, 1.2890135669708251, 1.2832236961364747, 1.2994636373519897, 1.3054013362884522, 1.2773233543395996, 1.26780336933136, 1.2607390148162843, 1.279731884765625, 1.258829509162903, 1.2683159450531005, 1.2746003765106202, 1.293136708831787, 1.306598461341858, 1.2730021942138672, 1.265421982192993, 1.2535525430679322, 1.275038307762146, 1.2918534997940063, 1.2377885805130004, 1.2878285400390626, 1.2649329259872437, 1.2207991247177123, 1.3055534015655517, 1.4228336233139038, 1.2496950492858887, 1.3157277862548828, 1.235585481452942, 1.2588418483734132, 1.268892183494568, 1.2984247587203979, 1.2352963652610778, 1.2774948568344116, 1.2862153940200807, 1.308939266204834, 1.3078916542053223, 1.3010169412612915, 1.2943008680343628, 1.3088900875091554, 1.0976977201461793, 1.0851880716323852, 1.0886669702529908, 1.083821485710144, 1.0939505373954772, 1.0998108808517455, 1.1064200555801391, 1.0988633436203004, 1.0952566535949706, 1.1025462148666383, 1.0966608535766602, 1.0987864202499389, 1.0882578176498414, 1.1056674922943115, 1.0999238431930543, 1.1061963443756104, 1.1100057786941528, 1.1129106792449952, 1.1214248613357545, 1.1199750694274901, 1.133120249080658, 1.1177164058685303, 1.1186975820541383, 1.1347569448471069]], "train_accs": [[4.0925, 8.477500000000001, 11.852500000000001, 14.025000000000002, 15.945, 17.877499999999998, 19.814999999999998, 21.7275, 23.6375, 25.34, 27.11, 28.7175, 30.4025, 31.827499999999997, 33.287499999999994, 34.8425, 36.4375, 37.3325, 38.6875, 40.0725, 41.42, 42.3625, 43.335, 44.1925, 45.1875, 46.325, 46.7225, 47.7975, 48.4625, 48.835, 50.01, 50.5325, 51.005, 51.932500000000005, 52.495000000000005, 53.0275, 53.8675, 54.402499999999996, 54.8875, 55.3675, 56.155, 56.622499999999995, 57.2375, 57.66, 58.0675, 58.91, 59.2075, 59.7675, 60.029999999999994, 60.709999999999994, 60.809999999999995, 61.49, 61.565000000000005, 62.39, 62.627500000000005, 63.1075, 63.51, 64.13, 64.18, 64.615, 65.2075, 65.2275, 65.805, 65.8525, 66.5675, 66.715, 67.11749999999999, 67.3675, 67.685, 68.2175, 68.22, 68.585, 68.58, 69.2625, 69.2025, 69.675, 69.955, 70.49, 70.24249999999999, 70.85000000000001, 71.4025, 74.245, 75.385, 76.07000000000001, 76.36, 76.4725, 77.0075, 76.995, 77.01750000000001, 77.345, 77.1575, 77.67500000000001, 77.58749999999999, 77.6775, 77.83, 78.01249999999999, 77.735, 78.135, 78.3675, 78.385, 78.475, 78.515, 78.53999999999999, 78.535, 78.9275]], "valid_accs": [[5.82, 9.89, 11.58, 14.05, 15.9, 16.950000000000003, 17.94, 19.85, 21.68, 24.46, 24.709999999999997, 27.33, 29.37, 30.23, 31.119999999999997, 31.230000000000004, 32.65, 34.88, 35.199999999999996, 36.22, 37.37, 38.25, 38.76, 39.53, 40.07, 41.28, 41.6, 41.55, 42.58, 42.620000000000005, 43.2, 44.66, 45.300000000000004, 45.36, 45.75, 46.089999999999996, 46.18, 46.11, 46.47, 46.73, 46.589999999999996, 46.56, 47.3, 47.71, 48.5, 48.06, 48.11, 48.66, 48.84, 49.68, 48.870000000000005, 49.24, 49.59, 49.13, 49.01, 49.38, 49.91, 49.53, 50.739999999999995, 50.160000000000004, 50.339999999999996, 50.839999999999996, 50.09, 50.580000000000005, 50.99, 50.470000000000006, 47.42, 50.68, 49.94, 51.5, 50.480000000000004, 50.73, 50.4, 51.480000000000004, 51.21, 50.83, 50.61, 50.57000000000001, 51.23, 50.870000000000005, 51.11, 55.44, 55.86, 55.83, 56.34, 56.279999999999994, 55.65, 55.7, 55.43, 55.879999999999995, 55.559999999999995, 55.87, 55.989999999999995, 56.79, 55.67999999999999, 56.24, 56.089999999999996, 56.07, 55.64, 55.54, 56.00000000000001, 55.67999999999999, 55.69, 55.87, 54.769999999999996]],