{"config": {"train_options": {"learning_rate": 0.01, "optimizer": "SGD", "batch_size": 128, "number_of_epochs": 300, "loss_parameters": {"temperature": 5, "distillation_type": "TRADITIONAL", "alpha": 0.9, "beta": 0.0}}}, "results": {"train_losses": [[-2.1745816883087157, -2.1930362766265867, -2.2122609771728516, -2.2235983558654784, -2.2359426055908203, -2.2404212520599365, -2.252181314468384, -2.2574324813842774, -2.264474269485474, -2.2738341609954835, -2.277744941329956, -2.2811830894470213, -2.285654949951172, -2.289967807006836, -2.2942365238189697, -2.2980502758026122, -2.3018946990966795, -2.306883688354492, -2.3049131271362304, -2.3120067485809326, -2.312806755447388, -2.3216131023406983, -2.3201521629333497, -2.3268152198791503, -2.3312241386413572, -2.332527610015869, -2.334988040924072, -2.3388315013885497, -2.3429386516571045, -2.3413773857116698, -2.3461871948242186, -2.3491064456939696, -2.351208963012695, -2.356850821685791, -2.3630745121002197, -2.3637770496368407, -2.3648026309967043, -2.3712067081451416, -2.3731113021850585, -2.3745343738555906, -2.3793600551605225, -2.381689743423462, -2.3826626457214357, -2.3868848163604737, -2.3856795040130616, -2.3919187007904052, -2.3953315254211427, -2.395662680053711, -2.4002098304748536, -2.4025493728637697, -2.406645334625244, -2.4060678211212156, -2.4097732761383055, -2.412122204589844, -2.415487269973755, -2.415377758026123, -2.4199988243103028, -2.4208974868774416, -2.4248802597045898, -2.4251232696533203, -2.4265362770080565, -2.4305284313201905, -2.4351483707427977, -2.4359524803161623, -2.43678064994812, -2.4416204959869385, -2.4449432647705076, -2.4445172744750976, -2.4484438243865965, -2.4517212867736817, -2.4531743247985838, -2.45570811958313, -2.457953693008423, -2.4584558574676514, -2.462974842453003, -2.465106554031372, -2.4674025787353515, -2.46989931678772, -2.468787565612793, -2.473083144760132, -2.474460447692871, -2.486091453552246, -2.4855885070800783, -2.4876680953979493, -2.4878443042755127, -2.4890362274169924, -2.493547846221924, -2.49411858253479, -2.4943871200561523, -2.492277183532715, -2.4937377223968507, -2.4966425106048584, -2.4930172710418703, -2.49106812210083, -2.4936381050109864, -2.4950979484558107, -2.4965657249450683, -2.4963518436431884, -2.4926026306152345, -2.495878045272827, -2.500726321029663, -2.4979297748565674, -2.4974013191223143, -2.498273896408081, -2.498115542602539, -2.500263736343384, -2.5008443519592287, -2.5003804336547852, -2.5012891204833982, -2.5003966609954835, -2.5009002388000487, -2.5037761642456053, -2.4993819103240966, -2.501113122177124, -2.4992051498413086, -2.503252575683594, -2.50223231010437, -2.5040414138793947, -2.5022836013793945, -2.505703960800171, -2.5019080028533938, -2.5036105102539064, -2.5065231437683106, -2.509466187286377, -2.5090635177612306, -2.5081318901062013, -2.5065937595367433, -2.503024817276001, -2.505674747085571, -2.5077706771850585, -2.5101731899261472, -2.5062592681884768, -2.510098480606079, -2.5104137687683106, -2.5082403163909914, -2.5103146617889402, -2.505224979400635, -2.50911774597168, -2.5078709899902343, -2.5064480293273927, -2.5070780757904054, -2.506601320648193, -2.507883498382568, -2.509712237548828, -2.5070103691101076, -2.506024654006958, -2.506054515838623, -2.5089857330322265, -2.507734002685547, -2.5050518577575684, -2.5099520473480226, -2.5076449394226072, -2.5110554439544677, -2.5100904441833496, -2.5084158657073976, -2.5048255920410156, -2.508384981918335, -2.510022687911987, -2.508330281829834, -2.5078936626434327, -2.5084796131134035]], "valid_losses": [[-2.176693688201904, -2.1895151313781738, -2.2098812267303467, -2.2186381870269773, -2.229480639266968, -2.2411089290618897, -2.239907453918457, -2.2505144344329833, -2.2561596130371093, -2.260967364883423, -2.2596701488494872, -2.267246305847168, -2.271098822402954, -2.270171670150757, -2.2768056716918945, -2.2850488090515135, -2.2827668548583984, -2.295073769378662, -2.2909578994750976, -2.2953141819000242, -2.2987408767700197, -2.298072527694702, -2.29921367149353, -2.3083200202941896, -2.3108141757965086, -2.3125518383026122, -2.314238479232788, -2.315074708175659, -2.312358155441284, -2.325731391143799, -2.3249140716552734, -2.33179294052124, -2.3318880954742434, -2.335005685806274, -2.338181735229492, -2.335571339035034, -2.340013268661499, -2.3449177936553953, -2.3465900791168215, -2.3446340900421143, -2.348530748748779, -2.3518293586730956, -2.3583674743652345, -2.3517167407989503, -2.3583682029724122, -2.3623524486541747, -2.3644441513061523, -2.35814508972168, -2.3613471801757813, -2.3596415645599365, -2.3639852878570555, -2.37147679977417, -2.365746922683716, -2.3711291564941406, -2.3778520450592042, -2.3769724254608153, -2.377050964355469, -2.3800788009643554, -2.3850902339935303, -2.3878532642364503, -2.3864541358947755, -2.374515461730957, -2.3915386627197264, -2.389814710998535, -2.398558318710327, -2.395342225265503, -2.3845256580352783, -2.40150920715332, -2.402930910873413, -2.409428639602661, -2.393344281387329, -2.399616777420044, -2.391219375991821, -2.4085307483673097, -2.408378926849365, -2.411064278793335, -2.4170093349456785, -2.4150116607666017, -2.3994575996398924, -2.4111457180023192, -2.4076108627319335, -2.436652734375, -2.444548160934448, -2.4471271450042726, -2.4400487171173095, -2.448527628326416, -2.4388750900268557, -2.446564010620117, -2.4503915451049805, -2.447135939025879, -2.4419991569519044, -2.442764465332031, -2.444719766616821, -2.4457587326049803, -2.4518018966674804, -2.443185746002197, -2.440096781539917, -2.4406825103759764, -2.440610178756714, -2.4452568115234374, -2.4445871971130373, -2.443642753601074, -2.4469217529296876, -2.4475699611663817, -2.4497860515594483, -2.449004885864258, -2.4501013431549072, -2.4453302139282225, -2.4430422187805174, -2.4502892112731933, -2.443840421295166, -2.4468421909332276, -2.4525616401672363, -2.4433422729492187, -2.4529737743377686, -2.4491079566955567, -2.4458311012268066, -2.4490687328338625, -2.451588367462158, -2.451061460113525, -2.452977128982544, -2.456165530395508, -2.4561666343688966, -2.454168173980713, -2.449518115234375, -2.4522095630645753, -2.451577968597412, -2.4493087482452394, -2.4514071228027343, -2.4518576042175293, -2.4531120765686034, -2.452897553253174, -2.4514991024017334, -2.449781455230713, -2.4545716232299806, -2.455453678894043, -2.4559371578216553, -2.4472644897460936, -2.4497748683929443, -2.4451093368530272, -2.459731157684326, -2.4487217166900637, -2.454861805343628, -2.4497023902893065, -2.4478736824035643, -2.446137286376953, -2.4521814052581785, -2.4521459175109865, -2.4518157024383544, -2.4516619915008544, -2.4550305679321287, -2.4518003036499025, -2.453421347808838, -2.4465562236785887, -2.4485159980773927, -2.4595293811798093, -2.4554669357299805, -2.4507825103759764, -2.452423810577393, -2.4496244178771973, -2.4470586158752443]],