{
  "config": {
    "train_options": {
      "learning_rate": 0.01,
      "optimizer": "SGD",
      "batch_size": 128,
      "number_of_epochs": 300,
      "loss_parameters": {
        "temperature": 10,
        "distillation_type": "TRADITIONAL",
        "alpha": 0.5,
        "beta": 0.0
      }
    }
  },
  "results": {
    "train_losses": [
      [
        0.04579084739685058, -0.17157253837585448, -0.2950772062301636,
        -0.36903242149353027, -0.4296246648788452, -0.4830471040725708,
        -0.5454344566345215, -0.6074552803039551, -0.6588900543212891,
        -0.7121477060317993, -0.756129151725769, -0.8009009870529175,
        -0.8397183210372925, -0.8717889190673828, -0.9120691486358643,
        -0.9441228715896607, -0.9747071031570435, -1.0042607168197633,
        -1.030665100479126, -1.061784182357788, -1.0826256114959716,
        -1.1052975519180297, -1.1317283128738402, -1.150768862915039,
        -1.1729980808258056, -1.189686219406128, -1.2121732357025146,
        -1.2284544548034668, -1.2455815776824952, -1.261672564125061,
        -1.2775318155288695, -1.2935866647720338, -1.3070615390777587,
        -1.3195628448486327, -1.3346153182983398, -1.344178749847412,
        -1.359445369911194, -1.3697574958801269, -1.3856085277557373,
        -1.3921045375823975, -1.4052288543701172, -1.4146102180480957,
        -1.424906226348877, -1.4347508680343628, -1.4433597915649414,
        -1.456698040008545, -1.461951086807251, -1.4703094402313233,
        -1.4805015560150145, -1.4892840599060058, -1.4974009231567382,
        -1.500575127029419, -1.5139326950073242, -1.5184479064941405,
        -1.5303399770736694, -1.5347712322235108, -1.5439433673858642,
        -1.5503954164505005, -1.5600542613983155, -1.564462816619873,
        -1.5724375450134278, -1.5733787324905395, -1.583207595062256,
        -1.5902961673736573, -1.5985120695114137, -1.6035912956237792,
        -1.607878290939331, -1.615457028198242, -1.621420492553711,
        -1.6238811407089233, -1.628437255859375, -1.6390642435073852,
        -1.6411299579620362, -1.646158254623413, -1.657250340461731,
        -1.656044778060913, -1.6641346023559571, -1.6686342597961425,
        -1.6709345149993897, -1.6782743589401246, -1.679804615020752,
        -1.7401174882888795, -1.7662132669448853, -1.7744445863723755,
        -1.7806024784088135, -1.7814969423294067, -1.788065630722046,
        -1.788780498123169, -1.7902344089508058, -1.7955795892715454,
        -1.797026392364502, -1.8000896587371826, -1.7996670978546143,
        -1.8014159978866577, -1.8042998054504396, -1.8059019454956056,
        -1.8068732839584352, -1.8093979471206665, -1.8101043436050415,
        -1.811714149093628, -1.8135507904052734, -1.8154078065872192,
        -1.814165082168579
      ]
    ],
    "valid_losses": [
      [
        -0.09779293422698974, -0.2494272138595581, -0.33706585693359375,
        -0.3966301605224609, -0.4476397741317749, -0.5006386554718018,
        -0.5459145051956177, -0.5993116493225098, -0.627203271484375,
        -0.6913952194213867, -0.7266334878921509, -0.7574733785629273,
        -0.7879745943069458, -0.8193918521881104, -0.8493739273071289,
        -0.8731469961166382, -0.9185070459365845, -0.8815667583465576,
        -0.9627091033935546, -0.9824879625320434, -0.9757270408630371,
        -0.9957097700119019, -0.995585266494751, -1.0171421709060668,
        -1.0300088115692139, -1.038903016281128, -1.0385410270690918,
        -1.0934907186508178, -1.0649804067611695, -1.0869558837890625,
        -1.090777650642395, -1.07428148021698, -1.0946605249404908,
        -1.1183626890182494, -1.1071881746292114, -1.1037137815475464,
        -1.1352401456832886, -1.1044146612167358, -1.0828670331954957,
        -1.1504948064804077, -1.1378443023681641, -1.1681736793518067,
        -1.1189833745956421, -1.125041612815857, -1.1646089487075806,
        -1.1718095861434936, -1.1561255268096924, -1.1644413347244262,
        -1.1608555194854737, -1.1443859100341798, -1.180706094932556,
        -1.168432096862793, -1.1344791776657104, -1.1873654359817505,
        -1.1798402912139894, -1.1385537124633789, -1.15323695602417,
        -1.1433114374160767, -1.1397719146728515, -1.1358179052352906,
        -1.1646250787734986, -1.1563065048217773, -1.1174563009262084,
        -1.1853023923873902, -1.1020549341201782, -1.160590550994873,
        -1.1542873460769654, -1.144565542793274, -1.158197152519226,
        -1.1450768882751465, -1.190087182044983, -1.1416424531936646,
        -1.1342603664398194, -1.1586346858978271, -1.1114092489242553,
        -1.159621102333069, -1.180315037918091, -1.1621519207000732,
        -1.1006656845092773, -1.1640816835403442, -1.182096011543274,
        -1.3143059770584107, -1.3214898824691772, -1.3156670942306519,
        -1.3191665348052979, -1.3172522468566894, -1.3177311475753783,
        -1.3187148502349852, -1.3185648376464845, -1.3118586397171021,
        -1.3153326093673705, -1.301938888168335, -1.3099599689483643,
        -1.3127105045318603, -1.3140344051361084, -1.3044146385192872,
        -1.3049076881408692, -1.3000474334716796, -1.2967257286071778,
        -1.3122983499526977, -1.3069882154464723, -1.306271672439575,
        -1.2995742677688598
      ]
    ],
    "train_accs": [
      [
        3.9675000000000002, 9.1675, 12.4225, 14.89, 17.025000000000002, 18.6225,
        21.115000000000002, 23.325000000000003, 25.1, 27.025, 28.945,
        30.662499999999998, 32.269999999999996, 33.5675, 35.1175, 36.495, 37.78,
        38.927499999999995, 40.26, 41.485, 42.3975, 43.35, 44.690000000000005,
        45.597500000000004, 46.415, 47.394999999999996, 48.3675, 49.295,
        50.127500000000005, 50.74999999999999, 51.365, 52.2575, 52.9525,
        53.6275, 54.30500000000001, 54.847500000000004, 55.5025, 55.955, 56.785,
        57.155, 57.589999999999996, 58.0675, 58.5325, 59.3125,
        59.709999999999994, 60.519999999999996, 60.3475, 61.075,
        61.432500000000005, 62.18, 62.4, 62.31250000000001, 63.1075, 63.5,
        64.19, 64.115, 64.6625, 65.005, 65.49249999999999, 65.6725,
        66.27499999999999, 66.2175, 66.56, 67.205, 67.7225, 67.705, 68.0875,
        68.5175, 68.535, 68.795, 68.8975, 69.8675, 69.8025, 69.9175, 70.555,
        70.3425, 70.95, 71.235, 71.28750000000001, 71.6, 71.6425, 75.12, 77.02,
        77.995, 78.0725, 78.2275, 78.53, 78.5425, 78.4825, 78.995, 79.11, 79.33,
        79.1675, 79.5225, 79.60000000000001, 79.6925, 79.765, 79.86, 79.77,
        79.9925, 79.9975, 80.295, 80.0925
      ]
    ],
    "valid_accs": [
      [
        6.550000000000001, 11.19, 13.98, 16.21, 17.71, 19.36, 21.13, 23.41,
        24.62, 26.6, 28.449999999999996, 29.09, 30.95, 31.759999999999998, 33.5,
        34.160000000000004, 35.94, 35.04, 38.06, 38.91, 38.9, 39.32, 39.44,
        40.71, 41.04, 41.27, 41.53, 44.07, 42.33, 43.38, 44.18, 43.39, 44.18,
        45.33, 44.39, 44.629999999999995, 46.050000000000004, 44.74, 44.45,
        47.36, 46.46, 47.839999999999996, 46.0, 46.89, 47.980000000000004,
        48.41, 48.5, 48.83, 48.71, 48.08, 49.230000000000004,
        49.120000000000005, 48.5, 50.92, 49.669999999999995, 48.79,
        48.870000000000005, 48.5, 49.59, 48.93, 49.65, 49.46, 48.33,
        51.480000000000004, 48.66, 50.29, 49.25, 50.36000000000001, 49.96,
        50.349999999999994, 51.68000000000001, 49.82, 50.339999999999996,
        50.64999999999999, 50.06, 50.94, 51.190000000000005, 50.980000000000004,
        49.62, 51.459999999999994, 51.910000000000004, 56.75, 57.48, 57.05,
        57.489999999999995, 56.98, 57.4, 57.26, 57.28, 57.15, 56.99999999999999,
        57.48, 56.95, 56.34, 57.769999999999996, 56.99999999999999,
        57.43000000000001, 56.85, 56.71000000000001, 57.32000000000001, 57.28,
        57.45, 56.86
      ]
    ],