{
  "config": {
    "train_options": {
      "learning_rate": 0.01,
      "optimizer": "SGD",
      "batch_size": 128,
      "number_of_epochs": 300,
      "loss_parameters": {
        "temperature": 5,
        "distillation_type": "TRADITIONAL",
        "alpha": 0.1,
        "beta": 0.0
      }
    }
  },
  "results": {
    "train_losses": [
      [
        3.603512535858154, 3.182383069992065, 2.930425222015381,
        2.739300059509277, 2.5667964572906494, 2.400314884185791,
        2.258484061050415, 2.1423373394012453, 2.0307712448120117,
        1.9431931964874267, 1.8490304361343384, 1.771271704864502,
        1.6966185516357422, 1.632576615333557, 1.5680857955932617,
        1.5171048376083374, 1.4668120244979859, 1.4159626735687256,
        1.372224137878418, 1.326298097229004, 1.2974123453140258,
        1.2541112009048463, 1.216654151725769, 1.1891616451263427,
        1.1569931151390076, 1.1308740211486816, 1.1022981575012207,
        1.0672486965179444, 1.0475361785888673, 1.025610775089264,
        0.9973441521644593, 0.9701430912017822, 0.9556907674789429,
        0.9318555261611938, 0.9149563125610352, 0.8940308870315552,
        0.8742428453445434, 0.8546655822753906, 0.8353508470535278,
        0.8152869820594788, 0.7998507574558258, 0.7850908525943756,
        0.7712001051425934, 0.7526378412246704, 0.7385451135635376,
        0.724044847202301, 0.7120236868858337, 0.6982507112503051,
        0.6850161491394043, 0.6731471421718598, 0.6526176161289216,
        0.6439353002071381, 0.6350141239643097, 0.6235170261383056,
        0.6060737359046936, 0.5942926506042481, 0.5874855355739593,
        0.5766480319023133, 0.5590483161449432, 0.5572112733840943,
        0.5422866327285767, 0.5289607766628266, 0.5176627278327942,
        0.514299617433548, 0.4995823056221008
      ]
    ],
    "valid_losses": [
      [
        3.3630353637695314, 3.066277899169922, 2.8797821212768553,
        2.732293009185791, 2.5669903102874754, 2.514078009033203,
        2.346505519104004, 2.2086567024230956, 2.2269354621887207,
        2.0221114376068114, 1.9843740900039673, 1.9130001106262207,
        1.8752047645568848, 1.7959577808380127, 1.7947243770599366,
        1.7221104009628296, 1.7265698680877686, 1.664876959991455,
        1.6347201307296753, 1.5868810541152953, 1.6400987728118896,
        1.585661929512024, 1.5294309297561646, 1.5510979320526124,
        1.5231090393066407, 1.607959970474243, 1.5681655731201172,
        1.5422916929244994, 1.5435240808486939, 1.5431093072891235,
        1.481487988471985, 1.478471078491211, 1.5062422740936279,
        1.47134037361145, 1.475106640815735, 1.4958181959152221,
        1.4099310035705566, 1.4920155195236207, 1.4220805070877076,
        1.5264144134521485, 1.442976858139038, 1.475821943473816,
        1.4301200492858888, 1.4076704336166381, 1.381297538948059,
        1.4993782056808471, 1.4315318264007568, 1.4445652585983277,
        1.4631071187973022, 1.4119290842056273, 1.4377849475860596,
        1.434020648574829, 1.454757719039917, 1.5131447750091553,
        1.4991739780426026, 1.4593562355041505, 1.5168035261154176,
        1.4495711242675782, 1.5169468713760377, 1.4873941469192504,
        1.4683445999145508, 1.519584568977356, 1.529083337020874,
        1.483720344543457, 1.5444724895477295
      ]
    ],
    "train_accs": [
      [
        4.3075, 10.059999999999999, 14.26, 17.794999999999998, 21.1925, 24.5525,
        27.8125, 30.3525, 32.847500000000004, 34.972500000000004, 37.195,
        38.995000000000005, 40.82, 42.365, 44.0225, 45.335, 46.62,
        48.052499999999995, 48.980000000000004, 50.025, 50.865,
        51.837500000000006, 53.252500000000005, 53.74, 54.635,
        55.462500000000006, 56.182500000000005, 57.157500000000006, 57.5475,
        58.17, 58.9075, 59.612500000000004, 60.165, 60.5175, 61.1475, 61.635,
        62.43, 62.92, 63.17, 64.11, 64.6675, 64.89, 65.2675, 65.9825, 66.3025,
        66.8025, 67.04, 67.39, 67.60249999999999, 67.9475, 68.5775, 68.7675,
        68.95750000000001, 69.575, 69.78999999999999, 70.39750000000001,
        70.54249999999999, 70.8175, 71.0375, 71.17, 71.705, 72.37, 72.575,
        72.6825, 73.3425
      ]
    ],
    "valid_accs": [
      [
        7.049999999999999, 12.09, 15.57, 18.93, 22.16, 23.01, 26.14,
        29.299999999999997, 29.28, 33.39, 34.39, 35.870000000000005, 36.71,
        38.65, 39.019999999999996, 40.36, 40.510000000000005, 41.88,
        43.309999999999995, 44.09, 43.02, 44.86, 45.85, 45.540000000000006,
        46.43, 44.97, 46.31, 45.96, 46.43, 46.56, 47.79, 48.64, 47.99, 48.6,
        48.41, 48.33, 49.99, 48.0, 49.87, 48.04, 50.46000000000001, 48.93,
        49.59, 51.09, 51.85999999999999, 49.669999999999995, 50.92, 50.99,
        51.24999999999999, 51.339999999999996, 51.15, 51.73, 50.839999999999996,
        50.27, 50.91, 51.39, 50.77, 51.519999999999996, 51.25999999999999,
        52.400000000000006, 52.1, 51.24999999999999, 51.64, 52.019999999999996,
        51.53
      ]
    ],
    "train_times": [
      [
        22.721259832382202, 21.461124420166016, 21.473594903945923,
        21.53786325454712, 21.396228551864624, 21.388742923736572,
        21.396684885025024, 21.412734985351562, 21.41639494895935,
        21.42996644973755, 21.292659282684326, 21.286954164505005,
        21.283777236938477, 21.279292345046997, 21.28506565093994,
        21.55770182609558, 21.388436317443848, 21.404083251953125,
        21.38694667816162, 21.389792919158936, 21.386357307434082,
        21.387534379959106, 21.38368844985962, 21.388662576675415,
        21.389695405960083, 21.390504598617554, 21.423113107681274,
        21.39544916152954, 21.392348289489746, 21.387887001037598,
        21.374513149261475, 21.37190008163452, 21.377954959869385,
        21.36983585357666, 21.371150016784668, 21.334299087524414,
        21.332120418548584, 21.33292007446289, 21.493837356567383,
        21.331523656845093, 21.33358907699585, 21.32925510406494,
        21.33128595352173, 21.33751082420349, 21.334726810455322,
        21.327705144882202, 21.332097053527832, 21.324724197387695,
        21.32496690750122, 21.334385633468628, 21.458828926086426,
        21.329948663711548, 21.334548473358154, 21.338199853897095,
        21.338507652282715, 21.336833477020264, 21.329549551010132,
        21.33289408683777, 21.334709882736206, 21.353893041610718,
        21.32928705215454, 21.335331916809082, 21.42759871482849,
        21.234174013137817, 21.23508334159851
      ]
    ],
    "valid_times": [
      [
        4.181758165359497, 4.024277925491333, 4.0223472118377686,
        4.013781547546387, 4.01491117477417, 4.008172035217285,
        4.0160722732543945, 4.015871286392212, 4.018573760986328,
        4.024014711380005, 3.9880571365356445, 3.985273838043213,
        3.991734504699707, 3.9863946437835693, 3.9898018836975098,
        4.008613586425781, 4.011159181594849, 4.014044761657715,
        4.007885694503784, 4.014082670211792, 4.011901378631592,
        4.003922462463379, 4.016522645950317, 4.011436939239502,
        4.00549578666687, 4.011680841445923, 4.1591057777404785,
        4.013683795928955, 4.014607667922974, 4.009300231933594,
        4.007053375244141, 4.008981943130493, 4.011981010437012,
        4.009760141372681, 4.008383750915527, 3.9983999729156494,
        3.9990477561950684, 4.006811618804932, 3.9953436851501465,
        4.002808570861816, 4.001994371414185, 4.002701044082642,
        4.000330209732056, 3.9988014698028564, 3.9965946674346924,
        4.001512050628662, 4.003474235534668, 4.003784894943237,
        3.993623733520508, 3.9993364810943604, 4.0001220703125,
        4.0014917850494385, 4.000560522079468, 4.002650499343872,
        3.9950554370880127, 4.000424385070801, 3.9977359771728516,
        4.002711534500122, 4.010814905166626, 4.001127243041992,
        4.000288724899292, 4.000382661819458, 3.976642608642578,
        3.979098320007324, 3.9776155948638916
      ]
    ],