{"config": {"train_options": {"learning_rate": 0.05, "optimizer": "SGD", "batch_size": 128, "number_of_epochs": 300, "loss_parameters": {"temperature": 15, "distillation_type": "TRADITIONAL", "alpha": 0.4, "beta": 0.0}}}, "results": {"train_losses": [[0.6533392303466797, 0.32807522773742676, 0.11975482444763183, -0.05372264862060547, -0.19092582054138182, -0.29962034912109375, -0.3948982641220093, -0.4717409405708313, -0.5409247888565063, -0.6019687865257263, -0.6513632012367249, -0.6983710826873779, -0.7373007249832153, -0.7731325704574585, -0.8079815336227417, -0.838925242805481, -0.8639485799789429, -0.8887677171707153, -0.9166823337554931, -0.9330250123977661, -0.9599824844360352, -0.9802725147247314, -0.9955634296417236, -1.0121833805084228, -1.0257176586151122, -1.0396111503601073, -1.0563668674468993, -1.072697226524353, -1.082328950691223, -1.0984259996414185, -1.1078505142211914, -1.1222599126815795, -1.1337453762054444, -1.1436373497009278, -1.150908723258972, -1.1646381162643433, -1.1652617830276488, -1.181199638748169, -1.1838343599319459, -1.195324804496765, -1.1965188117980956, -1.2109122463226318, -1.2206131702423095, -1.2270905082702637, -1.2293253034591676, -1.2344950546264648, -1.2501379598617555, -1.2512993125915528, -1.2560114297866822, -1.2656955471038818, -1.2671214460372924, -1.2760243772506714, -1.2781100160598755, -1.285595343208313, -1.2897046018600464, -1.2919512815475465, -1.2962275224685669, -1.304049249649048, -1.3072157987594604, -1.3078174228668213, -1.3182002750396729]], "valid_losses": [[0.4636640657424927, 0.31064175662994387, 0.1444288122177124, 0.01251482925415039, -0.07130145893096924, -0.2307454698562622, -0.3151029302597046, -0.30251023807525634, -0.3670031051635742, -0.4418926486968994, -0.48650835285186766, -0.4596068126678467, -0.533806672668457, -0.5516893699645996, -0.5724077861785889, -0.628692519569397, -0.6184758037567138, -0.6121794460296631, -0.6443989433288574, -0.6003331573486328, -0.5537993713378906, -0.6597252765655518, -0.5896036703109742, -0.5922088363647461, -0.6158780813217163, -0.6725738946914673, -0.6759176330566407, -0.6445439987182617, -0.6831377340316772, -0.6760838844299316, -0.6027270511627197, -0.6237907930374146, -0.6475185396194458, -0.5308765241622925, -0.659400345993042, -0.6144790203094482, -0.7054363960266113, -0.6584121683120727, -0.6632695457458496, -0.6636254261016846, -0.7464427942276001, -0.6441493770599366, -0.6684542213439941, -0.6485047100067138, -0.6096793956756592, -0.6622307767868042, -0.6672992330551147, -0.6043598438262939, -0.641441969871521, -0.6885087306976319, -0.6776761560440063, -0.632473159790039, -0.667061445236206, -0.6887886445999145, -0.6153907768249511, -0.7062985097885132, -0.6405708795547486, -0.5642897619247437, -0.7090238153457642, -0.6651027324676514, -0.6359724870681762]], "train_accs": [[7.12, 14.607500000000002, 20.8175, 25.9525, 30.514999999999997, 34.4825, 37.65, 40.355000000000004, 42.8375, 45.2575, 47.32, 49.2325, 50.870000000000005, 52.065, 53.635, 55.055, 55.8225, 56.832499999999996, 58.1275, 58.6425, 59.8, 60.660000000000004, 61.162499999999994, 61.95, 62.5625, 63.1375, 63.775000000000006, 64.46499999999999, 64.96499999999999, 65.375, 65.9975, 66.55499999999999, 67.3275, 67.5175, 67.9175, 68.4075, 68.47999999999999, 69.305, 69.4925, 69.635, 69.82000000000001, 70.4925, 70.94500000000001, 71.4975, 71.2775, 71.6525, 72.295, 72.125, 72.5525, 72.955, 72.985, 73.395, 73.52499999999999, 73.87, 74.0675, 74.0, 74.165, 74.6875, 74.86500000000001, 74.9625, 75.3]], "valid_accs": [[10.16, 15.52, 20.080000000000002, 24.27, 27.139999999999997, 32.519999999999996, 35.17, 34.75, 37.54, 39.36, 40.79, 40.78, 42.8, 44.330000000000005, 44.85, 47.11, 46.87, 46.77, 48.77, 47.27, 46.739999999999995, 49.78, 47.61, 47.88, 48.26, 50.080000000000005, 50.22, 50.43, 51.77, 51.41, 49.519999999999996, 50.09, 50.33, 47.36, 52.14, 50.23, 52.61, 51.42, 51.83, 52.080000000000005, 54.05, 51.7, 52.6, 51.849999999999994, 51.129999999999995, 52.61, 52.89, 52.019999999999996, 52.290000000000006, 54.14, 53.83, 51.94, 53.39, 54.06999999999999, 52.31, 54.33, 53.81, 51.71, 54.52, 53.11, 53.63]], "train_times": [[50.83647537231445, 49.71549081802368, 49.15095019340515, 49.091891288757324, 49.101131200790405, 49.09095096588135, 49.14869213104248, 49.126550912857056, 49.10809874534607, 49.1320013999939, 49.12089729309082, 49.077226400375366, 49.357264041900635, 49.1161949634552, 49.118775606155396, 49.11971163749695, 49.073739528656006, 49.16139006614685, 48.4315299987793, 46.58307337760925, 46.58002233505249, 46.517974615097046, 46.51216769218445, 46.6006064414978, 46.52964115142822, 46.47265267372131, 46.481537103652954, 46.494964599609375, 46.5500328540802, 46.49051284790039, 46.50001835823059, 46.5400333404541, 46.560017824172974, 46.50405430793762, 46.613221406936646, 46.83950996398926, 46.839014530181885, 46.87390208244324, 46.851027727127075, 46.83445405960083, 46.85954308509827, 46.85105633735657, 46.821592807769775, 46.82650327682495, 46.86100459098816, 46.83103704452515, 46.82203817367554, 46.94353914260864, 46.96202802658081, 46.866647720336914, 46.87002897262573, 46.805007219314575, 47.03951168060303, 46.85353231430054, 46.82304072380066, 46.82557034492493, 46.794540882110596, 46.81753969192505, 46.84852838516235, 46.8671088218689, 46.969995975494385]], "valid_times": [[9.705082893371582, 9.661531686782837, 9.543728351593018, 9.539555311203003, 9.55935001373291, 9.528569221496582, 9.535210609436035, 9.553919553756714, 9.519643068313599, 9.526275634765625, 9.525111675262451, 9.52295994758606, 9.5562744140625, 9.531034231185913, 9.541019916534424, 9.51760196685791, 9.525992631912231, 9.535563468933105, 9.059998750686646, 9.047000885009766, 9.056547403335571, 9.052566528320312, 9.076043367385864, 9.051003217697144, 9.056002855300903, 9.077001571655273, 9.03453254699707, 9.062018394470215, 9.048001289367676, 9.05600380897522, 9.047536373138428, 9.0630042552948, 9.058879613876343, 9.04053521156311, 9.109003782272339, 9.080584287643433, 9.104000806808472, 9.0960111618042, 9.097999811172485, 9.106019735336304, 9.094003915786743, 9.095998287200928, 9.118020296096802, 9.131004095077515, 9.11816668510437, 9.097002029418945, 9.080003499984741, 9.194000720977783, 9.113289833068848, 9.095004320144653, 9.137023687362671, 9.104001998901367, 9.213000059127808, 9.09300446510315, 9.088016510009766, 9.081004858016968, 9.094014406204224, 9.126027822494507, 9.104001522064209, 9.110004663467407, 9.1060152053833]], "test_accuracy": 54.190000000000005, "convergence_iteration": 61}}