{"config": {"train_options": {"learning_rate": 0.005, "optimizer": "SGD", "batch_size": 128, "number_of_epochs": 300, "loss_parameters": {"temperature": 10, "distillation_type": "TRADITIONAL", "alpha": 0.9, "beta": 0.0}}}, "results": {"train_losses": [[-3.398318335723877, -3.4107315334320067, -3.415669269180298, -3.4198787075042723, -3.4239862594604493, -3.428712844848633, -3.4324803539276125, -3.436044515991211, -3.4390906661987306, -3.443632400894165, -3.448439887237549, -3.4539944541931153, -3.4579977329254152, -3.461949308013916, -3.4646756225585937, -3.4679776805877687, -3.472280974960327, -3.474938732147217, -3.4782949340820313, -3.4812281120300295, -3.4849334506988527, -3.4872970249176025, -3.4913306060791016, -3.494855711364746, -3.4966601928710936, -3.500474137496948, -3.501861195373535, -3.5037140239715576, -3.5063399269104005, -3.5077996368408204, -3.5089552284240724, -3.5125430236816406, -3.513847957992554, -3.5159729610443113, -3.5177126834869386, -3.5201476459503174, -3.5221119003295898, -3.5243159591674806, -3.525327165222168, -3.527137050628662, -3.5293080215454102, -3.532113180923462, -3.5331804706573484, -3.535781795501709, -3.537411926651001, -3.538512926864624, -3.5419447444915773, -3.5425180656433106, -3.543915826034546, -3.5464612644195554, -3.547298118209839, -3.549659928512573, -3.551960692977905, -3.5537447319030764, -3.5547343158721922, -3.555971202850342, -3.557499518585205, -3.5597856285095215, -3.5603974952697754, -3.5623973693847657, -3.564118862915039, -3.5655151611328124, -3.567324597930908, -3.568529317855835, -3.5698900814056396, -3.5716030666351317, -3.5721542945861815, -3.5739661392211914, -3.575653470993042, -3.5767376930236816, -3.578265166473389, -3.5800141872406006, -3.580822972869873, -3.5815339065551757, -3.583098403549194, -3.585303953552246, -3.5862034030914307, -3.5873780933380126, -3.5893424407958983, -3.5908713966369628, -3.59272790184021, -3.595463607406616, -3.595939305496216, -3.59642278137207, -3.5971964736938475, -3.596493184661865, -3.59759764213562, -3.597415496826172, -3.597439165878296, -3.59798829536438, -3.5976034606933593, -3.5978221687316894, -3.598007643508911, -3.597630995941162, -3.5981444789886474, -3.5977372749328613, -3.5988266910552977, -3.5988312309265136, -3.598833166885376, -3.5997933891296388, -3.6004271709442137, -3.599772519683838, -3.6000952827453614, -3.598893313217163, -3.6002495559692385, -3.600084838104248, -3.600056153488159, -3.60087279624939, -3.6000619941711425, -3.6001988258361814, -3.600852428817749, -3.600567893218994, -3.6009427608489992, -3.6015703266143797, -3.6009326568603517, -3.6006648971557618, -3.601456996154785, -3.6025430488586427, -3.601643510055542, -3.6017466419219972, -3.6018099315643313, -3.601592468261719, -3.602749444961548, -3.602683419036865, -3.6022616218566896, -3.603033871459961, -3.60304983291626, -3.602861548614502, -3.603185057067871, -3.6033317283630373, -3.6024460983276367, -3.6032876457214353, -3.602813208389282, -3.6028102840423584, -3.6029215782165527, -3.6026444786071776, -3.6026740615844726, -3.6032171379089357, -3.60286478805542, -3.604213268661499, -3.603976872253418, -3.6023380744934084, -3.6033881244659423, -3.603142523956299, -3.6029758392333986, -3.60359100189209]], "valid_losses": [[-3.409081764602661, -3.4148629608154297, -3.4182075340270996, -3.4240697441101076, -3.4274365264892577, -3.4304939228057862, -3.4350575656890867, -3.4402536209106445, -3.442603163909912, -3.4476287292480468, -3.453280470275879, -3.4591935104370117, -3.4610792049407957, -3.4656957843780516, -3.4683754943847656, -3.4708708984375, -3.473520029449463, -3.479062258911133, -3.482380506515503, -3.486114293670654, -3.4876123847961424, -3.4915936851501463, -3.4947335468292238, -3.4965806785583498, -3.4985975360870363, -3.5001346633911132, -3.5040168643951417, -3.504674613571167, -3.508026495361328, -3.507996530532837, -3.509560701751709, -3.5117219535827635, -3.5147212413787843, -3.5169429134368895, -3.5185774772644045, -3.5187386363983153, -3.5219931674957277, -3.5232284313201903, -3.521277710342407, -3.5265489559173586, -3.528738258743286, -3.52823666305542, -3.529637897491455, -3.531314737701416, -3.5332448936462404, -3.5351074253082277, -3.5366814361572265, -3.5413472702026367, -3.5411798904418945, -3.5415088287353518, -3.542933226776123, -3.5472360538482666, -3.547991905975342, -3.5503830673217776, -3.5495512256622312, -3.552025498199463, -3.5558931156158446, -3.553583112716675, -3.558633511734009, -3.559452202606201, -3.5621769329071045, -3.5626416316986083, -3.559642670440674, -3.563780967712402, -3.5622136253356933, -3.5680787368774416, -3.561639221191406, -3.567715050125122, -3.568805013656616, -3.5657646629333497, -3.570410468673706, -3.571705331039429, -3.57591491355896, -3.576783341217041, -3.578545281982422, -3.578460148239136, -3.578500526046753, -3.578960831451416, -3.581291445541382, -3.581957727432251, -3.5846746273040773, -3.5897620086669924, -3.5892092693328856, -3.5891280452728274, -3.588082251358032, -3.590686626815796, -3.590271710968018, -3.5914381240844726, -3.5892888626098634, -3.5896390312194826, -3.589678709411621, -3.590517741394043, -3.589947811508179, -3.59010299911499, -3.5927777267456054, -3.591164841842651, -3.591178216934204, -3.591094123840332, -3.5919898658752443, -3.591391332244873, -3.591736824798584, -3.5923167694091798, -3.5928518360137938, -3.590973194885254, -3.592380738449097, -3.591877282333374, -3.592906799316406, -3.5927043445587157, -3.591795768737793, -3.5930301860809326, -3.5927598163604735, -3.5932755981445315, -3.59365304107666, -3.5931004409790037, -3.5930131454467773, -3.5927354530334474, -3.594916651916504, -3.5937645011901855, -3.5934172492980956, -3.593970082092285, -3.5943057590484617, -3.59449235496521, -3.594715128326416, -3.596118441772461, -3.594911428451538, -3.59665634765625, -3.5940494140625, -3.5955558753967285, -3.5936778827667237, -3.594682169723511, -3.5949141555786133, -3.5951558250427245, -3.5949373226165773, -3.5937369647979738, -3.5964964511871336, -3.59568441696167, -3.5947174686431884, -3.593172793197632, -3.5932100872039796, -3.5957941078186035, -3.594500375366211, -3.5943894004821777, -3.5951229331970214, -3.594321364593506, -3.59462603263855, -3.5957451877593996]], "train_accs": [[1.8124999999999998, 2.4225, 2.9625, 3.5975, 4.2924999999999995, 4.9725, 5.625, 5.915, 6.5024999999999995, 7.172499999999999, 7.5475, 7.8825, 8.395, 8.73, 9.307500000000001, 9.745, 10.33, 10.72, 11.1025, 11.675, 12.0175, 12.635, 13.055, 13.417499999999999, 13.835, 14.249999999999998, 14.610000000000001, 15.0275, 15.325, 15.590000000000002, 15.6725, 16.2425, 16.41, 16.897499999999997, 17.102500000000003, 17.575, 17.745, 18.11, 18.48, 18.58, 19.005, 19.405, 19.665, 20.105, 20.495, 20.6825, 20.9725, 21.4575, 21.5975, 22.0125, 22.220000000000002, 22.6825, 23.095, 23.575, 23.615, 23.8325, 23.9325, 24.445, 24.795, 25.1175, 25.412499999999998, 25.61, 25.9575, 25.942500000000003, 26.615, 26.674999999999997, 26.8975, 27.115000000000002, 27.3075, 27.7225, 27.82, 28.139999999999997, 28.265, 28.384999999999998, 28.804999999999996, 29.2475, 29.23, 29.49, 30.064999999999998, 30.095, 30.380000000000003, 31.1, 31.4325, 31.635, 31.335, 31.285, 31.5975, 31.655, 31.46, 31.6575, 31.619999999999997, 31.865, 31.819999999999997, 31.747500000000002, 31.680000000000003, 31.802500000000002, 31.942500000000003, 31.69, 32.05, 32.074999999999996, 31.874999999999996, 32.035000000000004, 31.9525, 32.0125, 32.277499999999996, 32.0075, 32.1275, 32.185, 32.2225, 32.3575, 32.1925, 32.1125, 32.195, 32.46, 32.519999999999996, 32.4125, 32.3025, 32.4925, 32.3875, 32.615, 32.5775, 32.4225, 32.61, 32.4775, 32.8625, 32.495000000000005, 32.7975, 32.7, 32.847500000000004, 32.697500000000005, 32.940000000000005, 32.7675, 32.6, 32.769999999999996, 32.72, 32.714999999999996, 32.800000000000004, 32.755, 32.8275, 32.582499999999996, 32.8525, 32.847500000000004, 32.6725, 32.5775, 32.8025, 32.8025]],