{"config": {"train_options": {"learning_rate": 0.05, "optimizer": "SGD", "batch_size": 128, "number_of_epochs": 300, "loss_parameters": {"temperature": 10, "distillation_type": "TRADITIONAL", "alpha": 0.7, "beta": 0.0}}}, "results": {"train_losses": [[-1.760542981338501, -1.8921868869781495, -1.972868217277527, -2.0446466846466063, -2.1117520942687986, -2.17066464805603, -2.2169905639648437, -2.261197960662842, -2.297939030075073, -2.330103996658325, -2.3601332702636717, -2.384578884124756, -2.40963060836792, -2.4275396770477293, -2.4465072414398192, -2.464333476638794, -2.481582405090332, -2.49413849067688, -2.508369681930542, -2.521117548751831, -2.532055263519287, -2.5432193817138673, -2.554064189529419, -2.563283833312988, -2.570819890213013, -2.581033646392822, -2.5877983306884764, -2.5969307174682617, -2.6031848808288576, -2.6096559852600096, -2.617574210357666, -2.6226901306152346, -2.6304462882995607, -2.633877236557007, -2.6421595886230467, -2.6446261489868164, -2.6505708629608153, -2.655772431564331, -2.660773684310913, -2.661881019973755, -2.6718531745910643, -2.6756453159332274, -2.67779688873291, -2.6819133068084717, -2.686097053527832, -2.691658129119873, -2.6929131984710692, -2.698541988372803, -2.70044786529541, -2.703999296951294, -2.7070150787353517, -2.7091424724578856, -2.7109965583801268, -2.715553686904907, -2.7174486839294434, -2.7198400241851806, -2.727430137252808]], "valid_losses": [[-1.8286814332962036, -1.9192921129226685, -1.9829661102294922, -2.0405265512466433, -2.0854714742660523, -2.138297943496704, -2.1585103790283204, -2.231856126022339, -2.240897745895386, -2.2814425941467285, -2.275285296630859, -2.3165219078063966, -2.261085589981079, -2.3546251991271974, -2.3476506504058836, -2.3342132038116454, -2.3382259281158446, -2.3829031085968015, -2.3946535373687743, -2.390042111206055, -2.417774258804321, -2.420500644683838, -2.4147161323547364, -2.4331993949890136, -2.445591349029541, -2.4375145992279053, -2.4172072662353514, -2.439089440917969, -2.4442402725219727, -2.459033229827881, -2.4384296619415284, -2.4296546852111818, -2.454394290924072, -2.4365795417785643, -2.4460774116516113, -2.4431933280944826, -2.4693282093048095, -2.424827376174927, -2.4406195865631104, -2.432170492553711, -2.4313481128692627, -2.447623944091797, -2.4494184711456297, -2.4656348289489745, -2.4566848365783693, -2.442941261291504, -2.455423597717285, -2.4484231235504152, -2.4360632705688476, -2.450882020187378, -2.436243717956543, -2.450741375732422, -2.4446920875549316, -2.4576629783630373, -2.4291407722473144, -2.4571764251708985, -2.432909903717041]], "train_accs": [[6.2575, 12.24, 16.919999999999998, 21.099999999999998, 24.8325, 28.585, 31.7125, 34.7175, 37.38, 39.975, 41.975, 43.665, 45.7, 46.949999999999996, 48.65, 49.97, 51.207499999999996, 52.1125, 53.239999999999995, 54.317499999999995, 55.19, 56.285, 57.165, 57.927499999999995, 58.457499999999996, 59.282500000000006, 59.88, 60.8025, 61.1675, 61.45, 62.49, 62.795, 63.785000000000004, 63.92, 64.39, 64.4675, 65.3, 65.5225, 66.03999999999999, 66.35, 66.925, 67.3175, 67.4525, 67.72500000000001, 68.39, 68.6125, 68.8075, 69.1925, 69.4175, 69.4075, 70.13000000000001, 70.44749999999999, 70.665, 70.595, 70.87, 70.9975, 71.98]], "valid_accs": [[8.58, 13.62, 17.34, 20.330000000000002, 23.23, 26.66, 28.73, 32.96, 33.589999999999996, 36.86, 36.59, 39.83, 36.809999999999995, 42.29, 42.85, 41.53, 42.19, 45.129999999999995, 46.12, 45.4, 47.28, 47.449999999999996, 47.74, 48.78, 49.5, 49.4, 48.03, 49.76, 50.21, 50.949999999999996, 50.260000000000005, 49.74, 51.39, 50.519999999999996, 51.01, 51.339999999999996, 52.580000000000005, 49.64, 51.32, 50.239999999999995, 50.129999999999995, 51.83, 52.059999999999995, 53.02, 52.75, 51.519999999999996, 52.290000000000006, 52.49, 51.88, 53.09, 51.81, 52.559999999999995, 52.669999999999995, 53.449999999999996, 52.1, 53.72, 52.26]], "train_times": [[46.52319407463074, 46.46867036819458, 46.37774586677551, 46.3946259021759, 46.33567476272583, 46.359405279159546, 46.344626903533936, 46.49304795265198, 46.47624921798706, 46.65227818489075, 46.520740270614624, 46.799554109573364, 46.617154121398926, 46.4169487953186, 46.26214909553528, 48.263171672821045, 47.106499910354614, 47.00872039794922, 47.004379749298096, 46.915295124053955, 46.929943799972534, 47.32367300987244, 47.756062030792236, 47.742894411087036, 47.76857614517212, 47.87550950050354, 48.10961890220642, 47.77792167663574, 47.72613835334778, 47.76958703994751, 47.730082988739014, 47.72956371307373, 47.75808668136597, 47.750091791152954, 47.771557331085205, 47.731101751327515, 47.77113747596741, 47.76924681663513, 47.735191345214844, 47.726685523986816, 47.70607662200928, 47.75710415840149, 47.795050859451294, 47.71057844161987, 47.758017778396606, 47.73601531982422, 47.76439332962036, 47.76809906959534, 47.799272775650024, 47.74201226234436, 47.7475962638855, 47.74227786064148, 47.71020531654358, 47.71116065979004, 47.747527837753296, 47.74053692817688, 47.724069595336914]], "valid_times": [[9.195040225982666, 9.09900188446045, 9.078030109405518, 9.097002029418945, 9.19252896308899, 9.098517894744873, 9.073001146316528, 9.128001928329468, 9.100513219833374, 9.162510395050049, 9.146513938903809, 9.316699028015137, 9.313339471817017, 9.064511060714722, 9.049042463302612, 9.505608558654785, 9.335517644882202, 9.53723931312561, 9.18857717514038, 9.175691366195679, 9.221084833145142, 9.426698446273804, 9.330978631973267, 9.33303189277649, 9.330020427703857, 9.539003849029541, 9.340002059936523, 9.322513103485107, 9.33802080154419, 9.333998441696167, 9.335015058517456, 9.345526695251465, 9.325001239776611, 9.332198143005371, 9.325560331344604, 9.323534965515137, 9.327021360397339, 9.35400128364563, 9.359509468078613, 9.330507755279541, 9.335000038146973, 9.340002536773682, 9.32510256767273, 9.32851505279541, 9.315028190612793, 9.313000202178955, 9.345020771026611, 9.337032556533813, 9.32704758644104, 9.328001737594604, 9.319520235061646, 9.331050395965576, 9.34501051902771, 9.321539878845215, 9.33361554145813, 9.332578659057617, 9.320510864257812]], "test_accuracy": 52.300000000000004, "convergence_iteration": 57}}