{
  "config": {
    "train_options": {
      "learning_rate": 0.05,
      "optimizer": "SGD",
      "batch_size": 128,
      "number_of_epochs": 300,
      "loss_parameters": {
        "temperature": 5,
        "distillation_type": "TRADITIONAL",
        "alpha": 0.6,
        "beta": 0.0
      }
    }
  },
  "results": {
    "train_losses": [
      [
        -0.0987457857131958, -0.2941544490814209, -0.41590050621032715,
        -0.5333332666397095, -0.6266782314300537, -0.7018953233718872,
        -0.7672648420333862, -0.8244991324424744, -0.8727502261161805,
        -0.9189154623985291, -0.9558523095130921, -0.9906909036636352,
        -1.018351770401001, -1.048251174545288, -1.0714893182754517,
        -1.088418161392212, -1.1140915218353271, -1.1318064908981322,
        -1.1464391098022462, -1.1652102403640747, -1.1776005472183229,
        -1.193947727394104, -1.20509202003479, -1.2191405570983886,
        -1.2324245113372803, -1.2400466960906982, -1.253799555015564,
        -1.2612538763046264, -1.2725685708999634, -1.27994998588562,
        -1.2961673986434936, -1.297280199432373, -1.3081868684768676,
        -1.3135846561431885, -1.324388315963745, -1.3322817409515382,
        -1.3346961408615112, -1.340065125465393, -1.346098568725586,
        -1.3558465942382814, -1.3593839403152466, -1.3693009841918946,
        -1.3726787141799928, -1.3745656204223633, -1.3823476591110229,
        -1.3886544799804688, -1.3895250102996826, -1.394335157775879,
        -1.40090006980896, -1.4076770685195923, -1.4156446752548217,
        -1.4136864288330078, -1.4187217710494995, -1.4254676233291625,
        -1.4254928525924682, -1.428872431373596, -1.436483817100525,
        -1.4388893321990968, -1.4462818714141845, -1.450540852355957,
        -1.4509940431594848, -1.4520959075927735, -1.4528918621063232,
        -1.4593462274551392, -1.4575971960067748, -1.4621465324401854
      ]
    ],
    "valid_losses": [
      [
        -0.21249782638549805, -0.3401861642837524, -0.45625871171951293,
        -0.5390731347084046, -0.5959774603843689, -0.6362217862129211,
        -0.6676331985473632, -0.7407797462463379, -0.7695180263519287,
        -0.7551517883300781, -0.8075187650680542, -0.8669839105606079,
        -0.8558640851974487, -0.801208865737915, -0.8435976222991943,
        -0.804177445602417, -0.9092622108459473, -0.9622688297271729,
        -0.948085425567627, -0.9259204700469971, -0.930080643081665,
        -0.9447840225219727, -0.9723652992248535, -0.8992018825531006,
        -0.9732825496673584, -0.9590281373977662, -0.9346451084136963,
        -0.8997869632720947, -1.0073692405700683, -0.9970925962448121,
        -1.0207878692626953, -1.0062605474472046, -0.9878330255508423,
        -0.9564890649795532, -0.9716278370857239, -1.0140299678802491,
        -1.00584437789917, -0.9870244678497314, -0.9899986457824707,
        -1.0026408353805543, -0.9889287210464478, -1.0096853841781617,
        -1.0258317840576172, -1.0056263319015504, -1.0037026905059814,
        -1.0330716529846191, -0.9511014669418335, -0.9713345708847045,
        -0.94436953830719, -0.9860813747406005, -1.0243167922973633,
        -0.9556372844696045, -0.9738980447769165, -1.0036105852127075,
        -0.9823248542785644, -0.9969136901855469, -0.9650227584838867,
        -0.9954628414154053, -0.9702522680282593, -0.9884056884765625,
        -0.9669368558883668, -0.9119935943603515, -1.013138166809082,
        -1.0243211112976074, -0.97022885055542, -0.9246457889556885
      ]
    ],
    "train_accs": [
      [
        6.1850000000000005, 12.687499999999998, 17.9875, 22.8275, 27.2225,
        31.215, 34.23, 37.275000000000006, 39.94, 42.5325, 44.665,
        46.355000000000004, 48.11, 49.44, 51.15, 51.99, 53.555, 54.44,
        55.584999999999994, 56.3975, 57.32000000000001, 58.35,
        58.684999999999995, 59.72, 60.440000000000005, 60.792500000000004,
        61.660000000000004, 62.0275, 62.55500000000001, 62.8375,
        63.629999999999995, 63.94, 64.33, 64.7675, 65.455, 65.715, 66.2225,
        66.0325, 66.49249999999999, 66.92, 67.1575, 67.9675, 68.405, 68.175,
        68.32000000000001, 68.87, 69.0875, 69.2775, 69.4525, 69.88250000000001,
        70.39999999999999, 70.17999999999999, 70.46, 70.57, 70.875, 70.98, 71.5,
        71.2975, 71.965, 72.2025, 72.10499999999999, 72.2025, 72.345, 72.4975,
        72.615, 72.845
      ]
    ],
    "valid_accs": [
      [
        8.959999999999999, 15.160000000000002, 20.09, 24.13, 26.61,
        28.299999999999997, 30.320000000000004, 34.410000000000004,
        36.059999999999995, 35.449999999999996, 38.29, 41.4, 40.81, 40.26,
        41.38, 40.5, 45.269999999999996, 47.12, 46.18, 45.95, 46.43, 47.38,
        48.3, 46.6, 49.309999999999995, 48.57, 48.59, 47.089999999999996, 50.78,
        50.42, 52.2, 51.35999999999999, 51.870000000000005, 51.73,
        50.519999999999996, 52.669999999999995, 52.349999999999994, 51.15,
        51.68000000000001, 53.669999999999995, 51.65, 53.16, 53.43, 52.94,
        52.94, 54.48, 51.85999999999999, 51.870000000000005, 52.629999999999995,
        53.43, 54.379999999999995, 52.07000000000001, 53.38, 54.82, 53.26,
        53.690000000000005, 53.910000000000004, 54.21, 53.66,
        54.169999999999995, 53.68000000000001, 52.14, 54.900000000000006,
        55.379999999999995, 53.779999999999994, 53.86
      ]
    ],
    "train_times": [
      [
        45.76700043678284, 45.76801633834839, 45.77999997138977,
        45.75199890136719, 45.759000301361084, 45.76499915122986,
        45.7950005531311, 45.77499961853027, 45.75716710090637,
        45.724018812179565, 45.74251341819763, 45.752840518951416,
        45.750009536743164, 45.730010747909546, 45.738999366760254,
        45.739654541015625, 45.749932527542114, 45.75102400779724,
        45.7520010471344, 45.75499939918518, 45.776012897491455,
        46.998642683029175, 45.74400019645691, 45.78999853134155,
        45.72499918937683, 45.75299954414368, 45.74400067329407,
        45.759108543395996, 45.7862069606781, 45.736002922058105,
        45.707000970840454, 45.7339985370636, 45.73600196838379,
        45.71201825141907, 45.73254919052124, 45.73119139671326,
        45.73799967765808, 45.7410101890564, 45.74358534812927,
        45.76270246505737, 45.74700999259949, 45.726513385772705,
        45.73000121116638, 45.749999046325684, 45.75299906730652,
        45.746999740600586, 45.730000734329224, 45.739999771118164,
        45.71967673301697, 45.74166774749756, 45.792471170425415,
        45.717029333114624, 45.744009017944336, 45.75301265716553,
        45.73199963569641, 45.73403573036194, 45.76099920272827,
        45.71800112724304, 45.72000074386597, 45.81000018119812,
        45.76800465583801, 45.76699924468994, 45.756999492645264,
        45.77300000190735, 45.751999616622925, 45.74937295913696
      ]
    ],