{"config": {"train_options": {"learning_rate": 0.005, "optimizer": "SGD", "batch_size": 128, "number_of_epochs": 300, "loss_parameters": {"temperature": 5, "distillation_type": "TRADITIONAL", "alpha": 0.6, "beta": 0.0}}}, "results": {"train_losses": [[0.05803650493621826, -0.057138171005249025, -0.13576961574554444, -0.18592516536712647, -0.2313273750305176, -0.2729469472885132, -0.309870690536499, -0.3383962856292725, -0.3684567844390869, -0.39225045337677, -0.41578061561584473, -0.43603984031677245, -0.45876729011535644, -0.4807744831085205, -0.5023598279953003, -0.5268846628189087, -0.5510808197021484, -0.5712994283676147, -0.5944737770080566, -0.6151926246643067, -0.6361151456832885, -0.6557824443817138, -0.6736621103286743, -0.6927938844680787, -0.7117844623565673, -0.7313698013305664, -0.7478083587646485, -0.7626483644485473, -0.7770697317123413, -0.7961004026412963, -0.8109865846633911, -0.8239042253494263, -0.8361777551651001, -0.849991059589386, -0.8629225893974304, -0.8743160507202149, -0.8884652507781983, -0.9016090726852417, -0.9120877787590027, -0.9209513745307922, -0.9335097229003906, -0.9425474926948547, -0.9545382469177246, -0.9623588328361511, -0.9740476324081421, -0.9837680889129639, -0.9929947170257568, -1.001925091457367, -1.0079385816574096, -1.0209349195480346, -1.0241458395004273, -1.0348560791015624, -1.0431837171554565, -1.0522228256225585, -1.059600945663452, -1.067688500213623, -1.0749085262298583, -1.081186108970642, -1.0880998273849487, -1.0946512517929077, -1.104460062789917, -1.1094325439453125, -1.1147175245285035, -1.1206839771270751, -1.1281547388076782, -1.1353817804336548, -1.1423007234573364, -1.1482962942123414, -1.1525676013946533, -1.1598750225067138, -1.1642216329574584, -1.1689234394073487, -1.1765296478271485, -1.1846475162506103, -1.1847245737075807, -1.1917130683898927, -1.1978236713409425, -1.2049977022171021, -1.209832398223877, -1.2106469163894653, -1.215688353919983, -1.2562835578918456, -1.2686162515640258, -1.2696345079421998, -1.2735996517181396, -1.2749883966445923, -1.2765748155593872, -1.2805085933685303, -1.2803514539718628, -1.2784197092056275, -1.2827175912857056, -1.2839347597122193, -1.2832230424880982, -1.2872361375808716, -1.2868405868530273, -1.2896162700653075, -1.2886012796401978, -1.2889682802200317, -1.2895503902435304, -1.289888283920288, -1.2910109157562255, -1.2952016916275024, -1.2929568027496339, -1.2963853609085083, -1.2958854396820068, -1.2975329980850219, -1.2971022842407227, -1.2973629943847655, -1.2997480421066283, -1.2989102361679077, -1.2996515951156615, -1.3043535446166992, -1.3012458438873291, -1.3045243383407592, -1.3034461473464967, -1.3049838386535644, -1.305603212738037, -1.3085411121368409]], "valid_losses": [[-0.015701041030883787, -0.11791016674041747, -0.16670132942199706, -0.21611747531890868, -0.26118314723968505, -0.2648626087188721, -0.30872405738830566, -0.32465526847839354, -0.3585823528289795, -0.3868955699920654, -0.3969053316116333, -0.4156225440979004, -0.4530940729141235, -0.46071216888427735, -0.4819033006668091, -0.5110614469528199, -0.5208358924865722, -0.5553723375320434, -0.573819458580017, -0.5830990255355835, -0.6133871726989746, -0.6231059886932373, -0.6504079292297363, -0.6581286272048951, -0.6762539155960083, -0.684602738571167, -0.6996832727432251, -0.7110048906326294, -0.7338769109725952, -0.7284283748626709, -0.7494358198165894, -0.7584462337493897, -0.7758124950408936, -0.7840484090805053, -0.7964966426849365, -0.8162472019195557, -0.8188341997146606, -0.8157042961120605, -0.817617126083374, -0.8160769485473632, -0.8208012275695801, -0.841838843536377, -0.8487365569114685, -0.8496677022933959, -0.8651116508483887, -0.8612514989852905, -0.8562311883926391, -0.8654983476638793, -0.8839812290191651, -0.8927423299789429, -0.905409222793579, -0.8864088407516479, -0.9130416350364685, -0.9060660514831543, -0.9004185446739197, -0.9112208301544189, -0.9152014227867127, -0.9167900161743164, -0.9136273204803467, -0.9237485326766968, -0.9094761490821839, -0.9332103526115417, -0.9391279070854187, -0.9474700302124024, -0.9324433935165405, -0.9584441202163696, -0.9310155442237854, -0.9282510130882263, -0.9497050575256347, -0.9619248472213745, -0.9564627876281738, -0.9494118058204651, -0.9473494785308838, -0.9482372669219971, -0.9511842311859131, -0.9538829319953919, -0.9646214275360108, -0.9703238226890564, -0.9533698115348815, -0.9704787046432495, -0.9798727611541748, -1.0496292904853821, -1.0480613656044007, -1.0487156887054443, -1.0443270931243895, -1.049138458442688, -1.0538245230674743, -1.0488789920806885, -1.0502591346740722, -1.0491319366455079, -1.054080103302002, -1.0507387964248658, -1.055514750289917, -1.0525597144126893, -1.0490161262512208, -1.0518914839744569, -1.0520430314064027, -1.0600241722106933, -1.050209418296814, -1.0508920421600343, -1.0597857080459594, -1.0536532897949218, -1.0516155780792236, -1.0517199443817138, -1.0490257331848145, -1.0487059439659119, -1.0478520860671998, -1.0519769592285155, -1.0432986110687257, -1.047979481124878, -1.0509229986190796, -1.0479081087112427, -1.0536141500473022, -1.049828133392334, -1.050886252784729, -1.0524901573181151, -1.0455884254455567, -1.0516699494361876]], "train_accs": [[2.3074999999999997, 5.1025, 7.535, 9.1375, 10.96, 12.540000000000001, 14.2025, 15.5, 16.39, 17.635, 18.6325, 19.467499999999998, 20.5925, 21.5425, 22.57, 23.705000000000002, 24.762500000000003, 25.679999999999996, 26.7025, 27.6975, 28.77, 29.615000000000002, 30.4025, 31.572499999999998, 32.1875, 33.3225, 33.9675, 34.894999999999996, 35.53, 36.517500000000005, 37.1125, 38.1175, 38.8275, 39.3425, 40.0625, 40.46, 41.21, 42.1325, 42.5775, 43.169999999999995, 43.905, 44.48, 45.0125, 45.335, 45.945, 46.5525, 47.3275, 47.65, 47.9325, 48.4675, 48.9525, 49.3275, 49.64, 50.5, 50.7825, 51.1375, 51.870000000000005, 52.0, 52.449999999999996, 52.92, 53.4775, 54.205000000000005, 53.900000000000006, 54.315000000000005, 54.7625, 55.1725, 55.720000000000006, 56.0875, 56.279999999999994, 56.635000000000005, 56.894999999999996, 57.17250000000001, 57.4125, 58.087500000000006, 57.86, 58.47, 58.8275, 59.2225, 59.4725, 59.6425, 59.809999999999995, 62.5275, 63.497499999999995, 63.4575, 63.785000000000004, 64.0475, 63.847500000000004, 64.40249999999999, 64.25999999999999, 64.205, 64.49249999999999, 64.64999999999999, 64.4725, 64.5725, 64.64750000000001, 64.71000000000001, 64.60249999999999, 64.7375, 64.8575, 64.85499999999999, 64.92, 65.0075, 65.14, 65.4375, 64.9975, 65.135, 64.91749999999999, 65.08500000000001, 65.42, 65.3475, 65.2825, 65.4775, 65.5625, 65.80749999999999, 65.7925, 65.84, 65.69749999999999, 65.9225]], "valid_accs": [[4.58, 6.77, 8.41, 10.0, 11.66, 12.21, 14.05, 14.81, 15.42, 16.82, 17.34, 18.32, 19.75, 20.18, 21.36, 22.35, 23.07, 24.47, 25.569999999999997, 25.83, 27.18, 27.71, 28.73, 29.28, 29.830000000000002, 30.54, 31.319999999999997, 31.81, 33.52, 32.98, 33.96, 34.78, 34.65, 35.38, 35.89, 36.559999999999995, 37.12, 37.19, 37.019999999999996, 37.21, 37.59, 38.86, 39.42, 39.15, 39.76, 39.24, 39.07, 40.56, 40.550000000000004, 41.69, 42.44, 41.47, 42.309999999999995, 42.35, 42.17, 42.3, 43.26, 42.35, 43.09, 44.0, 42.64, 43.66, 44.529999999999994, 44.61, 44.41, 45.95, 44.41, 44.269999999999996, 45.08, 46.050000000000004, 45.81, 45.62, 45.82, 45.540000000000006, 46.089999999999996, 46.31, 46.17, 46.81, 45.94, 47.23, 47.13, 50.629999999999995, 50.6, 50.949999999999996, 50.78, 51.29, 51.449999999999996, 50.839999999999996, 51.18000000000001, 51.519999999999996, 51.33, 50.760000000000005, 50.99, 51.1, 51.18000000000001, 50.62, 51.01, 51.06, 51.05, 50.8, 51.51, 51.35999999999999, 51.349999999999994, 51.57000000000001, 51.23, 50.91, 51.580000000000005, 51.339999999999996, 50.8, 51.11, 51.64, 51.17, 51.13999999999999, 50.949999999999996, 51.160000000000004, 51.77, 51.65, 50.849999999999994]],