{
  "config": {
    "train_options": {
      "learning_rate": 0.05,
      "optimizer": "SGD",
      "batch_size": 128,
      "number_of_epochs": 300,
      "loss_parameters": {
        "temperature": 15,
        "distillation_type": "TRADITIONAL",
        "alpha": 0.9,
        "beta": 0.0
      }
    }
  },
  "results": {
    "train_losses": [
      [
        -3.6109374195098876, -3.652937830734253, -3.6763286952972414,
        -3.6921300804138184, -3.706122327423096, -3.717349502944946,
        -3.728121548461914, -3.7385494621276854, -3.7490365226745603,
        -3.7606880973815917, -3.771477755355835, -3.780684710693359,
        -3.7895842807769777, -3.797656240463257, -3.805062688446045,
        -3.812284180831909, -3.819205654525757, -3.8255295356750487,
        -3.8307010242462156, -3.8366359199523927, -3.8417594135284423,
        -3.846584377670288, -3.850910645675659, -3.854785676193237,
        -3.859364750289917, -3.863240683746338, -3.866555814743042,
        -3.8702086334228514, -3.8733927635192873, -3.8764135643005373,
        -3.879815617752075, -3.882754206085205, -3.8860450710296632,
        -3.8880090152740476, -3.8904000232696534, -3.893458811569214,
        -3.8961571159362793, -3.898087701416016, -3.900947903060913,
        -3.9026589515686037, -3.9045218727111815, -3.906718182373047,
        -3.908432518005371, -3.9109372077941895, -3.9119639110565188,
        -3.9135021595001223, -3.915610248184204, -3.917693362426758,
        -3.9185564178466796, -3.9202716510772704, -3.9205361850738525,
        -3.9235792404174803, -3.9247348972320557, -3.925415544128418,
        -3.927163020324707, -3.9285564212799073, -3.930288224029541,
        -3.9304791255950926, -3.931889684677124, -3.9328917377471924,
        -3.9338945972442625, -3.935317995452881, -3.9354997901916504,
        -3.9366515075683592, -3.937830936050415, -3.938664375305176,
        -3.940013065338135, -3.941161759567261, -3.9416110343933104,
        -3.942341471862793, -3.943033786392212, -3.944386789703369,
        -3.9447855976104735, -3.9455929927825926, -3.9468567264556884,
        -3.9470258811950685, -3.948535046005249, -3.9489178005218504,
        -3.9480308910369875, -3.949066662597656, -3.9501275104522704,
        -3.9660547500610353, -3.9730345920562744, -3.9752421211242677,
        -3.9769377830505372, -3.977775866699219, -3.9792085067749023,
        -3.980114181518555, -3.9804678970336913, -3.9811791496276854,
        -3.9820772804260254, -3.9827511154174804, -3.9831586433410644,
        -3.9841271018981934, -3.9842066802978517, -3.9847074195861816,
        -3.9854474128723143, -3.986151190185547, -3.9866959518432616,
        -3.986698274230957, -3.987501808166504, -3.9876927742004393,
        -3.9880988525390624, -3.9884468574523924, -3.988869017791748,
        -3.9893585762023926, -3.989894599914551, -3.990501605224609,
        -3.99011012878418
      ]
    ],
    "valid_losses": [
      [
        -3.634736588668823, -3.6622457397460937, -3.681400022888184,
        -3.6935424449920653, -3.703966156387329, -3.7161733947753905,
        -3.7173836742401125, -3.727313846588135, -3.738331801223755,
        -3.7499535640716553, -3.757946009063721, -3.7694937461853026,
        -3.776940176010132, -3.7891456157684327, -3.792135876083374,
        -3.79940668258667, -3.799919512557983, -3.809832734680176,
        -3.810369259262085, -3.814585531234741, -3.8129246284484863,
        -3.8160857482910155, -3.825249343109131, -3.8255692516326905,
        -3.8368950801849366, -3.8333127780914307, -3.8347117389678953,
        -3.8423156658172606, -3.838597758483887, -3.8416673358917235,
        -3.8427362922668458, -3.850650344085693, -3.849379566574097,
        -3.856480167388916, -3.8544756175994874, -3.8421682056427002,
        -3.8539594581604004, -3.8507335315704347, -3.8549806396484376,
        -3.8468707946777343, -3.856149768447876, -3.861233185195923,
        -3.861221668624878, -3.850281968307495, -3.8562302265167236,
        -3.8549415897369386, -3.8601786319732665, -3.8629819217681884,
        -3.858272356414795, -3.8602522399902344, -3.8525340061187743,
        -3.86038182220459, -3.8645827430725097, -3.857619920730591,
        -3.8656315574645994, -3.8616401100158693, -3.8602320568084716,
        -3.858255192184448, -3.857480160903931, -3.86198614654541,
        -3.861076424407959, -3.859587158203125, -3.8662770488739016,
        -3.865780780792236, -3.8642896976470946, -3.8707858158111574,
        -3.845746826171875, -3.8675892356872557, -3.8580851322174072,
        -3.8574619255065916, -3.8555451866149903, -3.865104922103882,
        -3.8702007335662842, -3.8636138626098635, -3.8674803520202636,
        -3.8683710746765136, -3.868621446990967, -3.860205461883545,
        -3.8732390060424806, -3.868962202453613, -3.868653489303589,
        -3.899310818862915, -3.9005638874053954, -3.9003856979370117,
        -3.899348808288574, -3.899589803314209, -3.8999065292358397,
        -3.899514387512207, -3.9012612537384035, -3.899564014816284,
        -3.900664992141724, -3.897689112854004, -3.8993122444152832,
        -3.8979830360412597, -3.8974168647766114, -3.897701623916626,
        -3.895658329772949, -3.8974315620422364, -3.8976566371917722,
        -3.8977128234863283, -3.897093970108032, -3.8966556888580324,
        -3.895625150299072, -3.895736067199707, -3.8944122024536134,
        -3.8948092922210695, -3.8957359870910646, -3.8939155952453612,
        -3.894101996612549
      ]
    ],
    "train_accs": [
      [
        4.0175, 8.877500000000001, 12.43, 15.177499999999998, 17.3975, 19.5025,
        21.4675, 23.5975, 25.430000000000003, 27.4225, 29.415000000000003,
        31.137500000000003, 32.879999999999995, 34.605000000000004,
        36.254999999999995, 37.8, 39.18, 40.445, 41.75, 43.169999999999995,
        44.105, 45.08, 46.1825, 46.965, 47.9275, 48.9625, 49.8575, 50.4775,
        51.3725, 52.27, 52.769999999999996, 53.715, 54.379999999999995,
        55.00000000000001, 55.3125, 56.375, 57.0325, 57.6775, 58.0225,
        58.647499999999994, 59.18, 59.985, 60.3625, 60.91, 61.12, 61.35,
        61.7525, 62.31, 62.685, 63.0725, 63.302499999999995, 63.9425,
        64.24499999999999, 64.2075, 64.9325, 65.315, 65.62750000000001, 65.57,
        66.0825, 66.4625, 66.605, 67.155, 66.945, 67.54, 67.5625, 67.7825,
        68.2625, 68.50500000000001, 68.74, 68.84, 69.0075, 69.375, 69.6375,
        69.7825, 70.135, 70.0775, 70.34, 70.625, 70.36, 70.75,
        70.91499999999999, 75.9225, 78.1775, 78.5725, 79.22749999999999,
        79.7225, 80.0425, 80.41, 80.66, 80.67, 81.01, 81.145, 81.3925, 81.465,
        81.795, 81.8775, 81.85249999999999, 82.2225, 82.43, 82.405,
        82.44749999999999, 82.5125, 82.7325, 83.0375, 82.84, 83.265,
        83.47250000000001, 83.475, 83.4025
      ]
    ],