{"config": {"train_options": {"learning_rate": 0.05, "optimizer": "SGD", "batch_size": 128, "number_of_epochs": 300, "loss_parameters": {"temperature": 20, "distillation_type": "TRADITIONAL", "alpha": 0.1, "beta": 0.0}}}, "results": {"train_losses": [[3.2714344425201416, 2.8205828884124755, 2.5024027320861815, 2.2194571727752685, 1.9933339097976686, 1.8018454635620118, 1.6502821714401246, 1.5219914066314697, 1.4095727045059203, 1.322048484802246, 1.2349818935394288, 1.1558287046432496, 1.1054547256469727, 1.0348145303726197, 0.9910135459899903, 0.9441891006469727, 0.9056407598495484, 0.8679611487388611, 0.8255502837181091, 0.7932932224273682, 0.7627456893920899, 0.7351750964164734, 0.7041854514122009, 0.6849109647750854, 0.6587440953731537, 0.6387058149337769, 0.610801301574707, 0.5902035922050476, 0.5732476273059844, 0.5548246930599212, 0.5385085632801055, 0.5188923770427704, 0.5047806745052338, 0.4842354151248932, 0.47525289554595945, 0.4557069276332855, 0.4468474339962006, 0.4330929482936859, 0.4165937165737152, 0.41099238777160646, 0.39734417338371275, 0.37683310441970824, 0.3670479658603668, 0.3616291585445404, 0.3491993259906769, 0.3431875225543976, 0.3330217291355133, 0.3276133722305298]], "valid_losses": [[3.1169297981262205, 2.7939611320495605, 2.5311942085266113, 2.535178332901001, 2.0432415870666505, 1.858309372329712, 1.7525615703582764, 1.7058925983428954, 1.5347795713424683, 1.4990066694259643, 1.4404060806274415, 1.4203358715057373, 1.4583915363311768, 1.44476421585083, 1.403254592514038, 1.313460020828247, 1.2999522247314452, 1.3516081047058106, 1.2604291767120361, 1.2153813440322876, 1.3524708292007446, 1.3500362169265747, 1.3081769664764404, 1.2263001731872558, 1.2467520576477051, 1.2291191707611084, 1.3687367790222167, 1.1804511791229249, 1.2530949531555176, 1.2290087902069091, 1.350287204360962, 1.4276993293762208, 1.3009688396453858, 1.229879271697998, 1.2150717319488524, 1.2345816104888916, 1.3448635559082032, 1.2809064041137694, 1.3631298645019532, 1.2785660320281982, 1.3180590396881104, 1.2084834423065185, 1.1987658905029297, 1.3117258335113526, 1.3591786869049072, 1.268012032699585, 1.3402329330444336, 1.2691711685180664]], "train_accs": [[5.8925, 13.135, 19.302500000000002, 24.86, 29.595, 33.89, 37.6175, 40.887499999999996, 43.4, 45.9375, 48.1375, 50.1675, 51.675000000000004, 53.4075, 54.55, 55.985, 56.785, 58.182500000000005, 59.075, 60.3225, 61.045, 61.2825, 62.55500000000001, 62.902499999999996, 63.707499999999996, 64.2625, 65.095, 65.825, 66.27, 66.6875, 67.1975, 67.855, 68.15, 68.9725, 69.095, 69.69999999999999, 69.61, 70.02000000000001, 70.73, 70.9125, 71.31, 71.6825, 72.195, 72.4925, 72.7575, 72.8625, 73.2575, 73.2975]], "valid_accs": [[8.110000000000001, 13.059999999999999, 18.65, 20.09, 29.53, 32.93, 35.4, 36.58, 40.48, 42.3, 42.96, 44.5, 43.43, 44.05, 45.87, 47.870000000000005, 48.089999999999996, 47.699999999999996, 49.24, 50.64999999999999, 47.93, 48.120000000000005, 49.309999999999995, 51.339999999999996, 50.739999999999995, 51.44, 48.870000000000005, 52.190000000000005, 51.4, 52.080000000000005, 49.69, 49.419999999999995, 51.839999999999996, 51.76, 53.15, 52.769999999999996, 50.88, 52.0, 50.22, 52.51, 51.49, 53.09, 53.669999999999995, 51.94, 51.6, 52.61, 52.190000000000005, 52.78]], "train_times": [[46.80999422073364, 46.699164390563965, 47.13930535316467, 46.82107853889465, 47.067270278930664, 47.99316382408142, 46.94316506385803, 47.26070833206177, 47.64423203468323, 47.46365690231323, 47.21075415611267, 47.186665296554565, 47.22955775260925, 47.23334050178528, 47.228665590286255, 47.19545555114746, 47.24635934829712, 47.241119384765625, 47.24639534950256, 47.22234344482422, 47.218918323516846, 47.379501819610596, 46.27052640914917, 46.150485038757324, 46.20497512817383, 46.15330529212952, 46.14400243759155, 46.18732404708862, 46.43251061439514, 46.113237619400024, 46.175307750701904, 46.15498328208923, 46.166245222091675, 46.15344214439392, 46.21788835525513, 46.123178005218506, 46.12094187736511, 46.10914349555969, 46.45178723335266, 46.18119144439697, 46.1700234413147, 46.101720571517944, 46.09246063232422, 46.10760235786438, 46.10616207122803, 46.10786414146423, 46.15584135055542, 46.12446188926697]], "valid_times": [[9.226885318756104, 9.176087617874146, 9.295033693313599, 9.202001810073853, 9.385000705718994, 9.284519672393799, 9.301513671875, 9.404003143310547, 9.38100266456604, 9.35004210472107, 9.346000909805298, 9.334000825881958, 9.333592891693115, 9.354999780654907, 9.351017475128174, 9.33306884765625, 9.488001585006714, 9.374271631240845, 9.344549179077148, 9.329106092453003, 9.345089673995972, 9.323893070220947, 9.11104130744934, 9.121536016464233, 9.120080471038818, 9.094072818756104, 9.12755537033081, 9.124109983444214, 9.13595461845398, 9.122508764266968, 9.11855435371399, 9.127788305282593, 9.115054845809937, 9.093589544296265, 9.095709800720215, 9.123155117034912, 9.110514879226685, 9.114505290985107, 9.092788219451904, 9.101447582244873, 9.117766380310059, 9.100507259368896, 9.105892896652222, 9.113300085067749, 9.104115724563599, 9.12345838546753, 9.130175590515137, 9.105192184448242]], "test_accuracy": 53.04, "convergence_iteration": 48}}