{"config": {"train_options": {"learning_rate": 0.01, "optimizer": "SGD", "batch_size": 128, "number_of_epochs": 300, "loss_parameters": {"temperature": 20, "distillation_type": "FILTER", "alpha": 0.5, "beta": 0.6}}}, "results": {"train_losses": [[5.731749887847901, 5.694625775909424, 5.683250992584228, 5.677267161560058, 5.677947079467773, 5.684424166870117, 5.69307191696167, 5.703878614807129, 5.716365869903565, 5.726412502288818, 5.737561228942871, 5.747646714019775, 5.7585334243774415, 5.768967694091796, 5.779692292022705, 5.788386847686768, 5.798207005310059, 5.808626073455811, 5.818439350891113, 5.8293443801879885, 5.838228344726563, 5.849744992828369, 5.861343441772461, 5.87233694229126]], "valid_losses": [[5.702530727386475, 5.684579986572266, 5.678059232330322, 5.677196827697754, 5.683101127624512, 5.694242040252686, 5.705634423828125, 5.716438916778564, 5.729089689636231, 5.740262810516358, 5.751359586334228, 5.76617133102417, 5.772434214782715, 5.788032476806641, 5.799357398223877, 5.82039485168457, 5.8229947296142575, 5.829035285949707, 5.841096222686768, 5.856289342498779, 5.86449729385376, 5.88657886428833, 5.886525944519043, 5.905624310302734]], "train_accs": [[2.905, 6.0925, 8.535, 10.7125, 11.9225, 13.22, 14.1575, 15.245000000000001, 16.1975, 17.5675, 18.6525, 19.7425, 20.544999999999998, 21.557499999999997, 22.755, 24.0475, 24.7175, 25.722499999999997, 26.6225, 27.4525, 28.810000000000002, 29.567500000000003, 30.37, 31.145]], "valid_accs": [[5.26, 8.37, 10.37, 11.81, 12.35, 13.450000000000001, 14.42, 15.28, 16.48, 17.919999999999998, 18.32, 18.92, 20.07, 21.11, 21.77, 21.82, 23.72, 25.28, 26.02, 26.529999999999998, 27.42, 27.85, 29.25, 28.74]], "train_times": [[121.61413192749023, 121.99741983413696, 121.46781635284424, 120.65272307395935, 120.85330247879028, 122.51172494888306, 121.07932901382446, 120.34306287765503, 119.61685705184937, 121.16727876663208, 121.18209791183472, 121.78738069534302, 120.0726170539856, 122.5330879688263, 122.27648830413818, 120.64394354820251, 121.16867303848267, 120.98711919784546, 121.28511309623718, 121.47840118408203, 121.53865647315979, 120.73182964324951, 121.08842444419861, 122.29951596260071]], "valid_times": [[23.448610067367554, 22.956306219100952, 23.040945768356323, 23.178701877593994, 23.495271682739258, 23.235265970230103, 23.300376415252686, 23.674657821655273, 23.377447605133057, 23.269797563552856, 23.256001949310303, 23.288890600204468, 23.445743560791016, 23.35170340538025, 23.043134450912476, 23.6379873752594, 23.493597984313965, 23.327882766723633, 23.3262197971344, 23.51013994216919, 23.306423902511597, 23.03062343597412, 23.384304523468018, 23.247959852218628]], "test_accuracy": 30.620000000000005, "convergence_iteration": 24}}