{
  "config": {
    "train_options": {
      "learning_rate": 0.05,
      "optimizer": "SGD",
      "batch_size": 128,
      "number_of_epochs": 300,
      "loss_parameters": {
        "temperature": 20,
        "distillation_type": "FILTER",
        "alpha": 0.9,
        "beta": 0.8
      }
    }
  },
  "results": {
    "train_losses": [
      [
        6.968670429229737, 7.1249395248413085, 7.275168619537354,
        7.4183949256896975, 7.554897315216064, 7.6849318206787105,
        7.809204190826416, 7.928251393127441, 8.042096551513671,
        8.151143856811524, 8.255576985168457, 8.35573106994629,
        8.451716928100586, 8.543844982910157, 8.632184907531737,
        8.717099456787109, 8.798634066772461, 8.876986764526368,
        8.952284367370606, 9.024681871032715, 9.094336128234863
      ]
    ],
    "valid_losses": [
      [
        7.047782850646973, 7.201643659973144, 7.3482543640136715,
        7.488130011749267, 7.621311614227295, 7.7482482551574705,
        7.870081642913818, 7.986338475799561, 8.09785876159668,
        8.20472320098877, 8.307054229736329, 8.405030438232421,
        8.499147532653808, 8.589493620300294, 8.675966567993164,
        8.759410386657715, 8.839277032470703, 8.916177821350098,
        8.990238157653808, 9.061165298461914, 9.129410862731934
      ]
    ],
    "train_accs": [
      [
        2.3125, 4.47, 5.455, 6.65, 7.779999999999999, 8.75, 9.7875, 10.845,
        11.55, 12.307500000000001, 13.1825, 13.5925, 14.295, 14.774999999999999,
        15.455, 16.0225, 16.427500000000002, 16.744999999999997, 17.4425, 17.95,
        18.57
      ]
    ],
    "valid_accs": [
      [
        3.6900000000000004, 5.21, 6.29, 7.21, 8.709999999999999, 9.49, 10.69,
        11.53, 12.18, 12.620000000000001, 12.53, 14.05, 14.14,
        14.649999999999999, 15.299999999999999, 15.45, 16.23, 16.63, 16.81,
        17.21, 17.45
      ]
    ],
    "train_times": [
      [
        128.37442898750305, 127.62391400337219, 130.80449104309082,
        129.58842062950134, 129.48861598968506, 127.92016339302063,
        130.48921608924866, 128.4668893814087, 128.31503796577454,
        128.89401006698608, 128.27391004562378, 128.15438985824585,
        129.68070650100708, 129.54167008399963, 129.7879707813263,
        129.48856902122498, 128.79738688468933, 128.81594491004944,
        127.75867772102356, 130.7833957672119, 130.86275029182434
      ]
    ],
    "valid_times": [
      [
        24.218793630599976, 24.6231689453125, 25.081576585769653,
        25.0039803981781, 25.401756763458252, 25.49554133415222,
        25.561250686645508, 24.078601360321045, 26.07353901863098,
        25.815333127975464, 24.66109323501587, 24.937683582305908,
        25.37574601173401, 24.97504734992981, 25.330889225006104,
        23.95932388305664, 24.84747576713562, 24.777389764785767,
        25.846962690353394, 25.54836654663086, 25.28137230873108
      ]
    ],
    "test_accuracy": 18.4,
    "convergence_iteration": 21
  }
}
