{"config": {"train_options": {"learning_rate": 0.05, "optimizer": "SGD", "batch_size": 128, "number_of_epochs": 300, "loss_parameters": {"temperature": 20, "distillation_type": "FILTER", "alpha": 0.1, "beta": 0.3}}}, "results": {"train_losses": [[5.1105037132263185, 4.806572001647949, 4.6310240783691405, 4.488947842407226, 4.358979175567627, 4.242648906707764, 4.143066162872315, 4.053354732513427, 3.9728487972259523, 3.9065386528015136, 3.845280186462402, 3.7873358016967775, 3.73856248588562, 3.6886339599609377, 3.645831423950195, 3.598061408996582, 3.560085517120361, 3.5169642642974854, 3.4747343883514406, 3.446977533721924, 3.4075775588989257, 3.3706006202697756, 3.3379167476654055, 3.3051600357055664, 3.2756759922027587, 3.2359557720184324, 3.2077809085845947, 3.171302548599243, 3.143441786956787, 3.1154636177062986, 3.085739017868042, 3.0596666023254393, 3.022891583633423, 2.9934296268463134, 2.9669871952056885, 2.936495419692993, 2.9072839237213133, 2.8805494201660156, 2.8514100688934327, 2.819032221221924, 2.794097128677368, 2.7693178802490235, 2.7374191638946535, 2.7134460945129395, 2.687426258468628, 2.6552392463684082, 2.6325970932006837, 2.605279655075073, 2.5786512062072755, 2.5497932895660402, 2.5235606105804442, 2.506328394699097, 2.474541469955444, 2.450474195480347, 2.4237515258789064, 2.4007574485778806, 2.3772525741577146, 2.3499285900115967, 2.326431339645386, 2.3033081844329835, 2.2769218841552736, 2.2568278186798096, 2.228230233001709, 2.210590856552124, 2.1875149147033692, 2.1587156797409057, 2.136582999229431, 2.1127024028778076, 2.096462907028198, 2.0747291728973387, 2.0490675275802612, 2.0341534112930297, 2.006481344795227, 1.9804279104232787, 1.9612781269073487, 1.9440421102523804, 1.9212666389465332, 1.893800743484497, 1.879494757461548, 1.8480720888137818, 1.8346456813812255, 1.7304837377548217, 1.6931416343688965, 1.6864815019607544, 1.689974143218994, 1.6939522123336792, 1.6974752054214477, 1.706450792503357, 1.7115902202606201, 1.723885117340088, 1.7333037801742555, 1.7403254438400269, 1.749969571685791, 1.759201683807373, 1.7657484117507936, 1.7731673887252808, 1.782274154663086, 1.7940204912185669, 1.8004715309143067, 1.810705136489868, 1.8197684339523315, 1.8312610231399535]], "valid_losses": [[5.063787696838379, 4.773602745056152, 4.632480767059326, 4.5458871978759765, 4.444843450927735, 4.542551428222656, 4.308570350646972, 4.260811431121827, 4.24062064666748, 4.103802366638184, 4.037523884963989, 3.9994659736633302, 3.93177932434082, 3.9152435123443605, 3.9141082447052002, 3.8726563285827638, 3.890511099624634, 3.8292236671447752, 3.7612673732757567, 3.7500484428405763, 3.728796752166748, 3.6738775592803954, 3.7345362243652342, 3.691544295501709, 3.672848594665527, 3.7380499496459962, 3.578056116104126, 3.574552299118042, 3.5450315006256106, 3.5251305625915528, 3.51653332901001, 3.533219065475464, 3.5264958618164064, 3.5066509838104247, 3.4857861267089842, 3.4720029327392576, 3.4458892250061037, 3.4108437088012695, 3.3499141902923584, 3.338565518951416, 3.3597734619140627, 3.358727449417114, 3.269423690032959, 3.366703746032715, 3.277336882781982, 3.2666732555389406, 3.2495908866882326, 3.2348558540344237, 3.188303229522705, 3.175731701660156, 3.170621271133423, 3.18799687461853, 3.1199047138214113, 3.0961326461791994, 3.065598338317871, 3.0669082275390624, 3.0226254402160646, 3.1560621326446534, 3.143313550186157, 2.9631732093811034, 3.042548699569702, 2.9541252368927, 2.988617985534668, 2.9275279525756837, 2.8844591316223145, 2.8817629440307617, 2.8357381526947023, 2.87438355178833, 2.874942497253418, 2.817828778076172, 2.8805280471801757, 2.75171746673584, 2.838305475616455, 2.7984455451965333, 2.816149530792236, 2.7891541763305665, 2.754264818572998, 2.729582671356201, 2.7363050746917725, 2.6450710578918457, 2.6337890045166015, 2.3715333965301513, 2.392793313598633, 2.4099480354309084, 2.416657738494873, 2.4476443054199217, 2.4471280620574953, 2.473671072769165, 2.4914641159057616, 2.4997625644683836, 2.5222628524780273, 2.5406245445251465, 2.5565639656066894, 2.5786039653778077, 2.5884236011505126, 2.598966683959961, 2.6179506000518797, 2.6285803733825683, 2.6534527732849122, 2.6717769062042236, 2.688762366104126, 2.706223812866211]], "train_accs": [[7.034999999999999, 14.682500000000001, 20.13, 24.645, 28.98, 33.15, 36.355, 39.8225, 42.495, 44.8875, 47.1975, 48.917500000000004, 50.39, 52.085, 53.3975, 54.7475, 55.94749999999999, 57.292500000000004, 58.2125, 58.977500000000006, 59.94500000000001, 60.83, 61.517500000000005, 62.39, 62.787499999999994, 63.885000000000005, 64.31750000000001, 64.955, 65.3575, 65.9675, 66.28500000000001, 66.7225, 67.41, 67.5775, 68.1425, 68.72, 69.245, 69.3325, 69.76, 70.3125, 70.7175, 70.67750000000001, 71.31, 71.5, 71.76249999999999, 72.41250000000001, 72.33000000000001, 72.7025, 72.975, 73.24000000000001, 73.825, 73.4925, 73.75500000000001, 74.105, 74.22, 74.655, 74.9675, 75.0825, 75.3225, 75.435, 75.69, 75.5575, 76.0525, 76.03, 76.095, 76.53999999999999, 76.7525, 77.0425, 77.2025, 76.915, 77.47, 77.315, 77.58749999999999, 78.0, 78.03, 77.92750000000001, 77.92750000000001, 78.3575, 78.2, 78.7825, 78.16, 83.59, 86.315, 87.4725, 87.86749999999999, 88.565, 88.8925, 89.2375, 89.5575, 89.765, 89.865, 90.19749999999999, 90.25, 90.545, 90.825, 91.14750000000001, 91.21000000000001, 91.1875, 91.51, 91.4575, 91.7225, 91.835]], "valid_accs": [[8.74, 16.09, 20.65, 23.84, 26.71, 26.58, 31.790000000000003, 34.38, 34.73, 38.79, 41.29, 41.97, 44.22, 44.86, 45.01, 45.629999999999995, 45.129999999999995, 46.81, 49.309999999999995, 48.76, 50.05, 50.93, 49.01, 50.480000000000004, 50.7, 48.49, 52.23, 51.85999999999999, 52.52, 53.16, 53.11, 51.71, 52.080000000000005, 51.849999999999994, 51.910000000000004, 51.959999999999994, 52.54, 53.33, 54.09, 54.03, 53.349999999999994, 53.22, 54.99000000000001, 52.01, 53.09, 52.99, 54.2, 54.010000000000005, 54.300000000000004, 54.449999999999996, 54.04, 53.81, 53.89000000000001, 53.81, 55.03, 54.59, 54.75, 52.96999999999999, 51.57000000000001, 55.37, 54.26, 54.32, 54.6, 54.16, 54.89000000000001, 56.34, 54.99000000000001, 54.97, 54.67999999999999, 55.510000000000005, 52.849999999999994, 55.379999999999995, 54.11, 54.459999999999994, 53.55, 53.559999999999995, 54.22, 54.48, 53.02, 54.730000000000004, 54.33, 61.83, 61.86000000000001, 62.050000000000004, 62.2, 62.27, 62.6, 61.760000000000005, 61.94, 62.31, 62.239999999999995, 62.0, 61.96, 61.919999999999995, 62.13999999999999, 62.53999999999999, 62.0, 62.029999999999994, 62.03999999999999, 61.96, 62.21, 61.92999999999999]],