{"config": {"train_options": {"learning_rate": 0.005, "optimizer": "SGD", "batch_size": 128, "number_of_epochs": 300, "loss_parameters": {"temperature": 5, "distillation_type": "FILTER", "alpha": 0.8, "beta": 0.7}}}, "results": {"train_losses": [[6.301779057312012, 6.306649758148193, 6.318571807861328, 6.330325256347656, 6.342710639190674, 6.355627125549316, 6.3672612922668455, 6.37965313873291, 6.39165126953125, 6.404027490997314, 6.415682607269287, 6.42793226776123, 6.4394633522033695, 6.450655104064942, 6.462454624938965, 6.473772859191895, 6.485946598815918, 6.497959118652344, 6.51003627243042, 6.522154134368897, 6.533653873443604]], "valid_losses": [[6.302236210632325, 6.313837595367431, 6.324493049621582, 6.33647374420166, 6.349142693328857, 6.36240143814087, 6.374238577270508, 6.387042763519287, 6.398405714416504, 6.412134659576416, 6.4229016105651855, 6.432218614196778, 6.445680177307129, 6.455201823425293, 6.467403059387207, 6.479654177856445, 6.492613238525391, 6.503914964294434, 6.514432648468017, 6.528271042633056, 6.539839247131348]], "train_accs": [[1.9075000000000002, 2.4525, 2.7125, 3.3575, 3.9125, 4.1375, 4.645, 5.1475, 5.6425, 5.9425, 6.2725, 6.569999999999999, 6.834999999999999, 7.205, 7.6075, 7.9975000000000005, 8.32, 8.5275, 8.81, 9.1025, 9.42]], "valid_accs": [[2.3800000000000003, 2.48, 3.06, 3.4799999999999995, 3.9699999999999998, 4.51, 4.859999999999999, 5.75, 6.069999999999999, 6.3100000000000005, 6.47, 7.04, 7.41, 7.51, 8.09, 8.28, 8.4, 9.16, 8.98, 9.74, 10.22]], "train_times": [[125.05788350105286, 123.43097114562988, 125.94418001174927, 122.68654656410217, 123.38438391685486, 124.89186358451843, 124.37196016311646, 124.40552854537964, 123.61907696723938, 122.37396454811096, 124.58188438415527, 123.17959594726562, 124.75319576263428, 123.54024910926819, 122.34553933143616, 124.23994612693787, 123.20948052406311, 124.60052633285522, 123.22503638267517, 122.29541206359863, 124.99982738494873]], "valid_times": [[24.229300498962402, 23.728453636169434, 23.441948652267456, 24.99004101753235, 23.89614176750183, 24.20610547065735, 23.861003875732422, 23.661603212356567, 24.432466506958008, 23.436806440353394, 23.478954076766968, 24.286654710769653, 23.572646379470825, 24.588488578796387, 24.210938692092896, 23.40088438987732, 23.770980834960938, 23.749244451522827, 25.080200910568237, 23.697848558425903, 24.308608531951904]], "test_accuracy": 9.86, "convergence_iteration": 21}}