{"config": {"train_options": {"learning_rate": 0.01, "optimizer": "SGD", "batch_size": 128, "number_of_epochs": 300, "loss_parameters": {"temperature": 5, "distillation_type": "FILTER", "alpha": 0.8, "beta": 0.4}}}, "results": {"train_losses": [[2.9793598094940186, 2.972158179473877, 2.9724485900878905, 2.973405336761475, 2.977610639953613, 2.9818854660034178, 2.985286907196045, 2.9906688568115234, 2.9965923404693604, 3.0056407012939452, 3.0145327613830566, 3.0233086151123048, 3.0339054275512694, 3.0447382507324217, 3.0527017974853514, 3.062000341796875, 3.0725711750030515, 3.080913677597046, 3.0914122352600097, 3.100514707946777, 3.1086752880096435, 3.116677039337158, 3.1244886840820314]], "valid_losses": [[2.9694261894226073, 2.969921019744873, 2.967247627258301, 2.9722398868560793, 2.9771364891052245, 2.982111536026001, 2.987031108093262, 2.993935415649414, 3.0008684757232666, 3.00960517578125, 3.0225820495605467, 3.030162823867798, 3.040110357666016, 3.048659785461426, 3.0632810749053956, 3.0690555114746094, 3.080689541244507, 3.089383910369873, 3.0993853118896486, 3.1134566673278807, 3.1207879974365236, 3.127390606689453, 3.1353272796630858]], "train_accs": [[2.4625, 4.54, 5.8675, 7.4475, 8.9225, 10.105, 11.44, 12.36, 13.23, 14.249999999999998, 14.802499999999998, 15.36, 16.2725, 16.939999999999998, 17.657500000000002, 18.16, 18.9575, 19.585, 20.385, 21.2425, 21.912499999999998, 22.4925, 23.26]], "valid_accs": [[3.53, 4.87, 6.4399999999999995, 7.739999999999999, 8.42, 9.569999999999999, 11.09, 12.0, 13.059999999999999, 13.34, 14.49, 15.25, 15.42, 16.6, 16.2, 17.37, 17.87, 18.86, 19.38, 19.6, 20.61, 21.08, 22.25]], "train_times": [[125.09037351608276, 123.93686556816101, 125.13998126983643, 124.46430850028992, 124.93801951408386, 123.48759174346924, 124.93155598640442, 125.62864255905151, 124.7921712398529, 124.39444947242737, 126.27757024765015, 124.21138906478882, 124.80212545394897, 125.97288823127747, 125.10317301750183, 124.50211119651794, 124.30523228645325, 124.91161155700684, 124.68438959121704, 124.87597846984863, 124.33866620063782, 125.35933995246887, 125.03191232681274]], "valid_times": [[24.00222134590149, 24.21854591369629, 23.79874086380005, 23.79636311531067, 24.14137077331543, 23.94496750831604, 23.78449010848999, 24.250714540481567, 23.613382816314697, 23.828335285186768, 23.940249919891357, 24.02184748649597, 24.135979413986206, 23.80258870124817, 23.745816469192505, 24.002994775772095, 23.726715803146362, 23.880262851715088, 23.63225221633911, 24.20368266105652, 23.78504252433777, 23.893110275268555, 23.63767099380493]], "test_accuracy": 22.84, "convergence_iteration": 23}}