{"config": {"train_options": {"learning_rate": 0.05, "optimizer": "SGD", "batch_size": 128, "number_of_epochs": 300, "loss_parameters": {"temperature": 20, "distillation_type": "FILTER", "alpha": 0.6, "beta": 0.8}}}, "results": {"train_losses": [[7.520666979980469, 7.644578060913086, 7.773667443084717, 7.903786214447021, 8.030017924499512, 8.150320642089843, 8.265333172607422, 8.37532508392334, 8.480577099609375, 8.581098193359376, 8.677495532226562, 8.768828190612792, 8.857220875549316, 8.941818142700196, 9.02289286956787, 9.100704652404785, 9.175587976074219, 9.247846914672852, 9.316730905151367, 9.383018659973144, 9.447258686828613]], "valid_losses": [[7.584895204925537, 7.7137910247802735, 7.842988079833984, 7.9737578407287595, 8.099530267333984, 8.216203994750977, 8.333403190612794, 8.442413520812988, 8.54698424835205, 8.645188525390624, 8.739163404846192, 8.825679179382325, 8.913108711242677, 8.999793029785156, 9.077436198425293, 9.160129399108886, 9.23034249572754, 9.302878932189941, 9.37205271911621, 9.440317008972167, 9.507507698059083]], "train_accs": [[3.0625, 8.035, 11.5675, 14.265, 16.21, 18.425, 20.465, 22.2225, 23.965, 25.5575, 27.132499999999997, 28.685, 30.294999999999998, 32.1325, 33.5475, 35.0725, 36.5425, 37.5475, 39.265, 40.4075, 41.43]], "valid_accs": [[5.82, 8.91, 11.87, 14.04, 15.5, 17.330000000000002, 18.740000000000002, 19.900000000000002, 20.979999999999997, 22.46, 23.7, 26.68, 27.48, 28.16, 30.270000000000003, 30.020000000000003, 32.800000000000004, 32.86, 34.11, 33.77, 34.37]], "train_times": [[120.8047263622284, 125.13570356369019, 121.00678372383118, 124.83250856399536, 121.41756510734558, 125.3277280330658, 122.81058144569397, 123.76223015785217, 124.19549822807312, 124.51672434806824, 122.9952986240387, 123.70306015014648, 125.39991307258606, 124.70271134376526, 125.35050678253174, 121.26704907417297, 123.1688506603241, 124.61362648010254, 125.53565573692322, 125.19617414474487, 122.10976576805115]], "valid_times": [[23.123317003250122, 23.31342911720276, 23.573900938034058, 23.349342107772827, 23.972331523895264, 24.02161431312561, 23.870525598526, 23.143524408340454, 23.826944828033447, 23.945661783218384, 23.05699586868286, 23.50564479827881, 23.593950033187866, 23.85326862335205, 23.572835445404053, 23.378418922424316, 23.894728183746338, 23.992535829544067, 24.280418395996094, 23.637384176254272, 23.381362199783325]], "test_accuracy": 35.88, "convergence_iteration": 21}}