{"config": {"train_options": {"learning_rate": 0.01, "optimizer": "SGD", "batch_size": 128, "number_of_epochs": 300, "loss_parameters": {"temperature": 10, "distillation_type": "FILTER", "alpha": 0.8, "beta": 0.8}}}, "results": {"train_losses": [[7.119187250518799, 7.146625527954102, 7.177823811340332, 7.208693032836914, 7.239720567321777, 7.270482550811767, 7.301040092468262, 7.331193367767334, 7.361133488464356, 7.390631364440918, 7.4196928672790525, 7.4486800575256344, 7.476954806518554, 7.505325646209717, 7.533236944580078, 7.56115862197876, 7.588693878936768, 7.615925459289551, 7.642962689208985, 7.67003014831543, 7.696448287200928]], "valid_losses": [[7.131286338806152, 7.161964378356934, 7.192950187683105, 7.223853671264648, 7.254643850708008, 7.2857294914245605, 7.31598235168457, 7.346312260437012, 7.376021801757813, 7.405363248443604, 7.434341199493408, 7.463023778533936, 7.491253002929687, 7.519391825866699, 7.547243667602539, 7.575320525360107, 7.602338822174072, 7.629820166015625, 7.656203745269775, 7.683097807312012, 7.709320737457276]], "train_accs": [[1.5174999999999998, 2.5275, 3.215, 3.73, 4.3999999999999995, 4.7825, 5.36, 5.815, 6.38, 6.895, 7.3325000000000005, 7.6850000000000005, 8.2925, 8.665000000000001, 9.1775, 9.307500000000001, 9.89, 10.3225, 10.495000000000001, 11.1025, 11.450000000000001]], "valid_accs": [[2.39, 2.9499999999999997, 3.61, 4.18, 4.75, 5.510000000000001, 5.64, 6.35, 6.59, 7.16, 7.670000000000001, 7.9799999999999995, 8.75, 8.93, 9.26, 9.86, 10.09, 10.58, 11.04, 11.24, 11.600000000000001]], "train_times": [[124.51386666297913, 125.14628028869629, 123.68231534957886, 125.53690195083618, 122.64690160751343, 123.76377391815186, 123.64883303642273, 125.13804936408997, 123.18185901641846, 125.26081848144531, 122.94012665748596, 123.5956540107727, 123.86581873893738, 124.09425640106201, 123.84015035629272, 122.60739350318909, 125.57858037948608, 123.24232649803162, 124.04299283027649, 123.30007815361023, 124.65005373954773]], "valid_times": [[24.12072730064392, 24.837411880493164, 23.46696376800537, 24.430425882339478, 23.348140954971313, 23.717137575149536, 23.572157859802246, 24.31095027923584, 23.96549701690674, 23.72083067893982, 23.24029779434204, 23.367340326309204, 23.426056146621704, 23.722675800323486, 24.725329399108887, 23.74779486656189, 23.815750122070312, 23.362106800079346, 24.199338674545288, 23.492233514785767, 23.633843898773193]], "test_accuracy": 11.709999999999999, "convergence_iteration": 21}}