{"config": {"train_options": {"learning_rate": 0.01, "optimizer": "SGD", "batch_size": 128, "number_of_epochs": 300, "loss_parameters": {"temperature": 15, "distillation_type": "FILTER", "alpha": 0.5, "beta": 0.3}}}, "results": {"train_losses": [[2.8583665096282957, 2.7421034313201904, 2.67319443359375, 2.6296174800872802, 2.5947546440124514, 2.5635813789367674, 2.533126787185669, 2.5048386306762693, 2.4803936531066895, 2.4610696937561034, 2.4418562999725344, 2.424550006866455, 2.415141473007202, 2.401911334991455, 2.391277033996582, 2.3791776084899903, 2.3705150871276857, 2.3602685882568357, 2.350204043197632, 2.3429618186950685, 2.335159215927124, 2.3279129516601564, 2.320555409240723, 2.31484083480835, 2.308264186096191, 2.3001858463287355, 2.2955232791900633, 2.292308458328247, 2.288117562866211, 2.2819899505615235, 2.2798902088165285, 2.2782400676727295, 2.27572460899353, 2.2734959762573244, 2.271611466217041, 2.2706187419891357, 2.2697121520996095, 2.2664885665893553, 2.26670811958313, 2.2660389015197753, 2.2684622039794924, 2.265987336730957, 2.264585890197754, 2.2647597507476807, 2.2630414436340334, 2.2668198028564452]], "valid_losses": [[2.7967409881591796, 2.7105112503051756, 2.6572422077178954, 2.6614822311401367, 2.617376495361328, 2.577846615600586, 2.5537465850830077, 2.5332745975494384, 2.5049274688720704, 2.4900137397766113, 2.477803807449341, 2.460529151535034, 2.4588067890167236, 2.457705485534668, 2.464566242599487, 2.4452041717529296, 2.4538752910614012, 2.4469699878692626, 2.434037084579468, 2.4295311737060548, 2.4080488555908204, 2.3955365547180176, 2.3817579444885255, 2.391902583312988, 2.3859672485351564, 2.3719983978271486, 2.394235929107666, 2.385135692214966, 2.391779189300537, 2.387562881088257, 2.3882984104156493, 2.3823105754852296, 2.3834479988098143, 2.3760601886749266, 2.3865049934387206, 2.3889113983154298, 2.4055034759521483, 2.388848580169678, 2.4011903190612793, 2.394008059692383, 2.4237886638641357, 2.4061112365722654, 2.435755815124512, 2.424781229019165, 2.4449982788085936, 2.4448756469726565]], "train_accs": [[3.3300000000000005, 6.959999999999999, 9.945, 12.5425, 14.567499999999999, 16.6125, 18.77, 20.7075, 22.2425, 23.925, 25.522499999999997, 27.055, 28.0225, 29.49, 30.307499999999997, 31.887500000000003, 33.08, 34.5375, 35.5975, 36.6, 37.765, 38.6625, 39.7175, 40.785, 41.4875, 42.5975, 43.585, 44.5475, 45.275, 46.1675, 46.77, 47.465, 48.365, 48.9625, 49.495, 50.0875, 50.592499999999994, 51.35999999999999, 51.895, 52.4825, 52.76, 53.515, 54.3975, 54.620000000000005, 55.605000000000004, 55.589999999999996]], "valid_accs": [[4.96, 8.219999999999999, 10.89, 11.64, 14.06, 16.34, 18.39, 19.99, 21.89, 23.830000000000002, 24.21, 25.45, 26.419999999999998, 26.8, 27.250000000000004, 28.27, 28.96, 29.609999999999996, 31.130000000000003, 32.29, 33.42, 35.010000000000005, 36.47, 36.24, 37.21, 39.379999999999995, 37.79, 39.21, 39.61, 39.739999999999995, 40.94, 41.61, 42.120000000000005, 42.53, 42.43, 43.309999999999995, 43.28, 44.17, 43.9, 45.09, 43.56, 45.28, 43.730000000000004, 45.03, 44.37, 44.67]], "train_times": [[121.2614734172821, 121.46766638755798, 120.44813632965088, 121.03556418418884, 121.14124369621277, 121.82032656669617, 120.02806305885315, 121.2054226398468, 121.24964499473572, 121.77803373336792, 120.65988755226135, 120.32920503616333, 122.2030668258667, 119.62718725204468, 120.7900652885437, 121.04790830612183, 120.10516476631165, 120.88147449493408, 121.79213643074036, 120.71422863006592, 120.36228775978088, 120.27349400520325, 121.30397844314575, 121.22118830680847, 120.88269448280334, 120.80152034759521, 121.19685626029968, 120.72033333778381, 122.96525645256042, 121.38486433029175, 120.32498216629028, 121.62478399276733, 121.29547929763794, 121.52321314811707, 121.24586296081543, 119.79349827766418, 121.16163349151611, 121.61164617538452, 120.07284641265869, 120.15923810005188, 120.71655249595642, 121.2919602394104, 120.0595932006836, 120.85213851928711, 120.68231654167175, 121.15671396255493]], "valid_times": [[23.538642168045044, 23.79278254508972, 23.306751489639282, 23.287763118743896, 23.545746326446533, 23.865227937698364, 23.899007081985474, 23.731152534484863, 24.521180868148804, 24.00646162033081, 23.917966842651367, 23.725843906402588, 23.776572704315186, 23.67573595046997, 23.807358264923096, 23.85862636566162, 23.724615335464478, 24.457486867904663, 23.94721794128418, 23.709923267364502, 23.977145195007324, 23.886832237243652, 24.115087270736694, 23.556203842163086, 23.548782110214233, 23.549829483032227, 24.02461075782776, 23.608693838119507, 23.669660806655884, 24.10594630241394, 23.66573429107666, 23.982834577560425, 23.825796842575073, 23.79864501953125, 23.58016872406006, 24.208550930023193, 23.92227792739868, 23.902753829956055, 23.83917737007141, 23.612886428833008, 23.843201398849487, 23.62032413482666, 23.50859308242798, 24.216400146484375, 23.55034875869751, 23.881691217422485]], "test_accuracy": 46.26, "convergence_iteration": 46}}