{"config": {"train_options": {"learning_rate": 0.005, "optimizer": "SGD", "batch_size": 128, "number_of_epochs": 300, "loss_parameters": {"temperature": 10, "distillation_type": "FILTER", "alpha": 0.3, "beta": 0.7}}}, "results": {"train_losses": [[7.314046505737305, 7.291826826477051, 7.277336414337158, 7.265474025726318, 7.26233138961792, 7.262043982696533, 7.262323518371582, 7.261761723327637, 7.26114376296997, 7.260117500305176, 7.2610427864074705, 7.26281862411499, 7.266209071350097, 7.270059358215332, 7.274482637023926, 7.279728586578369, 7.285168236541748, 7.290198475646973, 7.29460447845459, 7.299604294586182, 7.30471111907959, 7.308610609436035, 7.314362195587158, 7.319124236297608]], "valid_losses": [[7.29498077545166, 7.285274378204345, 7.269297434997559, 7.265011809539795, 7.2651228393554685, 7.2671094902038575, 7.2689399253845215, 7.267742436218262, 7.267158782196045, 7.268937210083008, 7.273642168426513, 7.276022354125977, 7.280060587310791, 7.28281654586792, 7.291304758453369, 7.293322880554199, 7.3051322654724125, 7.30728610458374, 7.314857587432861, 7.318357122802734, 7.3218629318237305, 7.3281936347961425, 7.342052983856201, 7.342006479644775]], "train_accs": [[2.5175, 4.215, 5.745, 6.4799999999999995, 7.71, 8.72, 9.7725, 10.92, 12.1075, 13.197500000000002, 14.042499999999999, 14.745, 15.345, 16.195, 16.947499999999998, 17.4425, 17.9675, 18.637500000000003, 19.245, 20.0775, 20.66, 21.345, 22.1975, 22.5275]], "valid_accs": [[3.45, 4.93, 5.6000000000000005, 6.859999999999999, 8.03, 8.76, 9.5, 10.75, 12.29, 13.03, 13.62, 14.05, 14.75, 15.509999999999998, 16.09, 16.72, 17.31, 17.599999999999998, 18.509999999999998, 18.9, 19.73, 20.630000000000003, 20.36, 21.37]], "train_times": [[120.79306554794312, 121.3599796295166, 120.38241338729858, 120.71898627281189, 122.23740005493164, 119.7357394695282, 120.11637306213379, 121.35867094993591, 121.06593179702759, 121.27314829826355, 120.62949657440186, 121.29302597045898, 120.480633020401, 119.90456581115723, 120.98625755310059, 121.99538278579712, 121.29136562347412, 121.5095911026001, 120.91884779930115, 119.67125701904297, 121.63185858726501, 121.278235912323, 120.80097913742065, 120.38857960700989]], "valid_times": [[23.436023473739624, 23.358502864837646, 23.213156938552856, 23.219960689544678, 23.03143334388733, 23.11698627471924, 23.150161266326904, 23.28614640235901, 22.998908519744873, 23.24151921272278, 23.24904465675354, 23.787312269210815, 23.377898931503296, 23.328736543655396, 23.199249982833862, 24.13300323486328, 23.135451316833496, 23.227686166763306, 23.06691861152649, 23.395156860351562, 23.40001654624939, 23.21288299560547, 23.08332633972168, 23.189427614212036]], "test_accuracy": 22.8, "convergence_iteration": 24}}