{"config": {"train_options": {"learning_rate": 0.01, "optimizer": "SGD", "batch_size": 128, "number_of_epochs": 300, "loss_parameters": {"temperature": 5, "distillation_type": "FILTER", "alpha": 0.8, "beta": 0.5}}}, "results": {"train_losses": [[4.074676824951172, 4.076060823822021, 4.081160105133057, 4.087703505706787, 4.09822928237915, 4.109615711212158, 4.1215299659729006, 4.134235865020752, 4.146794140625, 4.159153572845459, 4.170696404266358, 4.185151025390625, 4.197536012268066, 4.211734196472168, 4.226795256042481, 4.239371522521973, 4.254436895751953, 4.266895901489258, 4.280203643798828, 4.293532398223877, 4.30807456741333]], "valid_losses": [[4.072870460510254, 4.080388956451416, 4.086045133972168, 4.093267472839355, 4.104657820129394, 4.118085869598389, 4.133807220458984, 4.145542458343506, 4.157986347961426, 4.170051683807373, 4.183976066589356, 4.19686460571289, 4.209141613006592, 4.223268111419678, 4.239095051574707, 4.251079096221924, 4.26765305480957, 4.277797027587891, 4.2935285568237305, 4.309280702209473, 4.316992296600342]], "train_accs": [[1.68, 3.5749999999999997, 5.1725, 6.52, 8.01, 9.0825, 10.1925, 11.1375, 12.4875, 13.0375, 14.12, 14.872499999999999, 15.504999999999999, 16.134999999999998, 16.805, 17.299999999999997, 18.1225, 18.8025, 19.4625, 20.1625, 20.8075]], "valid_accs": [[2.42, 4.72, 6.22, 7.489999999999999, 8.66, 9.98, 10.79, 11.469999999999999, 12.6, 13.639999999999999, 13.98, 15.5, 15.82, 16.36, 17.27, 17.599999999999998, 18.18, 19.139999999999997, 19.05, 20.09, 20.71]], "train_times": [[122.74529099464417, 124.16798186302185, 123.68084526062012, 124.12256121635437, 123.31589412689209, 123.4000608921051, 123.2935299873352, 123.80595779418945, 123.09080195426941, 124.27355027198792, 122.75336456298828, 123.56888055801392, 122.88857460021973, 123.96595430374146, 123.23402428627014, 124.25719141960144, 123.18730688095093, 123.18720364570618, 123.50950407981873, 122.76544690132141, 124.39368987083435]], "valid_times": [[23.96662735939026, 23.61810326576233, 23.282864570617676, 23.54332947731018, 23.85007357597351, 23.510753631591797, 23.696988821029663, 23.762104511260986, 23.870490789413452, 23.526418447494507, 23.533162117004395, 23.616480112075806, 23.90770673751831, 23.70899200439453, 23.53926944732666, 23.583797454833984, 23.652989387512207, 23.673340320587158, 23.51172661781311, 23.52247714996338, 23.573707342147827]], "test_accuracy": 21.11, "convergence_iteration": 21}}