{"config": {"train_options": {"learning_rate": 0.01, "optimizer": "SGD", "batch_size": 128, "number_of_epochs": 300, "loss_parameters": {"temperature": 5, "distillation_type": "FILTER", "alpha": 0.2, "beta": 0.5}}}, "results": {"train_losses": [[6.260263336181641, 6.106699225616455, 6.03440972290039, 6.0029852561950685, 5.979193937683106, 5.959228095245361, 5.9360386047363285, 5.912869399261474, 5.887794383239746, 5.87111480102539, 5.855649507141114, 5.8355261360168456, 5.82387760848999, 5.814079957580566, 5.805377549743652, 5.7964807113647465, 5.7878409851074215, 5.781586571502686, 5.776935746765137, 5.7711276489257815, 5.76663624420166, 5.764474075317382, 5.763032497406006, 5.759948358154297, 5.754212030792236, 5.7544319046020505, 5.754528905487061, 5.751117200469971, 5.754025889587402, 5.7520480125427245, 5.754704863739014, 5.753864450836182, 5.755020299530029, 5.7588039436340335, 5.757793552398682, 5.758675907897949, 5.760542108154297, 5.759085778808593, 5.762927307128907, 5.7650008995056155, 5.765552746582031, 5.766699729919433]], "valid_losses": [[6.162294479370117, 6.063828134918213, 6.028105268859863, 6.00797728881836, 5.990253876495362, 5.974471831512451, 5.950623554229736, 5.920152593231201, 5.904187400054932, 5.888791818237305, 5.870037945556641, 5.88712954864502, 5.8622456016540525, 5.846115184783936, 5.885486071014404, 5.877700939941406, 5.862595617675781, 5.840579025268554, 5.851275841522217, 5.832106066131592, 5.843259372711182, 5.8288837364196775, 5.844920427703857, 5.83341600265503, 5.841815507507325, 5.8342048461914064, 5.851078144073487, 5.839925276184082, 5.845163095092773, 5.857588991546631, 5.86990103225708, 5.91250733795166, 5.873777462005616, 5.877404151916504, 5.882628178405762, 5.894315772247315, 5.889723196411133, 5.902920635986328, 5.905735246276856, 5.91133296585083, 5.910321682739258, 5.932779548645019]], "train_accs": [[3.9725, 9.0725, 12.0275, 14.115, 15.75, 17.3825, 19.5175, 21.3, 23.13, 24.9275, 26.26, 28.047499999999996, 29.397499999999997, 30.56, 31.8525, 33.0575, 34.31, 35.449999999999996, 36.394999999999996, 37.519999999999996, 38.6025, 39.53, 40.245, 41.3475, 42.4225, 43.2975, 43.74, 44.9625, 45.455, 46.445, 47.057500000000005, 47.862500000000004, 48.6425, 49.035000000000004, 50.01, 50.660000000000004, 51.129999999999995, 51.9925, 52.449999999999996, 52.82249999999999, 53.620000000000005, 54.225]], "valid_accs": [[6.64, 9.82, 12.04, 14.37, 15.540000000000001, 17.849999999999998, 19.31, 21.46, 22.64, 24.18, 25.28, 25.790000000000003, 27.900000000000002, 29.29, 28.26, 29.609999999999996, 30.7, 32.12, 33.08, 34.35, 34.81, 36.74, 36.88, 37.99, 37.84, 39.300000000000004, 39.300000000000004, 40.48, 41.23, 40.79, 40.849999999999994, 40.1, 42.78, 43.05, 43.72, 43.87, 44.48, 44.879999999999995, 44.519999999999996, 44.81, 46.47, 45.51]], "train_times": [[123.45471906661987, 123.78561496734619, 122.95299315452576, 123.20826601982117, 123.9772698879242, 123.39760851860046, 122.91586709022522, 124.5506386756897, 122.41530084609985, 122.9559485912323, 123.0231454372406, 123.77858686447144, 122.34627771377563, 122.26092576980591, 122.74873447418213, 124.46511816978455, 123.19105339050293, 122.95687747001648, 123.18254566192627, 123.54245328903198, 123.80232453346252, 123.48694276809692, 123.29950451850891, 124.5200982093811, 122.84346342086792, 122.973637342453, 122.20681023597717, 124.14817070960999, 122.22858476638794, 123.39978742599487, 122.57333898544312, 123.6066026687622, 122.70798230171204, 122.92719268798828, 122.63025712966919, 123.34278273582458, 122.42147612571716, 123.69263005256653, 123.4929633140564, 123.8685827255249, 124.09292578697205, 123.62883377075195]], "valid_times": [[23.888136386871338, 24.093998908996582, 23.81679892539978, 23.763256549835205, 23.537309169769287, 23.667458057403564, 24.015321016311646, 24.3574435710907, 23.39808177947998, 23.69171905517578, 23.62522292137146, 24.27178454399109, 23.79567527770996, 23.90329384803772, 23.66672444343567, 23.954007863998413, 23.9372398853302, 23.952455520629883, 24.371698141098022, 24.17747163772583, 23.705991744995117, 23.602163076400757, 23.534286737442017, 23.792893409729004, 23.480007648468018, 23.957003831863403, 24.271421670913696, 23.688913583755493, 23.564573526382446, 24.311492204666138, 24.297214031219482, 23.343032360076904, 23.725627183914185, 23.912343502044678, 24.098243713378906, 23.5113685131073, 23.559504985809326, 23.941993474960327, 23.914331912994385, 24.238744258880615, 24.14132332801819, 24.045963048934937]], "test_accuracy": 46.62, "convergence_iteration": 42}}