{"config": {"train_options": {"learning_rate": 0.01, "optimizer": "SGD", "batch_size": 128, "number_of_epochs": 300, "loss_parameters": {"temperature": 20, "distillation_type": "FILTER", "alpha": 0.8, "beta": 0.2}}}, "results": {"train_losses": [[-0.2801840618133545, -0.32146034698486325, -0.3432742752075195, -0.3546874713897705, -0.3627617010116577, -0.3678900646209717, -0.3702232152938843, -0.371626065826416, -0.3719416296005249, -0.37185040340423586, -0.3726936611175537, -0.37203527374267575, -0.3722787883758545, -0.3728380382537842, -0.37300135154724123, -0.3726725631713867, -0.37318260841369627, -0.37408362007141116, -0.37348137168884277, -0.37461700019836425, -0.3747815998077393, -0.3754204448699951, -0.37607483596801755, -0.3762296962738037, -0.37566609382629396, -0.37629683952331544, -0.375724089050293, -0.37592732162475584, -0.375192195892334, -0.3746291343688965, -0.373602225112915]], "valid_losses": [[-0.3037210180282593, -0.33124161472320557, -0.34663271484375, -0.3558157722473145, -0.36252067222595213, -0.36288367671966554, -0.36641040439605715, -0.36594168643951414, -0.3632732490539551, -0.36575564365386964, -0.366766902923584, -0.36111909904479983, -0.3567372528076172, -0.35985066986083986, -0.362395760345459, -0.35367394676208497, -0.3544758071899414, -0.35038305435180667, -0.3559594837188721, -0.35513476448059084, -0.3535577522277832, -0.3569275012969971, -0.35528431167602537, -0.3582228141784668, -0.35787853965759275, -0.35554636726379396, -0.3573918296813965, -0.3489747219085693, -0.3547832405090332, -0.35351309356689453, -0.3541358497619629]], "train_accs": [[2.7175000000000002, 5.535, 7.767499999999999, 9.315, 10.6975, 11.9125, 13.205, 14.055000000000001, 14.95, 15.6775, 16.505, 17.37, 18.18, 19.085, 20.185, 20.6425, 21.7075, 22.6425, 23.215, 24.115000000000002, 24.9, 26.284999999999997, 26.56, 27.6175, 28.2275, 29.134999999999998, 29.9025, 30.740000000000002, 31.275, 32.4, 32.5675]], "valid_accs": [[4.08, 6.52, 8.450000000000001, 9.69, 11.12, 11.87, 13.320000000000002, 13.77, 14.399999999999999, 15.229999999999999, 16.73, 16.93, 17.18, 17.849999999999998, 19.09, 18.87, 19.66, 20.44, 21.13, 22.52, 23.04, 24.44, 25.259999999999998, 25.77, 26.810000000000002, 27.57, 28.18, 27.93, 29.580000000000002, 30.240000000000002, 31.06]], "train_times": [[124.06305241584778, 123.89450168609619, 123.40468883514404, 124.014976978302, 124.23819422721863, 123.02000904083252, 123.63283681869507, 124.04228234291077, 123.8764386177063, 123.99670171737671, 124.03235197067261, 123.91059160232544, 124.8276584148407, 124.26674842834473, 125.03606867790222, 123.86646890640259, 123.68410921096802, 123.51502013206482, 124.54012084007263, 124.17866730690002, 123.76811242103577, 125.13316607475281, 124.65327048301697, 124.17775440216064, 124.10241937637329, 124.0293116569519, 124.58057522773743, 124.19083523750305, 123.70907592773438, 124.36364030838013, 124.6106481552124]], "valid_times": [[24.40502429008484, 24.35894775390625, 24.30828356742859, 24.175612211227417, 24.317522048950195, 23.695570945739746, 24.47561812400818, 24.581822872161865, 24.270186185836792, 24.148229837417603, 24.41221570968628, 24.24993872642517, 23.966373443603516, 23.841084957122803, 24.35880970954895, 23.939485788345337, 24.393505334854126, 24.3524010181427, 23.80657124519348, 24.456348419189453, 24.20969843864441, 24.328677654266357, 23.707327604293823, 24.306551218032837, 24.097240924835205, 24.302316904067993, 24.142848253250122, 24.35055899620056, 23.80185866355896, 24.204102993011475, 24.329991102218628]], "test_accuracy": 31.35, "convergence_iteration": 31}}