{"config": {"train_options": {"learning_rate": 0.05, "optimizer": "SGD", "batch_size": 128, "number_of_epochs": 300, "loss_parameters": {"temperature": 5, "distillation_type": "FILTER", "alpha": 0.4, "beta": 0.9}}}, "results": {"train_losses": [[8.900742469787598, 9.054877001953125, 9.205060809326172, 9.3541064743042, 9.498849949645995, 9.637165599060058, 9.769513981628418, 9.896052734375, 10.016841943359376, 10.131941944885254, 10.242257962036133, 10.348112184143066, 10.449455221557617, 10.546779139709473, 10.640465394592285, 10.729832214355469, 10.816406942749023, 10.898823344421388, 10.978695695495606, 11.055531262207031, 11.129021974182129]], "valid_losses": [[8.980719715881348, 9.131240188598634, 9.28272737121582, 9.431681535339356, 9.572434423828126, 9.708052709960938, 9.83872257232666, 9.963344918823243, 10.086298754882813, 10.19721856842041, 10.306591117858886, 10.40950528869629, 10.51393370666504, 10.604118296813965, 10.69157911682129, 10.789667889404297, 10.86946053314209, 10.950237437438965, 11.032384196472169, 11.1082169921875, 11.180278584289551]], "train_accs": [[3.5325, 7.364999999999999, 10.6625, 12.91, 14.45, 16.0625, 17.585, 19.13, 20.397499999999997, 21.9525, 23.105, 24.69, 26.2225, 27.3175, 28.6175, 30.17, 30.91, 32.76, 33.565, 34.505, 35.79]], "valid_accs": [[5.7, 8.450000000000001, 10.83, 11.92, 13.76, 15.97, 16.689999999999998, 18.26, 18.26, 20.03, 20.669999999999998, 22.5, 22.31, 24.75, 27.47, 25.4, 27.810000000000002, 29.03, 28.970000000000002, 29.89, 31.04]], "train_times": [[120.38905572891235, 121.13460803031921, 121.1373770236969, 121.57579112052917, 119.66398286819458, 120.82833003997803, 121.05758237838745, 121.3559877872467, 120.90407299995422, 120.42052149772644, 121.24924874305725, 120.28704905509949, 120.57811880111694, 120.2013521194458, 121.28622436523438, 120.86976838111877, 120.86528277397156, 120.56364703178406, 121.17632269859314, 120.67371845245361, 120.06833291053772]], "valid_times": [[23.559455156326294, 23.465506553649902, 23.44310998916626, 23.395102500915527, 23.429676294326782, 23.475996017456055, 23.717493295669556, 23.550090551376343, 23.57224416732788, 23.518433094024658, 23.805731534957886, 24.041633129119873, 23.543684720993042, 23.865729331970215, 23.685723066329956, 23.238829612731934, 24.0541934967041, 23.99275302886963, 24.14243769645691, 23.72878336906433, 23.806548595428467]], "test_accuracy": 31.55, "convergence_iteration": 21}}