{"config": {"train_options": {"learning_rate": 0.01, "optimizer": "SGD", "batch_size": 128, "number_of_epochs": 300, "loss_parameters": {"temperature": 10, "distillation_type": "FILTER", "alpha": 0.4, "beta": 0.2}}}, "results": {"train_losses": [[2.654886199951172, 2.4476031856536866, 2.3448152755737306, 2.274357939529419, 2.2195877464294433, 2.1726934803009033, 2.1268575298309327, 2.077609517288208, 2.0317235414505004, 1.9877682144165039, 1.9488173236846924, 1.9146593572616577, 1.878131078529358, 1.846976107597351, 1.8192705627441406, 1.7881936555862428, 1.7671905996322632, 1.7403907205581666, 1.7216721090316773, 1.702112975692749, 1.683022427558899, 1.6656820888519288, 1.6510269416809082, 1.634019582939148, 1.6231053848266601, 1.6090290882110596, 1.593486301612854, 1.585884680557251, 1.5725427785873414, 1.5632258129119874, 1.5560121006011962, 1.5436590270996093, 1.5363014127731323, 1.5253860361099243, 1.5184625253677368, 1.515460894393921, 1.5046248622894287, 1.4996629695892334, 1.4909460033416748, 1.4809251823425293, 1.4794129747390747, 1.4719567815780639, 1.465084455871582, 1.4612289752960206, 1.4539761852264403, 1.4472094911575317, 1.4472930801391601, 1.4384759925842285, 1.4360050142288208, 1.425640277671814, 1.4293482460021973, 1.4236427799224853, 1.4123492198944092, 1.4117130334854127, 1.4112921155929565, 1.405449110031128, 1.4027987888336182]], "valid_losses": [[2.5089962543487547, 2.387676195526123, 2.3122390842437746, 2.2602720252990722, 2.230173453140259, 2.184442530441284, 2.146747639465332, 2.0799194049835203, 2.0452243705749513, 2.0149563594818116, 1.971855253982544, 1.9422874881744385, 1.9188023170471191, 1.883756128692627, 1.8817220401763917, 1.859893026161194, 1.829761847114563, 1.831677781677246, 1.8244097143173217, 1.7999123874664307, 1.77783414478302, 1.7681863998413085, 1.7966149280548096, 1.758559719848633, 1.793118069267273, 1.7292287706375122, 1.7294411758422852, 1.7227285020828247, 1.7321661239624024, 1.7247589962005616, 1.714663057899475, 1.716684160232544, 1.7102561336517335, 1.716215994644165, 1.6951002641677857, 1.723032670211792, 1.6944918548583985, 1.6983649211883545, 1.722430626296997, 1.7068839458465577, 1.735052513885498, 1.7042089391708375, 1.7089235025405884, 1.741650280380249, 1.7263284297943116, 1.7157926635742187, 1.7155330005645753, 1.7435263984680176, 1.7301991889953614, 1.738670274734497, 1.7166595058441163, 1.7149172874450684, 1.762172066116333, 1.7648351459503173, 1.7663368080139161, 1.7758960453033448, 1.7572366874694825]], "train_accs": [[3.8350000000000004, 8.622499999999999, 12.002500000000001, 14.265, 16.53, 18.805, 20.8625, 22.8775, 24.825, 26.822499999999998, 28.565, 30.0275, 31.7675, 33.2625, 34.8475, 36.605, 38.019999999999996, 39.434999999999995, 40.5425, 41.589999999999996, 42.7925, 43.8975, 44.725, 45.8675, 46.637499999999996, 47.9825, 48.44, 49.21, 50.160000000000004, 50.8775, 51.67, 52.42250000000001, 52.9075, 53.8425, 54.35, 54.945, 55.572500000000005, 55.800000000000004, 56.6075, 57.165, 57.6925, 58.004999999999995, 58.84, 58.99250000000001, 59.714999999999996, 60.247499999999995, 60.495, 61.155, 61.3425, 61.9125, 62.0575, 62.4625, 63.580000000000005, 63.567499999999995, 63.72, 64.05999999999999, 64.525]], "valid_accs": [[6.660000000000001, 9.9, 12.370000000000001, 14.52, 16.74, 18.15, 19.79, 22.73, 24.16, 25.71, 27.839999999999996, 29.459999999999997, 30.869999999999997, 31.900000000000002, 32.92, 33.54, 35.63, 35.9, 36.52, 38.09, 38.81, 39.989999999999995, 39.22, 40.77, 40.01, 42.5, 42.82, 42.85, 43.56, 44.4, 44.56, 44.95, 45.62, 45.43, 47.06, 46.07, 47.08, 47.36, 46.52, 47.65, 46.68, 48.699999999999996, 48.14, 47.64, 47.82, 48.86, 48.93, 48.1, 48.91, 48.72, 49.84, 50.42, 49.3, 49.07, 49.19, 49.19, 49.68]], "train_times": [[123.7719361782074, 124.32196497917175, 123.67926740646362, 124.00249314308167, 123.64268350601196, 122.90063452720642, 123.90917682647705, 123.99567747116089, 122.99421381950378, 125.03555417060852, 123.24338841438293, 122.56706738471985, 123.58071374893188, 123.77436804771423, 122.83157563209534, 123.78569269180298, 124.07749271392822, 123.15048122406006, 123.45237565040588, 123.43023347854614, 123.58331632614136, 123.26480317115784, 124.20973920822144, 124.04662609100342, 123.53821897506714, 123.33886957168579, 123.73490142822266, 123.49429225921631, 124.08732581138611, 123.33145523071289, 124.44094634056091, 123.46470999717712, 123.51015043258667, 123.5336503982544, 123.48125982284546, 122.97731637954712, 124.75113081932068, 123.25571084022522, 123.23962020874023, 123.71133375167847, 123.89279437065125, 122.80073189735413, 124.48965215682983, 123.34628343582153, 123.32917046546936, 122.90453219413757, 123.83305716514587, 122.78996801376343, 123.8868522644043, 124.07172322273254, 124.33493900299072, 123.99663615226746, 123.33770561218262, 123.3548755645752, 122.89309239387512, 122.96693897247314, 122.71382069587708]], "valid_times": [[23.397122383117676, 23.273346662521362, 23.30962300300598, 23.22737765312195, 23.58782124519348, 23.429229021072388, 23.646045684814453, 23.399144172668457, 23.20090675354004, 23.326215744018555, 23.75699281692505, 23.274951457977295, 23.43963098526001, 23.483819723129272, 23.40257215499878, 23.35341215133667, 23.318498849868774, 23.699095964431763, 23.394171237945557, 23.51054048538208, 23.435374975204468, 23.3703453540802, 23.26943612098694, 23.138992071151733, 23.242314338684082, 23.412909269332886, 23.57664465904236, 23.336530685424805, 23.224820852279663, 23.295026779174805, 23.264756679534912, 23.657999992370605, 23.436427354812622, 23.353842973709106, 23.520028591156006, 23.61068558692932, 23.433645009994507, 23.25696897506714, 23.529505014419556, 23.284560203552246, 23.398638486862183, 23.40537428855896, 23.608787298202515, 23.706466913223267, 23.540629863739014, 23.542519330978394, 23.422444343566895, 23.2380952835083, 23.164080142974854, 23.692005395889282, 23.300817728042603, 23.80631446838379, 23.376385927200317, 23.410308599472046, 23.249351024627686, 23.570078134536743, 23.600208520889282]], "test_accuracy": 50.5, "convergence_iteration": 57}}