{"config": {"train_options": {"learning_rate": 0.05, "optimizer": "SGD", "batch_size": 128, "number_of_epochs": 300, "loss_parameters": {"temperature": 20, "distillation_type": "FILTER", "alpha": 0.8, "beta": 0.5}}}, "results": {"train_losses": [[3.4512509155273436, 3.5025797065734863, 3.574402431488037, 3.6483609886169432, 3.7197374580383302, 3.788788407897949, 3.8521718322753906, 3.9121838428497315, 3.968660154724121, 4.024703369903564, 4.078021018981934, 4.129919232940674, 4.1801090393066405, 4.228053569793701, 4.2737097198486325, 4.317900982666016, 4.3603777435302735, 4.40106576461792, 4.440088000488282, 4.478017404937744, 4.515006066894531]], "valid_losses": [[3.4726410972595216, 3.5399681858062744, 3.6150628242492675, 3.6877959400177, 3.7586680335998537, 3.826182789993286, 3.891314464187622, 3.945790077972412, 4.0058755020141605, 4.070575994110108, 4.1265480453491215, 4.167635220336914, 4.2230343238830566, 4.267262237548828, 4.312373490905761, 4.372226090240479, 4.397993330383301, 4.438029441070556, 4.48030288848877, 4.5199353202819825, 4.560592235565186]], "train_accs": [[3.7350000000000003, 8.5725, 11.86, 14.3275, 16.57, 18.5325, 20.8925, 22.9225, 25.637500000000003, 27.48, 29.212500000000002, 31.225, 32.785, 34.35, 35.935, 37.355, 38.892500000000005, 40.035, 41.525, 42.9, 43.707499999999996]], "valid_accs": [[6.4399999999999995, 9.83, 12.76, 14.78, 17.05, 19.13, 20.64, 23.59, 24.83, 25.3, 26.11, 29.7, 29.799999999999997, 32.05, 33.54, 31.77, 35.91, 36.97, 37.95, 38.78, 38.75]], "train_times": [[46.36638283729553, 46.48888826370239, 46.498390674591064, 46.49646735191345, 46.50267791748047, 46.45046305656433, 46.47540020942688, 46.41325116157532, 46.4995014667511, 46.414265394210815, 46.41856360435486, 46.40639877319336, 46.37234044075012, 46.40906810760498, 46.399494647979736, 46.41668128967285, 46.43449783325195, 46.462931394577026, 46.38265347480774, 46.40920281410217, 46.41236186027527]], "valid_times": [[9.13701319694519, 9.132531881332397, 9.126404047012329, 9.133373737335205, 9.129231214523315, 9.149017572402954, 9.147799491882324, 9.12393045425415, 9.15954852104187, 9.123000860214233, 9.129531145095825, 9.126009941101074, 9.125531673431396, 9.13905119895935, 9.148231744766235, 9.130869626998901, 9.214011907577515, 9.134690761566162, 9.13265061378479, 9.140466690063477, 9.151017904281616]], "test_accuracy": 39.43, "convergence_iteration": 21}}