{"config": {"train_options": {"learning_rate": 0.05, "optimizer": "SGD", "batch_size": 128, "number_of_epochs": 300, "loss_parameters": {"temperature": 15, "distillation_type": "FILTER", "alpha": 0.7, "beta": 0.7}}}, "results": {"train_losses": [[6.200579756164551, 6.296855233764648, 6.408363485717773, 6.518591123199463, 6.624967925262451, 6.7267562065124515, 6.824646089172363, 6.9171604103088375, 7.004516300964355, 7.089491055297851, 7.171423002624512, 7.249860842132568, 7.3253304992675785, 7.397531282806397, 7.466658348083496, 7.533493320465088, 7.596922089385986, 7.658563262939453, 7.717238547515869, 7.774778933715821, 7.828941972351074]], "valid_losses": [[6.245447861480713, 6.354505702209472, 6.470712438201904, 6.578476404571533, 6.683392581176758, 6.789697086334228, 6.876983103942871, 6.967837940979004, 7.054927290344239, 7.15411692276001, 7.235066403198243, 7.323955549621582, 7.389384578704834, 7.4657637397766115, 7.529102435302734, 7.589471356201172, 7.6531134765625, 7.708829544830322, 7.767139775085449, 7.819932083129883, 7.880157566833496]], "train_accs": [[3.7575, 8.445, 11.8925, 14.515, 16.845, 18.8375, 21.1625, 23.1925, 25.34, 27.155, 28.9375, 30.722500000000004, 32.2975, 33.7725, 35.3725, 36.6125, 38.135000000000005, 39.3625, 40.7075, 41.78, 42.9825]], "valid_accs": [[6.239999999999999, 9.62, 11.66, 14.78, 16.64, 17.560000000000002, 20.53, 22.75, 24.77, 23.98, 25.2, 25.2, 27.72, 28.74, 30.740000000000002, 32.37, 33.07, 35.96, 36.8, 39.2, 38.03]], "train_times": [[124.59419417381287, 121.65401196479797, 120.95244669914246, 124.89657306671143, 122.39928412437439, 123.275066614151, 123.98573756217957, 122.80795478820801, 124.6350212097168, 123.914626121521, 124.60757231712341, 124.64574694633484, 124.73043584823608, 124.50829410552979, 122.32751607894897, 120.73453259468079, 125.0357654094696, 124.80102205276489, 122.97255420684814, 124.9217689037323, 125.49170088768005]], "valid_times": [[24.386979341506958, 23.48391604423523, 24.15559482574463, 23.93369483947754, 23.892637014389038, 23.518877267837524, 24.237451553344727, 24.74998140335083, 23.46638536453247, 23.450912952423096, 24.743029356002808, 23.64109778404236, 24.11590051651001, 23.976733684539795, 23.47574281692505, 23.701786994934082, 23.499205350875854, 23.77966284751892, 23.992603302001953, 23.782763242721558, 23.846652269363403]], "test_accuracy": 38.84, "convergence_iteration": 21}}