{"config": {"train_options": {"learning_rate": 0.05, "optimizer": "SGD", "batch_size": 128, "number_of_epochs": 300, "loss_parameters": {"temperature": 15, "distillation_type": "FILTER", "alpha": 0.6, "beta": 0.6}}}, "results": {"train_losses": [[5.427042037963867, 5.4624603225708, 5.530412078857422, 5.604299455261231, 5.674488726043701, 5.740842771148682, 5.804206257629395, 5.864634858703614, 5.925959941101074, 5.983924745941162, 6.039457565307617, 6.092255258178711, 6.145270732879639, 6.194965536499024, 6.242643785858155, 6.2893246604919435, 6.333879504394531, 6.377851077270508, 6.416078541564941, 6.4568415481567385, 6.494037269592285]], "valid_losses": [[5.438709099578857, 5.494605464172364, 5.572949587249756, 5.64997350692749, 5.716644012451172, 5.786462533569336, 5.852632613372803, 5.9172095108032225, 5.981310225677491, 6.035962651062012, 6.0993650573730465, 6.158523724365234, 6.194349795532227, 6.258084092712402, 6.3087447746276855, 6.357484748077392, 6.401469923400879, 6.453248597717285, 6.490944776916504, 6.540661179351806, 6.575065385437012]], "train_accs": [[4.3275, 9.700000000000001, 13.4975, 16.7275, 19.72, 22.535, 25.525, 27.92, 30.235, 32.57, 34.6625, 36.517500000000005, 38.53, 40.2625, 41.7275, 43.0975, 44.487500000000004, 45.65, 47.339999999999996, 48.449999999999996, 49.737500000000004]], "valid_accs": [[7.79, 12.049999999999999, 15.079999999999998, 18.05, 20.22, 22.74, 25.25, 27.229999999999997, 28.88, 30.740000000000002, 32.37, 32.84, 36.44, 36.0, 36.74, 38.019999999999996, 38.879999999999995, 39.34, 41.29, 40.339999999999996, 42.34]], "train_times": [[121.88446068763733, 121.75785040855408, 122.43603825569153, 122.66020822525024, 123.61332631111145, 122.87569761276245, 122.01870346069336, 121.88727140426636, 121.70269274711609, 122.93203949928284, 123.36362481117249, 122.128422498703, 122.54710245132446, 121.43101572990417, 121.51713347434998, 121.91998338699341, 121.80797386169434, 122.52174520492554, 123.82037663459778, 121.41724967956543, 121.70767903327942]], "valid_times": [[23.95940923690796, 23.627300262451172, 24.274304628372192, 23.898306131362915, 24.28557324409485, 23.832438707351685, 23.829180479049683, 23.681872844696045, 23.604535818099976, 24.171452045440674, 23.813245058059692, 23.69700837135315, 24.214765071868896, 23.757168292999268, 23.84337568283081, 24.585085153579712, 23.976500749588013, 24.141592264175415, 24.083122968673706, 23.753715991973877, 23.899309158325195]], "test_accuracy": 43.08, "convergence_iteration": 21}}