{
  "config": {
    "train_options": {
      "learning_rate": 0.005,
      "optimizer": "SGD",
      "batch_size": 128,
      "number_of_epochs": 300,
      "loss_parameters": {
        "temperature": 5,
        "distillation_type": "FILTER",
        "alpha": 0.1,
        "beta": 0.1
      }
    }
  },
  "results": {
    "train_losses": [
      [
        4.259241786956787, 3.954002410888672, 3.776391814804077,
        3.6540348678588868, 3.561367601776123, 3.478511438751221,
        3.396645118713379, 3.308931053161621, 3.2182255359649656,
        3.14123741607666, 3.062402170562744, 2.9940225315093993,
        2.9286266464233397, 2.868381489944458, 2.8193165672302247,
        2.758713180541992, 2.7134012718200684, 2.668702579498291,
        2.626494971847534, 2.584567680358887, 2.5446374794006346,
        2.5013475620269774, 2.4638706783294677, 2.432760242843628,
        2.40076915435791, 2.370772351837158, 2.3429177864074706,
        2.315435836791992, 2.28434528503418, 2.2614297203063964,
        2.2355035793304445, 2.216288313293457, 2.1913959226608277,
        2.1688426830291747, 2.151837438201904, 2.1283643589019774,
        2.1081133460998536, 2.0870357250213623, 2.0717492324829103,
        2.0524535942077637, 2.032962890625, 2.0202589212417603,
        2.000295318222046, 1.9834149772644043, 1.9641361854553223,
        1.9598492839813233, 1.9401383207321168, 1.924437631225586,
        1.9153796237945557, 1.898814171218872, 1.8842071235656739,
        1.8731477035522461, 1.8635571882247925, 1.844804141998291,
        1.8355192852020263, 1.824492791748047, 1.807499431037903,
        1.802829252243042, 1.7898233852386474, 1.7777617218017578,
        1.7676125635147095, 1.756983197784424, 1.7473726860046386,
        1.7351502086639403, 1.7213700584411622, 1.7145244102478028,
        1.702526037979126, 1.695622177886963, 1.6896369318008422,
        1.671883169746399, 1.6592248775482177, 1.6575875759124756,
        1.6547699756622314, 1.6405701416015626, 1.6337748098373412,
        1.6219503423690795
      ]
    ],
    "valid_losses": [
      [
        4.062700115966797, 3.873242358016968, 3.731881730270386,
        3.6978635738372803, 3.588574886703491, 3.551987314605713,
        3.447125170516968, 3.356058613204956, 3.3044887363433837,
        3.2268463371276854, 3.126331141281128, 3.0777900562286375,
        3.0524084144592285, 2.9529836822509767, 2.926914994812012,
        2.9857198570251464, 2.8740590496063234, 2.8103097965240478,
        2.815077781677246, 2.719476124572754, 2.69073444519043,
        2.746236753845215, 2.6814930362701417, 2.6415604835510256,
        2.5905839099884034, 2.6171579532623293, 2.6012402404785155,
        2.622646363067627, 2.540612369155884, 2.5612893547058104,
        2.4816625354766844, 2.5489340759277344, 2.4920567222595214,
        2.4328224430084227, 2.5089381046295167, 2.484129177093506,
        2.4671255603790283, 2.4286093044281007, 2.4124507919311524,
        2.425953263473511, 2.4284345520019532, 2.3919452896118165,
        2.3819621700286864, 2.3960851902008056, 2.425011039733887,
        2.418720562362671, 2.3674923194885253, 2.432356510925293,
        2.3733160995483398, 2.3632365646362303, 2.3821327461242676,
        2.35161598739624, 2.3568495025634766, 2.3912847385406493,
        2.4145852516174315, 2.314960108947754, 2.3511441917419433,
        2.3381104423522947, 2.378354709625244, 2.351980470657349,
        2.3731549697875978, 2.4142373233795165, 2.3849846878051757,
        2.389263652801514, 2.376371723175049, 2.3832128662109375,
        2.3872782058715822, 2.4019967262268067, 2.4360242134094237,
        2.352686124420166, 2.401666533660889, 2.407992221069336,
        2.3835126502990724, 2.3685323471069335, 2.4030039138793944,
        2.42131411819458
      ]
    ],
    "train_accs": [
      [
        3.5025, 8.225, 11.282499999999999, 13.44, 14.9375, 16.677500000000002,
        18.9175, 20.822499999999998, 22.985, 24.65, 26.3075, 28.0325,
        29.609999999999996, 31.35, 32.54, 34.0975, 35.0875, 36.3675, 37.6525,
        39.0375, 40.085, 41.349999999999994, 42.2325, 43.09, 44.177499999999995,
        44.872499999999995, 45.777499999999996, 46.6625, 47.6325, 47.8725,
        48.84, 49.6775, 50.29, 50.9725, 51.6225, 52.207499999999996, 52.9275,
        53.474999999999994, 53.717499999999994, 54.7625, 55.332499999999996,
        55.47, 56.269999999999996, 56.53, 57.26, 57.43000000000001, 58.3525,
        58.330000000000005, 58.7425, 59.5125, 59.8475, 60.38,
        60.597500000000004, 61.212500000000006, 61.307500000000005,
        61.777499999999996, 62.4775, 62.5475, 62.91, 63.3625, 63.77,
        64.14750000000001, 64.6425, 64.915, 65.4975, 65.55499999999999, 65.86,
        66.2975, 66.2175, 66.94250000000001, 67.445, 67.03750000000001, 67.6875,
        68.155, 68.2925, 68.9175
      ]
    ],
    "valid_accs": [
      [
        5.489999999999999, 9.719999999999999, 11.58, 12.24, 13.76, 14.67, 16.75,
        18.87, 20.91, 22.439999999999998, 25.019999999999996,
        25.430000000000003, 27.11, 29.020000000000003, 29.69,
        28.299999999999997, 30.98, 32.769999999999996, 32.93, 34.96, 35.47,
        35.27, 36.42, 37.69, 39.18, 38.440000000000005, 38.99, 39.18, 41.14,
        40.660000000000004, 42.559999999999995, 41.49, 42.309999999999995,
        44.68, 42.19, 43.28, 43.91, 44.89, 45.46, 45.31, 45.57, 46.37,
        46.989999999999995, 46.760000000000005, 46.27, 46.32, 47.53,
        46.550000000000004, 47.449999999999996, 48.06, 47.83, 48.4, 48.5, 48.27,
        47.06, 49.480000000000004, 49.36, 49.769999999999996, 48.97, 48.94,
        49.230000000000004, 48.870000000000005, 49.14, 48.69, 49.58, 49.63,
        49.03, 49.480000000000004, 48.94, 50.24999999999999, 50.24999999999999,
        49.8, 50.54, 50.72, 50.43, 49.9
      ]
    ],
    "train_times": [
      [
        126.82502388954163, 129.4278495311737, 129.0695788860321,
        128.24786257743835, 130.5556812286377, 132.34640097618103,
        128.0323793888092, 129.76433610916138, 129.077166557312,
        129.5487813949585, 128.92659711837769, 129.93581557273865,
        128.7661850452423, 129.64638781547546, 129.06931924819946,
        128.74310183525085, 126.62827348709106, 128.67796659469604,
        129.7732753753662, 128.31954860687256, 129.04220986366272,
        129.515202999115, 129.56214213371277, 127.60964870452881,
        130.6310851573944, 129.54671454429626, 130.9966173171997,
        128.33193969726562, 129.1689257621765, 130.4759407043457,
        129.0362331867218, 129.3506932258606, 130.0088062286377,
        129.95710706710815, 129.43211197853088, 130.11338663101196,
        131.4399631023407, 128.9811007976532, 128.3953423500061,
        128.2649245262146, 130.12931632995605, 129.4414370059967,
        127.71731328964233, 129.5655746459961, 127.80583119392395,
        128.66982555389404, 128.32820510864258, 129.70551681518555,
        130.62886381149292, 130.9024920463562, 128.81232738494873,
        128.22132563591003, 129.54057216644287, 129.91713690757751,
        129.44410467147827, 129.02914381027222, 127.74378108978271,
        130.41837453842163, 131.06606698036194, 129.97855830192566,
        128.95075106620789, 129.11122012138367, 129.87978053092957,
        127.42119717597961, 128.6725537776947, 130.92191815376282,
        128.09026765823364, 130.89222598075867, 129.81291103363037,
        129.1842155456543, 128.51934456825256, 129.59081077575684,
        128.43780899047852, 128.8998658657074, 130.702476978302,
        128.80901503562927
      ]
    ],