{"config": {"train_options": {"learning_rate": 0.05, "optimizer": "SGD", "batch_size": 128, "number_of_epochs": 300, "loss_parameters": {"temperature": 15, "distillation_type": "FILTER", "alpha": 0.3, "beta": 0.9}}}, "results": {"train_losses": [[8.8457187789917, 8.998129077148437, 9.154548825073242, 9.305139234924317, 9.449165132141113, 9.587977212524414, 9.72106431427002, 9.84794581298828, 9.969306391906738, 10.08422716217041, 10.19508723602295, 10.301154936218262, 10.402280015563965, 10.500298156738282, 10.593673490905761, 10.683760932922363, 10.770398313903808, 10.85355073852539, 10.933353767395019, 11.010013888549805, 11.083808514404296]], "valid_losses": [[8.920991287231445, 9.08091812438965, 9.234429783630372, 9.385138655090332, 9.525678273010254, 9.660301069641113, 9.792201797485351, 9.923521794128417, 10.035553617858886, 10.148148777770997, 10.262592779541016, 10.361907154846191, 10.471868196105957, 10.56148158721924, 10.651206010437011, 10.742530554199218, 10.822888027954102, 10.906920903015136, 10.985241989135742, 11.05945107574463, 11.13483899383545]], "train_accs": [[3.2425, 7.199999999999999, 9.8575, 12.052499999999998, 14.042499999999999, 15.955, 17.712500000000002, 19.5825, 21.2575, 23.205000000000002, 24.6175, 26.382499999999997, 28.03, 29.515, 31.2625, 32.53, 33.79, 35.15, 36.3375, 37.6125, 38.775]], "valid_accs": [[5.029999999999999, 7.290000000000001, 9.68, 11.799999999999999, 13.719999999999999, 16.33, 16.96, 16.85, 20.39, 21.82, 22.2, 24.89, 23.16, 26.279999999999998, 28.04, 29.21, 31.180000000000003, 31.830000000000002, 32.86, 34.28, 34.67]], "train_times": [[121.41897892951965, 121.3942322731018, 121.13998365402222, 121.2886712551117, 120.81381225585938, 120.24551773071289, 120.82114171981812, 121.46822786331177, 121.71924018859863, 121.17950510978699, 121.67004823684692, 122.86531686782837, 121.459969997406, 121.11272883415222, 121.68044137954712, 121.67215132713318, 122.04886102676392, 121.56646990776062, 121.43420791625977, 121.71205401420593, 120.9826009273529]], "valid_times": [[23.38849425315857, 23.322378158569336, 23.437122106552124, 23.384732246398926, 23.659286499023438, 23.05864191055298, 23.36519742012024, 23.789180278778076, 23.409385919570923, 23.170820474624634, 23.252572059631348, 23.28699493408203, 23.400181531906128, 23.1888325214386, 23.438979148864746, 23.210997581481934, 23.341065406799316, 23.504613876342773, 23.510128498077393, 23.197076082229614, 23.71654224395752]], "test_accuracy": 36.46, "convergence_iteration": 21}}