{
  "config": {
    "train_options": {
      "learning_rate": 0.05,
      "optimizer": "SGD",
      "batch_size": 128,
      "number_of_epochs": 300,
      "loss_parameters": {
        "temperature": 5,
        "distillation_type": "FILTER",
        "alpha": 0.3,
        "beta": 0.2
      }
    }
  },
  "results": {
    "train_losses": [
      [
        3.5392475883483887, 3.2625930545806883, 3.086094482421875,
        2.9315867218017577, 2.8062205738067627, 2.708924834060669,
        2.6289822372436524, 2.5644585990905764, 2.503664794921875,
        2.453442310333252, 2.407822634887695, 2.3682594440460205,
        2.3314160373687742, 2.2999515354156492, 2.2672641849517823,
        2.2404048912048338, 2.2119346866607668, 2.1868935440063475,
        2.164947592544556, 2.1360308219909667, 2.115416370391846,
        2.0936593727111816, 2.0743562898635863, 2.0513116764068604,
        2.030940294265747, 2.017178715133667, 1.9981024518966675,
        1.9779025011062623, 1.9611231033325196, 1.9480322881698608,
        1.9243948978424072, 1.9059504737854005, 1.8887950540542602,
        1.8790760917663574, 1.8601624063491822, 1.8463930513381959,
        1.8241709718704224, 1.8075398710250854, 1.7918845142364501,
        1.7739305507659913, 1.7561981328964233, 1.7475703828811646,
        1.7319098379135132, 1.7142444677352906, 1.6996675327301025,
        1.6829875749588012, 1.6622473775863646, 1.6502024785995484,
        1.641486444091797, 1.618220701599121, 1.6056280220031738,
        1.5869654159545898, 1.5759424322128295, 1.561035886001587,
        1.542576643562317, 1.5283681480407716, 1.5169818727493287,
        1.5067326654434203, 1.4861485721588135, 1.4725451210021974,
        1.4612523803710937, 1.4431122631073, 1.4352656421661376,
        1.4178048582077027, 1.4056110305786134, 1.3890384170532226,
        1.3755612350463866, 1.369728098678589, 1.3544225635528564,
        1.3427232320785523, 1.3280973079681397, 1.3139231101989746,
        1.302347320175171, 1.2925133911132813, 1.2828991159439087,
        1.2690847118377686, 1.2571914672851563, 1.2331250545501709,
        1.2264114557266235, 1.2227670616149902, 1.2010854164123534,
        1.1080894404411317, 1.0672137656211853, 1.0594393319129944,
        1.0526041728973388, 1.05262152967453, 1.0515636736869811,
        1.049006118965149, 1.050511524963379, 1.0527126703262328,
        1.0512565344810485, 1.053409977245331, 1.0567484954833983,
        1.0602664205551147, 1.0614727681159972, 1.0613162329673766,
        1.0641099625587462, 1.0679527346611022, 1.0681968668937682,
        1.0739410703659058, 1.0726528381347655, 1.0765255716323852
      ]
    ],
    "valid_losses": [
      [
        3.4144199073791506, 3.2921364536285402, 3.0659970405578614,
        3.003669033050537, 2.870830591583252, 2.787721990585327,
        2.8008270446777344, 2.6553997173309325, 2.646239179611206,
        2.595591986846924, 2.6442318576812744, 2.564042498397827,
        2.5856488471984864, 2.555679346084595, 2.466795536804199,
        2.4922126552581787, 2.460932470321655, 2.448789678955078,
        2.4062886978149414, 2.391835761642456, 2.3920655937194826,
        2.386325012207031, 2.3646753829956055, 2.3589482498168945,
        2.392272629928589, 2.34038537940979, 2.3624675506591797,
        2.3601757587432863, 2.316893913650513, 2.3629907554626466,
        2.298665901184082, 2.327871437072754, 2.306712255477905,
        2.319880486679077, 2.311552244186401, 2.274177725982666,
        2.233196460723877, 2.265130889892578, 2.237263818359375,
        2.262169708251953, 2.182770795631409, 2.2897685901641847,
        2.2467377586364745, 2.1694597686767576, 2.159596312332153,
        2.240623639678955, 2.223674676132202, 2.2230748161315916,
        2.1722698390960695, 2.13436975402832, 2.2432182762146,
        2.1462324920654297, 2.1595733093261718, 2.16510470161438,
        2.1655721382141113, 2.135214642333984, 2.0863805641174316,
        2.1585588550567625, 2.164290114212036, 2.0785866874694823,
        2.053609419631958, 2.093261831283569, 2.0504322067260743,
        2.0485312618255613, 2.0221520359039307, 2.0785633358001707,
        2.0725504299163817, 2.014916234588623, 2.0877250185012817,
        1.972680446243286, 2.036179364013672, 2.0198672147750854,
        2.0398504928588865, 1.9624663524627686, 1.9424287910461426,
        1.923265379714966, 1.9804313369750977, 1.9545482112884522,
        1.949916176223755, 1.925316399383545, 1.9469123487472535,
        1.6690446170806885, 1.6713309911727905, 1.6803442646026612,
        1.6913548387527466, 1.6888944534301757, 1.70084816532135,
        1.728610643386841, 1.735726153755188, 1.737575547027588,
        1.7416329959869385, 1.7573229072570802, 1.7588985282897949,
        1.775054832458496, 1.7785457191467284, 1.7948601947784424,
        1.7980925968170165, 1.8204325593948365, 1.818133736228943,
        1.8270326335906983, 1.8435561794281006, 1.842955796813965
      ]
    ],
    "train_accs": [
      [
        6.205, 13.4825, 19.427500000000002, 24.9225, 29.69, 33.8175, 37.3,
        40.17, 42.8125, 44.955, 47.057500000000005, 48.7725, 50.4275,
        51.870000000000005, 53.0525, 54.317499999999995, 55.442499999999995,
        56.48, 57.5225, 58.43000000000001, 59.182500000000005,
        59.99250000000001, 60.745000000000005, 61.61, 62.29749999999999, 62.56,
        63.2175, 64.0525, 64.2675, 65.095, 65.705, 66.0775, 66.66, 66.9775,
        67.19000000000001, 67.6125, 68.145, 68.545, 68.825, 69.2775, 69.69,
        69.7525, 69.94749999999999, 70.625, 70.6025, 71.2775, 71.485, 71.7,
        71.60499999999999, 72.1225, 72.41, 72.7375, 72.8225, 73.02250000000001,
        73.485, 73.72999999999999, 73.705, 73.83999999999999, 73.99, 74.4525,
        74.4725, 74.75500000000001, 74.615, 75.2, 75.1675, 75.82, 75.7225,
        75.515, 75.7125, 75.83, 76.1525, 76.5125, 76.73, 76.645, 76.665,
        76.5275, 76.5775, 77.4025, 77.505, 77.10249999999999, 77.4325, 82.7475,
        85.235, 86.1525, 86.985, 87.185, 87.5925, 87.8775, 88.275, 88.4625,
        88.96, 89.03, 89.35, 89.1, 89.48, 89.75750000000001, 89.79, 90.1125,
        90.42750000000001, 90.2675, 90.885, 90.77
      ]
    ],
    "valid_accs": [
      [
        9.11, 13.309999999999999, 20.7, 22.720000000000002, 28.439999999999998,
        31.81, 31.78, 37.57, 38.21, 40.589999999999996, 39.12, 42.92, 42.65,
        43.93, 46.98, 46.19, 46.989999999999995, 47.17, 48.730000000000004,
        49.46, 49.54, 49.39, 50.849999999999994, 50.46000000000001,
        49.480000000000004, 51.519999999999996, 50.59, 50.41, 51.83,
        50.029999999999994, 52.54, 51.81, 51.03, 51.580000000000005,
        51.470000000000006, 52.59, 53.06999999999999, 52.05, 52.35999999999999,
        53.04, 54.52, 50.96000000000001, 52.27, 54.49, 55.03, 52.0, 52.92,
        53.12, 53.5, 54.190000000000005, 52.339999999999996, 53.849999999999994,
        54.06999999999999, 53.44, 52.480000000000004, 53.44, 54.410000000000004,
        52.75, 53.15, 54.25, 54.97, 53.510000000000005, 55.32, 54.72, 54.98,
        53.44, 53.879999999999995, 54.87, 52.400000000000006, 55.06999999999999,
        53.71, 53.98, 52.82, 55.37, 54.94, 55.94, 54.300000000000004, 55.2,
        54.22, 54.339999999999996, 54.169999999999995, 62.13999999999999, 62.06,
        62.41, 61.99, 62.629999999999995, 62.68, 62.2, 61.46, 62.1,
        62.019999999999996, 62.23, 61.739999999999995, 62.43,
        61.970000000000006, 62.0, 62.32, 62.09, 62.22, 61.809999999999995,
        62.09, 62.55
      ]
    ],