{"config": {"train_options": {"learning_rate": 0.005, "optimizer": "SGD", "batch_size": 128, "number_of_epochs": 300, "loss_parameters": {"temperature": 5, "distillation_type": "FILTER", "alpha": 0.6, "beta": 0.6}}}, "results": {"train_losses": [[5.752984790039062, 5.743034606170654, 5.734457295989991, 5.727480850982666, 5.7257305480957035, 5.725231453704834, 5.727731786346435, 5.731671363830566, 5.737184461975097, 5.7421317962646485, 5.747357270812988, 5.752649415588379, 5.757337022399902, 5.762816281890869, 5.768279511260986, 5.772828807067871, 5.779962437438964, 5.7853734642028805, 5.792709777832031, 5.800010799407959, 5.807403664398193, 5.81411943283081, 5.820907913208008, 5.82755216140747]], "valid_losses": [[5.744295426177978, 5.740000076293946, 5.732868984222412, 5.727665193939209, 5.728676023864746, 5.730261444091797, 5.734931509399414, 5.737778900146484, 5.741246116638184, 5.748538822174072, 5.749671971130371, 5.755577116394043, 5.7604037902832035, 5.767283675384522, 5.771976767730713, 5.778258406829834, 5.78557507019043, 5.791245056152344, 5.79997564163208, 5.806393770599366, 5.8113905044555665, 5.822639340209961, 5.830416938781738, 5.834615704345703]], "train_accs": [[1.5225, 3.16, 4.5975, 5.6325, 6.522500000000001, 7.3725, 8.285, 8.955, 9.629999999999999, 10.0775, 10.6, 11.477500000000001, 11.975, 12.825000000000001, 13.19, 13.8, 14.355, 14.945, 15.310000000000002, 15.7925, 16.125, 16.59, 16.99, 17.57]], "valid_accs": [[2.16, 3.58, 5.2299999999999995, 5.970000000000001, 6.77, 7.9399999999999995, 8.63, 9.34, 10.290000000000001, 10.86, 11.26, 11.85, 12.6, 12.870000000000001, 13.719999999999999, 14.32, 14.879999999999999, 15.160000000000002, 15.85, 16.21, 16.25, 16.6, 16.89, 17.86]], "train_times": [[122.08722853660583, 122.15506911277771, 123.01741671562195, 121.96575617790222, 121.95091891288757, 122.007319688797, 122.99151039123535, 122.00879836082458, 121.75604915618896, 121.47854971885681, 121.74085283279419, 122.22190737724304, 121.74080300331116, 121.5370421409607, 122.09534215927124, 122.74016952514648, 122.27719736099243, 122.10803532600403, 122.37690854072571, 121.82094049453735, 121.11168336868286, 122.20184397697449, 121.78144216537476, 122.7937650680542]], "valid_times": [[23.18870735168457, 23.070948600769043, 23.24134087562561, 23.19720983505249, 23.65597629547119, 23.24802327156067, 23.14446234703064, 23.50002670288086, 23.43864393234253, 23.52346134185791, 23.288700580596924, 23.435954332351685, 23.28206515312195, 23.261309146881104, 23.276700019836426, 23.405834674835205, 23.31883192062378, 23.736476182937622, 23.136797428131104, 23.62370014190674, 23.51059913635254, 23.174050092697144, 23.068258047103882, 23.468358516693115]], "test_accuracy": 18.18, "convergence_iteration": 24}}