{"config": {"train_options": {"learning_rate": 0.05, "optimizer": "SGD", "batch_size": 128, "number_of_epochs": 300, "loss_parameters": {"temperature": 20, "distillation_type": "FILTER", "alpha": 0.3, "beta": 0.2}}}, "results": {"train_losses": [[3.134820931625366, 2.8656247108459474, 2.712650810623169, 2.5630505725860595, 2.4397058395385742, 2.3422795471191407, 2.255045725631714, 2.1877664577484133, 2.121244390487671, 2.0674785076141355, 2.017646510696411, 1.9735226921081543, 1.9377731002807617, 1.9035505521774292, 1.8712501733779907, 1.841314501953125, 1.812386217880249, 1.78517905292511, 1.7634216394424438, 1.7396524421691895, 1.713373267555237, 1.6926066987991333, 1.6741891080856324, 1.6508042663574218, 1.632946293449402, 1.6082228425979614, 1.5927448257446288, 1.5709073593139649, 1.5510945138931274, 1.5373417413711548, 1.5197197776794433, 1.5005061023712158, 1.4839322597503661, 1.4709205944061279, 1.4510931022644042, 1.437918381500244, 1.4203396175384522, 1.4029616443634034, 1.3891323486328124, 1.3803999301910401, 1.3619084800720216, 1.3464396488189698, 1.3310107992172242, 1.3195267978668213, 1.3043121725082398, 1.289122243118286, 1.2710308460235595, 1.2631606300354004, 1.2480599880218506, 1.2352916244506835, 1.224275945854187, 1.2077225521087647, 1.1962433631896974, 1.1860586963653565, 1.1756332748413085, 1.1590692420959472, 1.1493795108795166, 1.1375267900466919, 1.1252290503501892, 1.1104574592590333, 1.1018752535820007, 1.0890667075157165, 1.0771616074562074, 1.067636222743988, 1.0567862515449524, 1.04451595659256, 1.0316571434020996, 1.0196085195541382, 1.0137344975471496, 1.003198825931549, 0.9909791698455811, 0.9853854098320007, 0.9717299025535584, 0.9576352798461915, 0.9516924265861512, 0.9429367171287537, 0.9350407947540283, 0.922028325843811, 0.9164359278678894, 0.9057023282051087, 0.8952023201942444, 0.80592328748703, 0.7664688257217407, 0.7564310242652893, 0.748756120967865, 0.7499601619720458, 0.7481160214424133, 0.7488344495773316, 0.747999349784851, 0.7493480162620545, 0.7514365999221801, 0.7535914421081543, 0.752201914024353, 0.7543548886299133, 0.7577990589141845, 0.7615762054443359, 0.7634040620803832, 0.764980645942688, 0.7660387483596802, 0.7676710670471192, 0.7741351850509643, 0.7734150001525879, 0.7791249542236328]], "valid_losses": [[3.216224182128906, 2.8495980010986326, 2.710512540435791, 2.5741741935729983, 2.479001431274414, 2.3738738708496094, 2.3261940406799315, 2.2796572006225584, 2.1959259338378905, 2.2159949821472167, 2.146554694366455, 2.110284754180908, 2.0878116790771486, 2.0804962703704835, 2.0292845142364504, 1.997250218963623, 2.0232062911987305, 2.011196666717529, 2.111344125366211, 1.9587716562271118, 1.9427277505874634, 1.9540653072357177, 1.9621369743347168, 1.9499081342697144, 1.9222993410110474, 1.9153593578338624, 1.9225593408584594, 1.8809029682159424, 1.8584822910308838, 1.88734891166687, 1.8415489046096802, 1.862034769821167, 1.839614638710022, 1.8286048271179198, 1.801542748451233, 1.8545123315811156, 1.8438150360107421, 1.8513386259078979, 1.8357948881149293, 1.825733377456665, 1.7987267101287843, 1.8380010927200316, 1.7821014263153077, 1.7809704916000366, 1.7882162057876587, 1.7533426261901854, 1.7780976690292358, 1.817110390663147, 1.740705047416687, 1.7802957780838014, 1.7128525598526, 1.7107058349609374, 1.6994422735214234, 1.7610266777038575, 1.718535622215271, 1.7139493883132935, 1.7092351411819457, 1.6667887882232666, 1.7266301759719849, 1.7023154678344727, 1.680190926361084, 1.8633985702514648, 1.6968595458984375, 1.5940901180267335, 1.6264406536102296, 1.7173190868377686, 1.6223509925842285, 1.6140509157180787, 1.6299548500061034, 1.629364266204834, 1.560828592300415, 1.5493216758728028, 1.5756472915649413, 1.5645981367111206, 1.575485898590088, 1.6099574989318848, 1.5767328533172607, 1.6045805748939515, 1.6315514629364014, 1.55478483543396, 1.5646160112380982, 1.3636320838928222, 1.36184094581604, 1.3683491119384765, 1.3791287914276122, 1.3754383420944214, 1.3912181316375734, 1.4058660942077637, 1.3933681270599365, 1.4198664073944092, 1.4319103769302368, 1.4354016317367553, 1.4419993175506591, 1.4568834712982177, 1.458378296661377, 1.4727536472320557, 1.473515599822998, 1.496055690383911, 1.5003517921447753, 1.5067048957824707, 1.51047144241333, 1.5120531370162964, 1.5238583101272583]], "train_accs": [[6.5775, 13.65, 19.017500000000002, 24.235, 29.1625, 32.910000000000004, 36.5425, 39.4825, 42.1275, 44.792500000000004, 47.0375, 48.985, 50.415, 52.370000000000005, 53.4925, 54.669999999999995, 56.135000000000005, 57.052499999999995, 57.9825, 59.0075, 59.919999999999995, 60.19, 61.245000000000005, 61.839999999999996, 62.565000000000005, 63.195, 63.88, 64.6625, 65.265, 65.58500000000001, 66.0825, 66.52749999999999, 67.06, 67.25750000000001, 67.95750000000001, 68.3325, 68.82249999999999, 69.3325, 69.6225, 69.5, 70.375, 70.3475, 70.905, 71.15, 71.41, 71.795, 72.2825, 72.3475, 72.715, 73.11999999999999, 73.2325, 73.18, 73.615, 73.585, 73.995, 74.36500000000001, 74.4975, 74.5575, 74.74499999999999, 75.3475, 75.4575, 75.5125, 75.6875, 75.7475, 76.0025, 76.25999999999999, 76.33250000000001, 76.8825, 76.8475, 76.85499999999999, 77.22, 76.8125, 77.53999999999999, 77.5725, 77.5575, 77.99000000000001, 77.545, 78.05, 78.05499999999999, 78.11, 78.4225, 83.72749999999999, 86.09750000000001, 87.0425, 87.9975, 88.255, 88.5425, 88.925, 89.13, 89.4075, 89.605, 89.815, 90.305, 90.47500000000001, 90.455, 90.7075, 90.8825, 91.05250000000001, 91.2875, 91.415, 91.5775, 91.765, 91.56]], "valid_accs": [[6.69, 14.829999999999998, 19.18, 24.349999999999998, 28.499999999999996, 32.93, 34.9, 36.79, 40.27, 40.43, 42.19, 44.05, 45.050000000000004, 45.69, 47.65, 48.94, 48.52, 48.61, 45.5, 50.11, 51.07000000000001, 50.55, 50.73, 50.029999999999994, 52.07000000000001, 51.970000000000006, 51.68000000000001, 52.92, 53.779999999999994, 52.470000000000006, 54.169999999999995, 53.11, 53.580000000000005, 54.54, 54.769999999999996, 53.33, 53.33, 53.580000000000005, 53.14, 54.04, 53.86, 53.13, 54.64, 54.510000000000005, 53.53, 54.85, 54.230000000000004, 53.31, 55.08, 52.839999999999996, 55.08, 55.02, 55.54, 53.400000000000006, 54.74, 54.43, 54.63, 56.10000000000001, 53.37, 54.54, 55.16, 50.029999999999994, 54.09, 56.45, 55.13, 53.72, 55.17999999999999, 55.910000000000004, 54.86, 55.32, 56.36, 56.75, 55.900000000000006, 55.66, 55.31, 54.190000000000005, 55.69, 54.52, 53.25, 55.58, 54.779999999999994, 62.339999999999996, 62.53999999999999, 62.370000000000005, 62.78, 62.59, 63.07000000000001, 62.64999999999999, 63.11, 62.949999999999996, 62.7, 62.980000000000004, 63.06, 62.160000000000004, 62.74999999999999, 62.78, 62.67, 62.45, 62.839999999999996, 62.849999999999994, 62.760000000000005, 63.28, 62.53999999999999]],