{"config": {"train_options": {"learning_rate": 0.05, "optimizer": "SGD", "batch_size": 128, "number_of_epochs": 300, "loss_parameters": {"temperature": 20, "distillation_type": "FILTER", "alpha": 0.9, "beta": 0.6}}}, "results": {"train_losses": [[4.317392216491699, 4.428231410217285, 4.534580355072022, 4.637872542572022, 4.736461846923828, 4.830751657867432, 4.921086994934082, 5.007992285919189, 5.091254562377929, 5.170758226776123, 5.247023748016358, 5.3202016670227055, 5.389939387512207, 5.457069162750244, 5.521207183074951, 5.583024130249023, 5.641778047943116, 5.698118737030029, 5.75233341293335, 5.804390090942383, 5.85458009262085]], "valid_losses": [[4.374512075042724, 4.482449155426026, 4.587372749328614, 4.689182099914551, 4.785125901794434, 4.876803879547119, 4.9662886894226075, 5.051375403594971, 5.133075469207764, 5.213034256744384, 5.287789162445068, 5.359282890319824, 5.427146158599854, 5.491581071472168, 5.5563993171691894, 5.618141250610352, 5.674810929870605, 5.730718921661377, 5.785547900390625, 5.835980227661133, 5.885071802520752]], "train_accs": [[2.8775, 5.035, 7.4825, 9.2725, 10.585, 12.1225, 13.63, 14.74, 15.73, 16.875, 17.877499999999998, 18.9275, 20.205000000000002, 21.1075, 22.1575, 23.0325, 24.1325, 25.2925, 26.7775, 27.615000000000002, 28.945]], "valid_accs": [[3.9800000000000004, 6.1, 8.74, 10.07, 11.459999999999999, 12.94, 14.02, 14.74, 15.72, 15.770000000000001, 16.900000000000002, 17.77, 19.259999999999998, 20.62, 21.15, 20.82, 22.6, 23.73, 24.33, 25.740000000000002, 26.16]], "train_times": [[129.63320636749268, 130.84701919555664, 128.98451113700867, 128.12320733070374, 128.94849729537964, 128.89820051193237, 130.4489061832428, 129.6207094192505, 129.8099513053894, 129.2734832763672, 129.4631745815277, 129.59601473808289, 129.5346701145172, 128.79708123207092, 127.93170523643494, 127.99029397964478, 132.88135647773743, 129.97334384918213, 128.7161099910736, 128.7080581188202, 130.4167766571045]], "valid_times": [[25.734350204467773, 25.561179399490356, 25.008590698242188, 25.21628737449646, 25.76802635192871, 25.797603607177734, 25.185004949569702, 25.363481044769287, 25.12382197380066, 24.896692276000977, 25.58659839630127, 25.659900903701782, 25.01781415939331, 24.76974892616272, 24.860187292099, 24.80337953567505, 26.330320119857788, 25.399159908294678, 26.082812309265137, 24.71894907951355, 25.119837999343872]], "test_accuracy": 27.71, "convergence_iteration": 21}}