{"config": {"train_options": {"learning_rate": 0.05, "optimizer": "SGD", "batch_size": 128, "number_of_epochs": 300, "loss_parameters": {"temperature": 15, "distillation_type": "FILTER", "alpha": 0.9, "beta": 0.2}}}, "results": {"train_losses": [[-0.9570027334213257, -0.9496302427291871, -0.9300486591339111, -0.9061637535095215, -0.8823303699493408, -0.8580295742034912, -0.834991780090332, -0.8130497299194336, -0.7928899085998535, -0.7740723724365235, -0.7561867099761963, -0.7393763999938965, -0.7229957080841064, -0.7071495277404786, -0.6911593162536621, -0.6758945068359375, -0.6610480697631836, -0.6468736251831054, -0.6331632942199708, -0.6201149055480957, -0.6076944255828858]], "valid_losses": [[-0.9557563917160035, -0.942347226524353, -0.9177746898651123, -0.8923823875427246, -0.8678602020263672, -0.8431203445434571, -0.8180975948333741, -0.7978807594299316, -0.7731506145477295, -0.7586223884582519, -0.7415702499389648, -0.7236728107452393, -0.7005832290649414, -0.6841551391601562, -0.6701281345367431, -0.6537143714904785, -0.6345511627197266, -0.6256659145355224, -0.6108532070159912, -0.5939400936126709, -0.5838012355804444]], "train_accs": [[3.6824999999999997, 8.007499999999999, 10.8575, 13.15, 15.632499999999999, 17.37, 18.9925, 20.745, 22.63, 24.3975, 26.2825, 27.8575, 29.830000000000002, 31.5, 32.9925, 34.475, 35.965, 37.105, 38.64, 39.557500000000005, 41.065000000000005]], "valid_accs": [[6.140000000000001, 9.879999999999999, 12.16, 14.430000000000001, 15.93, 17.72, 18.88, 21.12, 21.75, 23.54, 26.05, 27.939999999999998, 28.01, 29.53, 30.709999999999997, 31.72, 32.73, 34.25, 35.43, 35.57, 37.25]], "train_times": [[130.6995964050293, 129.60886025428772, 129.52445697784424, 130.5758092403412, 129.6882483959198, 131.20411229133606, 130.1398572921753, 131.94794940948486, 130.32335329055786, 130.05394864082336, 131.63700199127197, 130.68468165397644, 128.82398056983948, 127.90370917320251, 128.07303762435913, 130.45273065567017, 127.61009311676025, 130.101886510849, 129.84567546844482, 129.90307450294495, 129.13607907295227]], "valid_times": [[25.43894052505493, 25.685439109802246, 25.409960985183716, 24.563182592391968, 25.505223512649536, 26.24780511856079, 23.57282853126526, 25.562196254730225, 25.503111600875854, 24.318005323410034, 25.94616436958313, 25.478137969970703, 25.83705163002014, 25.115750074386597, 25.18946886062622, 25.201213836669922, 24.502315759658813, 25.662624835968018, 25.912485122680664, 24.773186445236206, 24.545330047607422]], "test_accuracy": 38.18, "convergence_iteration": 21}}