{
  "config": {
    "train_options": {
      "learning_rate": 0.01,
      "optimizer": "SGD",
      "batch_size": 128,
      "number_of_epochs": 300,
      "loss_parameters": {
        "temperature": 5,
        "distillation_type": "FILTER",
        "alpha": 0.8,
        "beta": 0.1
      }
    }
  },
  "results": {
    "train_losses": [
      [
        -0.3352862713813782, -0.37828128433227537, -0.41022684564590456,
        -0.4308101738929749, -0.4498245520591736, -0.461913149356842,
        -0.4746661826133728, -0.4861939640045166, -0.4961132480621338,
        -0.5058364499092102, -0.5086659394264221, -0.5171559282302857,
        -0.5201165922164916, -0.5262392141342163, -0.5335578958511352,
        -0.5358110898971558, -0.541721591758728, -0.5469207201004028,
        -0.5524629135131836, -0.5599351377487183, -0.5629224786758423,
        -0.5691159683227539, -0.5752654468536377, -0.5806392713546753,
        -0.5853549230575561, -0.5881580814361572, -0.5907695793151856,
        -0.5970638845443725, -0.5995146705627441, -0.6070950637817383,
        -0.6074351316452027, -0.6095756450653076, -0.6145980228424073,
        -0.6184721235275269, -0.6190822288513184, -0.6226063779830933,
        -0.6266962398529052, -0.6291223499298095, -0.6324065221786499,
        -0.6343561752319336, -0.6370722427368164, -0.6404111457824707,
        -0.6414118131637573, -0.6449723678588867, -0.6459142276763916,
        -0.6483908020019531, -0.647732294845581, -0.6510339752197266,
        -0.6528538244247436, -0.6540800064086915, -0.6578174278259278,
        -0.6602214080810547, -0.6582604312896728, -0.6618808296203613,
        -0.6620276950836181, -0.6671499866485596, -0.6672866617202758,
        -0.6669820236206054, -0.66962255153656, -0.6725252206802368,
        -0.6701332023620605, -0.6734785913467407, -0.673841510772705,
        -0.6778556566238403, -0.67627419090271, -0.6786195804595947,
        -0.6809390954971314, -0.6807260772705078, -0.684477193069458,
        -0.6815513889312744, -0.6853416687011719, -0.6819802633285522,
        -0.6867109592437745, -0.6858225307464599
      ]
    ],
    "valid_losses": [
      [
        -0.35436640911102296, -0.3960142408370972, -0.41421469411849976,
        -0.43660250272750856, -0.45238415031433105, -0.46768118181228635,
        -0.473658757686615, -0.4807415888786316, -0.4935993143081665,
        -0.49925157022476196, -0.4994934887886047, -0.5024425886154175,
        -0.5048544694900513, -0.5006489408493042, -0.5136515220642089,
        -0.5171935493469239, -0.5212643733978272, -0.536050401878357,
        -0.5322320785522461, -0.5410782768249511, -0.5430856523513794,
        -0.542087257194519, -0.5506815277099609, -0.5501642684936523,
        -0.5648744331359863, -0.569634395980835, -0.5664995534896851,
        -0.5707978137969971, -0.5711087629318238, -0.5785752590179444,
        -0.5766288372039795, -0.5799113754272461, -0.5787609214782715,
        -0.5859509950637818, -0.5813553186416626, -0.5760300615310668,
        -0.5891933187484741, -0.5798960823059082, -0.5822102390289307,
        -0.596399891090393, -0.5951823728561402, -0.5985716430664062,
        -0.5887217985153198, -0.6006378499984741, -0.5921704170227051,
        -0.6019179191589356, -0.5963841165542603, -0.5993222368240356,
        -0.5953452663421631, -0.6062565448760986, -0.6007359237670898,
        -0.5971917427062988, -0.6001582235336304, -0.6083155010223389,
        -0.6015679519653321, -0.6014529130935669, -0.5981811136245727,
        -0.6013196321487426, -0.5958521869659423, -0.589958576965332,
        -0.6024712184906006, -0.5921282627105713, -0.5949479454040527,
        -0.5981264518737793, -0.5966395748138428, -0.5885634634017944,
        -0.5908046617507935, -0.5906877277374267, -0.5763146772384643,
        -0.5855825998306274, -0.5821777431488037, -0.5785626907348633,
        -0.5832295295715332, -0.5851115879058838
      ]
    ],
    "train_accs": [
      [
        2.7824999999999998, 5.29, 7.265000000000001, 9.165, 10.67,
        12.305000000000001, 13.79, 15.0025, 16.09, 17.1575, 18.3625, 19.1725,
        19.9925, 20.9125, 21.7725, 22.37, 23.405, 24.21, 25.277500000000003,
        26.13, 27.1125, 28.0225, 28.58, 29.75, 30.485, 31.442500000000003,
        31.7325, 32.92, 33.5, 34.305, 34.6725, 35.480000000000004, 36.6725,
        37.22, 37.61, 38.4525, 39.125, 39.6825, 40.239999999999995, 41.075,
        41.48, 41.8975, 42.457499999999996, 43.24, 43.62, 44.455, 44.76, 45.385,
        45.5125, 46.29, 46.9325, 47.2125, 47.4275, 48.26, 48.7475, 48.9475,
        49.6175, 49.8575, 50.285000000000004, 51.10249999999999, 51.2725, 51.54,
        52.065, 52.27, 52.93, 53.254999999999995, 53.59, 53.74250000000001,
        53.87499999999999, 54.6125, 54.730000000000004, 55.315000000000005,
        55.415000000000006, 55.775
      ]
    ],
    "valid_accs": [
      [
        4.66, 6.65, 8.52, 10.18, 11.89, 12.839999999999998, 14.430000000000001,
        14.84, 16.56, 17.41, 18.62, 18.66, 19.96, 20.4, 20.89,
        22.040000000000003, 22.400000000000002, 24.27, 24.6, 25.009999999999998,
        25.419999999999998, 25.729999999999997, 27.200000000000003,
        27.389999999999997, 28.78, 29.86, 30.04, 30.669999999999998,
        31.169999999999998, 32.25, 32.72, 33.239999999999995, 33.23,
        34.760000000000005, 34.23, 34.72, 36.15, 35.79, 35.86,
        37.580000000000005, 37.74, 38.42, 37.86, 39.129999999999995,
        38.940000000000005, 39.97, 40.0, 40.46, 40.31, 41.370000000000005,
        41.07, 41.17, 41.82, 42.51, 42.47, 43.66, 43.22, 43.26, 43.64, 43.14,
        44.46, 43.8, 44.07, 45.24, 44.82, 44.62, 44.96, 45.4, 44.11, 44.87,
        45.25, 44.7, 45.42, 46.150000000000006
      ]
    ],
    "train_times": [
      [
        124.43498063087463, 123.3587863445282, 123.75462484359741,
        123.56776261329651, 123.96058750152588, 124.88053226470947,
        123.63406300544739, 123.64569807052612, 124.05797481536865,
        122.82454538345337, 123.76826977729797, 122.73984026908875,
        123.11039471626282, 124.1021580696106, 125.33661389350891,
        123.86090064048767, 123.911789894104, 123.55941915512085,
        123.07265210151672, 124.16929078102112, 123.55108714103699,
        124.71241450309753, 123.35602402687073, 122.80134296417236,
        123.98410081863403, 124.3218412399292, 123.12295293807983,
        124.07508420944214, 123.1697154045105, 123.82300090789795,
        123.74993705749512, 123.3685462474823, 123.10679316520691,
        123.619624376297, 123.1197898387909, 123.821852684021,
        123.08466529846191, 123.29859948158264, 123.80044198036194,
        124.73928952217102, 123.14194130897522, 124.20734190940857,
        122.9949460029602, 123.47378635406494, 123.57990193367004,
        124.34766292572021, 124.55553245544434, 124.22752547264099,
        123.81115627288818, 124.44326949119568, 122.74576616287231,
        123.15913534164429, 124.18107104301453, 124.98473477363586,
        124.97614550590515, 124.27660965919495, 125.21666383743286,
        123.45275545120239, 124.76940155029297, 123.28479242324829,
        124.10480570793152, 123.89504933357239, 124.36042022705078,
        123.37834644317627, 123.24152421951294, 124.30618524551392,
        123.43117070198059, 124.14540767669678, 123.41905379295349,
        123.88477683067322, 123.91645884513855, 122.66309905052185,
        123.16299152374268, 122.63385105133057
      ]
    ],