{"config": {"train_options": {"learning_rate": 0.005, "optimizer": "SGD", "batch_size": 128, "number_of_epochs": 300, "loss_parameters": {"temperature": 15, "distillation_type": "FILTER", "alpha": 0.2, "beta": 0.7}}}, "results": {"train_losses": [[7.5288911613464355, 7.497069472503662, 7.4822250137329105, 7.468020356750488, 7.454218091583252, 7.443441679382325, 7.438896489715576, 7.438151689147949, 7.439202473449707, 7.4402715194702145, 7.442812457275391, 7.4446455795288085, 7.4467549324035645, 7.449961260986328, 7.452625373840332, 7.457345848083496, 7.4596180290222165, 7.463757208251953, 7.4670614234924315, 7.470748820495605, 7.474035275268554, 7.478685216522217, 7.482076815795899, 7.486355503845215, 7.491548235321045, 7.495889065551758, 7.499743970489502]], "valid_losses": [[7.506609655761719, 7.4918723472595214, 7.476533197784424, 7.462858584594726, 7.4506216171264645, 7.442029866027832, 7.440923265838623, 7.444525212097168, 7.445457180786133, 7.4485543365478515, 7.451574103546142, 7.4564322647094725, 7.456842589569092, 7.462836253356934, 7.465989203643799, 7.474003244781494, 7.478282698059082, 7.48073786239624, 7.48581530380249, 7.490614708709717, 7.498731646728515, 7.508146591186524, 7.5108040184021, 7.514174266052246, 7.520267169952392, 7.531158748626709, 7.5302864326477055]], "train_accs": [[2.2175000000000002, 4.4174999999999995, 5.755, 7.0175, 8.135, 9.2875, 10.4475, 11.635, 12.327499999999999, 13.215, 13.8375, 14.5875, 15.329999999999998, 15.9275, 16.7375, 17.6075, 18.2, 18.985, 19.685, 20.6425, 21.4275, 21.6625, 22.5075, 23.0675, 23.6225, 24.455, 25.22]], "valid_accs": [[3.5900000000000003, 4.78, 6.21, 7.22, 8.459999999999999, 9.700000000000001, 10.54, 11.459999999999999, 12.36, 12.91, 13.77, 14.280000000000001, 15.15, 15.78, 16.16, 16.99, 17.7, 19.139999999999997, 19.16, 19.85, 20.47, 20.69, 21.57, 22.11, 23.13, 22.66, 23.61]], "train_times": [[129.19646382331848, 128.1030673980713, 127.88682198524475, 128.32822465896606, 128.3088583946228, 128.13560700416565, 128.88949131965637, 130.18944835662842, 128.97929048538208, 127.49526786804199, 128.5581078529358, 130.95550870895386, 127.35789823532104, 129.18815684318542, 128.98030304908752, 126.59376955032349, 128.02104783058167, 130.95872902870178, 127.2720935344696, 129.58795404434204, 128.03559470176697, 126.93192625045776, 130.18042826652527, 128.79362845420837, 127.2915551662445, 128.65321516990662, 129.126850605011]], "valid_times": [[24.059326887130737, 25.435437440872192, 25.12116003036499, 25.374090433120728, 25.780693531036377, 26.310412883758545, 25.53468656539917, 26.084925651550293, 24.85516667366028, 25.73617649078369, 25.532159090042114, 26.13392162322998, 25.67028498649597, 24.229931592941284, 24.416451454162598, 24.09570860862732, 25.432840824127197, 25.892581462860107, 25.73864483833313, 25.369905471801758, 23.827670574188232, 25.38626527786255, 24.04140043258667, 25.204705476760864, 25.90869665145874, 23.869358777999878, 25.61338520050049]], "test_accuracy": 24.279999999999998, "convergence_iteration": 27}}