{"config": {"train_options": {"learning_rate": 0.01, "optimizer": "SGD", "batch_size": 128, "number_of_epochs": 300, "loss_parameters": {"temperature": 5, "distillation_type": "FILTER", "alpha": 0.3, "beta": 0.5}}}, "results": {"train_losses": [[5.917994484710693, 5.80750224533081, 5.743177028656006, 5.713373219299316, 5.694364712524414, 5.682541075134277, 5.670966244506836, 5.657098197937012, 5.6449995025634765, 5.632511351013184, 5.6185651275634765, 5.604506559753418, 5.590264505767823, 5.578537378692627, 5.567212886047363, 5.560164265441895, 5.552781316375732, 5.546899263000488, 5.542977597808838, 5.539638055419922, 5.536107051849365, 5.532681581115723, 5.533850946044922, 5.531824637603759, 5.528667228698731, 5.530362315368652, 5.530230916595459, 5.530252384185791, 5.5333812683105466, 5.534054871368408, 5.537496814727783, 5.538443475341797, 5.541545435333252, 5.542162884521485, 5.546406186676025, 5.548521352386475, 5.553822135925293, 5.555489617919922, 5.559069472503662, 5.562875771331787, 5.5677676818847655, 5.571940623474121]], "valid_losses": [[5.849416837310791, 5.765964837646484, 5.727128383636475, 5.7089472648620605, 5.702194650268555, 5.6846468505859375, 5.68070650100708, 5.671103785705567, 5.6579775085449215, 5.6497637596130375, 5.656301152801514, 5.649660231018067, 5.636588124847412, 5.638475624847412, 5.600559777832031, 5.607371533966065, 5.622894610595703, 5.609273882293701, 5.596971952819824, 5.595661782073974, 5.605136981964112, 5.59145908279419, 5.599788767242432, 5.59291117477417, 5.599926181030273, 5.604620069885254, 5.612976155853271, 5.615367724609375, 5.619410511016846, 5.6326062210083006, 5.649239156341553, 5.668945854949951, 5.660913898468017, 5.649424279785157, 5.668948583984375, 5.67734031906128, 5.6730656204223635, 5.681163859558105, 5.689415841674805, 5.711712838745117, 5.708372940063477, 5.751537406158447]], "train_accs": [[3.3575, 7.3725, 10.8675, 12.797500000000001, 14.677499999999998, 16.064999999999998, 17.5925, 19.2775, 20.87, 22.564999999999998, 24.1925, 25.8425, 27.297500000000003, 28.7425, 30.605, 31.5475, 33.3225, 34.410000000000004, 35.6225, 36.7475, 37.8275, 38.732499999999995, 39.9725, 41.125, 42.3425, 43.055, 43.91, 44.695, 45.440000000000005, 46.225, 47.1225, 47.862500000000004, 48.5225, 49.35, 49.7975, 50.67, 51.07000000000001, 51.9575, 52.480000000000004, 53.005, 53.362500000000004, 53.997499999999995]], "valid_accs": [[5.5, 9.73, 12.36, 13.58, 14.91, 16.42, 17.669999999999998, 18.970000000000002, 20.62, 21.87, 22.63, 24.75, 26.02, 26.729999999999997, 29.310000000000002, 29.659999999999997, 30.490000000000002, 31.730000000000004, 32.79, 34.42, 34.06, 35.91, 36.26, 37.24, 37.88, 38.379999999999995, 39.23, 39.89, 39.97, 40.64, 40.12, 40.28, 41.56, 42.99, 42.79, 42.94, 44.73, 44.54, 44.440000000000005, 44.89, 45.910000000000004, 43.85]], "train_times": [[122.30574107170105, 122.13687419891357, 124.65801525115967, 122.17663240432739, 123.0882830619812, 121.90431499481201, 122.90128087997437, 124.37455582618713, 123.42508172988892, 123.2966136932373, 123.10470461845398, 123.56091952323914, 121.19689655303955, 122.56988716125488, 122.23853063583374, 123.08209300041199, 123.85252404212952, 122.64549016952515, 122.71095728874207, 122.71159982681274, 123.05600690841675, 121.88274049758911, 124.6387255191803, 121.60776209831238, 124.85895657539368, 121.84904670715332, 124.64163208007812, 122.32477283477783, 123.44502663612366, 121.23029565811157, 122.17968416213989, 122.64504504203796, 122.4729676246643, 122.74846482276917, 122.06291079521179, 124.12374448776245, 122.35088419914246, 123.58198475837708, 121.60349678993225, 124.14220380783081, 121.99683403968811, 122.91067242622375]], "valid_times": [[23.39638376235962, 24.152342796325684, 24.870355129241943, 24.217847108840942, 24.285427570343018, 25.56222152709961, 24.302984476089478, 24.10194230079651, 23.992844343185425, 23.694981813430786, 23.772809982299805, 24.093112468719482, 24.79301929473877, 23.96303391456604, 23.574357509613037, 24.543623447418213, 24.152355909347534, 24.291521787643433, 25.268445253372192, 23.528084754943848, 25.101003646850586, 24.60111951828003, 24.47582697868347, 24.505120992660522, 24.699641227722168, 24.848057985305786, 24.30137538909912, 23.843992948532104, 24.58753275871277, 24.567256450653076, 24.35666060447693, 24.47022294998169, 23.88418173789978, 24.526872396469116, 24.620654582977295, 24.18371295928955, 25.407143115997314, 24.87759280204773, 24.657529830932617, 24.087390184402466, 23.868589878082275, 24.24800992012024]], "test_accuracy": 43.55, "convergence_iteration": 42}}