{"config": {"train_options": {"learning_rate": 0.01, "optimizer": "SGD", "batch_size": 128, "number_of_epochs": 300, "loss_parameters": {"temperature": 10, "distillation_type": "FILTER", "alpha": 0.1, "beta": 0.6}}}, "results": {"train_losses": [[7.175684300231934, 7.083496597290039, 7.016034574890137, 6.97999084777832, 6.955503257751465, 6.9345100959777835, 6.916781829833984, 6.899517875671386, 6.885419164276123, 6.8732746185302735, 6.861279759216308, 6.852015082550049, 6.845943325042724, 6.839773657989502, 6.834345527648926, 6.831761894226074, 6.826488243103027, 6.826565412902832, 6.822631791687011, 6.823132696533203, 6.822630251312256, 6.824600018310547, 6.823759188079834, 6.827228998565674, 6.829608895111084, 6.83326753616333, 6.836183266448975, 6.8414846069335935, 6.846095482635498, 6.850614723968506, 6.854940657043457, 6.8600861351013185, 6.865000062561035, 6.871690929412842, 6.8788503013610836, 6.885021285247802]], "valid_losses": [[7.1217172302246095, 7.050297235870361, 7.000606819152832, 7.001910380554199, 6.9839432876586915, 6.949326119995117, 6.940171215820312, 6.941104362487793, 6.911490051269531, 6.923767918395996, 6.9015629203796385, 6.90923486328125, 6.929626390075684, 6.901228832244873, 6.900171433258056, 6.894810060119629, 6.915264321136474, 6.937415853881836, 6.9027357757568355, 6.9320188301086425, 6.933759024047852, 6.949328189086914, 6.926914286804199, 6.949233043670654, 6.935064580535888, 6.939942552185059, 6.984312967681885, 6.943122916412354, 6.9665250503540035, 6.963208326721191, 6.963498609161377, 6.97607752609253, 6.976247368621826, 6.996296537017822, 7.006024816894532, 7.015956021881103]], "train_accs": [[2.82, 6.32, 9.78, 12.0325, 14.344999999999999, 16.107499999999998, 18.3675, 20.27, 22.24, 23.785, 25.724999999999998, 27.0125, 28.457500000000003, 29.8325, 31.45, 32.5625, 34.175, 35.075, 36.6375, 37.519999999999996, 38.847500000000004, 39.7575, 40.7725, 41.7825, 42.9875, 43.730000000000004, 44.487500000000004, 45.440000000000005, 46.1275, 46.945, 47.589999999999996, 48.455, 49.065, 49.8025, 50.415, 50.925]], "valid_accs": [[4.88, 8.260000000000002, 10.92, 11.63, 13.700000000000001, 16.37, 17.990000000000002, 18.990000000000002, 21.08, 21.8, 23.72, 24.75, 24.57, 27.229999999999997, 27.82, 29.56, 29.409999999999997, 30.36, 32.519999999999996, 32.190000000000005, 33.36, 34.02, 35.25, 35.449999999999996, 37.54, 38.31, 36.919999999999995, 40.410000000000004, 40.2, 40.93, 41.89, 42.33, 43.13, 42.970000000000006, 43.480000000000004, 43.57]], "train_times": [[123.99687051773071, 121.85315418243408, 122.2503547668457, 122.90011191368103, 121.63949728012085, 122.28473496437073, 123.58694791793823, 123.43777823448181, 122.37271642684937, 123.60928559303284, 123.02013969421387, 125.42538213729858, 123.21744012832642, 122.82259058952332, 122.01023697853088, 123.06717467308044, 122.05964040756226, 122.62244606018066, 121.6062605381012, 123.16944241523743, 123.73673009872437, 121.70386576652527, 123.4601469039917, 123.8099148273468, 124.12489700317383, 123.46677589416504, 122.93683505058289, 124.19886898994446, 123.38802695274353, 122.86489605903625, 123.07502293586731, 123.60194993019104, 122.12205624580383, 121.88412928581238, 122.4074194431305, 123.90092825889587]], "valid_times": [[23.691040754318237, 23.562201261520386, 23.776353120803833, 23.382564067840576, 23.54133415222168, 23.830341339111328, 23.657885313034058, 23.717895984649658, 23.945267915725708, 23.854705810546875, 23.544616222381592, 23.703840255737305, 23.534172296524048, 23.42735505104065, 23.348832368850708, 23.20209813117981, 23.628617763519287, 23.21719264984131, 23.52324652671814, 23.354087591171265, 23.265570402145386, 23.683127880096436, 23.3921902179718, 23.26536202430725, 23.66154432296753, 23.56601858139038, 23.448012828826904, 23.773664236068726, 23.839625120162964, 23.243316173553467, 23.783596515655518, 23.2590970993042, 23.295909643173218, 23.184563159942627, 23.087849140167236, 23.232977628707886]], "test_accuracy": 45.22, "convergence_iteration": 36}}