{"config": {"train_options": {"learning_rate": 0.005, "optimizer": "SGD", "batch_size": 128, "number_of_epochs": 300, "loss_parameters": {"temperature": 20, "distillation_type": "FILTER", "alpha": 0.4, "beta": 0.1}}}, "results": {"train_losses": [[1.7239136627197265, 1.5527519191741943, 1.446858044052124, 1.3640520738601685, 1.3047887035369874, 1.2597194179534912, 1.2173323345184326, 1.178291894721985, 1.1422470190048217, 1.1054427730560303, 1.0718859992980958, 1.0368981987953185, 1.002120307445526, 0.9667777304649353, 0.9357909507751465, 0.9066017210006714, 0.8733746055603028, 0.8422750619888306, 0.8168034992218017, 0.7907804109573364, 0.7649439655303955, 0.7410542819976806, 0.7197350455284118, 0.6949737334251403, 0.6739533303260803, 0.6530999950408936, 0.6363406992912293, 0.6169168375968933, 0.5950943975448608, 0.5793231142044067, 0.5611273345947265, 0.542708270072937, 0.5304428659439087, 0.5131293540000915, 0.5002441076278686, 0.4848203875541687, 0.46988594455718996, 0.4582231370925903, 0.44549824085235595, 0.43395567722320555, 0.41844225826263426, 0.4091292188644409, 0.39585491104125975, 0.39154316940307615, 0.3758318285942078, 0.36461416397094726, 0.3540639766693115, 0.3458873719215393, 0.3383718252182007, 0.32633211193084716, 0.31471165904998777, 0.30794128227233886, 0.2995135185241699, 0.2896649136543274, 0.2809162606239319, 0.2748502229690552, 0.26662720623016356, 0.25730070734024046, 0.24590769205093385, 0.24157888374328612, 0.23355935611724854, 0.23012479057312013, 0.21837172603607177, 0.21173322582244872, 0.2076072675704956, 0.20031634349823, 0.19743898544311522, 0.1884634744644165, 0.18279069843292237, 0.1748366954803467, 0.16906359310150146, 0.16193072872161865, 0.1565210760116577, 0.15198371963500976, 0.1466471164703369, 0.13893443756103516, 0.13408925228118895, 0.12865503540039064, 0.12170820236206055, 0.11681042652130127, 0.11315162181854248, 0.05899291648864746, 0.0417739860534668, 0.03661911869049072, 0.03390107364654541, 0.030733434867858886, 0.02896255874633789, 0.025741399765014647, 0.024310448455810547, 0.020390416717529298, 0.020351448059082032, 0.01890134334564209, 0.018583291244506837, 0.0162433650970459, 0.014108926391601563, 0.011720220375061036, 0.011322387313842773, 0.011273861885070801, 0.010071153450012207, 0.007227682304382324, 0.006193426513671875, 0.005387018394470215, 0.003051880645751953, 0.004525952911376953]], "valid_losses": [[1.6278828277587891, 1.5223983921051025, 1.4125443454742432, 1.3510862083435058, 1.315924712562561, 1.2543136734008788, 1.2309524604797364, 1.1972498071670532, 1.1691861476898193, 1.1431177436828612, 1.1028962623596192, 1.0787453342437745, 1.0650703887939452, 1.0320719745635987, 0.9927226181030273, 0.958280592918396, 0.9593309242248536, 0.9429889965057373, 0.9348637996673584, 0.856628498840332, 0.8438079221725464, 0.8440934765815735, 0.8318905347824097, 0.8422213706970215, 0.8479069492340088, 0.8015489723205567, 0.8478307788848877, 0.8238990472793579, 0.74597180519104, 0.7335473874092102, 0.7717649507522583, 0.7181361763000488, 0.7561166198730469, 0.7386989608764648, 0.6974128944396972, 0.6838926612854004, 0.6975669250488281, 0.6800926769256592, 0.6396242534637451, 0.6194641412734986, 0.6365085392951966, 0.6438927028656006, 0.6325389390945435, 0.6294341069221496, 0.6085526733398438, 0.5841910753250122, 0.591220177078247, 0.6167422281265259, 0.5828616787910461, 0.5622796633720398, 0.5832856805801392, 0.5796338551521302, 0.571514535331726, 0.5446258987426758, 0.5775356218338012, 0.5397270733833313, 0.5808070701599121, 0.5364476415634155, 0.5574922962188721, 0.544393103313446, 0.5185614413261413, 0.5324837728500367, 0.5174865822792053, 0.5485597887039184, 0.5192970950126647, 0.4964214237213135, 0.5314611927986145, 0.49452060317993163, 0.5163947816848755, 0.5221453071594239, 0.512644561958313, 0.5061243520736695, 0.5136293694496155, 0.5092105087280273, 0.5339885231018067, 0.510525358581543, 0.5127981941223144, 0.5164508871078491, 0.5509751530647278, 0.5461546145439148, 0.5220091291427612, 0.4137324782371521, 0.40850417957305907, 0.40845453100204465, 0.4138268342971802, 0.41269442090988157, 0.40962311763763426, 0.40992183713912966, 0.41592379121780393, 0.4113897740364075, 0.41835234375, 0.4156026876449585, 0.4154857689857483, 0.40860509366989134, 0.41223697147369387, 0.4204866214752197, 0.42133930740356446, 0.4258751277923584, 0.4178508080482483, 0.42445972194671633, 0.4170576714515686, 0.42747581291198733, 0.4226792953491211, 0.422568683719635]], "train_accs": [[3.6975000000000002, 7.0575, 9.74, 11.765, 13.76, 15.095, 16.25, 17.6375, 18.86, 20.3725, 21.415, 22.845, 24.055, 25.2875, 26.224999999999998, 27.334999999999997, 28.735, 29.915000000000003, 30.654999999999998, 31.540000000000003, 32.8825, 33.665, 34.332499999999996, 35.625, 36.44, 37.275000000000006, 37.932500000000005, 39.045, 39.835, 40.4825, 41.06, 42.095, 42.6075, 43.54, 43.864999999999995, 44.9625, 45.64, 45.9775, 46.3225, 47.28, 47.9925, 48.4825, 48.8425, 49.3625, 49.96, 50.355000000000004, 51.0, 51.544999999999995, 51.855, 52.32750000000001, 52.63250000000001, 53.385000000000005, 53.75, 54.135, 54.8575, 54.94, 55.415000000000006, 55.96, 56.574999999999996, 56.8925, 57.325, 57.45249999999999, 58.085, 58.5, 58.5425, 59.095, 59.18750000000001, 59.830000000000005, 60.0325, 60.275, 60.58, 61.2475, 61.55500000000001, 61.7825, 62.050000000000004, 62.575, 62.68749999999999, 63.135, 63.2325, 63.5625, 63.795, 66.7425, 67.83, 68.16499999999999, 68.2225, 68.42, 68.36, 68.5825, 68.85, 68.86250000000001, 68.86, 68.9975, 68.6875, 69.2925, 69.32249999999999, 69.41000000000001, 69.3875, 69.39750000000001, 69.515, 69.6, 69.4875, 69.5025, 69.82000000000001, 69.955]], "valid_accs": [[5.25, 7.580000000000001, 10.07, 11.74, 13.120000000000001, 14.92, 15.83, 17.419999999999998, 18.15, 19.05, 20.65, 20.93, 21.560000000000002, 23.1, 24.33, 25.31, 25.88, 26.72, 26.87, 29.549999999999997, 30.03, 31.069999999999997, 30.349999999999998, 31.1, 30.819999999999997, 32.519999999999996, 30.97, 31.669999999999998, 34.5, 35.14, 34.17, 35.76, 34.97, 35.480000000000004, 36.94, 37.64, 37.43, 38.04, 39.56, 40.02, 39.900000000000006, 39.89, 40.33, 41.19, 40.839999999999996, 41.85, 42.02, 41.46, 43.03, 43.4, 42.71, 43.34, 43.64, 44.25, 43.33, 45.18, 44.05, 45.1, 45.04, 45.32, 46.300000000000004, 45.94, 46.5, 46.129999999999995, 46.53, 47.620000000000005, 46.400000000000006, 47.96, 47.38, 47.47, 47.53, 48.29, 48.08, 48.02, 47.42, 48.199999999999996, 48.44, 48.4, 47.19, 47.11, 48.370000000000005, 52.370000000000005, 52.49, 52.44, 52.94, 52.629999999999995, 52.290000000000006, 52.459999999999994, 52.56999999999999, 52.53, 52.86, 52.65, 52.51, 52.5, 52.7, 52.27, 52.449999999999996, 52.21, 52.25, 52.190000000000005, 52.53, 52.2, 52.64, 52.44]],