{"config": {"train_options": {"learning_rate": 0.05, "optimizer": "SGD", "batch_size": 128, "number_of_epochs": 300, "loss_parameters": {"temperature": 20, "distillation_type": "FILTER", "alpha": 0.1, "beta": 0.9}}}, "results": {"train_losses": [[9.040367233276367, 9.177252613830566, 9.326078486633302, 9.473307905578613, 9.61517628173828, 9.750689016723634, 9.88017445678711, 10.002984132385254, 10.119472607421875, 10.230729447937012, 10.336434474182129, 10.437759495544434, 10.535399195861816, 10.628706127929687, 10.718880683898925, 10.80562705078125, 10.888797549438477, 10.9685648727417, 11.045615811157226, 11.119574494934081, 11.190937843322754]], "valid_losses": [[9.106454759216309, 9.256373211669922, 9.404814122009277, 9.554370596313477, 9.691762873840332, 9.827118103027344, 9.951525141906739, 10.083735794067383, 10.19217554473877, 10.309311575317382, 10.410405807495117, 10.503280615234376, 10.603620907592774, 10.693571485900879, 10.783706620788575, 10.876828962707519, 10.967622613525391, 11.038649882507324, 11.111109036254883, 11.184262461853027, 11.2513841796875]], "train_accs": [[3.6799999999999997, 8.2125, 11.2875, 13.727500000000001, 15.6825, 17.4325, 19.247500000000002, 20.810000000000002, 22.88, 24.557499999999997, 26.7525, 28.697499999999998, 30.4075, 32.475, 33.845, 35.6475, 37.01, 38.47, 39.6825, 40.9125, 42.052499999999995]], "valid_accs": [[6.3100000000000005, 9.69, 11.67, 12.770000000000001, 15.129999999999999, 16.49, 18.6, 18.57, 20.73, 21.36, 23.43, 26.700000000000003, 27.029999999999998, 29.080000000000002, 29.82, 29.970000000000002, 29.459999999999997, 32.0, 33.93, 34.98, 36.24]], "train_times": [[121.33069229125977, 121.82334780693054, 121.6566333770752, 122.95542216300964, 120.90615773200989, 122.5831892490387, 122.32667469978333, 120.92323684692383, 120.40781760215759, 120.9636754989624, 121.76178216934204, 121.65473365783691, 121.08226251602173, 120.80789279937744, 121.14412641525269, 120.27898669242859, 121.16241693496704, 121.3922712802887, 119.46346426010132, 120.96141457557678, 121.04496908187866]], "valid_times": [[23.483533143997192, 23.676689386367798, 23.447120666503906, 23.43345022201538, 23.823372840881348, 23.34111189842224, 23.437829971313477, 23.212689876556396, 23.468899726867676, 23.561341285705566, 23.52099084854126, 23.60540509223938, 23.46690797805786, 23.236424922943115, 23.566832304000854, 23.359438180923462, 23.892473220825195, 23.261046171188354, 23.689279317855835, 23.488166332244873, 23.897411823272705]], "test_accuracy": 37.34, "convergence_iteration": 21}}