{"config": {"train_options": {"learning_rate": 0.01, "optimizer": "SGD", "batch_size": 128, "number_of_epochs": 300, "loss_parameters": {"temperature": 5, "distillation_type": "FILTER", "alpha": 0.6, "beta": 0.7}}}, "results": {"train_losses": [[6.72000860748291, 6.717291715240479, 6.725260045623779, 6.739603273010254, 6.7572131362915036, 6.77493922958374, 6.794550438690186, 6.813499948883057, 6.834420660400391, 6.854663401794434, 6.875977995300293, 6.8970991897583005, 6.917684185791016, 6.93818317489624, 6.958581620788574, 6.978817517852783, 6.9985246704101565, 7.018499633789062, 7.0379735984802245, 7.056970500946045, 7.075780889892578]], "valid_losses": [[6.71518140335083, 6.7184744026184084, 6.7301132843017575, 6.746278340148926, 6.7657620803833005, 6.7840071830749515, 6.805856839752197, 6.825832196044922, 6.844364255523682, 6.8666948768615725, 6.888612969207764, 6.912338479614258, 6.931015861511231, 6.951216591644287, 6.971296128082275, 6.9950915077209475, 7.013157582092285, 7.034148931121826, 7.051075359344482, 7.070418410491944, 7.088073862457275]], "train_accs": [[2.3875, 4.7625, 6.72, 8.4325, 9.5575, 10.6375, 11.39, 12.3625, 13.084999999999999, 14.13, 14.605, 15.334999999999999, 16.045, 16.6425, 17.445, 18.21, 18.92, 19.8, 20.515, 21.1825, 21.8825]], "valid_accs": [[3.6900000000000004, 5.7299999999999995, 7.580000000000001, 8.57, 9.569999999999999, 10.26, 11.31, 11.799999999999999, 12.839999999999998, 13.29, 14.41, 14.75, 15.120000000000001, 15.97, 16.88, 17.169999999999998, 18.61, 18.69, 19.77, 20.150000000000002, 21.63]], "train_times": [[122.56440615653992, 123.17800664901733, 123.0833261013031, 121.03057289123535, 122.1324622631073, 121.50170469284058, 122.47550892829895, 122.09182119369507, 121.92091989517212, 123.91524362564087, 123.44670057296753, 122.8597948551178, 122.49289798736572, 122.39395046234131, 123.13532948493958, 122.01896047592163, 122.77068948745728, 121.94213938713074, 123.22981405258179, 121.79904866218567, 122.2684485912323]], "valid_times": [[23.3016414642334, 23.505605936050415, 23.06874442100525, 23.827260732650757, 24.477529048919678, 23.47532081604004, 24.694706439971924, 23.216245412826538, 23.9196879863739, 23.41642427444458, 23.308634042739868, 23.404420852661133, 23.011199474334717, 23.83122181892395, 23.532809495925903, 23.525883197784424, 24.046844482421875, 23.66039276123047, 23.3638174533844, 24.302780389785767, 23.66654920578003]], "test_accuracy": 22.66, "convergence_iteration": 21}}