{"config": {"train_options": {"learning_rate": 0.005, "optimizer": "SGD", "batch_size": 128, "number_of_epochs": 300, "loss_parameters": {"temperature": 20, "distillation_type": "FILTER", "alpha": 0.8, "beta": 0.1}}}, "results": {"train_losses": [[-1.509736483001709, -1.537513493347168, -1.5561887073516845, -1.5756323581695557, -1.5892064163208008, -1.5997819362640382, -1.6107662227630615, -1.6192726018905639, -1.6263188709259033, -1.6329639595031737, -1.638508636856079, -1.6442621530532837, -1.6500259826660155, -1.655349843597412, -1.6608591743469239, -1.6656894966125488, -1.6709090564727784, -1.675560099029541, -1.680150817489624, -1.6838969453811645, -1.6880775299072266, -1.691361470222473, -1.6952615333557128, -1.698568109512329, -1.7027768350601196, -1.705094762802124, -1.709021397781372, -1.711591780090332, -1.7147472995758057, -1.7177823347091674, -1.7202838663101196, -1.7228071279525756, -1.7257455940246582, -1.7285951007843017, -1.7306333505630493, -1.7337164087295531, -1.737046224975586, -1.7397311471939088, -1.742426417350769, -1.745553789138794, -1.7472982095718383, -1.7500609262466431, -1.7525774717330933, -1.7553648778915405, -1.7579945350646973, -1.7601833391189574, -1.7624638036727904, -1.7650509368896485, -1.7675637447357178, -1.769253851890564, -1.7731629755020142, -1.774171355819702, -1.7763169326782227, -1.7775726539611816, -1.7792657379150392, -1.7814146417617798, -1.783335965538025, -1.7844135917663575, -1.7872298093795775, -1.788679950904846, -1.7908058088302612, -1.7919567394256593, -1.7940166624069214, -1.7956702783584595, -1.7965344383239745, -1.7987042896270753, -1.7994327337265015, -1.8013415273666382, -1.8030858629226685, -1.80345031375885, -1.805067180633545, -1.8065992050170898, -1.8075703130722045, -1.809161799621582, -1.809797647666931, -1.8115716062545777, -1.8124913665771485, -1.8137906660079957, -1.8149302696228027, -1.8155263647079467, -1.81750658493042, -1.8261448036193848, -1.8285521085739136, -1.8295037796020508, -1.8289872890472412, -1.830539610671997, -1.8308397451400757, -1.830725263595581, -1.8310977062225342, -1.8308753011703491, -1.8308787881851196, -1.8317634134292602, -1.8314300477981567, -1.8319061367034912, -1.831943528175354, -1.8316668272018433, -1.832438492012024, -1.8329555759429932, -1.8336186544418336, -1.8335998258590698, -1.8329876173019408, -1.833431489944458, -1.8334447338104247, -1.8336905000686645, -1.8338036096572876, -1.8337722215652466, -1.8338758359909058, -1.833921307182312, -1.8334448677062989, -1.8335758527755737, -1.8351214876174926, -1.8355661943435668, -1.8346391193389893, -1.8346206703186034, -1.83471801738739, -1.8354416471481323, -1.835251410484314, -1.835709027481079, -1.8356195255279542, -1.8352875532150268, -1.8362084939956664, -1.835232209968567, -1.8373238235473632, -1.837394147491455, -1.838637085533142, -1.837335209083557, -1.8376704927444458, -1.8380631521224975, -1.83820475730896, -1.838557568359375, -1.8377022243499757, -1.8378182752609253, -1.8388446912765504, -1.837464026069641, -1.8384951498031616, -1.8378104818344116, -1.8380763620376588, -1.8388585151672363, -1.8382774047851562, -1.8385114217758178, -1.8376013833999634, -1.838157804107666, -1.8385626491546632, -1.838078797721863, -1.838197967338562, -1.8387277612686157, -1.8386816034317017, -1.838648236656189, -1.8387921102523803]], "valid_losses": [[-1.5311103664398193, -1.5469633674621581, -1.569804833984375, -1.585637384414673, -1.5976063007354737, -1.6079956001281739, -1.6181881923675536, -1.6269672813415528, -1.6323603687286377, -1.6385423168182374, -1.6449773975372315, -1.6488234409332276, -1.6549578838348389, -1.6606835529327393, -1.6638402069091798, -1.6673788124084472, -1.6750013256072998, -1.6719650482177735, -1.682496632385254, -1.6862965608596803, -1.6870417282104493, -1.6905051113128662, -1.694170253753662, -1.698876502609253, -1.7009716041564942, -1.70492327003479, -1.7045916404724122, -1.7090293659210205, -1.7087277048110963, -1.7123662422180175, -1.7126722608566285, -1.7146653594970702, -1.713462121963501, -1.719144507598877, -1.720067900276184, -1.725499559211731, -1.7288510137557984, -1.731626781654358, -1.7315822156906129, -1.7356337703704834, -1.7345724588394165, -1.7398404928207398, -1.7394808568954467, -1.7415540683746338, -1.7445125495910645, -1.7480684478759765, -1.7425602596282959, -1.7461445009231567, -1.7480433973312377, -1.744988802909851, -1.7528607852935791, -1.7537515426635741, -1.7545061399459838, -1.7602375452041625, -1.7562895681381225, -1.7603679859161376, -1.7610228513717652, -1.75742006816864, -1.7585730337142944, -1.7608808458328247, -1.7670075172424315, -1.7590085437774658, -1.7651418600082398, -1.764799176979065, -1.7681527551651002, -1.7613665887832641, -1.7628617332458496, -1.7670396606445313, -1.766337903404236, -1.7714008924484252, -1.7656426490783692, -1.769930032157898, -1.768861590576172, -1.7697337650299072, -1.773073401451111, -1.7710057794570924, -1.7771705354690552, -1.774953214454651, -1.776377412033081, -1.7719385091781616, -1.772984277153015, -1.7889914333343506, -1.7888213289260864, -1.7894720193862914, -1.7898016162872314, -1.7900356483459472, -1.7902542234420777, -1.790929860687256, -1.7917765708923339, -1.7894255109786987, -1.7895366731643676, -1.7887156400680542, -1.7913657384872437, -1.790552723312378, -1.7900011503219604, -1.790625055885315, -1.7908006776809693, -1.7913594249725342, -1.791138691139221, -1.7910189168930053, -1.7918256132125854, -1.7919721893310547, -1.789553899383545, -1.790617900657654, -1.790102991294861, -1.7909650344848633, -1.7920566526412964, -1.7912859861373902, -1.790976904296875, -1.7907879335403443, -1.791056106376648, -1.7908409635543823, -1.7922133028030396, -1.790966897201538, -1.7900177501678467, -1.7915077491760254, -1.790427568244934, -1.7907245635986329, -1.791901046180725, -1.7918886610031128, -1.7898609394073486, -1.7918804819107055, -1.7908598176956176, -1.7905168785095216, -1.7927152709960938, -1.7921136812210083, -1.791444934272766, -1.7930783323287964, -1.7940898805618286, -1.791110952758789, -1.7911917610168457, -1.791698342514038, -1.7904371629714966, -1.7921755376815796, -1.7912066396713258, -1.792244030570984, -1.7930010091781616, -1.7929830770492554, -1.7907379657745361, -1.7930220756530761, -1.7921075994491578, -1.7915863378524781, -1.7925587741851807, -1.7918496488571167, -1.793283466720581, -1.7926431970596313, -1.7909090250015258, -1.7932894777297974, -1.7916955392837524]],