{"config": {"train_options": {"learning_rate": 0.005, "optimizer": "SGD", "batch_size": 128, "number_of_epochs": 300, "loss_parameters": {"temperature": 10, "distillation_type": "FILTER", "alpha": 0.5, "beta": 0.7}}}, "results": {"train_losses": [[6.730437886810303, 6.720038880157471, 6.723473580169678, 6.727536375427246, 6.729702690887451, 6.72906745300293, 6.730633258056641, 6.734845050811767, 6.7393278259277345, 6.744614260864258, 6.750580169677734, 6.756896325683594, 6.764192283630371, 6.771762156677246, 6.780235046386719, 6.788728562164307, 6.797235498046875, 6.8057689453125, 6.8151145385742185, 6.82416361618042, 6.8324342628479]], "valid_losses": [[6.716733997344971, 6.719190966796875, 6.7224028831481935, 6.726687421417236, 6.727596564483642, 6.728576435089112, 6.732436239624024, 6.7368442291259765, 6.742347161102295, 6.745816744232178, 6.7536766204833985, 6.7607303230285645, 6.767932147979736, 6.778242247009278, 6.785018724060059, 6.795978929138184, 6.804843614196777, 6.813288445281983, 6.822826692962646, 6.83301287765503, 6.842485971069336]], "train_accs": [[2.1075, 3.595, 4.3925, 5.3125, 6.1875, 6.972499999999999, 8.015, 8.9775, 9.5075, 10.4175, 11.262500000000001, 12.035, 12.5975, 13.239999999999998, 13.7325, 14.3425, 14.7525, 15.17, 15.8075, 16.259999999999998, 16.7]], "valid_accs": [[3.05, 4.18, 5.08, 6.13, 6.710000000000001, 7.85, 9.27, 9.66, 10.35, 11.55, 12.04, 12.809999999999999, 13.18, 13.36, 13.76, 14.12, 14.540000000000001, 15.32, 15.93, 15.870000000000001, 16.45]], "train_times": [[124.06871271133423, 123.59433722496033, 124.33898878097534, 123.81419920921326, 123.98288559913635, 123.29693913459778, 123.8958899974823, 124.10659193992615, 123.70860433578491, 123.80118680000305, 123.8865602016449, 123.46079516410828, 123.72942161560059, 123.35590648651123, 123.6911940574646, 124.1742742061615, 124.20672154426575, 123.7237937450409, 124.06391835212708, 123.83517384529114, 123.8534049987793]], "valid_times": [[23.659555673599243, 23.122395515441895, 23.771706342697144, 23.97336769104004, 23.612167358398438, 23.67838168144226, 23.562562227249146, 23.882471084594727, 23.863763570785522, 23.808021306991577, 23.840857982635498, 23.822404384613037, 23.739863872528076, 24.254194974899292, 23.7360680103302, 23.65307307243347, 23.780079126358032, 24.127238512039185, 23.627784967422485, 23.95193386077881, 23.726887941360474]], "test_accuracy": 16.41, "convergence_iteration": 21}}