{"config": {"train_options": {"learning_rate": 0.05, "optimizer": "SGD", "batch_size": 128, "number_of_epochs": 300, "loss_parameters": {"temperature": 10, "distillation_type": "FILTER", "alpha": 0.3, "beta": 0.5}}}, "results": {"train_losses": [[5.658912055969238, 5.556022727966309, 5.532298413085938, 5.52157403717041, 5.514421237182617, 5.50546081237793, 5.497576289367676, 5.4942012245178224, 5.494565071105957, 5.496884327697754, 5.501343630218506, 5.508165409088135, 5.513528708648682, 5.520824736022949, 5.525774401092529, 5.53276947555542, 5.5355716217041016, 5.543705727386475, 5.5486199508667, 5.555480026245117, 5.562307122802735, 5.563826805877685, 5.570151466369629]], "valid_losses": [[5.577779914855957, 5.570643585968018, 5.557726274108886, 5.58445048828125, 5.62510338973999, 5.573241957092285, 5.57082540435791, 5.5923809066772465, 5.575666668701172, 5.586314920806885, 5.6033904808044435, 5.587139468383789, 5.61392176361084, 5.615525985717773, 5.693200356292724, 5.669651880645752, 5.634683790588379, 5.664845735931396, 5.681424745178223, 5.703851052856446, 5.703693133544922, 5.7362022201538085, 5.723587702941894]], "train_accs": [[5.6225, 12.1225, 17.2075, 21.38, 24.9925, 28.6125, 32.235, 35.195, 37.745, 40.27, 42.2725, 44.3825, 46.379999999999995, 47.99, 49.395, 50.7525, 52.415, 53.355, 54.58, 55.657500000000006, 56.3975, 57.3925, 58.220000000000006]], "valid_accs": [[9.16, 14.729999999999999, 18.55, 20.62, 22.220000000000002, 27.150000000000002, 30.04, 31.61, 34.589999999999996, 35.9, 37.940000000000005, 40.67, 41.25, 43.71, 40.699999999999996, 43.95, 46.57, 46.78, 47.52, 47.47, 48.1, 48.04, 49.63]], "train_times": [[123.59227299690247, 124.43930292129517, 124.85746335983276, 123.82170939445496, 126.55641508102417, 124.75399780273438, 123.62653589248657, 125.19817566871643, 124.9031937122345, 124.9472644329071, 125.95077419281006, 123.73282980918884, 125.39139294624329, 123.76016545295715, 124.48679900169373, 122.6514265537262, 123.04106974601746, 125.25482678413391, 123.49891018867493, 123.32938241958618, 123.75267744064331, 124.10746240615845, 125.91106414794922]], "valid_times": [[24.794515132904053, 23.4910671710968, 23.298868656158447, 23.26326870918274, 23.842293739318848, 24.800135850906372, 23.604451656341553, 23.610825061798096, 23.422420024871826, 23.35287117958069, 24.54801058769226, 23.66231656074524, 23.53343105316162, 23.46097993850708, 23.351434469223022, 24.502577304840088, 23.647422790527344, 23.032270431518555, 23.259676694869995, 24.30374050140381, 24.964428663253784, 23.701161861419678, 23.699831008911133]], "test_accuracy": 50.6, "convergence_iteration": 23}}