{"config": {"train_options": {"learning_rate": 0.05, "optimizer": "SGD", "batch_size": 128, "number_of_epochs": 300, "loss_parameters": {"temperature": 20, "distillation_type": "FILTER", "alpha": 0.4, "beta": 0.4}}}, "results": {"train_losses": [[4.22383694229126, 4.108306785583496, 4.060841711044311, 4.0211613075256345, 3.990457674407959, 3.966276138305664, 3.9498073333740233, 3.941570495223999, 3.9367148788452146, 3.932002237701416, 3.9301791233062744, 3.9304193920135497, 3.929827585220337, 3.9305918746948243, 3.9348230476379396, 3.937641145324707, 3.939516334533691, 3.9409338283538817, 3.9415686592102053, 3.942782092285156, 3.9485571350097657, 3.9446504333496093, 3.948254499435425, 3.9473960269927977, 3.948253401184082, 3.950440585708618, 3.948816493988037, 3.9517480838775634]], "valid_losses": [[4.175886396789551, 4.121189357757569, 4.110000391387939, 4.060766143798828, 4.053054299926758, 4.02385246963501, 4.00458670501709, 3.9959758434295654, 4.0511231620788575, 4.022948240661621, 4.054694818115235, 4.025099431991577, 4.0556685325622555, 4.038407286834717, 4.056807096862793, 4.057243829345703, 4.045734078216553, 4.06629783782959, 4.081060754394532, 4.105555352783203, 4.094379500579834, 4.118123470306396, 4.093369814300537, 4.122046067810059, 4.132234080505371, 4.123687855529785, 4.125359312438965, 4.126955850219726]], "train_accs": [[6.2025, 12.795000000000002, 18.060000000000002, 22.78, 27.200000000000003, 30.740000000000002, 34.225, 37.169999999999995, 39.6825, 42.055, 43.72, 45.5925, 47.495, 49.05, 50.375, 51.677499999999995, 52.717499999999994, 53.9075, 55.06999999999999, 56.14, 56.48, 58.182500000000005, 58.292500000000004, 59.519999999999996, 60.112500000000004, 60.9525, 61.3575, 61.9]], "valid_accs": [[8.27, 13.87, 17.83, 21.790000000000003, 24.55, 29.13, 32.1, 34.910000000000004, 34.510000000000005, 37.82, 38.190000000000005, 40.73, 40.739999999999995, 43.3, 44.46, 46.01, 46.650000000000006, 47.19, 47.58, 47.89, 48.22, 48.63, 50.21, 49.81, 49.97, 50.54, 51.25999999999999, 52.26]], "train_times": [[120.82023334503174, 120.69182252883911, 121.18320679664612, 119.92900085449219, 120.09188222885132, 121.56278657913208, 120.45715165138245, 120.54452204704285, 120.92776703834534, 122.85044884681702, 121.2071783542633, 119.5923399925232, 120.34908056259155, 120.19340705871582, 119.9255383014679, 119.48667883872986, 121.14925217628479, 121.4021110534668, 120.26251435279846, 120.9498815536499, 121.14315938949585, 120.93451571464539, 120.99370741844177, 121.41692161560059, 121.32243466377258, 120.80721998214722, 120.41994333267212, 119.9569444656372]], "valid_times": [[24.182186365127563, 23.909645795822144, 23.59840703010559, 23.420734882354736, 23.52827024459839, 23.879281520843506, 23.838510274887085, 23.702914714813232, 23.580516576766968, 24.534478425979614, 23.319817304611206, 23.75176453590393, 23.88856816291809, 23.663907527923584, 23.757014989852905, 23.30215549468994, 23.631701707839966, 23.712451934814453, 23.431243896484375, 24.298643827438354, 23.844324588775635, 23.6453058719635, 23.536433935165405, 23.835750102996826, 23.36582851409912, 23.417226791381836, 23.545913219451904, 23.72758936882019]], "test_accuracy": 52.2, "convergence_iteration": 28}}