{"config": {"train_options": {"learning_rate": 0.005, "optimizer": "SGD", "batch_size": 128, "number_of_epochs": 300, "loss_parameters": {"temperature": 15, "distillation_type": "FILTER", "alpha": 0.1, "beta": 0.6}}}, "results": {"train_losses": [[7.185672744750977, 7.12962576828003, 7.070554765319824, 7.030872576904297, 7.001142684936523, 6.9715751426696775, 6.946519396972656, 6.928588272094727, 6.9153856300354, 6.903034189605713, 6.893867262268066, 6.885461837768554, 6.876191830444336, 6.868319537353516, 6.863156284332275, 6.855831395721435, 6.849302843475342, 6.843999652099609, 6.837114844512939, 6.831860123443604, 6.827664274597168, 6.8224837036132815, 6.819310807037353, 6.815860681915283, 6.812692433929444, 6.8101486968994145, 6.806045441436767, 6.803909423828125, 6.79878688583374, 6.799706091308594, 6.796540653991699, 6.794912467956543, 6.793529698181152, 6.793834056091309, 6.79175655593872, 6.792526235198975, 6.791271239471436, 6.790527806091308, 6.790870413208008, 6.788613372039795, 6.789585874938965, 6.7902725967407225, 6.791277819061279, 6.792166914367676]], "valid_losses": [[7.160868160247802, 7.102460648345947, 7.050186005401612, 7.025300489807129, 6.997975086212159, 6.970072122955322, 6.952031324005127, 6.939230336761475, 6.932637627410888, 6.926108180999756, 6.915854462432861, 6.900930121612549, 6.898730530548096, 6.8964547943115235, 6.890925579071045, 6.883469477844239, 6.878129568481445, 6.88399942779541, 6.878498809814453, 6.881840572357178, 6.879454110717774, 6.8639604866027835, 6.867837118530273, 6.857527276611328, 6.878600483703614, 6.884888381958008, 6.873662046813965, 6.872409725952148, 6.8815747695922855, 6.894495610046387, 6.899967920684815, 6.877856311798095, 6.875016798400879, 6.9242654762268065, 6.888583685302734, 6.886553830718994, 6.922989422607422, 6.919567673492431, 6.904389947509766, 6.905981967926025, 6.921951457214355, 6.9249128761291505, 6.915876800537109, 6.962318716430664]], "train_accs": [[2.2375, 3.9225000000000003, 6.1075, 8.16, 10.015, 11.5575, 12.9175, 14.245, 15.1025, 16.314999999999998, 17.4525, 18.4075, 19.439999999999998, 20.7325, 21.267500000000002, 22.53, 23.34, 23.8625, 25.124999999999996, 26.075, 26.795, 27.675, 28.212500000000002, 29.085, 29.6625, 30.73, 31.324999999999996, 32.0125, 32.95, 33.379999999999995, 34.147499999999994, 34.972500000000004, 35.7425, 36.144999999999996, 36.96, 37.435, 37.87, 38.927499999999995, 39.2025, 40.02, 40.5225, 41.0075, 41.7275, 42.32]], "valid_accs": [[2.6, 5.06, 6.88, 8.92, 10.08, 11.62, 12.19, 13.19, 14.499999999999998, 14.829999999999998, 16.28, 17.65, 18.240000000000002, 18.83, 19.82, 20.84, 21.64, 22.52, 22.400000000000002, 23.79, 23.669999999999998, 25.39, 25.36, 26.729999999999997, 26.540000000000003, 27.21, 27.35, 28.63, 28.88, 28.970000000000002, 29.5, 30.599999999999998, 31.45, 30.470000000000002, 31.619999999999997, 32.36, 31.35, 31.89, 33.33, 34.32, 33.300000000000004, 34.48, 35.76, 33.62]], "train_times": [[121.36690616607666, 121.70377087593079, 121.85007762908936, 121.63752555847168, 121.93970203399658, 121.52656126022339, 121.98828768730164, 120.31648397445679, 121.75929975509644, 122.4336986541748, 120.87513995170593, 120.83553051948547, 121.41767716407776, 121.15900564193726, 121.73928308486938, 121.71181321144104, 121.86208724975586, 121.58770513534546, 121.37258338928223, 121.85612845420837, 121.33150029182434, 121.22172975540161, 121.08396196365356, 121.13079404830933, 122.2565643787384, 121.38609623908997, 120.33415102958679, 120.63895750045776, 121.2072205543518, 121.10803651809692, 121.45181441307068, 120.92077374458313, 121.378253698349, 121.04624772071838, 121.38353753089905, 121.64815664291382, 121.61325597763062, 122.06693816184998, 121.1060836315155, 121.75640559196472, 121.79767942428589, 122.3878402709961, 120.46654200553894, 122.11364316940308]], "valid_times": [[23.678945779800415, 23.3083016872406, 23.51861548423767, 23.187636375427246, 23.263221979141235, 23.794416904449463, 24.03750491142273, 23.886209726333618, 23.6347599029541, 23.73421549797058, 23.84636902809143, 24.157196283340454, 24.133349180221558, 23.572907209396362, 23.941439151763916, 23.58896040916443, 23.864065170288086, 23.699044227600098, 24.666385412216187, 23.532366037368774, 23.679692268371582, 23.80914878845215, 23.64843988418579, 23.572659969329834, 23.547306776046753, 23.643723487854004, 23.670307874679565, 23.210480451583862, 23.131791353225708, 23.78632116317749, 23.85308074951172, 23.701171875, 23.728760957717896, 23.430137157440186, 24.113487005233765, 23.649051189422607, 23.622981071472168, 23.469242811203003, 23.693744659423828, 23.45685052871704, 24.10031533241272, 24.026677131652832, 23.658941507339478, 24.127902269363403]], "test_accuracy": 34.599999999999994, "convergence_iteration": 44}}