{"config": {"train_options": {"learning_rate": 0.005, "optimizer": "SGD", "batch_size": 128, "number_of_epochs": 300, "loss_parameters": {"temperature": 15, "distillation_type": "FILTER", "alpha": 0.5, "beta": 0.2}}}, "results": {"train_losses": [[1.9321861839294434, 1.8152400449752808, 1.7395437089920045, 1.6800781764984132, 1.6324095149993896, 1.598293603515625, 1.5724992210388185, 1.550327516746521, 1.5309646154403687, 1.5123979772567748, 1.4943996742248535, 1.4744056720733643, 1.4537385166168213, 1.4329100255966187, 1.413213286972046, 1.3918721782684327, 1.372721627807617, 1.3540682567596436, 1.335424082183838, 1.3196226402282716, 1.3016739725112916, 1.2874144981384277, 1.271191340637207, 1.2601521699905396, 1.2452256952285767, 1.2314162715911865, 1.2213950889587402, 1.2085836483001708, 1.1989017850875854, 1.1876055179595948, 1.1781934169769288, 1.166509257888794, 1.1572988018035888, 1.1476764945983886, 1.1376805128097534, 1.1304456735610962, 1.1219458284378052, 1.1136873025894165, 1.1083517505645752, 1.0997206085205078, 1.0924608634948731, 1.0876588272094727, 1.078723924255371, 1.0733329372406006, 1.0662963647842407, 1.0614496578216552, 1.053611449432373, 1.0482993831634522, 1.0416193998336791, 1.0380165496826173, 1.0279660215377808, 1.0243415740966797, 1.0234623136520387, 1.0164057580947876, 1.0126086223602295, 1.0075541774749757, 1.004408416557312, 0.9999111818313599, 0.9969089101791382, 0.9921734056472779, 0.9876264429092407, 0.983470517539978, 0.9793758432388305, 0.975627084350586, 0.9744741285324097, 0.9684855369567871, 0.9658875057220458, 0.962056280708313, 0.9593804986953736, 0.9582269720077514, 0.9538390027999878, 0.9531141565322876, 0.9503229286193847, 0.9478392875671386, 0.9451236764907837, 0.9394279691696167, 0.9397563566207886, 0.934797285270691, 0.9333838556289673, 0.9313593908309936, 0.9318543558120728, 0.8967215835571289, 0.8846777997970581, 0.882021222114563, 0.8813043495178222, 0.8800427350997925, 0.8783685022354126, 0.8801363531112671, 0.8744312755584717, 0.875483214378357, 0.8733215906143188, 0.8758300764083863, 0.8718881662368775, 0.8724509645462036, 0.8726594106674195, 0.8717250024795532, 0.8707660833358765, 0.8695502956390381, 0.86825565700531, 0.8685451389312744, 0.8694109811782836, 0.8675824823379517, 0.8667238935470581, 0.8669679021835327, 0.8658923023223877, 0.8652061454772949, 0.865175517463684, 0.8644425554275512, 0.8635065412521362, 0.8635804174423217, 0.8630363229751586, 0.861087726020813, 0.8630948774337769, 0.8620963579177856, 0.8618705978393555, 0.8610085460662842, 0.8633958261489868, 0.8595075132369995, 0.8605795122146607, 0.8590807388305665]], "valid_losses": [[1.861109119606018, 1.7735751611709594, 1.70823766040802, 1.660502816772461, 1.616422942352295, 1.5895771585464478, 1.5780857929229737, 1.5493357034683228, 1.5324083328247071, 1.5212786767959594, 1.511926294708252, 1.4942371517181396, 1.476496747970581, 1.4587040250778198, 1.4427109634399413, 1.4228424095153809, 1.4068054552078246, 1.3911063438415527, 1.3771800760269166, 1.3538049787521362, 1.3523540145874025, 1.3232800575256347, 1.3091755811691284, 1.309565985107422, 1.2954229038238525, 1.2868666801452637, 1.2673946550369262, 1.2629539180755616, 1.2488826293945312, 1.2492918697357178, 1.239677523803711, 1.2289050643920898, 1.2172022241592406, 1.220784312057495, 1.213486492538452, 1.2203955823898316, 1.206422875213623, 1.2014742015838622, 1.1867593835830688, 1.2017175704956056, 1.1939049556732177, 1.1815830974578858, 1.197483445930481, 1.1749679321289062, 1.1717862159729004, 1.1688240753173829, 1.173025308418274, 1.1720325519561767, 1.167819815826416, 1.1654711786270142, 1.1456897598266602, 1.1585952388763427, 1.1714067428588868, 1.1529142372131347, 1.153033479309082, 1.1645998958587647, 1.1401413108825684, 1.1600163936614991, 1.1458734436035156, 1.1425219806671143, 1.1496759334564208, 1.1557679035186768, 1.151473663711548, 1.1455392948150636, 1.146558069419861, 1.1573390003204345, 1.1387889125823976, 1.1446636295318604, 1.1527944215774537, 1.1651377439498902, 1.151927682685852, 1.1493701606750488, 1.1491983943939208, 1.173760431098938, 1.1879441385269165, 1.1625291873931884, 1.167059242248535, 1.1891219190597535, 1.1702579212188722, 1.173691844367981, 1.174461304473877, 1.0995030279159546, 1.0968313705444337, 1.0981962797164917, 1.0978900440216064, 1.0993171501159669, 1.0975365142822266, 1.0968383995056152, 1.0968358194351195, 1.1011169755935668, 1.0996561624526977, 1.0969895263671876, 1.0989140579223633, 1.1012287637710572, 1.098665966796875, 1.0994199913024902, 1.1010334373474122, 1.104471018218994, 1.1021805753707885, 1.0964657964706421, 1.0984822807312011, 1.0997662073135377, 1.1071576585769654, 1.1035810220718383, 1.104236121559143, 1.10061246509552, 1.0984020204544067, 1.103904179573059, 1.1057418159484864, 1.1092986164093017, 1.1051338270187379, 1.1086853408813477, 1.1082502725601195, 1.1097556213378905, 1.1028109537124633, 1.108800354576111, 1.1090809558868409, 1.1085994194030762, 1.1066809093475343, 1.1090712871551514]], "train_accs": [[2.4725, 4.9175, 7.449999999999999, 9.8425, 11.565, 13.017500000000002, 14.235000000000001, 15.305, 16.427500000000002, 17.34, 18.529999999999998, 19.8625, 20.9375, 21.5625, 22.755, 23.98, 24.9775, 26.0325, 26.834999999999997, 27.939999999999998, 28.804999999999996, 29.770000000000003, 30.72, 31.330000000000002, 32.545, 33.1075, 34.07, 34.735, 35.72, 36.364999999999995, 37.09, 37.940000000000005, 38.305, 39.2125, 39.6825, 40.325, 41.3575, 41.7175, 42.1325, 42.79, 43.355, 44.122499999999995, 44.585, 44.9675, 45.595, 46.105000000000004, 46.9125, 47.07, 47.7425, 48.1425, 48.79, 49.3125, 49.762499999999996, 50.0625, 50.5375, 51.135, 51.44, 51.5125, 52.425, 52.81, 53.0, 53.615, 53.949999999999996, 54.347500000000004, 54.735, 55.089999999999996, 55.464999999999996, 55.8825, 56.074999999999996, 56.5175, 56.8975, 56.9025, 57.2875, 57.715, 58.145, 58.662499999999994, 58.5575, 59.260000000000005, 59.260000000000005, 59.9325, 59.730000000000004, 62.5125, 63.1975, 63.415, 63.7175, 63.8175, 63.81, 63.837500000000006, 64.3125, 64.25, 64.16, 64.155, 64.315, 64.37, 64.35499999999999, 64.46, 64.445, 64.7075, 64.8925, 64.73, 64.55, 64.77000000000001, 64.85, 64.68, 64.9325, 65.25999999999999, 64.8375, 65.115, 65.115, 65.1825, 65.0775, 65.33, 65.47500000000001, 65.365, 65.35499999999999, 65.46, 65.23, 65.5925, 65.62, 65.645]], "valid_accs": [[3.73, 6.03, 8.110000000000001, 10.209999999999999, 12.33, 13.950000000000001, 14.12, 15.790000000000001, 16.669999999999998, 17.5, 18.12, 18.970000000000002, 19.77, 20.61, 21.48, 22.79, 23.380000000000003, 24.52, 25.3, 26.75, 26.82, 28.050000000000004, 28.860000000000003, 29.09, 30.2, 30.470000000000002, 32.019999999999996, 31.71, 33.269999999999996, 33.12, 33.900000000000006, 34.510000000000005, 35.21, 35.010000000000005, 36.52, 35.69, 36.57, 37.03, 38.21, 37.1, 38.07, 39.190000000000005, 38.2, 39.33, 40.03, 40.64, 40.62, 40.35, 40.99, 41.15, 42.65, 42.36, 42.05, 42.57, 42.86, 42.19, 43.88, 42.88, 44.29, 44.1, 44.190000000000005, 43.730000000000004, 44.57, 44.690000000000005, 45.11, 44.67, 45.97, 45.61, 45.57, 45.190000000000005, 46.06, 46.2, 46.6, 45.18, 44.71, 45.93, 46.47, 44.95, 46.5, 46.42, 46.77, 50.77, 51.03, 51.239999999999995, 50.849999999999994, 51.4, 51.15, 51.190000000000005, 50.7, 51.11, 51.23, 51.580000000000005, 51.61, 51.05, 51.0, 51.42, 51.05, 51.480000000000004, 51.09, 51.05, 51.42, 51.09, 51.11, 51.470000000000006, 51.22, 51.559999999999995, 51.629999999999995, 51.449999999999996, 51.38, 51.339999999999996, 51.160000000000004, 51.06, 51.77, 51.29, 51.94, 51.190000000000005, 51.42, 51.06, 51.1, 51.6]],