{"config": {"train_options": {"learning_rate": 0.005, "optimizer": "SGD", "batch_size": 128, "number_of_epochs": 300, "loss_parameters": {"temperature": 10, "distillation_type": "FILTER", "alpha": 0.5, "beta": 0.1}}}, "results": {"train_losses": [[1.0599966023445129, 0.9166768943786621, 0.8288096975326538, 0.7645465061187744, 0.7104579900741577, 0.66663561668396, 0.6327369707107544, 0.6041466776371002, 0.5751821810722351, 0.5490396476745606, 0.5236511986732483, 0.4975996116638184, 0.47277622089385984, 0.44184858713150027, 0.41711115112304686, 0.3927758563995361, 0.36745247802734377, 0.34647907514572146, 0.32200962409973144, 0.2997259511947632, 0.27894318780899047, 0.25687699403762815, 0.23667787780761718, 0.2201002158164978, 0.19936756162643432, 0.18010647077560424, 0.1604333477973938, 0.14739606256484986, 0.1311213662147522, 0.11636293678283692, 0.10248435096740723, 0.09009990234375, 0.07733579006195068, 0.06657812404632568, 0.05158168926239014, 0.04145755977630615, 0.034253683662414554, 0.0207120210647583, 0.008977202415466309, -0.0012712081909179687, -0.011127387809753418, -0.019581334686279296, -0.028445550346374512, -0.03783247203826904, -0.04259571094512939, -0.05293997383117676, -0.0634043104171753, -0.07068880119323731, -0.0771006217956543, -0.08780505027770996, -0.09253216609954834, -0.09623726902008056, -0.10811691761016845, -0.11437573108673095, -0.12120144271850586, -0.12702398834228515, -0.13063902683258058, -0.13649725456237793, -0.14483071308135986, -0.14848630294799806, -0.155350128364563, -0.16326736755371093, -0.16988726787567138, -0.17305154666900635, -0.17616378746032715, -0.18198620147705077, -0.18742082748413086, -0.19216493186950684, -0.19842266635894776, -0.19845320014953613, -0.2046868616104126, -0.2112571542739868, -0.21695415802001952, -0.22134992008209228, -0.22676215496063232, -0.23047488441467284, -0.2339397771835327, -0.23890899505615235, -0.2418654203414917, -0.2473037940979004, -0.25064621868133546, -0.29016880588531496, -0.30475459270477295, -0.30836435146331787, -0.31081906871795656, -0.31470226192474365, -0.3148740642547607, -0.315450341796875, -0.31505074729919436, -0.31647804889678954, -0.3188043243408203, -0.3217250980377197, -0.32049986476898196, -0.3227184984207153, -0.32207682380676267, -0.32268055362701414, -0.3264303579330444, -0.32823031768798827, -0.32659300117492673, -0.3287580110549927, -0.33107945327758787, -0.32942976665496826, -0.3315893184661865, -0.3342557081222534, -0.3310993963241577, -0.333131116104126]], "valid_losses": [[0.9738409537315369, 0.8682058751106262, 0.7930887290000915, 0.7392306638717652, 0.6862932482719422, 0.6521883171081543, 0.6292466811180115, 0.5960111969947814, 0.5807564917564392, 0.5552290578842163, 0.5230572461128234, 0.5050736309051513, 0.47886934213638305, 0.45352754974365234, 0.4230572040557861, 0.40785457077026366, 0.3909252632141113, 0.36625927839279177, 0.34345833320617675, 0.32004262619018553, 0.32535276279449465, 0.2972631922721863, 0.27193037242889406, 0.26488989143371583, 0.25304279193878176, 0.2411520097732544, 0.22102067222595215, 0.19804534473419189, 0.20763399600982665, 0.18501587791442872, 0.19729158840179442, 0.16289400386810302, 0.14674355201721193, 0.14373418254852294, 0.12421227626800536, 0.13178560428619385, 0.10873528366088867, 0.11110036640167237, 0.1160332275390625, 0.10986997966766357, 0.10613391399383545, 0.09635152473449707, 0.07031666278839112, 0.08482889499664306, 0.06581992015838622, 0.08428188800811767, 0.08478707618713378, 0.057864496612548826, 0.07356965255737305, 0.054244635581970214, 0.05671754169464111, 0.06920029850006104, 0.055307359504699706, 0.05730817184448242, 0.04003725471496582, 0.03664454860687256, 0.047115046882629394, 0.04053229274749756, 0.050936272048950196, 0.025222595405578613, 0.02798389072418213, 0.036072301864624026, 0.06147511558532715, 0.040111741828918454, 0.01905183963775635, 0.06412976608276368, 0.042944077110290524, 0.02537394504547119, 0.05193766536712646, 0.022045615005493163, 0.03562743225097656, 0.015188127708435058, 0.01734403133392334, 0.030009415626525877, 0.012535912132263183, 0.02661480178833008, 0.029017773246765136, 0.032921433448791504, 0.0320836332321167, 0.04049865131378174, 0.04447007942199707, -0.048018233108520506, -0.05665430736541748, -0.053976246643066404, -0.05695066833496094, -0.0583853551864624, -0.05605394287109375, -0.053508607482910156, -0.05367562999725342, -0.05021958198547363, -0.053512743186950686, -0.054735243988037106, -0.05068449764251709, -0.04756600933074951, -0.049012761116027835, -0.05009659881591797, -0.04945545387268067, -0.056053168106079104, -0.0507526741027832, -0.054272838401794435, -0.045187317848205566, -0.05255973606109619, -0.05310238208770752, -0.04626473274230957, -0.052430159759521484, -0.048260750007629395]], "train_accs": [[2.6, 5.609999999999999, 8.12, 10.225, 12.2075, 13.895, 15.345, 16.325, 17.305, 18.7275, 19.9325, 21.01, 22.185, 23.3925, 24.5125, 25.4925, 26.465, 27.655, 28.6075, 29.5275, 30.520000000000003, 31.445, 32.5, 33.51, 34.625, 35.54, 36.682500000000005, 37.5525, 38.3925, 38.947500000000005, 39.8575, 40.4475, 41.115, 41.652499999999996, 42.405, 43.0575, 43.6, 44.372499999999995, 45.042500000000004, 45.5, 46.239999999999995, 46.5175, 47.2175, 47.7025, 48.0425, 48.1325, 49.2925, 49.8475, 49.79, 50.89, 51.115, 51.57000000000001, 52.05, 52.455, 53.059999999999995, 53.412499999999994, 53.622499999999995, 53.997499999999995, 54.505, 54.7225, 55.13, 55.835, 55.832499999999996, 56.427499999999995, 56.58, 56.9375, 57.4225, 57.815000000000005, 58.167500000000004, 58.24, 58.64, 59.12, 59.17249999999999, 59.697500000000005, 60.2325, 60.51, 60.5275, 60.709999999999994, 61.195, 61.8925, 61.8575, 64.4625, 65.5275, 65.715, 65.835, 66.0625, 66.115, 66.33250000000001, 66.13, 66.185, 66.465, 66.57, 66.6525, 66.53999999999999, 66.44, 66.7225, 66.77, 66.9225, 67.11500000000001, 66.7925, 67.14750000000001, 67.07, 67.3325, 67.525, 67.0475, 67.16250000000001]], "valid_accs": [[3.8899999999999997, 7.02, 9.520000000000001, 11.67, 13.059999999999999, 14.48, 15.21, 17.130000000000003, 17.41, 18.44, 20.34, 21.09, 21.9, 22.95, 24.099999999999998, 25.1, 25.95, 26.400000000000002, 27.74, 29.12, 28.74, 29.9, 31.0, 31.7, 32.36, 32.79, 33.75, 34.55, 34.44, 35.449999999999996, 35.35, 37.08, 37.43, 38.33, 39.5, 38.85, 40.42, 40.510000000000005, 39.77, 40.53, 41.04, 41.25, 42.44, 42.309999999999995, 43.5, 42.480000000000004, 42.4, 43.980000000000004, 42.94, 44.17, 44.82, 43.580000000000005, 44.800000000000004, 44.47, 45.58, 46.1, 45.37, 45.46, 45.019999999999996, 46.03, 46.800000000000004, 46.63, 45.39, 46.52, 47.47, 45.739999999999995, 46.660000000000004, 47.9, 47.03, 48.41, 48.0, 48.55, 48.980000000000004, 47.56, 48.480000000000004, 48.120000000000005, 48.75, 48.29, 48.61, 47.78, 47.63, 52.59, 52.580000000000005, 52.52, 53.1, 52.769999999999996, 52.739999999999995, 52.56999999999999, 52.7, 53.239999999999995, 53.14, 52.71, 52.78, 52.65, 52.35999999999999, 52.75, 52.690000000000005, 53.400000000000006, 52.88, 53.080000000000005, 52.980000000000004, 53.169999999999995, 53.21, 52.949999999999996, 53.02, 52.49]],