{"config": {"train_options": {"learning_rate": 0.005, "optimizer": "SGD", "batch_size": 128, "number_of_epochs": 300, "loss_parameters": {"temperature": 20, "distillation_type": "FILTER", "alpha": 0.9, "beta": 0.2}}}, "results": {"train_losses": [[-0.9748589067459107, -0.9831809619903564, -0.9833233522415161, -0.9836195478439331, -0.9846499479293823, -0.9860176519393921, -0.9869008586883545, -0.9869709238052368, -0.9864425733566284, -0.9852946195602417, -0.9843416179656982, -0.9830816522598267, -0.9819723890304566, -0.9809415407180786, -0.9799663724899292, -0.978747382926941, -0.9775711027145386, -0.9760682842254639, -0.9752828285217285, -0.9734179397583008, -0.9721327587127686, -0.9704470447540283, -0.9693794651031494, -0.9679565826416016, -0.9661699687957763, -0.964118649673462, -0.9625069923400879]], "valid_losses": [[-0.9825181478500367, -0.9838120100021363, -0.9843843883514404, -0.985137213897705, -0.9863291378021241, -0.9875352640151978, -0.9881455518722534, -0.9876850629806518, -0.9865766912460328, -0.9854254865646362, -0.9842559997558594, -0.9829604616165161, -0.9819516996383667, -0.9804903211593627, -0.9795344751358033, -0.9781926778793335, -0.9768400772094726, -0.975291619682312, -0.9742201850891113, -0.9724092464447022, -0.9713564624786377, -0.9699895362854004, -0.9686574829101563, -0.9664705871582031, -0.9645937343597412, -0.9633561450958252, -0.9609455669403076]], "train_accs": [[1.2375, 2.23, 3.0825, 3.6225, 4.0649999999999995, 4.515000000000001, 5.27, 5.734999999999999, 6.254999999999999, 6.875000000000001, 7.4325, 8.05, 8.627500000000001, 9.1175, 9.64, 9.985, 10.3825, 10.7375, 11.225, 11.3725, 12.0325, 12.3775, 12.657499999999999, 12.8975, 13.2625, 13.6475, 14.115]], "valid_accs": [[1.8499999999999999, 2.76, 3.34, 4.02, 4.2700000000000005, 5.1, 5.2, 6.09, 6.67, 7.380000000000001, 7.7299999999999995, 8.41, 8.690000000000001, 9.24, 9.78, 10.440000000000001, 10.83, 11.26, 11.55, 12.1, 12.389999999999999, 13.0, 13.26, 13.780000000000001, 13.61, 14.469999999999999, 14.31]], "train_times": [[124.49628901481628, 123.10456967353821, 126.19608616828918, 122.78317594528198, 122.85842204093933, 125.19106078147888, 122.77063369750977, 124.31238675117493, 123.84799265861511, 123.46181392669678, 124.60151553153992, 123.2285041809082, 126.2157928943634, 123.39020562171936, 123.69338726997375, 125.5292751789093, 124.02480983734131, 123.6523129940033, 123.42695116996765, 124.36581373214722, 123.55574607849121, 122.7956953048706, 123.93436551094055, 123.1153085231781, 123.77461266517639, 123.77789425849915, 123.426766872406]], "valid_times": [[24.227845191955566, 24.17488932609558, 24.456932067871094, 24.642922401428223, 24.571107149124146, 23.769322872161865, 23.35525107383728, 23.526801347732544, 25.29502296447754, 23.844856023788452, 24.12150549888611, 23.946259021759033, 24.1140878200531, 24.765906810760498, 24.85288906097412, 24.045369386672974, 24.904991626739502, 23.814844131469727, 24.678602695465088, 24.02823829650879, 24.464340686798096, 24.485264778137207, 23.718703031539917, 24.544708013534546, 23.89742612838745, 23.761569261550903, 24.748854875564575]], "test_accuracy": 14.6, "convergence_iteration": 27}}