{"config": {"train_options": {"learning_rate": 0.05, "optimizer": "SGD", "batch_size": 128, "number_of_epochs": 300, "loss_parameters": {"temperature": 15, "distillation_type": "FILTER", "alpha": 0.1, "beta": 0.9}}}, "results": {"train_losses": [[9.036801948547364, 9.178009063720703, 9.323148765563964, 9.46903752746582, 9.609342111206054, 9.742857452392577, 9.868324629211426, 9.98807273864746, 10.103082376098634, 10.214226612854004, 10.321391497802734, 10.424140065002442, 10.52204179840088, 10.61676927947998, 10.708216777038574, 10.795402391052246, 10.879410333251952, 10.960256910705567, 11.037563888549805, 11.111298693847656, 11.183305938720704]], "valid_losses": [[9.106010781860352, 9.25175754852295, 9.40177946472168, 9.544634063720704, 9.681622157287597, 9.81086983795166, 9.93426219482422, 10.051251866149903, 10.168576696777343, 10.275843301391602, 10.386460151672363, 10.488219287109375, 10.59082265777588, 10.678689611816406, 10.771284585571289, 10.855416543579102, 10.936154475402832, 11.019027867126464, 11.097780178833007, 11.170356829833985, 11.237749307250976]], "train_accs": [[3.6425, 8.4025, 11.9025, 14.274999999999999, 16.39, 18.7525, 21.2625, 23.6875, 25.790000000000003, 27.894999999999996, 29.7775, 31.974999999999998, 33.300000000000004, 35.11, 36.4475, 38.0075, 39.375, 40.63, 41.9275, 43.1875, 44.1125]], "valid_accs": [[5.970000000000001, 9.85, 12.09, 14.49, 17.080000000000002, 19.02, 21.39, 23.21, 25.06, 27.22, 28.310000000000002, 29.29, 29.26, 31.369999999999997, 32.47, 33.879999999999995, 36.059999999999995, 36.26, 37.1, 38.07, 40.02]], "train_times": [[120.6701169013977, 121.18252086639404, 120.65234065055847, 120.31638860702515, 121.43063259124756, 120.8080792427063, 120.93149852752686, 121.52116799354553, 120.57741069793701, 121.07055568695068, 120.6484591960907, 121.34766578674316, 121.34316778182983, 120.65274024009705, 121.49820041656494, 122.15719866752625, 121.78262877464294, 121.97624492645264, 121.46365356445312, 120.45716190338135, 120.93107962608337]], "valid_times": [[23.49228596687317, 23.29688858985901, 23.82645583152771, 24.45742702484131, 23.56837272644043, 23.320125818252563, 23.164429903030396, 23.40678906440735, 23.340049505233765, 23.393781423568726, 23.71912980079651, 23.533796548843384, 23.441945791244507, 23.403626441955566, 23.268428087234497, 23.189378261566162, 23.270185232162476, 23.749861240386963, 23.407927989959717, 23.156426191329956, 23.27504873275757]], "test_accuracy": 40.88, "convergence_iteration": 21}}