{"config": {"train_options": {"learning_rate": 0.01, "optimizer": "SGD", "batch_size": 128, "number_of_epochs": 300, "loss_parameters": {"temperature": 15, "distillation_type": "FILTER", "alpha": 0.8, "beta": 0.7}}}, "results": {"train_losses": [[5.9166831809997555, 5.936514643859863, 5.960369499206543, 5.983087230682373, 6.004412947082519, 6.026492160797119, 6.049638465881348, 6.073088004302979, 6.096592311096192, 6.120425959777832, 6.144225847625733, 6.168139478302002, 6.192018612670898, 6.215807196807861, 6.239377250671387, 6.262816214752197, 6.285923809814453, 6.3090101303100585, 6.331664962768555, 6.354403199005127, 6.376681884765625]], "valid_losses": [[5.924932495880127, 5.9487341613769535, 5.972089365386963, 5.993770736694336, 6.01546724243164, 6.038123963928222, 6.061493521118164, 6.085126932525635, 6.109083589172363, 6.1330314575195315, 6.156621588134765, 6.180616361236572, 6.204629508209228, 6.2285473487854, 6.252205828857422, 6.275534669494629, 6.298597013092041, 6.321495732879638, 6.344204630279541, 6.367116045379639, 6.389556215667724]], "train_accs": [[1.625, 2.435, 3.7775000000000003, 4.725, 5.6000000000000005, 6.8575, 7.670000000000001, 8.3025, 9.09, 9.86, 10.36, 10.8325, 11.2325, 11.8275, 12.105, 12.605, 13.100000000000001, 13.4075, 13.985, 14.59, 14.9175]], "valid_accs": [[1.5, 2.76, 4.130000000000001, 5.29, 6.239999999999999, 7.180000000000001, 8.03, 8.72, 9.58, 10.31, 11.020000000000001, 11.39, 11.66, 11.83, 12.25, 12.68, 13.350000000000001, 13.469999999999999, 14.149999999999999, 14.69, 14.67]], "train_times": [[124.40345335006714, 123.06947636604309, 125.11202335357666, 123.40989112854004, 124.230215549469, 123.21648001670837, 124.86051940917969, 124.68289875984192, 123.78088402748108, 122.45061016082764, 123.93657112121582, 125.47467088699341, 123.33307671546936, 123.79668951034546, 124.08257555961609, 123.98064255714417, 123.279461145401, 122.8614513874054, 122.65295934677124, 123.31541681289673, 124.56946039199829]], "valid_times": [[23.322656393051147, 23.730437994003296, 23.456263542175293, 23.405466556549072, 23.740769863128662, 24.692074060440063, 23.298912525177002, 23.44882893562317, 23.657490253448486, 24.288125038146973, 23.509027004241943, 23.541870594024658, 23.8758864402771, 23.80080008506775, 23.370731830596924, 23.700932025909424, 23.38352108001709, 23.693776607513428, 24.662550449371338, 23.26838731765747, 23.929681539535522]], "test_accuracy": 15.57, "convergence_iteration": 21}}