{"config": {"train_options": {"learning_rate": 0.005, "optimizer": "SGD", "batch_size": 128, "number_of_epochs": 300, "loss_parameters": {"temperature": 5, "distillation_type": "FILTER", "alpha": 0.2, "beta": 0.8}}}, "results": {"train_losses": [[8.311515469360351, 8.297984643554688, 8.301273692321777, 8.307756430053711, 8.313240182495116, 8.317236372375488, 8.32099521484375, 8.32470177307129, 8.330968273925782, 8.337727938842773, 8.345579905700683, 8.352937910461426, 8.361057679748535, 8.369025997924805, 8.378149932861328, 8.387424174499511, 8.396883557128906, 8.406539373779298, 8.416227178955078, 8.425624206542969, 8.435208795166016]], "valid_losses": [[8.298167617797851, 8.298715727233887, 8.304925212097167, 8.311989845275878, 8.3163431060791, 8.320120263671875, 8.323668865966797, 8.329242706298828, 8.335906781005859, 8.343088858032226, 8.352502917480468, 8.360208834838867, 8.369660696411133, 8.378160423278809, 8.3887631149292, 8.400089237976074, 8.408323820495605, 8.419559782409667, 8.4272015625, 8.438362327575684, 8.449159593200683]], "train_accs": [[1.365, 3.1075, 4.4975000000000005, 5.415, 6.045, 6.6275, 7.745, 9.175, 10.0575, 10.585, 11.37, 11.955, 12.645000000000001, 13.16, 13.4925, 14.2375, 14.6, 15.379999999999999, 15.995000000000001, 16.43, 16.965]], "valid_accs": [[2.19, 3.71, 5.06, 5.6000000000000005, 6.54, 6.890000000000001, 8.24, 9.3, 10.23, 11.23, 11.18, 12.16, 12.540000000000001, 12.809999999999999, 13.29, 13.56, 14.399999999999999, 14.399999999999999, 15.379999999999999, 15.909999999999998, 16.11]], "train_times": [[132.31480836868286, 129.3872845172882, 131.21839928627014, 130.48130440711975, 131.58153414726257, 130.6570920944214, 130.5481915473938, 130.49317049980164, 131.69594836235046, 130.4302954673767, 131.09665489196777, 130.52676057815552, 130.2647910118103, 129.42421865463257, 128.51384329795837, 127.22507238388062, 131.8071150779724, 131.10897874832153, 131.2195909023285, 130.2076187133789, 130.24753785133362]], "valid_times": [[26.017606019973755, 25.307201623916626, 26.024559020996094, 24.682321786880493, 24.17871594429016, 25.779474020004272, 26.36607527732849, 26.222112894058228, 25.539483070373535, 26.0274875164032, 24.858163833618164, 26.011707067489624, 25.945943355560303, 25.79338002204895, 24.53287625312805, 26.015354871749878, 25.970794677734375, 24.81706404685974, 24.53162717819214, 26.062748193740845, 24.942323684692383]], "test_accuracy": 17.549999999999997, "convergence_iteration": 21}}