{"config": {"train_options": {"learning_rate": 0.05, "optimizer": "SGD", "batch_size": 128, "number_of_epochs": 300, "loss_parameters": {"temperature": 10, "distillation_type": "FILTER", "alpha": 0.8, "beta": 0.1}}}, "results": {"train_losses": [[-1.350935792541504, -1.415522140312195, -1.4429476404190062, -1.462827900314331, -1.485529463005066, -1.504244666481018, -1.5206817590713502, -1.5340467933654784, -1.5439202060699464, -1.5513765272140503, -1.558119295692444, -1.5622686494827271, -1.5654263299942017, -1.5676723936080932, -1.5696050867080689, -1.5708493665695191, -1.5733451526641846, -1.5744063217163087, -1.5741512582778932, -1.5748806468963623, -1.5738221170425415, -1.5755445167541504, -1.5758019721984864, -1.5750179021835327, -1.5755443433761596, -1.5744406064987182, -1.5748160665512085, -1.5735614759445191, -1.573909276008606, -1.5734203187942506, -1.573314419364929, -1.5742323753356933, -1.57292903175354, -1.5741266649246215, -1.5730167449951171, -1.572992646598816, -1.5729778602600097, -1.5733063568115235]], "valid_losses": [[-1.3966230152130128, -1.4213722717285155, -1.4472954151153565, -1.468132335472107, -1.4806457626342773, -1.480543483543396, -1.4951657484054566, -1.514826026725769, -1.5225385261535644, -1.522051612663269, -1.525352318763733, -1.5156729871749879, -1.524713493156433, -1.5182164289474487, -1.5058404634475708, -1.5057457668304444, -1.5130664661407471, -1.5288128488540649, -1.5148388961791992, -1.508412621307373, -1.5063539798736572, -1.508446600151062, -1.4895855131149291, -1.4918478271484374, -1.496187539291382, -1.4981659017562867, -1.4792937753677369, -1.4638648109436034, -1.4866170598983766, -1.471641471862793, -1.479861643600464, -1.4635581453323365, -1.4701097927093505, -1.4691864614486694, -1.4710447576522827, -1.4538647165298462, -1.4729855360031128, -1.4590766733169556]], "train_accs": [[4.675, 10.1925, 14.372499999999999, 17.7, 21.485000000000003, 25.095, 28.1375, 30.985000000000003, 33.752500000000005, 35.9425, 38.3, 40.135, 42.07, 43.3425, 44.905, 46.2075, 47.5775, 48.7875, 49.7275, 51.044999999999995, 51.6975, 52.88, 53.8075, 54.555, 55.2925, 56.330000000000005, 56.747499999999995, 57.5225, 58.167500000000004, 58.745000000000005, 59.282500000000006, 59.809999999999995, 60.4325, 61.11, 61.39750000000001, 61.92999999999999, 62.495, 63.1075]], "valid_accs": [[8.06, 11.37, 15.459999999999999, 18.81, 21.41, 23.51, 26.68, 29.59, 32.11, 33.879999999999995, 35.44, 35.65, 38.06, 38.98, 38.629999999999995, 40.31, 40.949999999999996, 44.28, 43.18, 44.05, 44.66, 45.4, 44.7, 45.04, 46.129999999999995, 47.47, 46.52, 45.45, 47.97, 47.28, 48.370000000000005, 47.0, 48.38, 49.16, 49.47, 48.339999999999996, 50.32, 49.08]], "train_times": [[47.91740822792053, 44.42147159576416, 45.30376601219177, 44.579086780548096, 45.45127320289612, 44.79716515541077, 44.35568857192993, 46.565507888793945, 46.70440912246704, 45.520183801651, 46.66197490692139, 46.89651823043823, 47.034608602523804, 46.88409757614136, 46.85007357597351, 46.87888050079346, 46.881155490875244, 46.8416862487793, 47.21756100654602, 46.87261176109314, 46.9317102432251, 46.89842438697815, 46.883639335632324, 46.883684396743774, 46.9246084690094, 46.87794637680054, 46.881043910980225, 46.86617922782898, 46.88508439064026, 46.917088985443115, 46.89461803436279, 46.91421318054199, 46.88607454299927, 46.88668656349182, 46.8827486038208, 46.89817929267883, 46.8816614151001, 46.88705110549927]], "valid_times": [[8.636461019515991, 8.65799856185913, 8.698828935623169, 8.6419997215271, 8.817683696746826, 8.642520904541016, 8.934814929962158, 9.125056266784668, 8.851515293121338, 8.86900019645691, 9.127054929733276, 9.13454556465149, 9.131537437438965, 9.1275954246521, 9.153048992156982, 9.134032964706421, 9.134588956832886, 9.120054721832275, 9.135001420974731, 9.123545408248901, 9.135058403015137, 9.131000280380249, 9.13089394569397, 9.140060663223267, 9.151001930236816, 9.134030818939209, 9.133638381958008, 9.132023572921753, 9.130011320114136, 9.13153076171875, 9.1210036277771, 9.130016803741455, 9.129077672958374, 9.131001710891724, 9.147068738937378, 9.1341073513031, 9.135514974594116, 9.12651515007019]], "test_accuracy": 50.8, "convergence_iteration": 38}}