{"config": {"train_options": {"learning_rate": 0.01, "optimizer": "SGD", "batch_size": 128, "number_of_epochs": 300, "loss_parameters": {"temperature": 10, "distillation_type": "FILTER", "alpha": 0.5, "beta": 0.5}}}, "results": {"train_losses": [[4.83400588760376, 4.771571614837646, 4.737531372070313, 4.722669847106934, 4.712114955902099, 4.707593089294433, 4.7085592094421385, 4.7107686477661135, 4.713227187347412, 4.714285346984863, 4.716265724945068, 4.716735388183594, 4.716248359680176, 4.71739733505249, 4.717955613708496, 4.718498367309571, 4.7213239532470705, 4.7239025146484375, 4.727942218017578, 4.731363808441162, 4.736097752380371, 4.739855398559571, 4.745563385009766, 4.749760736846924, 4.756013507080078, 4.760885237884522]], "valid_losses": [[4.794758628082276, 4.743121151733399, 4.730536772918701, 4.716314636993408, 4.713206303405761, 4.712238325500488, 4.71931848373413, 4.723774008178711, 4.719427063751221, 4.729214756774902, 4.727625351715088, 4.724793254852295, 4.7296968231201175, 4.7346556266784665, 4.7272218994140625, 4.731713660430908, 4.737317407226563, 4.736717782592773, 4.748841557312011, 4.751342039489746, 4.76164549331665, 4.7668532958984375, 4.775755587005615, 4.7795570220947265, 4.796289015197754, 4.796989860534668]], "train_accs": [[3.2724999999999995, 6.890000000000001, 9.42, 11.4525, 13.317499999999999, 14.799999999999999, 16.384999999999998, 17.21, 18.43, 20.092499999999998, 21.265, 22.32, 23.724999999999998, 24.8275, 26.077499999999997, 27.297500000000003, 28.372500000000002, 29.345, 30.349999999999998, 31.490000000000002, 32.4625, 33.535, 34.115, 35.3875, 36.285000000000004, 37.095]], "valid_accs": [[5.6000000000000005, 9.24, 10.48, 12.35, 13.5, 14.649999999999999, 15.939999999999998, 17.02, 18.94, 19.34, 20.53, 22.29, 23.21, 24.07, 25.990000000000002, 26.779999999999998, 27.98, 28.79, 29.459999999999997, 30.159999999999997, 30.29, 31.369999999999997, 32.0, 33.489999999999995, 33.52, 34.32]], "train_times": [[121.08383917808533, 120.48945808410645, 121.621267080307, 121.1789436340332, 121.54197239875793, 120.92728590965271, 121.37962317466736, 121.55695676803589, 121.2627010345459, 121.46513628959656, 122.01460409164429, 120.71648597717285, 122.0801272392273, 121.94112539291382, 122.4483950138092, 121.92280650138855, 120.63754916191101, 121.59266400337219, 121.81496715545654, 122.43545985221863, 122.82366871833801, 122.85441160202026, 122.66649079322815, 121.68846130371094, 121.69680047035217, 121.02740526199341]], "valid_times": [[23.487637281417847, 23.344496250152588, 23.42470121383667, 23.066733360290527, 23.456353425979614, 23.60761284828186, 23.509339332580566, 23.416433572769165, 23.37757158279419, 23.354730367660522, 23.29749631881714, 24.213515758514404, 23.95553183555603, 23.59345555305481, 23.675880670547485, 23.431972980499268, 23.7118079662323, 23.68238663673401, 23.495551109313965, 23.487380027770996, 23.470612049102783, 23.494514226913452, 23.536557912826538, 23.52545714378357, 23.511731147766113, 23.189658403396606]], "test_accuracy": 36.22, "convergence_iteration": 26}}