{
  "config": {
    "train_options": {
      "learning_rate": 0.01,
      "optimizer": "SGD",
      "batch_size": 128,
      "number_of_epochs": 300,
      "loss_parameters": {
        "temperature": 5,
        "distillation_type": "FILTER",
        "alpha": 0.2,
        "beta": 0.4
      }
    }
  },
  "results": {
    "train_losses": [
      [
        5.619642680358886, 5.420529006195069, 5.3278089706420895,
        5.267213795471191, 5.212696292877197, 5.156503605651856,
        5.105142704772949, 5.05996834640503, 5.0201409133911135,
        4.9817181495666505, 4.949108312988281, 4.919448469543457,
        4.88952717666626, 4.863044859313965, 4.843664888000489,
        4.820361112213135, 4.802933642578125, 4.786706710815429,
        4.772709896850586, 4.758409255981445, 4.747423477935791,
        4.732046649932862, 4.725548344421386, 4.712800947570801,
        4.708500508880615, 4.7030646614074705, 4.695386871337891,
        4.686319728088379, 4.683696967315674, 4.676403508758545,
        4.67397174835205, 4.667890040588379, 4.66558289718628,
        4.663362602996826, 4.657546129608154, 4.654366325378418,
        4.651054605865479, 4.654281121063232, 4.647196875, 4.645498023223877,
        4.64122840423584, 4.640423361206055, 4.639484278106689,
        4.63773998260498, 4.636055268096924, 4.634422105407715,
        4.631806337738037, 4.6311261795043945, 4.634172968292236,
        4.6290205955505375, 4.628754685974121, 4.627919105529785,
        4.626735134887696
      ]
    ],
    "valid_losses": [
      [
        5.494711025238037, 5.369116791534424, 5.35323067855835,
        5.292981114959717, 5.2302087219238285, 5.194485943603516,
        5.143661750793457, 5.108417272186279, 5.064832622528076,
        5.0501091728210445, 4.988528433227539, 4.978780030822754,
        4.966559469604492, 4.923920281219482, 4.902523556518554,
        4.899950328826904, 4.918373838806152, 4.874137055969238,
        4.884307595062256, 4.896147202301026, 4.864275772094727,
        4.853312177276611, 4.879022811889649, 4.8732618133544925,
        4.856322661590577, 4.845582987213135, 4.85928052368164,
        4.849497462463379, 4.8664807571411135, 4.882900672912598,
        4.84668941192627, 4.8811996505737305, 4.8407053489685055,
        4.929804439544678, 4.859830149078369, 4.872546578979493,
        4.85725534286499, 4.903375905609131, 4.853127408599853,
        4.899913035583496, 4.872001402282715, 4.9045984794616695,
        4.923580702209473, 4.881954470062256, 4.907503453826904,
        4.8859186988830565, 4.898501027679443, 4.911199198913574,
        4.901212251281739, 4.93178765335083, 4.9010233963012695,
        4.92748398513794, 4.939158350372314
      ]
    ],
    "train_accs": [
      [
        3.335, 7.8325000000000005, 11.110000000000001, 13.502500000000001,
        16.21, 18.8225, 20.9175, 23.195, 25.230000000000004, 27.305, 29.1425,
        30.977500000000003, 32.71, 34.5525, 35.862500000000004, 37.3425, 38.85,
        40.04, 41.43, 42.735, 43.4625, 44.8975, 45.5, 46.89, 47.475, 48.075,
        49.067499999999995, 50.160000000000004, 50.7, 51.300000000000004,
        51.955, 52.835, 53.50749999999999, 53.98500000000001, 54.7725,
        55.144999999999996, 55.767500000000005, 56.037499999999994, 56.93,
        57.31, 58.0825, 58.342499999999994, 58.8625, 59.445, 59.965,
        60.535000000000004, 60.982499999999995, 61.2425, 61.8275,
        62.067499999999995, 62.46000000000001, 63.0525, 63.222500000000004
      ]
    ],
    "valid_accs": [
      [
        6.2, 9.54, 10.870000000000001, 13.29, 15.920000000000002, 18.0, 20.09,
        21.98, 23.98, 25.06, 28.18, 29.12, 30.380000000000003, 32.15, 33.94,
        34.489999999999995, 35.03, 37.13, 36.79, 37.29, 38.83,
        40.160000000000004, 39.65, 40.660000000000004, 41.4, 42.480000000000004,
        43.24, 43.71, 43.65, 43.480000000000004, 45.910000000000004, 44.65,
        46.400000000000006, 43.54, 46.98, 46.400000000000006, 47.53, 46.22,
        48.43, 47.14, 48.89, 47.67, 47.67, 49.54, 48.92, 49.75,
        49.480000000000004, 49.88, 50.61, 49.72, 51.04, 50.39, 50.99
      ]
    ],
    "train_times": [
      [
        124.13756370544434, 124.27397274971008, 123.96740412712097,
        123.77282214164734, 124.07503700256348, 124.3525025844574,
        124.20445990562439, 124.01046347618103, 124.0676851272583,
        124.29566502571106, 122.96724224090576, 123.3669650554657,
        123.39859914779663, 125.08786487579346, 123.37702107429504,
        123.87728905677795, 125.2459363937378, 124.44677758216858,
        124.69134545326233, 124.29591250419617, 123.74432563781738,
        124.32164978981018, 123.42515444755554, 123.95803689956665,
        124.10494303703308, 124.95066666603088, 124.35778546333313,
        124.14076089859009, 123.88120126724243, 123.59011435508728,
        124.6064441204071, 123.98584794998169, 124.9270532131195,
        124.85962009429932, 123.41008472442627, 124.66041874885559,
        124.71564316749573, 124.11491084098816, 124.03471612930298,
        123.50984334945679, 124.39095497131348, 124.24434280395508,
        124.82394790649414, 124.09789824485779, 123.47306180000305,
        123.77235627174377, 123.60757541656494, 123.73882389068604,
        124.68646883964539, 124.56934261322021, 123.50115847587585,
        123.31084442138672, 124.05689859390259
      ]
    ],
    "valid_times": [
      [
        23.57770323753357, 23.738874197006226, 23.960771322250366,
        23.8170428276062, 23.660077571868896, 23.45546579360962,
        23.66961359977722, 23.689333200454712, 23.787051677703857,
        23.857922554016113, 23.8129563331604, 23.80933952331543,
        23.555575609207153, 23.656500577926636, 24.23254418373108,
        23.563982248306274, 23.90078830718994, 23.74152183532715,
        23.408936977386475, 23.802180767059326, 23.418452501296997,
        23.899302005767822, 23.995564699172974, 23.945245504379272,
        24.07050061225891, 24.036328077316284, 23.745659589767456,
        23.412842273712158, 23.80754256248474, 23.64304280281067,
        23.2882878780365, 23.820385932922363, 23.540804386138916,
        23.89769220352173, 23.96425223350525, 24.11836552619934,
        23.748361825942993, 23.75017762184143, 23.683804035186768,
        23.60114550590515, 24.727259874343872, 24.27417492866516,
        23.88212275505066, 23.931641578674316, 23.60278058052063,
        23.876299381256104, 23.64392614364624, 23.82658290863037,
        23.836199283599854, 23.701309204101562, 23.86878752708435,
        23.33370018005371, 23.91289186477661
      ]
    ],
    "test_accuracy": 51.190000000000005,
    "convergence_iteration": 53
  }
}
