{"config": {"train_options": {"learning_rate": 0.005, "optimizer": "SGD", "batch_size": 128, "number_of_epochs": 300, "loss_parameters": {"temperature": 10, "distillation_type": "FILTER", "alpha": 0.1, "beta": 0.5}}}, "results": {"train_losses": [[6.593018115234375, 6.480603022766113, 6.401165377044678, 6.344751000976562, 6.2942854682922365, 6.258878393554688, 6.230686973571777, 6.208432908630371, 6.188433515930176, 6.168682954406738, 6.150695124053955, 6.13163872756958, 6.111220051574707, 6.0919681144714355, 6.071207439422607, 6.052307900238037, 6.036695597076416, 6.018160500335694, 6.004330193328857, 5.988881721496582, 5.97525820388794, 5.964183071899414, 5.953374639892578, 5.939160669708252, 5.928485266113281, 5.922134100341797, 5.914484977722168, 5.9032157531738285, 5.897752964019776, 5.888605702209473, 5.882376839447021, 5.876299600219727, 5.872061798095703, 5.866618743896485, 5.859995816040039, 5.854602983856201, 5.851255118560791, 5.844077645874023, 5.841097314453125, 5.83397823638916, 5.831686724090576, 5.826492915344239, 5.825831207275391, 5.821846569824219, 5.817296789550781, 5.81347182006836, 5.811687381744385, 5.809099745941162, 5.80920221862793, 5.803239266204834, 5.8057177467346195, 5.802612811279297, 5.799020790100098, 5.797792572784424, 5.7985053085327145]], "valid_losses": [[6.53054206161499, 6.431877879333496, 6.372341498565674, 6.319612902069092, 6.288100509643555, 6.264674917602539, 6.232118510437012, 6.2167063781738285, 6.206847311401368, 6.197014119720459, 6.178981492614746, 6.168160523223877, 6.148381901550293, 6.149907950592041, 6.120441291809082, 6.103224423980713, 6.080822779846192, 6.0759741371154785, 6.108535906219482, 6.061244973754883, 6.0501906867980955, 6.036506865692139, 6.0257994140625, 6.016234886169434, 6.02076485671997, 5.990185111236572, 5.988912660217285, 6.004003757476807, 5.993501468658447, 6.006549302673339, 5.990991111755371, 5.987714250183106, 5.982834341430664, 5.983090384674072, 5.959365947723389, 5.976950271606445, 5.978880982971192, 5.990810741424561, 6.003595955657959, 6.008976837921143, 5.996779704284668, 5.989392343139649, 5.966464694976807, 5.9812473220825195, 5.965245220947265, 5.978191493988037, 5.976760056304932, 5.970968111419678, 5.966989669036865, 5.9873670333862306, 5.9945135543823245, 5.994595010375977, 6.004264547729492, 5.997707176208496, 5.991835195922851]], "train_accs": [[3.1025, 6.2075, 8.385, 10.2325, 12.1025, 13.52, 14.682500000000001, 16.0075, 16.9925, 18.14, 19.2375, 20.34, 21.6325, 22.89, 24.065, 25.1875, 26.272499999999997, 27.3125, 28.4375, 29.520000000000003, 30.470000000000002, 31.467499999999998, 32.555, 33.2025, 33.9125, 34.7725, 35.4525, 36.6025, 37.0625, 38.1575, 38.934999999999995, 39.385, 39.989999999999995, 40.43, 41.6175, 42.1875, 42.5025, 43.262499999999996, 43.8125, 44.67, 45.1075, 45.7375, 46.015, 46.6825, 47.3725, 48.152499999999996, 48.355, 48.894999999999996, 49.405, 50.324999999999996, 50.592499999999994, 50.985, 51.635, 51.980000000000004, 52.235]], "valid_accs": [[4.89, 6.92, 9.31, 11.24, 12.559999999999999, 13.370000000000001, 15.049999999999999, 15.870000000000001, 16.45, 17.2, 18.58, 19.470000000000002, 20.72, 20.77, 22.35, 23.35, 25.19, 25.14, 24.65, 27.05, 27.560000000000002, 28.849999999999998, 29.659999999999997, 30.520000000000003, 30.659999999999997, 32.37, 32.99, 32.550000000000004, 33.739999999999995, 33.19, 33.89, 35.03, 35.46, 35.75, 37.56, 37.419999999999995, 37.65, 37.54, 37.12, 37.78, 38.32, 39.28, 40.29, 39.660000000000004, 40.68, 41.3, 41.52, 41.620000000000005, 42.67, 42.54, 42.19, 42.5, 42.85, 42.99, 43.980000000000004]], "train_times": [[122.89077615737915, 122.11295127868652, 120.35480093955994, 121.07264685630798, 121.72137236595154, 120.92972350120544, 121.26514744758606, 120.52765917778015, 120.9099850654602, 121.16188478469849, 120.43990278244019, 121.44283270835876, 121.11057209968567, 121.66681981086731, 120.91986870765686, 121.43316626548767, 121.38860273361206, 121.21844148635864, 122.42036962509155, 121.17385578155518, 121.54065227508545, 120.98786425590515, 122.45834708213806, 120.62499666213989, 121.41186547279358, 120.66269731521606, 121.16086316108704, 120.75878882408142, 121.96749377250671, 120.80724883079529, 120.95139932632446, 121.40283608436584, 121.2690920829773, 121.63719511032104, 120.71975207328796, 120.8662223815918, 120.61979627609253, 121.58349919319153, 121.2665901184082, 120.71052622795105, 120.31786179542542, 122.52700662612915, 121.56412267684937, 121.23121380805969, 121.88206911087036, 121.33546185493469, 120.92131900787354, 120.65297055244446, 120.83984160423279, 120.95865559577942, 121.03700566291809, 121.36768579483032, 121.25604367256165, 121.53018069267273, 120.7258689403534]], "valid_times": [[23.639097690582275, 23.531829595565796, 23.5973379611969, 23.771974802017212, 23.453147411346436, 24.097198724746704, 23.148735523223877, 23.366147994995117, 23.0092351436615, 23.339049100875854, 24.151931524276733, 23.69903063774109, 22.999154806137085, 23.527573108673096, 23.28479266166687, 23.30819606781006, 23.429160356521606, 23.47497797012329, 23.82003927230835, 23.432440996170044, 23.16322088241577, 23.521405696868896, 23.92740488052368, 23.347310304641724, 23.361586332321167, 23.734852075576782, 23.157098293304443, 23.55715322494507, 23.79609513282776, 23.39164710044861, 23.19909119606018, 23.47562837600708, 23.45706295967102, 23.40358257293701, 23.970168352127075, 23.44074535369873, 23.31607460975647, 23.60086727142334, 23.557814836502075, 23.453911781311035, 23.303576707839966, 23.693539142608643, 23.313974142074585, 23.32009744644165, 23.2692608833313, 23.876792192459106, 23.533353567123413, 23.2684645652771, 23.461344003677368, 23.49864387512207, 23.33380150794983, 24.317418336868286, 23.770533323287964, 23.563182830810547, 24.181432247161865]], "test_accuracy": 44.440000000000005, "convergence_iteration": 55}}