{"config": {"train_options": {"learning_rate": 0.005, "optimizer": "SGD", "batch_size": 128, "number_of_epochs": 300, "loss_parameters": {"temperature": 15, "distillation_type": "FILTER", "alpha": 0.6, "beta": 0.3}}}, "results": {"train_losses": [[2.2808333374023437, 2.2323222553253173, 2.189995869445801, 2.151818468093872, 2.1235751388549806, 2.100733626937866, 2.0868247394561767, 2.0757672203063966, 2.0670705810546877, 2.059818166732788, 2.0523726581573487, 2.0441211753845216, 2.036513951873779, 2.0290106353759767, 2.0218975841522218, 2.0146433887481687, 2.006645318222046, 1.9999176635742189, 1.993918872833252, 1.9864054588317872, 1.9809566013336182, 1.975854536819458, 1.9701481287002562, 1.9637877386093139, 1.9592391819000243, 1.9549831815719605, 1.9499115617752074, 1.9463402843475341, 1.9410042478561402, 1.938172159385681, 1.9337095106124877, 1.9310953897476197, 1.9267520723342895, 1.9240870653152466, 1.9218489530563354, 1.9181141258239747, 1.916552201652527, 1.9138578317642212, 1.9120222484588623, 1.9098459087371826, 1.9066563533782959, 1.903730989265442, 1.9032909496307373, 1.9019161794662476, 1.8991257396697998, 1.8977901466369629, 1.896303872680664, 1.8952701190948487, 1.8930537092208863, 1.8930618196487428, 1.8917326128005982, 1.8900321281433106, 1.888765878868103, 1.8876928119659424, 1.886394676208496, 1.8860172365188599, 1.8864196628570558, 1.885218486213684, 1.883181757736206, 1.881834114074707, 1.8821249080657958, 1.881270913696289, 1.8818428020477296, 1.881595350074768]], "valid_losses": [[2.2511965770721436, 2.210503759765625, 2.167349642562866, 2.136777138519287, 2.10944365272522, 2.094880990600586, 2.085168865966797, 2.075546213531494, 2.0676275115966796, 2.060759090042114, 2.058243281173706, 2.0498954723358156, 2.042739782333374, 2.0369720485687255, 2.0324520027160644, 2.019514811897278, 2.018354176902771, 2.0075170225143433, 2.011845576095581, 2.001666068649292, 1.9887536436080933, 1.9923811241149902, 1.9898955024719238, 1.9802743013381958, 1.981939515686035, 1.9799754362106323, 1.9871264734268188, 1.9764856716156005, 1.9731555019378662, 1.9664212900161744, 1.9671276273727416, 1.9699494186401367, 1.9604010911941527, 1.9704606655120849, 1.9746229736328125, 1.9602573453903198, 1.9594528623580934, 1.9877664333343505, 1.955901817893982, 1.961849815750122, 1.9697067850112915, 1.958202910041809, 1.9598571659088135, 1.9477513973236085, 1.9509585361480712, 1.9549018453598022, 1.9535492139816284, 1.9511683031082154, 1.95755463180542, 1.955868867111206, 1.955844731903076, 1.9601960489273071, 1.9578901861190796, 1.952245147895813, 1.948666612625122, 1.9637242782592774, 1.957779306602478, 1.9616943126678468, 1.9625787605285645, 1.955372883796692, 1.957057810974121, 1.9643820747375489, 1.9668498390197753, 1.9710999893188477]], "train_accs": [[1.7425, 3.62, 5.63, 7.265000000000001, 8.95, 10.549999999999999, 11.735, 12.375, 13.0625, 13.855, 14.7975, 15.5775, 16.355, 17.175, 17.974999999999998, 18.68, 19.662499999999998, 20.5775, 21.2, 22.02, 22.7025, 23.27, 24.2225, 24.8825, 25.535000000000004, 26.169999999999998, 27.0925, 27.572499999999998, 28.285, 28.697499999999998, 29.43, 29.9075, 30.6025, 31.1225, 31.777499999999996, 32.435, 33.042500000000004, 33.387499999999996, 33.89, 34.5625, 35.1725, 35.675000000000004, 35.8725, 36.517500000000005, 37.385000000000005, 37.7525, 38.125, 38.542500000000004, 38.9925, 39.56, 40.1825, 40.397499999999994, 40.965, 41.36, 41.7575, 42.4375, 42.754999999999995, 43.175000000000004, 43.555, 44.26, 44.54, 44.9675, 45.300000000000004, 45.4075]], "valid_accs": [[2.5100000000000002, 4.72, 6.59, 8.43, 9.9, 11.23, 12.18, 12.68, 14.29, 14.49, 15.010000000000002, 16.189999999999998, 16.59, 17.31, 17.990000000000002, 19.08, 19.27, 20.380000000000003, 20.580000000000002, 21.3, 22.509999999999998, 23.06, 23.07, 23.91, 24.37, 25.240000000000002, 25.19, 26.32, 26.729999999999997, 27.43, 27.48, 28.139999999999997, 28.99, 28.360000000000003, 28.499999999999996, 29.86, 30.130000000000003, 28.34, 31.319999999999997, 30.91, 31.25, 31.95, 31.94, 33.379999999999995, 33.650000000000006, 33.94, 34.1, 34.74, 34.02, 35.04, 35.49, 36.15, 36.16, 36.620000000000005, 37.480000000000004, 36.59, 37.580000000000005, 37.6, 37.76, 39.15, 38.71, 38.39, 39.37, 39.24]], "train_times": [[121.80445051193237, 121.25766110420227, 124.88464260101318, 121.24041676521301, 121.67004990577698, 123.08120203018188, 121.59333562850952, 123.85005640983582, 122.07889199256897, 123.951819896698, 122.12535166740417, 122.14999151229858, 122.20523381233215, 123.05033612251282, 121.90438628196716, 122.99990510940552, 121.42938709259033, 121.6395845413208, 123.65576195716858, 121.28010869026184, 124.52101016044617, 121.24810767173767, 124.3302845954895, 122.06597995758057, 123.61106562614441, 121.09357404708862, 123.27068996429443, 121.69341611862183, 122.45749592781067, 121.46562051773071, 122.74065256118774, 120.06889486312866, 122.5851879119873, 122.39515781402588, 122.47341632843018, 123.27254891395569, 120.1823251247406, 123.60248470306396, 122.73932194709778, 124.11897158622742, 121.25209426879883, 123.01500415802002, 120.7100522518158, 122.35459208488464, 122.06793141365051, 122.37877225875854, 121.61487078666687, 123.72049689292908, 122.37511157989502, 121.9540114402771, 122.41098976135254, 121.11442160606384, 123.92210984230042, 121.24940156936646, 121.98729300498962, 122.47768306732178, 122.10497212409973, 122.17639303207397, 122.81596970558167, 122.1006965637207, 123.26783442497253, 122.04053449630737, 121.19849419593811, 123.96439290046692]], "valid_times": [[24.025562286376953, 24.49743628501892, 23.352380514144897, 24.493430137634277, 23.34308648109436, 23.79618239402771, 23.66377353668213, 23.83368492126465, 23.57576036453247, 24.31247639656067, 24.451470375061035, 23.50926423072815, 23.378718376159668, 24.767603635787964, 23.345674991607666, 23.77420711517334, 24.34492564201355, 23.895812034606934, 23.609033346176147, 22.886736392974854, 23.606841564178467, 23.845194101333618, 23.588119745254517, 22.844642877578735, 23.3127338886261, 23.873096227645874, 23.420241594314575, 23.225980758666992, 23.04247760772705, 23.41714358329773, 23.815327644348145, 24.54169011116028, 23.43448805809021, 23.37312412261963, 23.759209632873535, 23.9484441280365, 23.203094244003296, 23.48613929748535, 22.934893131256104, 23.453092098236084, 23.887948513031006, 23.16090726852417, 23.208325386047363, 23.43328094482422, 23.059157848358154, 24.034387350082397, 24.614261388778687, 23.925370693206787, 23.19090175628662, 23.179635524749756, 23.815011739730835, 23.05168843269348, 23.555577993392944, 23.00865864753723, 23.77796220779419, 23.651057720184326, 23.623830795288086, 23.297638416290283, 24.037771224975586, 23.3280246257782, 24.189311265945435, 24.669519662857056, 23.67974305152893, 23.911171913146973]], "test_accuracy": 40.29, "convergence_iteration": 64}}