{
  "config": {
    "train_options": {
      "learning_rate": 0.01,
      "optimizer": "SGD",
      "batch_size": 128,
      "number_of_epochs": 300,
      "loss_parameters": {
        "temperature": 10,
        "distillation_type": "FILTER",
        "alpha": 0.2,
        "beta": 0.2
      }
    }
  },
  "results": {
    "train_losses": [
      [
        4.031828189468384, 3.738675923538208, 3.596120092391968,
        3.491180418777466, 3.4031714450836184, 3.3246992973327636,
        3.2465618370056153, 3.16705016784668, 3.0951299392700196,
        3.0267375732421873, 2.9649227035522463, 2.910301986312866,
        2.8593687385559083, 2.8103902015686035, 2.770855062484741,
        2.731170226287842, 2.6957719337463377, 2.6601819728851317,
        2.629102313232422, 2.6019274559020995, 2.579454560470581,
        2.555002418899536, 2.5252133045196534, 2.5051543613433838,
        2.4848356063842774, 2.4681564125061035, 2.445991396331787,
        2.433143253326416, 2.413619235229492, 2.3982158988952635,
        2.38194887008667, 2.3681587841033935, 2.3532507804870604,
        2.342868969345093, 2.3295565547943116, 2.3142779499053954,
        2.303988106536865, 2.2886040019989013, 2.2823535091400147,
        2.267205181121826, 2.262656502532959, 2.2545282466888428,
        2.233909329223633, 2.2265935998916624, 2.220098163986206,
        2.210158519744873, 2.201932744216919, 2.1955039714813234,
        2.1838015953063965, 2.1752600263595583, 2.1727609659194944,
        2.1587227479934694, 2.1504381904602052, 2.1482540201187135,
        2.1340305583953856, 2.1324779777526857
      ]
    ],
    "valid_losses": [
      [
        3.8457229976654053, 3.68737050743103, 3.5627969284057617,
        3.480404564285278, 3.400271617889404, 3.3494589500427248,
        3.2500449157714844, 3.223566325759888, 3.173172699737549,
        3.0902950611114504, 3.0540966594696046, 2.972976459503174,
        2.957572730636597, 2.8810820251464846, 2.8688492584228515,
        2.8435253967285155, 2.933913132095337, 2.8307230895996094,
        2.8251522438049315, 2.7987238761901856, 2.840237173843384,
        2.7662107398986815, 2.730691276550293, 2.7129861663818358,
        2.67969623298645, 2.6892387340545656, 2.7374244525909424,
        2.6888757640838623, 2.6840310359954835, 2.680707088851929,
        2.7034356407165525, 2.658409832763672, 2.7259793674468993,
        2.7340803073883055, 2.646101233673096, 2.6214048931121825,
        2.7289320053100585, 2.636333344268799, 2.705708277511597,
        2.6362528930664064, 2.6524936168670656, 2.6247846057891846,
        2.7135915573120117, 2.687294157028198, 2.659505002593994,
        2.6517720809936525, 2.6858752269744874, 2.6556648334503175,
        2.6563705730438234, 2.670634979629517, 2.6892309062957764,
        2.660342486190796, 2.7853817302703856, 2.6999081604003905,
        2.6966251773834227, 2.7207265380859376
      ]
    ],
    "train_accs": [
      [
        4.1025, 9.2775, 13.1275, 16.3475, 18.95, 21.0575, 23.3775, 25.885,
        28.202500000000004, 30.320000000000004, 32.5575, 34.4525, 36.295,
        37.875, 39.48, 40.925, 42.457499999999996, 43.795, 45.045, 46.21, 46.9,
        48.1725, 49.3375, 50.475, 51.277499999999996, 51.8075,
        53.082499999999996, 53.44, 54.24250000000001, 55.157500000000006,
        56.1275, 56.765, 57.0025, 57.720000000000006, 58.575,
        59.262499999999996, 59.765, 60.482499999999995, 60.88249999999999,
        61.432500000000005, 61.49, 62.1475, 63.05, 63.449999999999996,
        63.629999999999995, 64.24, 64.715, 64.8625, 65.49249999999999, 66.06,
        66.25750000000001, 66.865, 67.45750000000001, 67.375, 68.0225, 68.1225
      ]
    ],
    "valid_accs": [
      [
        6.4, 9.99, 14.219999999999999, 16.14, 18.92, 20.79, 23.75,
        24.709999999999997, 25.91, 28.58, 29.73, 32.31, 33.32, 36.04, 36.0,
        37.580000000000005, 35.17, 38.3, 38.58, 39.56, 39.07, 41.29, 42.54,
        42.95, 44.29, 44.019999999999996, 43.02, 44.26, 45.17, 45.21, 45.22,
        46.18, 44.76, 45.11, 47.57, 48.6, 45.129999999999995, 48.44,
        46.589999999999996, 48.64, 48.620000000000005, 49.44, 46.78, 48.16,
        48.33, 49.61, 48.809999999999995, 49.43, 49.72, 49.62,
        49.230000000000004, 50.03999999999999, 48.24, 49.15, 49.32, 49.7
      ]
    ],
    "train_times": [
      [
        121.50531768798828, 123.18946027755737, 123.03772473335266,
        124.4982795715332, 122.66300320625305, 123.30691242218018,
        122.9986367225647, 123.47390508651733, 123.06224942207336,
        123.31148767471313, 122.8485095500946, 123.60502362251282,
        122.71023797988892, 122.28870368003845, 123.56217360496521,
        123.87553191184998, 122.07708048820496, 123.04129123687744,
        122.57352995872498, 122.37812995910645, 122.20018553733826,
        123.76198601722717, 123.00685811042786, 122.8969030380249,
        122.38000011444092, 124.07409071922302, 122.61422419548035,
        123.73875212669373, 123.98635649681091, 122.93182945251465,
        122.63858103752136, 122.26676726341248, 123.3857843875885,
        122.0778923034668, 122.99924778938293, 122.48701906204224,
        122.535653591156, 121.8434727191925, 122.89651823043823,
        123.11216902732849, 121.79503417015076, 122.4924213886261,
        123.88132214546204, 123.24697256088257, 122.44774127006531,
        123.6534788608551, 122.63655209541321, 123.48637747764587,
        123.60682654380798, 122.63808107376099, 123.68359565734863,
        122.80083179473877, 123.09849882125854, 123.22936701774597,
        124.85324954986572, 123.58663082122803
      ]
    ],
    "valid_times": [
      [
        23.546342372894287, 23.468186378479004, 23.448408842086792,
        23.58784008026123, 22.94792127609253, 23.750388145446777,
        23.23257350921631, 23.31971788406372, 23.500903844833374,
        23.866252660751343, 23.405441999435425, 23.330057382583618,
        23.5173761844635, 23.313539028167725, 23.54750418663025,
        24.761585474014282, 23.374419689178467, 23.290822505950928,
        23.64805817604065, 23.62380599975586, 23.271910667419434,
        23.28916096687317, 23.322833776474, 23.27014446258545,
        23.42936110496521, 23.076196432113647, 23.12881350517273,
        23.61311626434326, 23.934566736221313, 23.39626955986023,
        23.428082942962646, 23.648386240005493, 23.38013505935669,
        23.574520111083984, 23.51240301132202, 23.378583431243896,
        23.464711904525757, 23.500219345092773, 23.256349086761475,
        23.63602924346924, 23.665279150009155, 23.488497257232666,
        23.426695346832275, 23.17587399482727, 23.451975345611572,
        23.321484804153442, 22.962892055511475, 23.37652850151062,
        23.704137802124023, 23.158552646636963, 23.48178458213806,
        23.45636820793152, 23.34751844406128, 23.54226326942444,
        23.202167987823486, 23.442923545837402
      ]
    ],
    "test_accuracy": 51.080000000000005,
    "convergence_iteration": 56
  }
}
