{"config": {"train_options": {"learning_rate": 0.005, "optimizer": "SGD", "batch_size": 128, "number_of_epochs": 300, "loss_parameters": {"temperature": 10, "distillation_type": "FILTER", "alpha": 0.5, "beta": 0.9}}}, "results": {"train_losses": [[8.641323236083984, 8.652146659851073, 8.66812398223877, 8.68483094177246, 8.701570695495606, 8.718075245666505, 8.734435273742676, 8.750598051452636, 8.766733331298829, 8.782876873779298, 8.799126489257812, 8.815420684814454, 8.83168832092285, 8.848103422546387, 8.86440022277832, 8.880619444274902, 8.896789614868164, 8.912880117797851, 8.928850033569336, 8.944661059570313, 8.960425248718261]], "valid_losses": [[8.64430330657959, 8.659492637634278, 8.676121969604493, 8.69298853149414, 8.709703257751466, 8.72592059173584, 8.74221042175293, 8.758527326965332, 8.77458049621582, 8.790780548095704, 8.807177183532716, 8.823528353881835, 8.839945164489746, 8.856297077941894, 8.872652735900878, 8.888682095336915, 8.90505339050293, 8.921091548156738, 8.937008514404297, 8.952888610839844, 8.968804335021973]], "train_accs": [[1.32, 2.2475, 2.9075, 3.3775, 3.6999999999999997, 4.215, 4.555, 5.035, 5.4375, 5.8175, 6.2575, 6.565, 6.987500000000001, 7.305000000000001, 7.7075000000000005, 7.9775, 8.205, 8.4, 8.727500000000001, 9.0825, 9.1725]], "valid_accs": [[2.1, 2.53, 3.27, 3.74, 3.82, 4.31, 5.04, 5.42, 5.510000000000001, 6.04, 6.32, 6.72, 7.140000000000001, 7.61, 7.9, 8.02, 8.1, 8.32, 8.870000000000001, 9.02, 8.98]], "train_times": [[126.91197633743286, 126.89674043655396, 127.45067286491394, 126.93443608283997, 127.3941056728363, 127.99681639671326, 126.82192802429199, 126.35690259933472, 126.30353546142578, 126.8628442287445, 127.86158108711243, 127.31215190887451, 127.23819613456726, 127.34621238708496, 126.40392875671387, 127.11967611312866, 127.48402953147888, 127.12772583961487, 127.32771635055542, 128.21242880821228, 126.5883936882019]], "valid_times": [[24.49967670440674, 24.355672597885132, 24.430134534835815, 24.362666845321655, 24.663209438323975, 24.316981077194214, 24.59972834587097, 24.18968892097473, 24.231683254241943, 24.546485424041748, 24.63415217399597, 24.307311534881592, 24.48988437652588, 24.112850666046143, 24.49235248565674, 24.393927097320557, 24.57603693008423, 24.030831575393677, 24.14042901992798, 24.262356758117676, 24.429189205169678]], "test_accuracy": 9.02, "convergence_iteration": 21}}