{"config": {"train_options": {"learning_rate": 0.005, "optimizer": "SGD", "batch_size": 128, "number_of_epochs": 300, "loss_parameters": {"temperature": 15, "distillation_type": "FILTER", "alpha": 0.5, "beta": 0.4}}}, "results": {"train_losses": [[3.874281818771362, 3.8012514175415038, 3.758916327667236, 3.731414422607422, 3.710295129776001, 3.694791384124756, 3.682577010345459, 3.6718823783874512, 3.66058242149353, 3.651517206954956, 3.6443573863983154, 3.6368808780670165, 3.631349452590942, 3.6249310981750487, 3.6190243225097656, 3.6108861351013184, 3.605168623352051, 3.598285439300537, 3.5930453594207763, 3.58608624420166, 3.5808613597869874, 3.576230835723877, 3.570253606033325, 3.56668101272583, 3.55989679145813, 3.555111420440674, 3.550508754348755, 3.5455299018859865, 3.5415503120422365, 3.538535356903076, 3.5331032848358155, 3.5320660278320313, 3.528739335632324, 3.527133084869385, 3.5238184955596923, 3.5218828750610354, 3.520932210922241, 3.517828132247925, 3.5173768501281737, 3.5158286891937256, 3.515041382598877, 3.5136732326507567, 3.5115930603027343, 3.5114907169342042, 3.510596015930176, 3.5100068626403806, 3.5090706703186036, 3.510669967651367, 3.5084486629486085, 3.5079812145233156, 3.5087461868286134, 3.5069012481689454, 3.506953982925415, 3.507508781051636, 3.5103441341400146, 3.5084486572265625, 3.5070795455932617, 3.5080833194732666, 3.5080622177124026]], "valid_losses": [[3.829833842086792, 3.7768679275512693, 3.7429895797729493, 3.7173854499816894, 3.699117727661133, 3.6875461833953858, 3.676060576248169, 3.6657543365478515, 3.657963529968262, 3.6497825099945067, 3.6497376132965087, 3.6529581127166746, 3.6322635414123536, 3.6279435932159423, 3.6202611026763916, 3.61406298828125, 3.609559786605835, 3.608722749328613, 3.6103234512329103, 3.597073831939697, 3.59050092048645, 3.5875487827301025, 3.5897343547821046, 3.585980349349976, 3.5793179985046386, 3.579663900756836, 3.572690867614746, 3.570445710372925, 3.5732794746398926, 3.565488307571411, 3.5609030376434325, 3.566349982070923, 3.563433045578003, 3.5615240993499757, 3.5644655403137206, 3.5639304500579834, 3.5668632995605467, 3.5650334335327147, 3.5600064979553223, 3.563924513244629, 3.560716117858887, 3.5645261154174803, 3.5686599994659423, 3.5699833507537844, 3.5735909088134767, 3.5672008220672606, 3.569989108276367, 3.5718647911071777, 3.572732038116455, 3.574370918273926, 3.571984769821167, 3.572965608215332, 3.5750518966674805, 3.579675300216675, 3.5826038806915284, 3.5898575328826903, 3.579883031463623, 3.5886432929992678, 3.594110625076294]], "train_accs": [[2.5575, 5.3, 7.19, 8.8175, 10.1175, 11.407499999999999, 12.33, 13.320000000000002, 14.274999999999999, 15.09, 15.8975, 16.57, 17.79, 18.385, 19.255, 20.5, 21.095, 22.0275, 22.575, 23.6525, 24.08, 24.932499999999997, 25.779999999999998, 26.435, 27.029999999999998, 27.994999999999997, 28.785, 29.470000000000002, 30.345, 30.892500000000002, 31.8, 32.2, 32.9775, 33.385, 34.2125, 34.715, 35.144999999999996, 35.785, 36.614999999999995, 36.8525, 37.7475, 38.0, 38.6475, 38.66, 39.64, 40.065, 40.2625, 40.6475, 41.39, 41.8475, 42.2475, 42.9275, 43.28, 43.762499999999996, 43.7975, 44.58, 45.095, 45.5125, 46.035]], "valid_accs": [[4.17, 6.4, 7.79, 9.91, 11.35, 12.280000000000001, 13.270000000000001, 13.91, 14.530000000000001, 15.379999999999999, 16.21, 16.669999999999998, 17.76, 18.990000000000002, 19.78, 20.810000000000002, 21.13, 21.93, 22.31, 23.630000000000003, 23.96, 25.019999999999996, 25.330000000000002, 25.47, 27.200000000000003, 27.04, 27.950000000000003, 29.020000000000003, 29.049999999999997, 29.89, 30.659999999999997, 30.599999999999998, 30.669999999999998, 31.419999999999998, 32.23, 32.62, 32.7, 33.29, 34.14, 34.19, 35.13, 35.17, 35.46, 35.47, 36.03, 37.14, 37.66, 37.97, 37.87, 38.47, 38.93, 39.12, 39.45, 39.32, 40.2, 39.82, 41.36, 40.68, 40.739999999999995]], "train_times": [[124.96993041038513, 124.71469521522522, 124.72163701057434, 124.04830288887024, 123.65056252479553, 124.56613659858704, 124.53493595123291, 123.31635618209839, 124.89968252182007, 124.5075511932373, 125.27214694023132, 124.73200869560242, 125.15820026397705, 124.44905614852905, 124.10995221138, 124.35067868232727, 124.68080949783325, 125.49426984786987, 124.3684024810791, 124.55770301818848, 124.64780735969543, 124.016925573349, 124.17632579803467, 125.38111400604248, 124.45299100875854, 124.15430283546448, 125.19492149353027, 124.40720558166504, 124.14483499526978, 124.05280590057373, 124.85217332839966, 123.67546224594116, 124.87020802497864, 124.44379138946533, 124.21572804450989, 124.40767025947571, 123.51558923721313, 124.12909030914307, 124.33121299743652, 124.16975283622742, 123.82714319229126, 124.28694105148315, 124.99531626701355, 124.47395062446594, 125.03292393684387, 123.52000689506531, 124.15737628936768, 124.7582700252533, 124.49413108825684, 124.16222953796387, 124.45672559738159, 124.04726982116699, 123.70769691467285, 124.12342143058777, 123.02998733520508, 124.45561051368713, 124.34736704826355, 124.97766757011414, 124.21356630325317]], "valid_times": [[23.768512964248657, 23.582597494125366, 23.625110387802124, 23.47349739074707, 23.93462872505188, 23.703333854675293, 23.887644052505493, 23.740692377090454, 23.690701723098755, 23.6956729888916, 23.64831781387329, 23.596309423446655, 23.78119730949402, 23.80638885498047, 23.73067283630371, 23.781302213668823, 23.620747804641724, 23.593043565750122, 23.630720376968384, 23.609472513198853, 23.569445371627808, 23.96281123161316, 23.67931365966797, 23.754722833633423, 23.38656449317932, 24.047796726226807, 23.461728811264038, 23.966829538345337, 23.517757415771484, 23.5833740234375, 23.465524196624756, 23.687634706497192, 23.556478261947632, 23.95439624786377, 23.873863458633423, 23.678914785385132, 23.785789251327515, 23.618043899536133, 23.57485842704773, 23.68908190727234, 23.82053017616272, 23.78056025505066, 24.119351625442505, 23.66430687904358, 23.51555061340332, 23.786899089813232, 23.463968515396118, 23.645424604415894, 23.689796924591064, 23.53162956237793, 23.7254958152771, 23.790302515029907, 24.018383741378784, 23.665271282196045, 24.27137064933777, 24.091917991638184, 24.212334394454956, 23.658968448638916, 23.600506067276]], "test_accuracy": 41.18, "convergence_iteration": 59}}