{"config": {"train_options": {"learning_rate": 0.005, "optimizer": "SGD", "batch_size": 128, "number_of_epochs": 300, "loss_parameters": {"temperature": 5, "distillation_type": "FILTER", "alpha": 0.7, "beta": 0.9}}}, "results": {"train_losses": [[8.566156010437012, 8.580563381958008, 8.597306578063964, 8.614824717712402, 8.632475802612305, 8.64968014831543, 8.66767107849121, 8.684940531921386, 8.702460829162598, 8.720035540771484, 8.736783729553222, 8.753634567260741, 8.771008682250976, 8.787572898864745, 8.804296450805664, 8.820662817382813, 8.836936192321778, 8.85320913848877, 8.869673553466797, 8.885902687072754, 8.901945739746093]], "valid_losses": [[8.572450543212891, 8.588265603637696, 8.605804716491699, 8.623577182006835, 8.640730456542968, 8.658446253967286, 8.67589933013916, 8.693346759033203, 8.710782383728027, 8.728043467712402, 8.745107572937012, 8.762387573242188, 8.77851721496582, 8.795949012756347, 8.811734828186035, 8.828619268798828, 8.845455862426757, 8.861179568481445, 8.877438717651367, 8.893706816101075, 8.910244792175293]], "train_accs": [[1.0925, 1.6475, 1.8849999999999998, 1.92, 2.03, 2.2125, 2.5675, 2.9075, 3.375, 3.755, 4.0024999999999995, 4.255, 4.5225, 4.6625, 4.8500000000000005, 5.1975, 5.3374999999999995, 5.6125, 5.9174999999999995, 6.215, 6.6575]], "valid_accs": [[1.34, 1.53, 1.4500000000000002, 1.52, 1.7399999999999998, 2.0500000000000003, 2.23, 2.9899999999999998, 3.35, 3.7699999999999996, 4.279999999999999, 4.5, 4.67, 4.6899999999999995, 4.73, 5.12, 5.36, 5.7299999999999995, 6.4399999999999995, 6.329999999999999, 6.64]], "train_times": [[46.45962452888489, 46.42466592788696, 46.36316800117493, 46.42313504219055, 46.4316520690918, 46.49368453025818, 46.49149131774902, 46.489787340164185, 46.545204639434814, 46.47023057937622, 46.393025636672974, 46.48754572868347, 46.46261930465698, 46.517605781555176, 46.535237550735474, 46.47357749938965, 46.48561453819275, 46.39617967605591, 46.499711990356445, 46.482253551483154, 46.437087059020996]], "valid_times": [[9.211001873016357, 9.195042610168457, 9.184029817581177, 9.213027000427246, 9.201511144638062, 9.216002702713013, 9.20462679862976, 9.203032970428467, 9.208001136779785, 9.20700192451477, 9.229153633117676, 9.209670305252075, 9.226452827453613, 9.21299934387207, 9.210999965667725, 9.205507516860962, 9.213026523590088, 9.227003812789917, 9.209001779556274, 9.207036256790161, 9.198026180267334]], "test_accuracy": 6.84, "convergence_iteration": 21}}