{"config": {"train_options": {"learning_rate": 0.01, "optimizer": "SGD", "batch_size": 128, "number_of_epochs": 300, "loss_parameters": {"temperature": 15, "distillation_type": "FILTER", "alpha": 0.6, "beta": 0.3}}}, "results": {"train_losses": [[2.2225153968811036, 2.146258922576904, 2.105495289611816, 2.075891067504883, 2.0578352420806887, 2.045235399246216, 2.0311715774536134, 2.0191519134521485, 2.007980571746826, 1.9964687976837159, 1.986809559249878, 1.9747029710769652, 1.9660526998519898, 1.9561823499679565, 1.9484912246704102, 1.9408541776657104, 1.9346747608184816, 1.9260026521682738, 1.920551880455017, 1.9138464790344238, 1.9080529489517213, 1.9028723936080933, 1.8968968194961549, 1.8942800746917725, 1.8907337310791015, 1.886434162902832, 1.8836375890731811, 1.882969256210327, 1.8777844457626343, 1.8770540866851806, 1.8766237314224243, 1.8754239944458009, 1.8739234531402589, 1.8740634263992308, 1.8744619482040406, 1.8742696680068969, 1.870958585357666, 1.8738728672027587, 1.8742983547210694, 1.874076762199402, 1.8723115236282348, 1.874409049797058, 1.8744397102355956, 1.878888487815857, 1.8792503160476686, 1.8803916011810302, 1.8822182218551635, 1.884406801223755, 1.8849738195419312, 1.8883964611053468, 1.890266735458374]], "valid_losses": [[2.1784522705078126, 2.1234588935852052, 2.0924149501800535, 2.0677596073150637, 2.0612491916656492, 2.04661160068512, 2.032862621307373, 2.0159917110443115, 2.0169997074127197, 2.0116341833114624, 2.0113086029052734, 2.0503021739959717, 2.013968719673157, 1.9949434234619141, 1.9769540002822876, 1.9810443683624268, 1.9615030010223389, 1.9723262147903442, 1.9594554216384887, 1.9510572372436523, 1.9496369642257692, 1.9632352531433106, 1.9443796653747558, 1.9377707696914672, 1.9446943168640136, 1.935805087852478, 1.9421074077606202, 1.9355427726745607, 1.940545741081238, 1.9355194011688233, 1.9354147727966309, 1.9429961456298828, 1.939694633102417, 1.9496700160980225, 1.9468211380004883, 1.967359234237671, 1.9513531930923462, 1.9611898719787597, 1.9605010076522826, 1.985368009185791, 1.983568738937378, 1.9731020225524902, 1.9839257537841797, 1.9847857841491698, 1.9899298597335815, 1.9993222808837892, 2.0036067037582397, 2.01176821269989, 2.0272932006835935, 2.022935472869873, 2.0424030265808106]], "train_accs": [[3.1425, 6.267499999999999, 8.612499999999999, 10.965, 12.617500000000001, 13.9575, 15.675, 17.2375, 18.2175, 19.715, 21.2375, 22.545, 23.925, 25.107499999999998, 26.5175, 27.8275, 29.1125, 30.1875, 31.395, 32.455, 33.5875, 34.8525, 35.9325, 36.9425, 38.0375, 38.940000000000005, 39.9125, 40.625, 41.9275, 42.3075, 43.1175, 44.085, 44.985, 45.6675, 46.2575, 46.835, 47.8475, 48.2625, 48.83, 49.725, 50.407500000000006, 50.8925, 51.5475, 51.790000000000006, 52.4725, 53.26, 53.595000000000006, 53.754999999999995, 54.31, 55.2025, 55.30500000000001]], "valid_accs": [[5.57, 7.89, 9.73, 11.88, 13.13, 14.2, 15.770000000000001, 17.580000000000002, 18.4, 19.86, 20.630000000000003, 19.36, 21.98, 23.44, 24.55, 25.46, 27.29, 27.189999999999998, 28.62, 30.55, 30.56, 30.869999999999997, 33.0, 33.83, 34.300000000000004, 35.05, 35.6, 37.19, 37.269999999999996, 38.5, 39.129999999999995, 39.15, 40.300000000000004, 40.02, 41.010000000000005, 40.300000000000004, 41.93, 42.04, 42.47, 41.31, 41.94, 43.419999999999995, 43.9, 44.12, 44.41, 44.71, 44.83, 44.879999999999995, 44.95, 45.23, 44.14]], "train_times": [[124.04436326026917, 123.49872326850891, 123.44028878211975, 124.14167261123657, 123.87774753570557, 123.54920721054077, 123.77751159667969, 124.18677473068237, 124.13074946403503, 123.5804078578949, 123.50051760673523, 123.78889489173889, 124.47115421295166, 124.126136302948, 122.81022620201111, 123.2433671951294, 124.17365503311157, 123.39824271202087, 124.33748483657837, 124.69314813613892, 124.29013919830322, 123.33384156227112, 123.22308349609375, 123.4926381111145, 124.4067165851593, 122.53655457496643, 123.49261498451233, 124.42278671264648, 123.78182029724121, 123.42797565460205, 124.49437189102173, 123.67782306671143, 123.3812313079834, 123.57503390312195, 123.48969531059265, 123.83133506774902, 123.78348660469055, 124.79878258705139, 124.15102672576904, 123.80743980407715, 123.159512758255, 123.78718328475952, 123.72208738327026, 125.55751276016235, 124.24714088439941, 123.50159907341003, 123.22344398498535, 124.32728934288025, 124.20015001296997, 123.52324390411377, 122.88493371009827]], "valid_times": [[23.844021558761597, 23.75184416770935, 23.710431337356567, 23.647748947143555, 23.778017282485962, 23.982372522354126, 23.61926770210266, 23.775105237960815, 23.7883460521698, 23.548059225082397, 23.83627200126648, 23.744808673858643, 23.662588834762573, 23.905555486679077, 24.023712158203125, 23.51376509666443, 23.665229082107544, 23.5517578125, 23.873058795928955, 23.59832525253296, 23.923311710357666, 23.67671775817871, 23.52621293067932, 23.642054319381714, 24.54360032081604, 23.8432674407959, 24.060129165649414, 23.79287600517273, 23.715097427368164, 23.977532863616943, 23.73235845565796, 23.579893589019775, 23.62165355682373, 23.745166063308716, 23.732167959213257, 23.44675898551941, 23.529279708862305, 23.582882165908813, 23.589393854141235, 23.575409173965454, 24.044524908065796, 23.74251961708069, 23.69959831237793, 23.745217084884644, 23.577956438064575, 23.833429098129272, 23.880690813064575, 23.50787854194641, 23.712655067443848, 23.668135404586792, 23.761422634124756]], "test_accuracy": 45.97, "convergence_iteration": 51}}