{"config": {"train_options": {"learning_rate": 0.005, "optimizer": "SGD", "batch_size": 128, "number_of_epochs": 300, "loss_parameters": {"temperature": 20, "distillation_type": "FILTER", "alpha": 0.6, "beta": 0.8}}}, "results": {"train_losses": [[7.523755749511719, 7.528032891845704, 7.540945565795899, 7.554503798675537, 7.567701044464111, 7.579577563476563, 7.590011490631103, 7.601199380493164, 7.612750757598877, 7.624686672973633, 7.636832001495361, 7.649057632446289, 7.661456932067871, 7.673897864532471, 7.686143930053711, 7.699098054504394, 7.712030190277099, 7.725048448181153, 7.738066604614258, 7.751131250762939, 7.76410731124878]], "valid_losses": [[7.523469436645508, 7.535593827056885, 7.549008993530274, 7.562300690460205, 7.575261013793945, 7.58557735824585, 7.596158469390869, 7.6077759635925295, 7.619609676361084, 7.631841645050049, 7.643819013214111, 7.656450610351563, 7.668686443328857, 7.681262958526611, 7.694074806976318, 7.707222012329102, 7.720022560119629, 7.7330914459228515, 7.7470501571655275, 7.7593518730163575, 7.773281287384033]], "train_accs": [[1.8724999999999998, 2.8325, 3.6075000000000004, 3.9074999999999998, 4.3625, 5.355, 5.8775, 6.5175, 6.9275, 7.455, 8.0, 8.57, 9.0875, 9.685, 10.005, 10.41, 10.99, 11.3475, 11.8325, 12.049999999999999, 12.425]], "valid_accs": [[2.17, 2.69, 3.2, 3.84, 4.41, 5.37, 5.87, 6.78, 6.819999999999999, 7.5, 8.01, 8.15, 8.9, 9.24, 9.62, 10.23, 10.34, 10.879999999999999, 11.04, 11.32, 11.790000000000001]], "train_times": [[122.10699915885925, 122.43141460418701, 122.75001502037048, 122.46221828460693, 122.54929614067078, 121.87663745880127, 122.62058973312378, 122.82307577133179, 122.40006732940674, 122.34266448020935, 121.84391689300537, 121.97565412521362, 121.78483581542969, 121.62744379043579, 122.13274049758911, 123.03770446777344, 122.4870502948761, 122.28433537483215, 121.87294268608093, 122.27888345718384, 122.39891934394836]], "valid_times": [[23.606432676315308, 23.18460178375244, 23.733771085739136, 23.7619788646698, 23.747440814971924, 23.5178484916687, 23.74407196044922, 23.66828727722168, 23.5590603351593, 23.857664346694946, 23.778369903564453, 24.09098720550537, 23.673596382141113, 23.42633605003357, 23.309625387191772, 23.611241579055786, 23.424761533737183, 23.53538727760315, 23.707485675811768, 23.482190132141113, 23.48222827911377]], "test_accuracy": 12.19, "convergence_iteration": 21}}