{"config": {"train_options": {"learning_rate": 0.01, "optimizer": "SGD", "batch_size": 128, "number_of_epochs": 300, "loss_parameters": {"temperature": 20, "distillation_type": "FILTER", "alpha": 0.2, "beta": 0.7}}}, "results": {"train_losses": [[7.477110799407959, 7.43931915435791, 7.412358567810059, 7.40498306274414, 7.404586488342285, 7.40809733505249, 7.413051136779785, 7.418902411651612, 7.4257725219726565, 7.435254032897949, 7.444753839111328, 7.45375735168457, 7.462061269378662, 7.4702885002136235, 7.479295704650879, 7.4879612014770505, 7.49732922668457, 7.5080953910827635, 7.519909131622314, 7.53155671081543, 7.543490843200684, 7.553482091522217, 7.5675087066650395, 7.58082268371582]], "valid_losses": [[7.455362715148926, 7.419540474700928, 7.4052384712219235, 7.403024837493897, 7.408789461517334, 7.412519544219971, 7.418272364044189, 7.424752377319336, 7.442033060455322, 7.447835453796387, 7.466525422668457, 7.464889392089844, 7.488390115356445, 7.489599565124512, 7.508285363769531, 7.5298295593261715, 7.549473925018311, 7.556414988708496, 7.572784972381592, 7.5967325019836425, 7.589371343994141, 7.611611898040771, 7.629781714630127, 7.631299612426758]], "train_accs": [[2.9075, 5.775, 8.727500000000001, 10.4425, 12.0375, 13.7075, 15.0825, 16.725, 18.127499999999998, 19.142500000000002, 20.4725, 21.959999999999997, 23.4175, 24.29, 25.785000000000004, 27.18, 28.24, 29.335, 30.3525, 31.474999999999998, 32.5375, 33.5175, 34.465, 35.3475]], "valid_accs": [[4.54, 7.470000000000001, 9.41, 11.34, 12.809999999999999, 14.09, 15.61, 17.23, 18.11, 19.48, 20.27, 22.07, 22.56, 24.45, 24.97, 24.93, 25.169999999999998, 26.840000000000003, 27.42, 27.310000000000002, 29.69, 30.25, 30.270000000000003, 31.77]], "train_times": [[122.80006718635559, 123.2964174747467, 123.69014739990234, 123.29293632507324, 123.48756170272827, 123.69708371162415, 123.40721416473389, 123.2766706943512, 123.21876454353333, 123.75325131416321, 122.78885531425476, 124.24883723258972, 123.30421495437622, 123.09715008735657, 123.34267354011536, 122.85543203353882, 122.64779353141785, 123.50914287567139, 123.12938141822815, 123.99668145179749, 123.81059288978577, 122.90449905395508, 123.52557158470154, 124.30476927757263]], "valid_times": [[23.920540809631348, 23.60087275505066, 23.946293830871582, 23.56899356842041, 23.63807439804077, 23.94362759590149, 23.623412609100342, 23.836082696914673, 23.546502113342285, 23.669628381729126, 23.789418935775757, 24.011038303375244, 23.9073748588562, 23.879348039627075, 23.674761056900024, 23.543327569961548, 23.768733263015747, 23.83356213569641, 23.973451614379883, 23.447207927703857, 23.70116090774536, 23.523458242416382, 24.193664073944092, 23.752124547958374]], "test_accuracy": 32.800000000000004, "convergence_iteration": 24}}