{
  "config": {
    "train_options": {
      "learning_rate": 0.01,
      "optimizer": "SGD",
      "batch_size": 128,
      "number_of_epochs": 300,
      "loss_parameters": {
        "temperature": 10,
        "distillation_type": "FILTER",
        "alpha": 0.2,
        "beta": 0.1
      }
    }
  },
  "results": {
    "train_losses": [
      [
        3.3130088459014893, 2.969191288757324, 2.7768776329040525,
        2.633860485839844, 2.505583184814453, 2.3868402576446535,
        2.2877115020751955, 2.1999103046417234, 2.1246304302215577,
        2.0560854553222656, 1.9923685298919678, 1.9411759675979614,
        1.8860920698165893, 1.8434251350402833, 1.793777392578125,
        1.7483340265274048, 1.707784366607666, 1.6755305782318115,
        1.6373957586288452, 1.6052364288330079, 1.5725491987228393,
        1.546488418006897, 1.518082008743286, 1.4902260349273682,
        1.4688571548461915, 1.4460985006332396, 1.4243038328170776,
        1.404865874862671, 1.383411619949341, 1.3649338985443116,
        1.345919799232483, 1.3244844326019287, 1.3112441541671753,
        1.2936685846328735, 1.2763634994506836, 1.2606321681976318,
        1.2457493957519532, 1.2359528251647949, 1.2146471494674682,
        1.2030761236190797, 1.1890183374404908, 1.1795594886779786,
        1.166577102661133, 1.1511010026931763, 1.1391913122177124,
        1.1295263478279114, 1.1184749760627746, 1.1033947130203248,
        1.1001396192550659, 1.0828144737243652, 1.0735499842643739,
        1.0722559817314148, 1.0559360474586488, 1.0516316448211669,
        1.0325367488861084, 1.0257304128646851, 1.0208354762077332,
        1.0090279765129089, 1.001875427055359, 0.9887376619338989,
        0.9801097482681275, 0.9769008802413941, 0.9683056711196899,
        0.9645987892150879, 0.9585423370361328, 0.9487021887779236,
        0.9396341176986694, 0.9318577602386474, 0.9272315330505371,
        0.9120719223976135
      ]
    ],
    "valid_losses": [
      [
        3.106760117721558, 2.904655068588257, 2.759002183532715,
        2.6505929443359375, 2.4915966495513917, 2.3699118278503417,
        2.3085122398376465, 2.2371022815704347, 2.1511788665771485,
        2.112948331451416, 2.0375801078796387, 2.057420600128174,
        2.018806980895996, 1.9837380645751954, 1.9730850395202637,
        1.9120067771911622, 1.8578267274856568, 1.8694040798187257,
        1.8396387195587158, 1.8390484994888305, 1.8098121459960939,
        1.812850609779358, 1.7841534191131592, 1.7987809747695922,
        1.826019861984253, 1.770288896560669, 1.7566306129455567,
        1.7166672882080078, 1.7626387523651124, 1.7238572620391845,
        1.676152274131775, 1.6973153770446778, 1.6613454738616944,
        1.6512156642913818, 1.7029649183273314, 1.6554850465774535,
        1.6325532409667969, 1.6378263111114502, 1.6821133853912353,
        1.662538348388672, 1.6164229288101197, 1.7196672071456909,
        1.6612627227783203, 1.607154335784912, 1.5978907287597657,
        1.598980309867859, 1.6687802906036378, 1.6259438054084778,
        1.6221924814224242, 1.5836595331192016, 1.5956708702087403,
        1.6892231433868408, 1.6393141541481018, 1.6551305278778077,
        1.6224189655303956, 1.5999547677993775, 1.6077658378601074,
        1.6017042293548585, 1.6539435140609742, 1.6685847759246826,
        1.63145622549057, 1.6460591888427734, 1.6808115705490112,
        1.6101747716903687, 1.6044508207321166, 1.6172047254562378,
        1.6459255258560181, 1.6366666576385498, 1.6010694606781006,
        1.652931624031067
      ]
    ],
    "train_accs": [
      [
        4.1825, 9.9575, 13.785, 17.227500000000003, 20.4725, 23.830000000000002,
        26.6075, 29.1425, 31.282500000000002, 33.0475, 34.942499999999995,
        36.5625, 38.1425, 39.637499999999996, 41.275, 42.525, 44.095, 45.065,
        46.387499999999996, 47.1575, 48.3675, 49.5575, 50.434999999999995,
        51.5275, 52.190000000000005, 53.2725, 53.9675, 54.510000000000005,
        55.315000000000005, 56.0875, 56.620000000000005, 57.655, 58.08, 58.86,
        59.377500000000005, 59.919999999999995, 60.47, 60.834999999999994,
        62.00750000000001, 62.1225, 62.73, 62.855000000000004, 63.625, 64.045,
        64.6275, 64.6625, 65.28, 65.71249999999999, 65.9525, 66.41749999999999,
        67.015, 67.01, 67.5025, 67.57, 68.67750000000001, 68.9725, 69.015,
        69.4225, 69.4875, 70.14, 70.4275, 70.62, 70.78999999999999, 71.0975,
        71.41499999999999, 71.5775, 72.10499999999999, 72.465, 72.49, 73.1375
      ]
    ],
    "valid_accs": [
      [
        6.4, 11.0, 14.62, 17.26, 21.04, 24.02, 26.07, 28.299999999999997,
        30.919999999999998, 31.269999999999996, 34.25, 32.98, 35.4, 36.34,
        36.84, 38.24, 40.46, 39.54, 41.39, 41.25, 42.1, 42.809999999999995,
        43.480000000000004, 42.47, 42.57, 44.29, 44.61, 46.31, 44.65, 46.14,
        47.0, 46.61, 48.230000000000004, 48.38, 47.08, 48.28, 49.5, 49.16, 47.8,
        48.77, 49.89, 47.980000000000004, 49.730000000000004, 50.61,
        51.470000000000006, 51.11, 49.64, 50.72, 51.480000000000004, 52.26,
        52.26, 49.27, 50.55, 51.35999999999999, 52.370000000000005, 52.81,
        51.519999999999996, 52.53, 51.77, 51.449999999999996, 52.32, 52.05,
        51.339999999999996, 52.96999999999999, 53.1, 53.580000000000005,
        52.980000000000004, 52.580000000000005, 53.54, 52.25
      ]
    ],
    "train_times": [
      [
        123.81853127479553, 122.24404001235962, 122.24394178390503,
        122.92360973358154, 122.25476956367493, 123.42811346054077,
        123.08655548095703, 123.97860479354858, 123.56956028938293,
        123.11467504501343, 123.17372536659241, 123.2318012714386,
        121.66236734390259, 123.7952094078064, 123.12577533721924,
        123.76856088638306, 122.92302060127258, 122.84957885742188,
        124.06425952911377, 121.92991399765015, 122.75080728530884,
        122.49495148658752, 123.4565920829773, 123.24371910095215,
        121.5879487991333, 123.49262166023254, 123.78706479072571,
        123.09013843536377, 123.36284375190735, 122.09762358665466,
        122.98236107826233, 123.49796557426453, 122.5856204032898,
        123.65512418746948, 124.05994009971619, 122.97466897964478,
        122.83680653572083, 123.20460844039917, 123.57081866264343,
        122.6397876739502, 122.7391996383667, 122.32339525222778,
        122.72224140167236, 124.43073201179504, 123.06334805488586,
        122.99250674247742, 123.3807761669159, 123.74702048301697,
        122.84319853782654, 123.61164402961731, 123.25221848487854,
        123.01244854927063, 123.56847929954529, 122.38302111625671,
        123.64311742782593, 123.86732220649719, 122.7198748588562,
        123.25172591209412, 123.59791660308838, 122.40471172332764,
        123.31670618057251, 123.15410947799683, 122.89322066307068,
        123.78022980690002, 123.69482088088989, 122.61235046386719,
        123.25365495681763, 123.20226740837097, 124.24102520942688,
        123.58959937095642
      ]
    ],