{"config": {"train_options": {"learning_rate": 0.05, "optimizer": "SGD", "batch_size": 128, "number_of_epochs": 300, "loss_parameters": {"temperature": 10, "distillation_type": "FILTER", "alpha": 0.7, "beta": 0.2}}}, "results": {"train_losses": [[0.5528100450515747, 0.4738034763336182, 0.4423602794647217, 0.4150463304519653, 0.39048535594940187, 0.37263492584228514, 0.3618918960571289, 0.3549042037963867, 0.34794372043609617, 0.34534594783782957, 0.3422238340377808, 0.3424799507141113, 0.34265717487335207, 0.34365681991577146, 0.34385436935424807, 0.34601816215515135, 0.34664701881408694, 0.3508199607849121, 0.3513423225402832, 0.35338122482299805, 0.35594512519836424, 0.3588800624847412, 0.36192735328674314, 0.36498629302978514, 0.3662072566986084, 0.3678969650268555, 0.3699944423675537, 0.3715694980621338]], "valid_losses": [[0.49911809215545655, 0.46997771739959715, 0.44639569511413574, 0.42066364116668703, 0.3965940319061279, 0.3844052289962769, 0.39744401779174804, 0.379615668296814, 0.4008565542221069, 0.4034869504928589, 0.3918307928085327, 0.4090095254898071, 0.3921211009979248, 0.41399224948883057, 0.4186453800201416, 0.4084563186645508, 0.44537588729858396, 0.4234734909057617, 0.4653272672653198, 0.45014641342163086, 0.45574416389465333, 0.480519132232666, 0.4642176809310913, 0.502081142616272, 0.5210937408447266, 0.5015031030654907, 0.5176413352966308, 0.5178064081192016]], "train_accs": [[5.2075000000000005, 11.3425, 15.662499999999998, 19.525000000000002, 23.585, 27.602500000000003, 30.4975, 33.29, 35.905, 37.8275, 40.0075, 42.0825, 43.645, 45.495000000000005, 46.955000000000005, 48.4475, 49.59, 50.824999999999996, 51.790000000000006, 53.175, 54.0075, 54.82749999999999, 55.817499999999995, 56.49999999999999, 57.410000000000004, 58.25, 58.77250000000001, 59.635000000000005]], "valid_accs": [[8.66, 12.57, 16.61, 20.78, 24.610000000000003, 27.96, 29.56, 32.879999999999995, 32.940000000000005, 34.75, 37.519999999999996, 38.41, 40.68, 40.050000000000004, 42.11, 44.36, 42.33, 45.410000000000004, 43.34, 45.21, 46.25, 45.58, 47.49, 46.22, 45.440000000000005, 47.64, 47.57, 47.660000000000004]], "train_times": [[120.75893568992615, 122.16705989837646, 121.67838621139526, 124.68255543708801, 122.75318765640259, 123.29386758804321, 121.06412053108215, 120.7796938419342, 122.73775577545166, 121.53927540779114, 121.14807343482971, 121.126699924469, 120.96878170967102, 121.54131579399109, 121.74354386329651, 119.2917332649231, 121.2244758605957, 120.68193578720093, 121.5899600982666, 120.85049605369568, 121.45034050941467, 122.52737355232239, 121.0885272026062, 122.49866080284119, 121.06732487678528, 121.22033023834229, 121.9320011138916, 120.87329983711243]], "valid_times": [[23.188817262649536, 23.164561986923218, 23.794390201568604, 23.400957107543945, 23.465671062469482, 23.247498273849487, 23.2523193359375, 23.53029489517212, 23.293352127075195, 23.465646743774414, 23.167149305343628, 23.30956268310547, 23.03524422645569, 23.28746247291565, 23.48431634902954, 23.326201915740967, 23.119670629501343, 23.505749702453613, 23.581834077835083, 23.225751638412476, 23.577906608581543, 23.72209358215332, 23.313045263290405, 23.532809019088745, 23.152726888656616, 23.3813955783844, 23.42261052131653, 23.789061546325684]], "test_accuracy": 47.94, "convergence_iteration": 28}}