{"config": {"train_options": {"learning_rate": 0.05, "optimizer": "SGD", "batch_size": 128, "number_of_epochs": 300, "loss_parameters": {"temperature": 5, "distillation_type": "FILTER", "alpha": 0.1, "beta": 0.3}}}, "results": {"train_losses": [[5.299477590942383, 5.006275904846191, 4.818034854888916, 4.641471244049073, 4.4917242858886715, 4.377036937713623, 4.274690677642822, 4.19328356704712, 4.122101560211181, 4.0601605125427245, 3.999858528137207, 3.9496651473999025, 3.8965873985290527, 3.852959134674072, 3.80655852394104, 3.771405748748779, 3.728289210510254, 3.690789529800415, 3.6580305194854734, 3.623665785980225, 3.5881306716918946, 3.548953182220459, 3.523061491012573, 3.48329665184021, 3.4532444801330566, 3.42078009223938, 3.3860747867584227, 3.3600046630859377, 3.3193495067596435, 3.2913901664733887, 3.2643829986572266, 3.230494974899292, 3.200794565200806, 3.167077773666382, 3.140183121109009, 3.1052238479614256, 3.0757691108703615, 3.0468890956878663, 3.0172279712677, 2.9914653190612794, 2.9624389190673828, 2.9353440933227537, 2.9083864627838136, 2.8783463928222655, 2.842977838897705, 2.8182131759643556, 2.789863338470459, 2.7588860332489014, 2.7376353916168212, 2.7079263355255128, 2.6842213249206544, 2.6533370418548583, 2.6303911037445067, 2.6083913692474363, 2.5726632106781007, 2.551221508407593, 2.530271908569336, 2.500398386001587, 2.4749255226135256, 2.448389161300659, 2.4166774887084963, 2.394605609893799, 2.3735560752868654, 2.3480212985992432, 2.3179111099243164, 2.2998813919067382, 2.2733874843597413, 2.2546463499069214, 2.2241427701950074, 2.2091564868927, 2.1875296239852906, 2.1617794593811035, 2.140821957206726, 2.117797790145874, 2.083664109802246, 2.068261396217346, 2.0464008703231813, 2.017340593147278, 1.9985055374145508, 1.9677083934783937, 1.9554518217086791, 1.8480296403884888, 1.8067690591812133, 1.8024578861236573, 1.803168564605713, 1.8107516105651855, 1.8158239353179932, 1.8221304948806762, 1.8313819869995118, 1.8372083450317382, 1.8455856344223023, 1.8552251441955567, 1.8643482269287108, 1.8730727840423584, 1.881849522781372, 1.8913904933929444, 1.8985018642425537, 1.9088921733856201, 1.9180522645950318, 1.9266417108535767, 1.9360805120468139, 1.9458865940093995]], "valid_losses": [[5.207654008483887, 4.960606005096436, 4.818077652740478, 4.752080541229248, 4.586045871734619, 4.448529086303711, 4.3792957527160645, 4.281357855224609, 4.3071323600769045, 4.177599094390869, 4.152619181823731, 4.165087112426757, 4.0737314079284666, 4.049338269042969, 4.025738885498047, 4.024261455535889, 4.04919160232544, 3.9289767433166505, 4.001077281188965, 3.8928158966064452, 3.9090121978759766, 3.898539845275879, 3.870423945617676, 3.8946504928588865, 3.813427742767334, 3.837830527496338, 3.764579736328125, 3.7484925720214846, 3.7053790184020996, 3.7217901489257814, 3.766800242614746, 3.6353642673492432, 3.635243841552734, 3.5786193214416504, 3.7709972846984865, 3.6540811080932616, 3.598834294128418, 3.525090996551514, 3.558180251312256, 3.446919494628906, 3.474279750061035, 3.5526226211547853, 3.4456760555267336, 3.4636080097198487, 3.418596671295166, 3.3623873348236084, 3.3988611026763915, 3.395737533950806, 3.3270843479156493, 3.361751996612549, 3.305774285888672, 3.2804199604034423, 3.276723231124878, 3.1730779682159422, 3.2146291744232176, 3.134485104370117, 3.1691717697143553, 3.201834037780762, 3.1407765899658204, 3.0926416610717773, 3.099862078857422, 3.1040105892181398, 3.093453937149048, 2.999792685699463, 3.0103383415222167, 3.049871280670166, 3.0462701194763184, 2.932945449066162, 2.9418262519836427, 2.915583684539795, 3.0063907051086427, 2.9961648620605468, 2.859682066345215, 2.8630562301635742, 2.869034546661377, 2.902596820831299, 2.7995143047332762, 2.8256458957672117, 2.7185623050689696, 2.7785963283538817, 2.714875577545166, 2.475180768585205, 2.477222883605957, 2.496463753128052, 2.505421068572998, 2.5391840118408204, 2.5510452728271487, 2.5742739143371582, 2.5919088542938233, 2.598401406097412, 2.616346600341797, 2.628492665863037, 2.65034552154541, 2.675835614776611, 2.687907992553711, 2.702234462738037, 2.709524108886719, 2.7376125846862793, 2.7594337646484375, 2.76869567565918, 2.795558054351807, 2.790487621688843]], "train_accs": [[6.045, 12.342500000000001, 18.029999999999998, 23.8425, 29.01, 33.15, 36.707499999999996, 39.8625, 42.5025, 44.82, 47.1525, 48.7325, 50.4875, 51.81, 53.3575, 54.61, 55.835, 56.835, 57.7425, 58.477500000000006, 59.38250000000001, 60.45, 60.68750000000001, 62.002500000000005, 62.405, 63.127500000000005, 63.965, 64.0975, 65.10249999999999, 65.5225, 66.215, 66.6225, 66.945, 67.66, 67.7, 68.53, 69.0375, 69.5325, 69.39750000000001, 69.69, 70.32000000000001, 70.53, 70.74000000000001, 71.0675, 71.5375, 71.84, 72.33500000000001, 72.6725, 72.71, 73.22, 73.055, 73.72999999999999, 73.97500000000001, 73.76, 74.325, 74.4375, 74.53999999999999, 74.8375, 74.80499999999999, 75.03, 75.63, 75.7675, 75.52250000000001, 76.015, 76.14750000000001, 76.1725, 76.66, 76.62, 76.92999999999999, 76.985, 76.925, 77.1425, 77.16, 77.305, 77.82249999999999, 77.615, 77.85499999999999, 78.13250000000001, 78.215, 78.4625, 78.0025, 83.4775, 86.4, 87.3425, 88.015, 88.395, 88.8575, 89.08749999999999, 89.42999999999999, 89.685, 89.84, 90.0, 90.2925, 90.4325, 90.66, 90.73, 91.0075, 91.0875, 91.4, 91.47, 91.49000000000001, 91.60249999999999]], "valid_accs": [[8.67, 14.69, 20.369999999999997, 22.759999999999998, 26.979999999999997, 31.97, 34.27, 37.269999999999996, 37.49, 41.74, 42.29, 42.26, 45.18, 46.14, 46.56, 46.44, 46.19, 49.64, 46.93, 49.230000000000004, 48.69, 49.769999999999996, 50.349999999999994, 49.1, 50.580000000000005, 48.8, 51.080000000000005, 52.5, 52.39, 52.2, 50.4, 53.23, 52.55, 54.26, 49.11, 52.78, 51.93, 53.66, 52.38, 55.010000000000005, 53.99, 52.62, 53.300000000000004, 52.66, 53.769999999999996, 54.730000000000004, 55.02, 53.66, 54.449999999999996, 52.470000000000006, 53.480000000000004, 54.120000000000005, 53.93, 55.96, 54.279999999999994, 55.88999999999999, 54.85, 54.39000000000001, 55.010000000000005, 55.669999999999995, 54.949999999999996, 54.02, 54.790000000000006, 55.24, 55.24, 55.21, 53.42, 56.35, 54.49, 55.78999999999999, 53.42, 53.61, 55.31, 56.44, 55.379999999999995, 54.67999999999999, 55.21, 53.74, 56.379999999999995, 55.15, 55.400000000000006, 63.05, 63.17, 63.6, 63.5, 63.62, 63.739999999999995, 63.38, 63.22, 63.74999999999999, 63.93, 63.43, 63.79, 63.260000000000005, 63.370000000000005, 63.6, 64.01, 63.38, 63.5, 63.2, 63.11, 63.43]],