{"config": {"train_options": {"learning_rate": 0.01, "optimizer": "SGD", "batch_size": 128, "number_of_epochs": 300, "loss_parameters": {"temperature": 10, "distillation_type": "FILTER", "alpha": 0.9, "beta": 0.2}}}, "results": {"train_losses": [[-0.7968005899429321, -0.8021763401031494, -0.8019020639419555, -0.8041042184829712, -0.8035302028656006, -0.8027708137512207, -0.8004090656280518, -0.7979595083236695, -0.7946732025146485, -0.7916603206634522, -0.7880211101531982, -0.7834113189697266, -0.7801604084014893, -0.7758200847625732, -0.77209873046875, -0.7673815078735352, -0.7625169219970703, -0.7584785614013672, -0.7540233280181885, -0.7500010883331298, -0.7456780540466309, -0.7417034336090088, -0.7372725860595704, -0.7328471382141113]], "valid_losses": [[-0.8004917232513428, -0.8022886302947998, -0.8012736589431763, -0.8036209074020386, -0.8025890169143677, -0.8014692581176758, -0.7988978370666504, -0.7961881736755371, -0.7933382286071777, -0.7885942287445068, -0.7850975044250488, -0.7821624443054199, -0.7785937103271484, -0.7731926643371582, -0.7689616161346435, -0.7642837493896485, -0.7602912467956543, -0.7547014442443848, -0.7499495811462402, -0.7440070930480958, -0.7425996753692627, -0.7372591133117676, -0.7332211296081543, -0.7279357555389404]], "train_accs": [[1.8124999999999998, 3.5475, 5.0525, 6.1275, 7.3, 8.235000000000001, 9.2375, 9.995, 10.655000000000001, 11.3075, 12.0325, 12.892500000000002, 13.3875, 14.005, 14.6175, 15.049999999999999, 15.815000000000001, 16.21, 16.7825, 17.3125, 18.017500000000002, 18.529999999999998, 19.1575, 19.717499999999998]], "valid_accs": [[2.08, 4.24, 5.18, 6.3100000000000005, 7.89, 8.86, 9.85, 10.38, 11.19, 12.17, 12.839999999999998, 13.469999999999999, 13.18, 14.249999999999998, 14.64, 15.47, 16.150000000000002, 16.439999999999998, 17.299999999999997, 17.43, 17.91, 18.790000000000003, 18.9, 19.869999999999997]], "train_times": [[123.86352443695068, 123.88279247283936, 123.77223062515259, 123.71274399757385, 125.58187079429626, 124.40600323677063, 125.6108865737915, 123.37647414207458, 124.7822802066803, 124.09411907196045, 126.07956385612488, 123.77996134757996, 124.19748616218567, 123.86763787269592, 125.66789507865906, 123.69207763671875, 123.21982169151306, 124.68170237541199, 124.21182537078857, 126.00697112083435, 123.29760837554932, 126.31327843666077, 123.88170504570007, 124.62889814376831]], "valid_times": [[23.668819665908813, 23.72296977043152, 24.682324647903442, 23.807846307754517, 23.040612936019897, 23.535104274749756, 23.669018745422363, 23.70434808731079, 23.270325183868408, 24.026917457580566, 23.517446041107178, 23.61997890472412, 23.445152282714844, 23.55423140525818, 23.880908250808716, 24.433836460113525, 23.326308488845825, 23.89316201210022, 23.433783769607544, 23.474738121032715, 24.06882333755493, 23.25814199447632, 23.949823141098022, 23.388867139816284]], "test_accuracy": 20.119999999999997, "convergence_iteration": 24}}