{"config": {"train_options": {"learning_rate": 0.01, "optimizer": "SGD", "batch_size": 128, "number_of_epochs": 300, "loss_parameters": {"temperature": 20, "distillation_type": "FILTER", "alpha": 0.7, "beta": 0.7}}}, "results": {"train_losses": [[6.183394306945801, 6.1961323097229, 6.213540121459961, 6.2308406814575195, 6.250009915924072, 6.270279417419434, 6.290725315856934, 6.311374239349365, 6.332503237915039, 6.354305025482177, 6.376173954772949, 6.398156279754638, 6.420130397033692, 6.44202854385376, 6.4641484413146975, 6.485749947357178, 6.50724647064209, 6.5285419105529785, 6.549900231170654, 6.571135044860839, 6.592009156036377]], "valid_losses": [[6.186809867858886, 6.204764338684082, 6.221475151824952, 6.239428437805175, 6.259820280456543, 6.2798831787109375, 6.300402251434326, 6.321667080688477, 6.342493159484864, 6.364590167999268, 6.387527047729492, 6.408950066375732, 6.4316006248474125, 6.452620387268066, 6.47494669342041, 6.497649815368653, 6.519571263122558, 6.5406284973144535, 6.561325521850586, 6.584350961303711, 6.605570484924316]], "train_accs": [[2.15, 3.7449999999999997, 4.83, 6.2924999999999995, 7.8100000000000005, 8.927499999999998, 10.03, 11.0075, 11.7775, 12.3725, 13.095, 13.58, 14.1675, 14.9025, 15.415000000000001, 15.8775, 16.427500000000002, 17.0975, 17.6625, 18.135, 18.6525]], "valid_accs": [[2.75, 4.3, 5.58, 7.48, 8.61, 9.76, 11.05, 11.559999999999999, 12.34, 12.76, 13.459999999999999, 14.21, 14.580000000000002, 15.24, 15.86, 15.89, 16.59, 16.77, 17.91, 18.360000000000003, 19.13]], "train_times": [[124.57434892654419, 124.3632001876831, 123.81811451911926, 123.8688371181488, 124.15784406661987, 124.77776670455933, 123.92660927772522, 123.62971186637878, 124.50258731842041, 124.49586868286133, 123.50807332992554, 124.54661250114441, 123.94314813613892, 124.0800883769989, 123.3309850692749, 123.66340041160583, 124.70892238616943, 123.6308102607727, 124.67391848564148, 123.98974132537842, 125.10510778427124]], "valid_times": [[24.46394944190979, 24.381789922714233, 23.90543508529663, 24.246308088302612, 23.91240406036377, 23.955252408981323, 24.338167905807495, 24.49974250793457, 23.876452684402466, 24.105430364608765, 24.666046857833862, 23.592745304107666, 24.69087862968445, 24.278209686279297, 25.0737886428833, 24.247780799865723, 24.833068132400513, 24.9263014793396, 23.970091819763184, 23.86600971221924, 24.63242197036743]], "test_accuracy": 18.59, "convergence_iteration": 21}}