{"config": {"train_options": {"learning_rate": 0.005, "optimizer": "SGD", "batch_size": 128, "number_of_epochs": 300, "loss_parameters": {"temperature": 10, "distillation_type": "FILTER", "alpha": 0.4, "beta": 0.7}}}, "results": {"train_losses": [[7.040538674163819, 7.0261227294921875, 7.018877576446533, 7.009509355926514, 7.004773553466797, 7.004195684051513, 7.006652049255371, 7.010620606231689, 7.016034518432617, 7.021430530548096, 7.027653356933594, 7.034629312133789, 7.041597104644775, 7.0479387878417965, 7.055126289367676, 7.062110081481934, 7.070148006439209, 7.077048167419433, 7.085335801696777, 7.093227142333984, 7.100585898590088, 7.108169529724121, 7.115875914001465, 7.124586364746094, 7.131188669586182]], "valid_losses": [[7.02780493927002, 7.02143288269043, 7.011997523498535, 7.002518770599365, 6.999444255828857, 7.000447033691406, 7.003842003631592, 7.008991667175293, 7.014953316497802, 7.0212402969360355, 7.027229050445556, 7.0356246322631835, 7.042560136413575, 7.05009549331665, 7.055726608276367, 7.066054779052735, 7.073928840637207, 7.080981195831299, 7.087782415008545, 7.095409627532959, 7.105430369567871, 7.115336459350586, 7.122899471282959, 7.131297095489502, 7.139650551605224]], "train_accs": [[1.7475, 3.9825, 5.925, 7.3025, 8.25, 9.2525, 10.035, 10.3825, 11.0175, 11.8275, 12.389999999999999, 12.98, 13.517499999999998, 14.280000000000001, 14.899999999999999, 15.5975, 15.75, 16.4025, 16.7225, 17.325, 17.945, 18.360000000000003, 19.1025, 19.37, 20.29]], "valid_accs": [[2.71, 5.42, 6.45, 7.7700000000000005, 9.11, 9.99, 10.100000000000001, 11.72, 11.43, 12.280000000000001, 12.950000000000001, 13.55, 14.099999999999998, 14.099999999999998, 15.17, 15.64, 15.68, 16.57, 16.939999999999998, 17.990000000000002, 18.17, 18.33, 19.040000000000003, 19.37, 19.7]], "train_times": [[45.202640771865845, 45.152650594711304, 45.154128313064575, 45.15217208862305, 45.14772152900696, 45.15509223937988, 45.16714811325073, 45.13885450363159, 45.15404462814331, 45.13606786727905, 45.14689588546753, 45.18561244010925, 45.16325783729553, 45.12971210479736, 45.14756917953491, 45.13500118255615, 45.16851592063904, 45.15629315376282, 45.14214205741882, 45.16600775718689, 45.18101954460144, 45.142045736312866, 45.14103388786316, 45.15907263755798, 45.163551568984985]], "valid_times": [[8.873543739318848, 8.876518726348877, 8.886870384216309, 8.866009712219238, 8.87600040435791, 8.901172161102295, 8.875882387161255, 8.876567840576172, 8.886518955230713, 8.87056303024292, 8.871146202087402, 8.885010719299316, 8.869683742523193, 8.87751579284668, 8.880013465881348, 8.87955641746521, 8.877164125442505, 8.873576641082764, 8.878514051437378, 8.871052742004395, 8.865360498428345, 8.873544692993164, 8.890179872512817, 8.87581491470337, 8.86545181274414]], "test_accuracy": 19.830000000000002, "convergence_iteration": 25}}