{"config": {"train_options": {"learning_rate": 0.01, "optimizer": "SGD", "batch_size": 128, "number_of_epochs": 300, "loss_parameters": {"temperature": 10, "distillation_type": "FILTER", "alpha": 0.3, "beta": 0.9}}}, "results": {"train_losses": [[8.80138049621582, 8.831739500427247, 8.865516667175292, 8.894510569763183, 8.92045397644043, 8.948363722229004, 8.97733783416748, 9.007311080932617, 9.037917225646973, 9.068882264709472, 9.099568008422851, 9.1303421585083, 9.161065548706055, 9.19147636871338, 9.221908081054687, 9.251827563476562, 9.281682263183594, 9.311302645874024, 9.340892762756347, 9.370142817687988, 9.39933366241455]], "valid_losses": [[8.815205364990234, 8.849359358215333, 8.88156736907959, 8.907528170776366, 8.93537836151123, 8.964465924072266, 8.993967163085937, 9.024437651062012, 9.055450035095214, 9.086370837402344, 9.117753338623046, 9.14851371459961, 9.179220739746095, 9.210651919555664, 9.241252102661132, 9.271154800415038, 9.301201123046875, 9.330368020629884, 9.36003098297119, 9.389801713562012, 9.418787495422363]], "train_accs": [[1.2825, 2.0275000000000003, 3.0375, 4.9425, 6.254999999999999, 7.385, 8.27, 9.175, 9.817499999999999, 10.485, 11.3675, 11.76, 12.4975, 13.175, 13.56, 14.194999999999999, 14.702499999999999, 15.245000000000001, 15.595, 16.07, 16.36]], "valid_accs": [[1.23, 2.23, 3.7199999999999998, 5.37, 6.5, 7.140000000000001, 7.91, 8.61, 9.28, 9.92, 10.879999999999999, 11.12, 12.08, 12.17, 12.809999999999999, 13.44, 13.94, 14.39, 14.719999999999999, 15.21, 15.52]], "train_times": [[123.99859118461609, 123.57769179344177, 124.05636835098267, 123.66528034210205, 123.86778402328491, 124.12723565101624, 124.09688663482666, 125.11041402816772, 124.1204731464386, 123.13820791244507, 123.66608428955078, 124.36071968078613, 123.68332076072693, 124.61250400543213, 124.71115899085999, 124.70776271820068, 123.85567617416382, 123.75531959533691, 124.47353863716125, 124.84729504585266, 123.91899967193604]], "valid_times": [[23.524820804595947, 23.934885025024414, 23.366601943969727, 23.310195922851562, 23.34878373146057, 23.914039373397827, 23.50052046775818, 23.57771062850952, 23.740801095962524, 23.580703020095825, 23.452236890792847, 23.52588987350464, 23.52403998374939, 24.157673597335815, 23.458303451538086, 23.544873476028442, 23.699724435806274, 23.819045305252075, 23.63407874107361, 23.519949674606323, 23.871867656707764]], "test_accuracy": 16.220000000000002, "convergence_iteration": 21}}