{"config": {"train_options": {"learning_rate": 0.01, "optimizer": "SGD", "batch_size": 128, "number_of_epochs": 300, "loss_parameters": {"temperature": 20, "distillation_type": "FILTER", "alpha": 0.9, "beta": 0.4}}}, "results": {"train_losses": [[1.6580789669036866, 1.665312435913086, 1.6764169361114503, 1.6859831359863282, 1.695819281768799, 1.7062879619598388, 1.7176402297973632, 1.7293111312866212, 1.7413930503845214, 1.7539761978149413, 1.7668155261993408, 1.7797179347991943, 1.792665616607666, 1.8055834259033203, 1.8184736869812013, 1.8309499244689942, 1.843547176361084, 1.8562448600769044, 1.8686224193572998, 1.8810709434509276, 1.8934624496459962]], "valid_losses": [[1.6598972930908202, 1.6709741970062255, 1.6813940349578858, 1.6907766464233398, 1.7011580703735352, 1.7120773433685303, 1.7236421741485595, 1.7354986125946046, 1.748277197265625, 1.7610446922302245, 1.7738723529815674, 1.7869745731353759, 1.7996453712463378, 1.8126566764831542, 1.8252548931121826, 1.8385486938476563, 1.8509932735443115, 1.8637608200073241, 1.8755435390472412, 1.888129058456421, 1.901059285736084]], "train_accs": [[1.5925000000000002, 2.48, 3.81, 4.47, 5.45, 6.632499999999999, 7.84, 8.727500000000001, 9.465, 9.9575, 10.57, 10.985, 11.3725, 11.9125, 12.325, 12.715000000000002, 13.28, 13.395000000000001, 13.83, 14.174999999999999, 14.535]], "valid_accs": [[1.63, 3.04, 4.29, 5.18, 6.11, 7.22, 8.57, 9.32, 9.82, 10.25, 10.92, 11.09, 11.72, 11.959999999999999, 12.540000000000001, 12.82, 13.120000000000001, 13.22, 13.96, 14.57, 14.499999999999998]], "train_times": [[126.22641253471375, 125.50699234008789, 127.86141204833984, 126.02436375617981, 124.94834017753601, 125.62773633003235, 125.49680423736572, 125.14063739776611, 125.96336960792542, 126.80213117599487, 124.92584133148193, 127.11324048042297, 126.3211669921875, 126.34206438064575, 126.07254958152771, 126.6166479587555, 126.6368260383606, 125.49032759666443, 125.24881315231323, 126.05945658683777, 126.8707115650177]], "valid_times": [[24.120228052139282, 24.07990026473999, 24.199506521224976, 23.536061763763428, 23.969524145126343, 24.391916751861572, 23.845943689346313, 24.44340443611145, 24.164748907089233, 24.410319328308105, 23.777503728866577, 25.403489112854004, 24.257835626602173, 24.2746160030365, 23.957992792129517, 24.549407720565796, 24.249950170516968, 24.382426023483276, 23.99247694015503, 24.422060012817383, 23.635242462158203]], "test_accuracy": 14.97, "convergence_iteration": 21}}