{"config": {"train_options": {"learning_rate": 0.01, "optimizer": "SGD", "batch_size": 128, "number_of_epochs": 300, "loss_parameters": {"temperature": 5, "distillation_type": "FILTER", "alpha": 0.7, "beta": 0.4}}}, "results": {"train_losses": [[3.442655446243286, 3.3999553550720214, 3.379121144104004, 3.3679378189086915, 3.3630489311218263, 3.3618832931518554, 3.3642383308410646, 3.3658174144744875, 3.3691011665344237, 3.373914024734497, 3.378179656982422, 3.381512382888794, 3.387251745605469, 3.392110389328003, 3.397843536758423, 3.402157441711426, 3.4060212799072267, 3.410665980529785, 3.413543531036377, 3.4186266746520997, 3.4211092460632324, 3.425682777404785, 3.430699114608765, 3.4362107624053957, 3.4406339405059816]], "valid_losses": [[3.420706280899048, 3.391543229675293, 3.3755429191589355, 3.369883810424805, 3.3661399379730224, 3.3697657215118406, 3.37553638420105, 3.380818939971924, 3.3866326347351072, 3.3969797607421874, 3.4066788360595703, 3.4069787757873535, 3.414972728729248, 3.4210965869903562, 3.4249249336242675, 3.426003190612793, 3.432292115020752, 3.440183497619629, 3.4373201904296873, 3.451086792373657, 3.4519378002166747, 3.4583792350769045, 3.457827503967285, 3.4706583477020265, 3.4688101840972903]], "train_accs": [[2.32, 5.3475, 7.817499999999999, 9.995, 11.57, 13.055, 14.522499999999999, 15.645000000000001, 16.455000000000002, 17.657500000000002, 18.5225, 19.245, 20.1575, 20.9225, 22.162499999999998, 22.99, 24.0, 24.93, 25.827499999999997, 26.6775, 27.932499999999997, 28.82, 29.6525, 30.75, 31.564999999999998]], "valid_accs": [[3.9699999999999998, 6.58, 8.870000000000001, 10.32, 12.04, 12.93, 14.249999999999998, 14.59, 15.290000000000001, 16.82, 16.42, 17.83, 18.740000000000002, 18.81, 19.91, 21.98, 22.02, 23.34, 24.099999999999998, 24.72, 25.8, 27.01, 28.13, 28.38, 29.32]], "train_times": [[122.39152526855469, 121.93564319610596, 122.09136056900024, 121.22733497619629, 122.23103499412537, 120.69303917884827, 121.57377314567566, 123.2198588848114, 121.98392701148987, 123.37402415275574, 121.70007014274597, 124.07877469062805, 121.53225302696228, 122.68319511413574, 122.05818486213684, 123.76600575447083, 121.73553514480591, 123.35677409172058, 121.75052809715271, 121.6136794090271, 122.10545110702515, 120.69741082191467, 121.15532851219177, 121.99156022071838, 122.48669838905334]], "valid_times": [[23.40670871734619, 23.900784254074097, 24.087308406829834, 23.831359386444092, 24.09163808822632, 24.764198064804077, 23.658704042434692, 24.888672590255737, 24.251447677612305, 23.72258448600769, 23.83179998397827, 24.208330631256104, 24.025083541870117, 23.929263591766357, 23.4041485786438, 23.922014236450195, 24.258089542388916, 24.40647554397583, 26.316328048706055, 24.32801365852356, 23.943954467773438, 23.725353479385376, 24.451401948928833, 23.900986671447754, 23.783475875854492]], "test_accuracy": 30.130000000000003, "convergence_iteration": 25}}