{"config": {"train_options": {"learning_rate": 0.01, "optimizer": "SGD", "batch_size": 128, "number_of_epochs": 300, "loss_parameters": {"temperature": 20, "distillation_type": "FILTER", "alpha": 0.4, "beta": 0.7}}}, "results": {"train_losses": [[6.9937758567810056, 6.981583675384521, 6.976418172454834, 6.980692124938964, 6.985879830169678, 6.994587895202637, 7.0051159690856935, 7.018560617828369, 7.033282135772705, 7.049298162078857, 7.065244161224365, 7.0806959411621095, 7.096245443725586, 7.110738342285156, 7.126396834564209, 7.140660208129883, 7.155595306396484, 7.170994664764405, 7.185357355499268, 7.199472699737549, 7.213394055175781, 7.228314695739746]], "valid_losses": [[6.988594168853759, 6.975765274047852, 6.979269450378418, 6.980691125488281, 6.988746586608887, 6.997058374023437, 7.0096782722473145, 7.028614991760254, 7.043380154418945, 7.060775315856934, 7.0802603515625, 7.094997505950928, 7.10986400604248, 7.1302055068969725, 7.146982397460937, 7.173846923065185, 7.179754891967773, 7.192086324310303, 7.212388868713379, 7.234600477600098, 7.252523870849609, 7.247648996734619]], "train_accs": [[2.3375, 4.7775, 6.7250000000000005, 8.5325, 10.137500000000001, 11.74, 12.995000000000001, 14.149999999999999, 15.25, 16.335, 17.0675, 18.2075, 19.415, 20.532500000000002, 21.37, 22.3275, 23.352500000000003, 24.104999999999997, 25.22, 26.119999999999997, 27.205000000000002, 27.9775]], "valid_accs": [[3.73, 5.83, 7.470000000000001, 9.35, 10.39, 12.07, 13.44, 14.280000000000001, 15.190000000000001, 16.46, 17.299999999999997, 18.34, 19.48, 20.169999999999998, 21.21, 20.979999999999997, 22.74, 23.72, 23.84, 24.4, 24.9, 27.05]], "train_times": [[121.01809811592102, 120.76184892654419, 120.23601794242859, 121.07989287376404, 120.67880249023438, 120.91903519630432, 121.05415225028992, 121.92610836029053, 121.68182253837585, 120.61409187316895, 120.5846049785614, 120.50738096237183, 119.6324691772461, 120.4030020236969, 120.00839328765869, 121.51253914833069, 121.12314009666443, 120.21169638633728, 121.34593415260315, 120.75861883163452, 120.59530282020569, 120.43222761154175]], "valid_times": [[23.08171248435974, 23.40370464324951, 22.976405143737793, 23.284026384353638, 23.308250427246094, 23.40859603881836, 23.736586093902588, 23.203065872192383, 23.37348985671997, 23.571701049804688, 23.40761709213257, 23.5870680809021, 23.41013216972351, 23.29765772819519, 23.004969358444214, 23.283754348754883, 23.41444969177246, 23.12825584411621, 23.28970432281494, 22.965868949890137, 23.27616310119629, 23.29723286628723]], "test_accuracy": 28.28, "convergence_iteration": 22}}