{"config": {"train_options": {"learning_rate": 0.005, "optimizer": "SGD", "batch_size": 128, "number_of_epochs": 300, "loss_parameters": {"temperature": 10, "distillation_type": "FILTER", "alpha": 0.5, "beta": 0.8}}}, "results": {"train_losses": [[7.694387068939209, 7.693499303436279, 7.701255905151367, 7.708600154876709, 7.716795375823975, 7.725940558624267, 7.735812371826172, 7.7461854873657225, 7.757762279510498, 7.76908395690918, 7.7807619071960445, 7.79258073425293, 7.804666442871094, 7.816811910247803, 7.8293885932922365, 7.841544703674316, 7.854146675872803, 7.8667914573669435, 7.879153955841065, 7.892121956634521, 7.9049933204650875]], "valid_losses": [[7.689595408630371, 7.697496984100342, 7.704689839935303, 7.712947858428955, 7.721741246032715, 7.731221417999268, 7.741638442993164, 7.752458731079102, 7.764075304412842, 7.775768563842774, 7.7871314117431645, 7.799713108825683, 7.811969131469726, 7.824590663146973, 7.836977928161621, 7.848861849212646, 7.86130654373169, 7.875590725708008, 7.888034097290039, 7.90053793182373, 7.913369436645508]], "train_accs": [[2.2075, 3.505, 4.63, 5.6375, 6.6525, 7.4575000000000005, 8.2775, 8.9, 9.47, 9.93, 10.424999999999999, 10.932500000000001, 11.37, 11.86, 12.120000000000001, 12.7925, 13.18, 13.5125, 13.995, 14.385, 14.6]], "valid_accs": [[3.35, 4.16, 5.13, 5.99, 6.859999999999999, 7.7299999999999995, 8.290000000000001, 8.959999999999999, 9.51, 10.08, 10.620000000000001, 10.74, 11.04, 11.86, 12.01, 12.690000000000001, 13.19, 13.04, 13.719999999999999, 13.8, 14.44]], "train_times": [[124.81105828285217, 124.05553388595581, 123.96140027046204, 124.05837965011597, 124.75373458862305, 124.31483554840088, 124.98186612129211, 124.17811942100525, 123.52368474006653, 123.82865405082703, 124.12984657287598, 124.31735372543335, 125.61819362640381, 124.33832931518555, 125.20303797721863, 124.12235927581787, 123.67920351028442, 124.45743489265442, 123.61411476135254, 124.16736578941345, 125.71588921546936]], "valid_times": [[23.575753927230835, 23.495426416397095, 23.65587878227234, 23.551849126815796, 24.051012754440308, 23.68847417831421, 23.66646933555603, 23.61298370361328, 23.572314262390137, 23.649558305740356, 24.08024501800537, 23.945918798446655, 23.964459896087646, 23.665168523788452, 23.5085666179657, 23.80591344833374, 23.6972393989563, 23.81665015220642, 23.308228015899658, 23.906618118286133, 24.19591975212097]], "test_accuracy": 14.71, "convergence_iteration": 21}}