{"config": {"train_options": {"learning_rate": 0.005, "optimizer": "SGD", "batch_size": 128, "number_of_epochs": 300, "loss_parameters": {"temperature": 10, "distillation_type": "FILTER", "alpha": 0.2, "beta": 0.4}}}, "results": {"train_losses": [[5.471773999786377, 5.3469530242919925, 5.258445537567138, 5.189899884796143, 5.13436941986084, 5.090052746582031, 5.054300582122803, 5.024125558471679, 4.995273651123047, 4.971574407196045, 4.943793419647217, 4.917814736938476, 4.892985795593262, 4.867363537597656, 4.847207193756104, 4.822018301391601, 4.79844839630127, 4.780108866882324, 4.75919849395752, 4.741349706268311, 4.725654486083984, 4.70621720123291, 4.690241918945312, 4.674354512023926, 4.662181918334961, 4.645836201477051, 4.631838841247559, 4.618021698760987, 4.609326431274414, 4.597830467987061, 4.586151839447021, 4.576543963623047, 4.567709513854981, 4.557133790588379, 4.549238507080078, 4.542446131896972, 4.533835098266602, 4.5273634056091305, 4.519286502838135, 4.51537239074707, 4.5059815124511715, 4.503151837158203, 4.498088712310791, 4.493179145050049, 4.488613430023193, 4.484444247436524, 4.476743822479248, 4.473113652801514, 4.470173625183105, 4.466467319488525, 4.462129557037353, 4.459066711425781, 4.454773285675049, 4.452123657226562, 4.450220408630371, 4.448654146575928, 4.442976781463623, 4.444387635803222]], "valid_losses": [[5.398422208404541, 5.289719488525391, 5.223729182434082, 5.159023413085937, 5.105516325378418, 5.085798685455322, 5.067700708770752, 5.0447738624572755, 5.024591397094727, 5.007061476135254, 4.967179935455322, 4.952734368896484, 4.9194841346740725, 4.9062692779541015, 4.889045364379883, 4.888250926971436, 4.838159355163574, 4.828071990203857, 4.806446540832519, 4.800650285339356, 4.783002207183838, 4.778276014709473, 4.758608475494385, 4.7529106498718265, 4.7389256942749025, 4.734140087890625, 4.731116445159912, 4.734813697052002, 4.683108079528808, 4.698303852081299, 4.685613090515137, 4.695166847229004, 4.698202980041504, 4.703587775421142, 4.677499552154541, 4.7006164588928225, 4.687820256042481, 4.650049658203125, 4.672900295257568, 4.6573242004394535, 4.685676148986817, 4.702578897857666, 4.674622319793701, 4.693735186004639, 4.6808473587036135, 4.715620587158203, 4.6906966270446775, 4.695461456298828, 4.712185042572021, 4.671488862609864, 4.692112785339355, 4.683841575622559, 4.700725283050537, 4.681998789215088, 4.730547441864013, 4.68511810760498, 4.70920089263916, 4.689275978088379]], "train_accs": [[2.3025, 5.11, 7.7375, 9.625, 11.77, 13.530000000000001, 15.265, 16.622500000000002, 17.935000000000002, 19.1825, 20.6625, 21.5275, 22.89, 24.19, 25.224999999999998, 26.46, 27.87, 28.6375, 29.81, 31.112499999999997, 31.937500000000004, 33.042500000000004, 34.055, 34.8175, 35.652499999999996, 36.69, 37.55, 38.82, 39.3425, 39.9075, 41.0625, 41.7725, 42.165, 43.25, 44.05, 44.39, 45.2225, 45.925, 46.44, 47.28, 47.77, 48.322500000000005, 48.4775, 48.94, 49.72, 50.2425, 51.0225, 51.57000000000001, 51.970000000000006, 52.315, 52.49, 53.3325, 53.74, 54.24250000000001, 54.65, 54.769999999999996, 55.48, 55.80500000000001]], "valid_accs": [[4.06, 6.39, 8.690000000000001, 10.76, 12.47, 13.83, 14.96, 16.18, 16.78, 17.94, 19.68, 20.23, 22.15, 23.080000000000002, 23.86, 24.09, 26.640000000000004, 26.68, 28.53, 28.68, 29.65, 30.099999999999998, 31.14, 31.69, 32.37, 33.25, 33.53, 33.85, 35.96, 36.39, 36.24, 36.980000000000004, 36.720000000000006, 37.4, 38.019999999999996, 37.63, 38.519999999999996, 40.36, 39.7, 41.05, 39.879999999999995, 39.67, 40.849999999999994, 40.58, 41.58, 40.32, 42.29, 42.11, 41.160000000000004, 42.88, 42.52, 43.14, 43.24, 43.730000000000004, 42.52, 44.42, 43.69, 44.82]], "train_times": [[48.149449586868286, 46.892998456954956, 47.91950464248657, 46.98299956321716, 47.39099955558777, 46.901997804641724, 47.44741439819336, 47.36868596076965, 47.504663705825806, 47.487574100494385, 47.53864359855652, 48.061338901519775, 47.0929958820343, 46.881019830703735, 46.88199758529663, 46.88199830055237, 46.91551089286804, 46.89999794960022, 46.88399958610535, 47.13600015640259, 47.16699767112732, 48.063995361328125, 47.74016499519348, 47.59700012207031, 48.19103288650513, 47.672539710998535, 46.99052166938782, 47.132999897003174, 47.243000984191895, 47.72399830818176, 47.828999042510986, 47.550873041152954, 47.993096113204956, 47.683998346328735, 47.83999800682068, 47.358999252319336, 48.060691833496094, 48.04114389419556, 47.20815324783325, 47.24458074569702, 47.19555950164795, 47.4995973110199, 47.25499892234802, 46.99060320854187, 46.81359267234802, 46.87813138961792, 46.90108871459961, 46.89960837364197, 46.92459511756897, 46.93700122833252, 46.92900204658508, 46.97420954704285, 46.89726495742798, 46.933608293533325, 47.29802989959717, 47.181825399398804, 47.11657977104187, 47.411170959472656]], "valid_times": [[9.156034231185913, 9.17800235748291, 9.323001623153687, 9.32099962234497, 9.153031826019287, 9.18500304222107, 9.118122100830078, 9.266623735427856, 9.245649099349976, 9.258161783218384, 9.23399567604065, 9.39600396156311, 9.13300347328186, 9.134001016616821, 9.132022619247437, 9.133010864257812, 9.133002042770386, 9.130514144897461, 9.13200044631958, 9.27999997138977, 9.335002422332764, 9.26505732536316, 9.329001665115356, 9.310506820678711, 9.353002071380615, 9.205000162124634, 9.132002353668213, 9.169999599456787, 9.262998819351196, 9.268002033233643, 9.392526149749756, 9.296000719070435, 9.274821996688843, 9.246001720428467, 9.253097295761108, 9.345002889633179, 9.324085474014282, 9.271997451782227, 9.301002740859985, 9.330002307891846, 9.1010000705719, 9.224000930786133, 9.145999908447266, 9.115049123764038, 9.130000352859497, 9.11700963973999, 9.130000114440918, 9.125000715255737, 9.147999286651611, 9.158605813980103, 9.113661527633667, 9.132999181747437, 9.115000486373901, 9.133999347686768, 9.147999048233032, 9.20099949836731, 9.140000581741333, 9.180522918701172]], "test_accuracy": 46.839999999999996, "convergence_iteration": 58}}