{"config": {"train_options": {"learning_rate": 0.01, "optimizer": "SGD", "batch_size": 128, "number_of_epochs": 300, "loss_parameters": {"temperature": 10, "distillation_type": "FILTER", "alpha": 0.1, "beta": 0.8}}}, "results": {"train_losses": [[8.399905946350097, 8.391800286865234, 8.390269033813476, 8.395980541992188, 8.404084658813476, 8.416470628356933, 8.430912696838378, 8.447978872680665, 8.466390028381348, 8.48554347229004, 8.505160505676269, 8.525090603637695, 8.54483507232666, 8.564169578552246, 8.582326182556152, 8.601483926391602, 8.619164181518554, 8.636495245361328, 8.655107154846192, 8.673614065551758, 8.691398770141602, 8.709678143310548]], "valid_losses": [[8.39240809173584, 8.389475012207031, 8.392471772766113, 8.397374404907227, 8.407611181640625, 8.423532446289062, 8.439689242553712, 8.461386541748046, 8.478034837341308, 8.500109196472168, 8.523903311157227, 8.542895024108887, 8.56226340789795, 8.584707696533203, 8.59982158203125, 8.623865846252441, 8.639115007019043, 8.659129286193847, 8.675095741271972, 8.693890419006348, 8.714731289672851, 8.739823884582519]], "train_accs": [[2.015, 4.43, 6.555, 8.6375, 10.575, 12.342500000000001, 13.505, 14.9625, 15.987499999999999, 16.8625, 17.904999999999998, 18.990000000000002, 19.93, 20.7, 21.7525, 22.97, 23.665, 24.6325, 25.552500000000002, 26.295, 27.334999999999997, 28.365000000000002]], "valid_accs": [[3.05, 5.75, 7.5200000000000005, 10.08, 11.44, 12.85, 13.62, 14.280000000000001, 15.5, 16.75, 17.7, 18.2, 19.62, 20.16, 22.36, 22.41, 23.04, 23.810000000000002, 24.740000000000002, 26.279999999999998, 26.56, 26.85]], "train_times": [[122.85409450531006, 123.6050353050232, 124.74567794799805, 123.97698140144348, 124.54576659202576, 123.35245156288147, 123.69288992881775, 123.90145826339722, 122.85567617416382, 123.74442458152771, 124.32143068313599, 124.07720184326172, 123.97112846374512, 124.26870536804199, 123.94572257995605, 123.93291306495667, 124.32584190368652, 123.86785697937012, 123.71849727630615, 123.23915314674377, 124.7064757347107, 123.74080395698547]], "valid_times": [[23.938595294952393, 24.099701166152954, 23.625017642974854, 24.584256887435913, 24.017260551452637, 23.772214651107788, 23.8741512298584, 23.943625688552856, 23.92060399055481, 23.695029973983765, 24.160749197006226, 24.26324224472046, 23.999035835266113, 24.340600728988647, 23.668004512786865, 23.621195793151855, 24.29125475883484, 23.900067806243896, 23.508893728256226, 23.996986627578735, 23.939934968948364, 23.9792160987854]], "test_accuracy": 27.26, "convergence_iteration": 22}}