{"config": {"train_options": {"learning_rate": 0.05, "optimizer": "SGD", "batch_size": 128, "number_of_epochs": 300, "loss_parameters": {"temperature": 20, "distillation_type": "FILTER", "alpha": 0.9, "beta": 0.1}}}, "results": {"train_losses": [[-2.3407778419494627, -2.3579975479125976, -2.3578178745269773, -2.354625651550293, -2.348971765899658, -2.342638176727295, -2.3354758117675782, -2.33003857421875, -2.324216845703125, -2.3192545806884763, -2.314873775100708, -2.310901194000244, -2.306942893218994, -2.302828005218506, -2.2992656173706054, -2.2950475631713867, -2.2910083717346192, -2.2875666660308838, -2.2833107864379882, -2.2804621337890625, -2.2757581581115724, -2.2725845443725587]], "valid_losses": [[-2.3554523948669432, -2.3569679710388183, -2.351866654205322, -2.348026158905029, -2.343328221511841, -2.3323856452941896, -2.324785941314697, -2.318610250091553, -2.312104815673828, -2.307012983703613, -2.2983442806243897, -2.3008441452026367, -2.290021669769287, -2.287645616149902, -2.2825887908935547, -2.2795860130310057, -2.2728835521698, -2.2689523811340333, -2.2642023246765137, -2.2614517585754395, -2.249772147369385, -2.248286863708496]], "train_accs": [[4.1274999999999995, 8.924999999999999, 11.9475, 14.662500000000001, 16.794999999999998, 18.805, 20.5575, 22.345000000000002, 24.1425, 25.974999999999998, 27.47, 29.18, 31.165, 32.6375, 34.387499999999996, 35.845, 37.32, 38.7625, 40.150000000000006, 41.5425, 42.4525, 43.66]], "valid_accs": [[7.16, 10.91, 12.9, 15.06, 17.45, 18.69, 20.22, 21.73, 23.07, 24.779999999999998, 25.66, 29.17, 29.049999999999997, 31.209999999999997, 32.34, 33.58, 34.5, 35.4, 36.41, 38.31, 36.89, 39.23]], "train_times": [[129.72248435020447, 128.84866666793823, 128.93293642997742, 130.87351417541504, 129.8078064918518, 129.82671451568604, 132.42652773857117, 128.23284792900085, 129.5704426765442, 128.57293319702148, 129.86038541793823, 129.20556092262268, 129.93660593032837, 130.47135281562805, 128.58751559257507, 128.55580496788025, 131.24751734733582, 129.67456030845642, 130.454740524292, 129.69718837738037, 129.72237849235535, 128.84816646575928]], "valid_times": [[25.674554347991943, 25.558355569839478, 25.78036904335022, 23.91740131378174, 25.326887369155884, 24.661735773086548, 25.60956120491028, 25.057684659957886, 24.384716749191284, 25.38512682914734, 25.640698671340942, 25.455492734909058, 25.627177000045776, 24.557510137557983, 25.318439960479736, 24.145352602005005, 25.776890754699707, 24.64280676841736, 25.572553634643555, 23.41218137741089, 25.451767444610596, 25.359432697296143]], "test_accuracy": 39.22, "convergence_iteration": 22}}