{"config": {"train_options": {"learning_rate": 0.005, "optimizer": "SGD", "batch_size": 128, "number_of_epochs": 300, "loss_parameters": {"temperature": 15, "distillation_type": "FILTER", "alpha": 0.7, "beta": 0.6}}}, "results": {"train_losses": [[5.0496546691894535, 5.041932292938233, 5.044560956573486, 5.046743783569336, 5.048481671142578, 5.0527522689819335, 5.058891107177734, 5.065463637542725, 5.072210454559326, 5.0792184173583985, 5.085941164398194, 5.092366711425782, 5.098782669830323, 5.105312903594971, 5.112551190948486, 5.120474140930176, 5.128118829345703, 5.1358414894104, 5.144186042785645, 5.152429061889649, 5.160715277862549]], "valid_losses": [[5.041319458770752, 5.041591151428222, 5.045120217895508, 5.045972531890869, 5.04918706817627, 5.05426185760498, 5.060937538909912, 5.067209495544434, 5.074883740997315, 5.081559439849854, 5.088587929534912, 5.094732344818115, 5.101175408935547, 5.109310301971435, 5.117217929077149, 5.124295760345459, 5.132650706481933, 5.14196588973999, 5.149824278259278, 5.156617481994629, 5.166072813415528]], "train_accs": [[1.7850000000000001, 3.4275, 4.25, 4.995, 5.66, 6.2975, 7.045, 7.55, 8.4, 8.799999999999999, 9.532499999999999, 10.337499999999999, 10.7475, 11.3975, 11.987499999999999, 12.4125, 12.8025, 13.239999999999998, 13.567499999999999, 14.127500000000001, 14.545]], "valid_accs": [[2.96, 4.21, 4.67, 5.48, 6.15, 6.52, 7.71, 8.1, 8.72, 9.719999999999999, 10.040000000000001, 10.72, 10.91, 11.81, 12.02, 12.790000000000001, 12.839999999999998, 13.420000000000002, 13.59, 14.16, 14.56]], "train_times": [[124.80736589431763, 121.11523675918579, 124.33403873443604, 122.46514797210693, 122.87036943435669, 122.57614469528198, 122.76202058792114, 122.53868579864502, 123.6808214187622, 122.85812902450562, 122.84032702445984, 120.22077536582947, 123.13088512420654, 123.42894911766052, 122.04825091362, 123.33526968955994, 122.89332818984985, 122.88093400001526, 122.43548679351807, 123.45119047164917, 122.82317185401917]], "valid_times": [[23.61467409133911, 23.03997254371643, 23.3032865524292, 23.806643962860107, 23.54172444343567, 24.422719717025757, 23.687955141067505, 22.99703621864319, 24.162508010864258, 25.09433650970459, 23.751984357833862, 24.803354740142822, 24.00859785079956, 23.748785734176636, 23.638914108276367, 23.225971937179565, 23.713693141937256, 23.422930479049683, 23.906636714935303, 23.126649141311646, 23.285874605178833]], "test_accuracy": 14.41, "convergence_iteration": 21}}