{"config": {"train_options": {"learning_rate": 0.05, "optimizer": "SGD", "batch_size": 128, "number_of_epochs": 300, "loss_parameters": {"temperature": 15, "distillation_type": "FILTER", "alpha": 0.5, "beta": 0.2}}}, "results": {"train_losses": [[1.7995560234069825, 1.6131983739852904, 1.5196201490402221, 1.4382151645660401, 1.3732272495269775, 1.318203765106201, 1.2751756031036376, 1.2356597415924073, 1.2086469844818115, 1.1822450199127197, 1.1598255006790161, 1.1412699951171874, 1.124198027229309, 1.1111863702774047, 1.0987333971023558, 1.0892424339294433, 1.074751049232483, 1.065247211265564, 1.0604476099014282, 1.046475391960144, 1.0423114469528199, 1.0391827432632446, 1.0259540258407593, 1.0220148723602296, 1.014577437019348, 1.0066335586547852, 1.001300889968872, 0.9932118616104126, 0.9888588144302368, 0.981774704170227, 0.9763137525558472, 0.9661669870376587, 0.9645709127426148, 0.9549660089492797, 0.9519810337066651, 0.9478555521011353, 0.9378713655471802, 0.9325880853652954, 0.9300788087844849, 0.9231350004196167]], "valid_losses": [[1.709591948890686, 1.6445020397186279, 1.6038917505264283, 1.6027666669845582, 1.4681934410095214, 1.5040547401428224, 1.3830754621505736, 1.3404091255187989, 1.3059514812469482, 1.3020501369476318, 1.292925165939331, 1.3268871313095092, 1.3021961101531982, 1.2464985795974732, 1.2106139122009278, 1.2608104608535766, 1.266270050430298, 1.2195961360931395, 1.2119871782302856, 1.2007338764190674, 1.2184153583526611, 1.244301526260376, 1.215124324798584, 1.2226882341384888, 1.2270210874557494, 1.2301152456283568, 1.2306485820770263, 1.2263690759658814, 1.2480553901672364, 1.256619122695923, 1.2357779830932618, 1.2027417295455933, 1.278851252555847, 1.2450845417022705, 1.2419565258026124, 1.2239267383575438, 1.2149431465148925, 1.2476025012969971, 1.2499512340545653, 1.2579661741256714]], "train_accs": [[5.7525, 12.742500000000001, 18.1525, 22.5825, 27.0575, 30.735, 33.87, 37.145, 39.545, 41.9225, 44.190000000000005, 45.94, 47.6825, 49.1075, 50.397499999999994, 51.7675, 53.25, 54.4325, 55.15, 56.245, 57.230000000000004, 57.735, 58.77250000000001, 59.355000000000004, 60.17, 61.05500000000001, 61.272499999999994, 61.855000000000004, 62.660000000000004, 63.41, 63.722500000000004, 64.435, 64.5425, 65.4, 65.4475, 65.9775, 66.61500000000001, 66.9975, 67.3175, 67.585]], "valid_accs": [[8.15, 12.620000000000001, 16.75, 18.67, 24.22, 23.810000000000002, 28.95, 32.769999999999996, 35.3, 36.43, 37.95, 37.45, 38.550000000000004, 42.72, 44.769999999999996, 43.61, 44.190000000000005, 46.160000000000004, 47.25, 49.0, 47.839999999999996, 47.67, 49.47, 49.17, 49.55, 49.09, 49.93, 50.72, 49.220000000000006, 49.33, 49.669999999999995, 52.38, 48.96, 50.74999999999999, 50.74999999999999, 51.66, 51.92, 51.53, 51.300000000000004, 50.54]], "train_times": [[129.97999548912048, 130.3683488368988, 132.01311707496643, 131.40367913246155, 132.40316605567932, 128.89008736610413, 132.9084451198578, 128.91386008262634, 131.24263954162598, 132.4035301208496, 131.14866614341736, 130.67960619926453, 128.2820224761963, 130.76392674446106, 129.68248176574707, 132.05215191841125, 133.35379934310913, 129.46055603027344, 131.5700535774231, 130.06706500053406, 130.8469042778015, 131.1077857017517, 135.20284700393677, 132.11504364013672, 129.90660691261292, 132.88641452789307, 131.6345546245575, 132.46317195892334, 131.42040586471558, 130.19993329048157, 132.6498875617981, 129.29953742027283, 131.45812559127808, 131.20375204086304, 133.48878955841064, 128.9499933719635, 128.0204484462738, 133.79841303825378, 127.80066919326782, 132.1351728439331]], "valid_times": [[25.718509674072266, 26.509618043899536, 27.086999654769897, 25.3583562374115, 26.05233907699585, 26.656248331069946, 26.436281204223633, 26.330925703048706, 26.578895330429077, 25.071901321411133, 25.678821325302124, 24.96238613128662, 27.15019178390503, 24.410933017730713, 26.2360098361969, 24.58929204940796, 25.224461317062378, 25.018926858901978, 24.766648769378662, 25.770106077194214, 25.07802700996399, 25.744253396987915, 25.088698148727417, 26.53151226043701, 24.685929536819458, 26.53837752342224, 26.157504558563232, 25.85546875, 26.67004704475403, 25.174340963363647, 25.899711847305298, 24.061896562576294, 25.544694900512695, 24.36396837234497, 26.218258142471313, 26.92940926551819, 25.862001419067383, 26.569631099700928, 26.0455105304718, 26.177278518676758]], "test_accuracy": 51.690000000000005, "convergence_iteration": 40}}