{"config": {"train_options": {"learning_rate": 0.01, "optimizer": "SGD", "batch_size": 128, "number_of_epochs": 300, "loss_parameters": {"temperature": 20, "distillation_type": "FILTER", "alpha": 0.6, "beta": 0.1}}}, "results": {"train_losses": [[0.11543364639282226, -0.024713997650146483, -0.10462353172302247, -0.15671211175918578, -0.19806374673843383, -0.230251575756073, -0.2608808548927307, -0.290481894493103, -0.3234041427612305, -0.3541348719596863, -0.383677010345459, -0.41282686672210694, -0.44048884353637696, -0.46534029293060303, -0.49014433269500735, -0.5102267269134522, -0.5290545780181884, -0.5460814130783082, -0.5641325618743896, -0.5811192646026612, -0.5963181222915649, -0.6132350763320923, -0.6254773450851441, -0.6375231729507447, -0.6533581146240235, -0.6648086013793946, -0.6732634511947632, -0.6868328199386596, -0.6950396697998047, -0.7039076456069946, -0.7132079122543334, -0.7229042446136474, -0.7294940368652344, -0.7399294752120972, -0.745894365310669, -0.7530108163833619, -0.7615478075027465, -0.7670579580307006, -0.7713353122711182, -0.7786615991592407, -0.786601470375061, -0.792758159828186, -0.7973840028762818, -0.8037074991226196, -0.8068192131042481, -0.8118315481185913, -0.8163717405319214, -0.8205948266983032, -0.8254448221206665, -0.8301603572845458, -0.834045425415039, -0.8390822221755981, -0.8425094278335571, -0.84607167263031, -0.8537514326095581, -0.852620424079895, -0.85814573802948, -0.8598815523147583, -0.8615937803268433, -0.8672967420578003, -0.8701017635345459, -0.8749596302032471, -0.8789128637313843, -0.8798802034378052, -0.8830145225524902, -0.8849695392608643, -0.8877846544265747, -0.8905016771316528, -0.8941287939071655, -0.8968066366195678, -0.8991323026657104, -0.9034649726867676, -0.905161454963684, -0.9054882791519165, -0.9090034322738647, -0.909614928817749, -0.9154555015563964]], "valid_losses": [[0.034939991283416745, -0.07150118618011475, -0.12051410093307495, -0.16999588832855225, -0.20204561805725096, -0.23747024497985839, -0.2606809726715088, -0.2830141090393066, -0.3133589861869812, -0.3356341009140015, -0.3622410078048706, -0.3563111312866211, -0.391435976600647, -0.39752341213226317, -0.42163355388641355, -0.4509113613128662, -0.4664838062286377, -0.48286495571136473, -0.48194954566955567, -0.48111047496795656, -0.49401671962738036, -0.5344768049240113, -0.5294401098251342, -0.5500959341049194, -0.5257822813034058, -0.5707512464523316, -0.5598082284927368, -0.5768593553543091, -0.5613336772918701, -0.5850159479141235, -0.6101368463516236, -0.606145909500122, -0.5536707817077636, -0.5732333711624146, -0.6032299991607666, -0.5994241695404052, -0.6148746042251587, -0.6249046560287476, -0.5908379201889038, -0.632545493888855, -0.6196761539459229, -0.6074680541992188, -0.6223995855331421, -0.627093404006958, -0.6227938678741455, -0.6421748266220093, -0.6313949125289917, -0.6231870468139649, -0.6423240922927856, -0.6298822866439819, -0.6250903472900391, -0.6419379680633545, -0.6394755346298218, -0.6320460599899292, -0.6391781196594238, -0.6267281448364258, -0.6562470216751098, -0.6315290098190307, -0.6415465496063233, -0.6438298782348633, -0.6346465845108032, -0.6114992454528808, -0.597911445426941, -0.6414533475875854, -0.6237319416046142, -0.6351568004608155, -0.6368538433074952, -0.6272515058517456, -0.6198477684020997, -0.6085372137069702, -0.618873994255066, -0.6132257411956787, -0.6044166557312012, -0.5937294872283936, -0.5949191610336304, -0.6142232238769532, -0.6038739337921143]], "train_accs": [[3.005, 7.0874999999999995, 10.42, 12.675, 14.872499999999999, 16.42, 18.085, 19.842499999999998, 21.5475, 23.2375, 25.074999999999996, 26.4575, 28.065, 29.520000000000003, 30.98, 32.53, 33.7475, 34.705000000000005, 36.0825, 37.0975, 38.379999999999995, 39.445, 40.405, 41.5075, 42.59, 43.435, 44.17, 45.2425, 45.89, 46.6875, 47.4575, 48.245, 48.8975, 49.51, 50.2, 51.025, 51.677499999999995, 52.35999999999999, 52.5625, 53.2975, 54.0625, 54.642500000000005, 55.232499999999995, 55.4825, 55.95, 56.5825, 56.9475, 57.5075, 57.84, 58.477500000000006, 58.919999999999995, 59.087500000000006, 59.872499999999995, 60.129999999999995, 60.589999999999996, 60.8175, 61.5125, 61.660000000000004, 61.96, 62.255, 62.8625, 63.449999999999996, 63.605000000000004, 63.982499999999995, 64.3625, 64.47749999999999, 64.85, 65.2375, 65.39, 66.05, 66.1275, 66.57499999999999, 66.8875, 67.175, 67.4925, 67.41, 68.01]], "valid_accs": [[4.55, 9.29, 11.15, 13.71, 14.510000000000002, 16.38, 17.68, 18.69, 20.69, 22.35, 23.57, 23.72, 25.7, 25.419999999999998, 27.71, 29.270000000000003, 30.7, 31.81, 32.190000000000005, 32.22, 33.23, 35.46, 35.64, 36.6, 35.9, 38.11, 38.37, 38.93, 39.18, 40.1, 41.78, 41.77, 38.9, 40.69, 42.54, 41.94, 43.519999999999996, 43.71, 41.94, 44.42, 44.22, 43.89, 44.95, 45.11, 45.48, 46.71, 46.04, 46.04, 47.18, 46.68, 46.77, 47.15, 47.58, 47.73, 47.370000000000005, 47.58, 49.64, 48.11, 48.94, 48.92, 49.05, 48.35, 47.58, 49.82, 48.92, 49.63, 49.99, 49.769999999999996, 48.84, 48.96, 49.980000000000004, 49.44, 49.41, 49.33, 49.84, 50.4, 49.93]], "train_times": [[121.80057048797607, 121.82707118988037, 121.41063046455383, 120.82354354858398, 121.5038492679596, 122.43927693367004, 121.25905466079712, 122.5868456363678, 122.27992177009583, 121.30948042869568, 120.7729926109314, 122.67567205429077, 121.94894933700562, 121.5988233089447, 122.19645881652832, 122.195631980896, 121.1870059967041, 120.603280544281, 121.41093587875366, 121.3296389579773, 121.7432804107666, 121.48586440086365, 121.99458646774292, 120.21360921859741, 121.41997814178467, 121.86687684059143, 121.58778071403503, 122.05646586418152, 121.2725932598114, 121.2512834072113, 121.01092433929443, 121.09387683868408, 121.42331576347351, 121.07266879081726, 120.74048614501953, 121.57341933250427, 122.05763864517212, 121.74594688415527, 122.19737982749939, 121.20264220237732, 120.89943552017212, 120.0379114151001, 120.78177547454834, 122.10423159599304, 121.24243974685669, 121.73494696617126, 121.71533536911011, 122.40401721000671, 121.53639888763428, 120.77787232398987, 120.84062314033508, 122.75697064399719, 120.86178255081177, 122.16005778312683, 121.30914115905762, 121.07858610153198, 122.27071809768677, 121.82509517669678, 121.33118557929993, 121.35857725143433, 121.95739531517029, 122.30904746055603, 121.159743309021, 122.18423795700073, 120.72965598106384, 121.99615335464478, 121.079416513443, 121.5840814113617, 121.9521815776825, 121.43307876586914, 120.7112991809845, 121.80650353431702, 121.16196942329407, 121.16918158531189, 121.85874915122986, 121.47980117797852, 122.0289556980133]],