{"config": {"train_options": {"learning_rate": 0.01, "optimizer": "SGD", "batch_size": 128, "number_of_epochs": 300, "loss_parameters": {"temperature": 15, "distillation_type": "FILTER", "alpha": 0.2, "beta": 0.8}}}, "results": {"train_losses": [[8.20669100189209, 8.207257202148437, 8.211976892089844, 8.219777250671386, 8.233244577026367, 8.248094639587402, 8.265204483032226, 8.283816551208496, 8.303618830871581, 8.323905589294434, 8.344798709106446, 8.367617848205567, 8.388455960083007, 8.409859294128418, 8.43000986328125, 8.45077315826416, 8.470764787292481, 8.490240087890625, 8.511050271606445, 8.531282446289062, 8.551166285705566]], "valid_losses": [[8.205057266235352, 8.212603230285644, 8.214968276977539, 8.226704534912109, 8.242433003234863, 8.258067309570313, 8.279331611633301, 8.298440829467774, 8.31976554107666, 8.339724053955079, 8.3652035736084, 8.386559869384765, 8.413954888916015, 8.43000813293457, 8.447667713928222, 8.473400201416016, 8.488929208374023, 8.50601248626709, 8.530821548461914, 8.555407859802246, 8.568362432861328]], "train_accs": [[2.2775, 4.25, 6.1125, 7.982499999999999, 9.805, 11.61, 12.47, 13.700000000000001, 14.677499999999998, 15.745000000000001, 16.5275, 17.424999999999997, 18.33, 19.3125, 20.13, 21.175, 21.7575, 22.7225, 23.6525, 24.3475, 25.22]], "valid_accs": [[3.2099999999999995, 5.12, 6.74, 8.9, 10.26, 11.799999999999999, 12.65, 13.94, 14.540000000000001, 15.61, 16.11, 16.66, 17.23, 18.35, 19.82, 20.02, 21.9, 22.1, 22.85, 23.16, 25.09]], "train_times": [[123.71323895454407, 123.57031011581421, 123.75861978530884, 123.4779896736145, 123.56687760353088, 123.70520806312561, 123.69562268257141, 123.18239855766296, 123.42838501930237, 124.76573038101196, 124.65978264808655, 123.45170021057129, 123.84035754203796, 123.80083131790161, 122.84981513023376, 124.56121635437012, 124.90758156776428, 123.9698576927185, 124.03487968444824, 123.64205312728882, 123.78963923454285]], "valid_times": [[23.357056856155396, 23.437319040298462, 23.338661193847656, 23.431222438812256, 23.424280643463135, 23.520745754241943, 23.816070318222046, 23.328110456466675, 23.075606107711792, 23.447335243225098, 23.617060661315918, 23.172409296035767, 23.352383136749268, 23.52858829498291, 23.719720363616943, 23.755470275878906, 23.59023666381836, 23.485918045043945, 23.486429452896118, 23.487873315811157, 23.310243844985962]], "test_accuracy": 25.41, "convergence_iteration": 21}}