{"config": {"train_options": {"learning_rate": 0.01, "optimizer": "SGD", "batch_size": 128, "number_of_epochs": 300, "loss_parameters": {"temperature": 10, "distillation_type": "FILTER", "alpha": 0.9, "beta": 0.1}}}, "results": {"train_losses": [[-2.099831862258911, -2.10548352432251, -2.1120346366882323, -2.12237770652771, -2.1280580017089843, -2.132943227005005, -2.1367387126922606, -2.1410455169677736, -2.1438585342407226, -2.1459794746398924, -2.147424116516113, -2.14751950302124, -2.148170938873291, -2.1470909675598144, -2.1473672439575195, -2.1474736549377442, -2.146810521697998, -2.1475485290527345, -2.1472988922119143, -2.1476626174926756, -2.1469972537994386, -2.1478173427581786, -2.1478010078430176, -2.14726993598938, -2.1464318214416505, -2.1469556442260744, -2.146463846588135, -2.1463162384033203, -2.146312319946289, -2.1453311435699463, -2.1452623912811277, -2.144879630279541, -2.144003313446045, -2.1437927696228027, -2.142216766357422, -2.1418605167388916, -2.1415687995910644, -2.140712032318115]], "valid_losses": [[-2.103272220993042, -2.103745489501953, -2.119729191207886, -2.123972906112671, -2.129441371536255, -2.13350015335083, -2.138016505050659, -2.1422443016052246, -2.1439185535430907, -2.142828289794922, -2.1472017570495607, -2.1460462379455567, -2.1446219985961914, -2.1437825378417967, -2.14696817779541, -2.1455245750427245, -2.1451497062683105, -2.1474587081909178, -2.144652325439453, -2.146324939727783, -2.143586402130127, -2.1444612632751463, -2.144076396942139, -2.1439534900665285, -2.1446903732299805, -2.144105339050293, -2.140938838195801, -2.140287243270874, -2.136368099975586, -2.1380295726776124, -2.1341586574554445, -2.128952268218994, -2.133504906463623, -2.126557525253296, -2.1292771472930907, -2.1331830032348633, -2.132302039337158, -2.1307000984191893]], "train_accs": [[1.3925, 2.1325, 3.8725, 5.315, 6.8375, 8.2025, 9.4125, 10.5325, 11.5725, 12.335, 12.885, 13.4825, 14.305000000000001, 14.8525, 15.55, 16.095000000000002, 16.8375, 17.7275, 18.4075, 19.125, 19.8075, 20.669999999999998, 21.0775, 21.675, 22.525000000000002, 23.055, 23.5975, 24.310000000000002, 24.88, 25.2975, 25.722499999999997, 26.195, 26.747500000000002, 27.5625, 28.0875, 28.615000000000002, 29.12, 29.470000000000002]], "valid_accs": [[1.68, 2.92, 4.72, 6.05, 7.5600000000000005, 9.02, 9.959999999999999, 11.05, 11.86, 12.24, 12.91, 13.569999999999999, 13.900000000000002, 14.81, 15.36, 15.68, 16.96, 17.24, 17.5, 18.310000000000002, 19.11, 19.63, 20.200000000000003, 20.990000000000002, 21.89, 22.41, 22.720000000000002, 23.45, 23.46, 24.22, 24.310000000000002, 23.57, 24.959999999999997, 23.9, 25.53, 26.490000000000002, 27.810000000000002, 27.700000000000003]], "train_times": [[122.93074107170105, 123.72695517539978, 124.11977982521057, 123.85839867591858, 124.46273064613342, 122.05659198760986, 125.85641884803772, 124.30626845359802, 125.303640127182, 123.1591374874115, 124.77406406402588, 122.28308129310608, 123.20966172218323, 124.96206212043762, 123.40757513046265, 124.95586514472961, 124.43626952171326, 125.70377135276794, 123.46196722984314, 125.2032356262207, 123.81182622909546, 124.45359969139099, 123.62846875190735, 124.76376748085022, 124.75187110900879, 124.4896092414856, 124.9188973903656, 123.09609317779541, 125.80926585197449, 122.81576132774353, 126.19530701637268, 123.36560392379761, 124.34696674346924, 124.0698094367981, 125.19250869750977, 124.05875134468079, 124.3889057636261, 124.21718430519104]], "valid_times": [[24.89236545562744, 23.778425693511963, 23.62719178199768, 24.31810164451599, 23.384697675704956, 23.46015167236328, 23.46466851234436, 24.142696142196655, 23.522756099700928, 23.455148696899414, 23.969359159469604, 25.41435480117798, 23.55937147140503, 23.081471920013428, 23.503990411758423, 23.969358205795288, 23.554955005645752, 23.498106241226196, 23.913453102111816, 23.267030477523804, 23.759586095809937, 23.390828132629395, 23.26462984085083, 23.749508142471313, 24.148359298706055, 23.497453451156616, 23.695424795150757, 23.237536907196045, 23.28984308242798, 23.513139486312866, 23.908944129943848, 23.623299598693848, 24.055200815200806, 23.31234359741211, 23.80734896659851, 24.704666137695312, 23.78141164779663, 23.45016574859619]], "test_accuracy": 27.88, "convergence_iteration": 38}}