{"config": {"train_options": {"learning_rate": 0.05, "optimizer": "SGD", "batch_size": 128, "number_of_epochs": 300, "loss_parameters": {"temperature": 20, "distillation_type": "FILTER", "alpha": 0.3, "beta": 0.4}}}, "results": {"train_losses": [[4.754469875335693, 4.60163491821289, 4.537867715454102, 4.479282814025879, 4.42387333984375, 4.375019013977051, 4.334487448883056, 4.302720171356201, 4.277781150817871, 4.256538719940186, 4.2362635177612304, 4.223001132202149, 4.2132732276916505, 4.200324245452881, 4.189686134338379, 4.180902703857422, 4.171354485321045, 4.163040793609619, 4.154878665924072, 4.149547049713135, 4.142676452636719, 4.133853672027588, 4.1281409896850585, 4.119226067352295, 4.11493431854248, 4.108889811706543, 4.1014129783630375, 4.094303215026856, 4.086608944320679, 4.08182546157837, 4.074749105834961, 4.067682503890992, 4.058240271377564, 4.052603508377075, 4.046102407455444, 4.034285069656372, 4.02792520980835, 4.021565250015259, 4.013160120773316, 4.004305860519409, 3.996339590072632, 3.9880157569885255, 3.98097286567688, 3.9731385410308837, 3.9645547588348387, 3.9548919872283936, 3.9452908081054687, 3.939622805786133, 3.9342624408721925, 3.9217784114837646, 3.9155259799957274, 3.909268278503418, 3.9012939083099365, 3.895840309906006, 3.8830816776275636, 3.8791818855285642, 3.868003247451782, 3.863186758041382, 3.856893957901001, 3.8441253494262697, 3.841371765136719, 3.83007160987854, 3.8208222480773926, 3.8123644512176513, 3.8046920379638673, 3.7987852531433104, 3.7899518577575684, 3.779897284698486, 3.771163356399536, 3.765786577987671, 3.7566543533325194, 3.7440671852111818, 3.7356662616729737, 3.7294751384735108, 3.7262131603240967, 3.7161078269958496, 3.7072683712005614, 3.70051584777832, 3.693119761657715, 3.6892694442749026, 3.6796948181152342, 3.6114824546813966, 3.584920571899414, 3.578951887512207, 3.578255039215088, 3.5792579467773438, 3.579665453338623, 3.5807579528808593, 3.581152169418335, 3.585811240386963, 3.5876003841400146, 3.590517858886719, 3.5943875427246095, 3.599102314758301, 3.6012498085021973, 3.605336865234375, 3.6083787357330324, 3.6135112297058107, 3.616891204071045, 3.6190744270324706, 3.6230611263275145, 3.6262257217407226, 3.631139436340332]], "valid_losses": [[4.668949488830567, 4.607096240234375, 4.562905795288086, 4.534510153198243, 4.496710433959961, 4.417049704742432, 4.41434619140625, 4.390413311004639, 4.361454962158203, 4.348713472747803, 4.413996235656739, 4.332337028503418, 4.349518939971924, 4.380596686553955, 4.349871138763428, 4.366079825592041, 4.364729011535645, 4.3527200958251955, 4.33930747680664, 4.349910018157959, 4.340149382019043, 4.360023579406739, 4.400036841583252, 4.349654382324219, 4.347464474487305, 4.3392318214416505, 4.328741670227051, 4.352172155761719, 4.376262133026123, 4.335333909606933, 4.3347370742797855, 4.331525035858155, 4.363595675659179, 4.3387808418273925, 4.390576546478272, 4.314181775665284, 4.327967752838135, 4.368188331604004, 4.3445161376953125, 4.358855876159668, 4.331629021453858, 4.330464052581787, 4.356416203308106, 4.344925090026855, 4.358511511230469, 4.359688542175293, 4.311323246002197, 4.33786482925415, 4.320841232299805, 4.319855246734619, 4.283076659393311, 4.298227332305908, 4.352638626861572, 4.276440859985351, 4.381453959655762, 4.275659925079346, 4.304033316040039, 4.312807012176513, 4.27403918838501, 4.292829268646241, 4.317130688476563, 4.291117276000977, 4.255322380828858, 4.262399822998047, 4.257107455444336, 4.230203910064697, 4.250088021087646, 4.261822994995117, 4.250261431884765, 4.240391087341308, 4.213274052429199, 4.181670378875732, 4.227650714874268, 4.236994838714599, 4.20672565536499, 4.185372551727295, 4.1902490287780765, 4.2341961029052735, 4.14381137008667, 4.229994190979004, 4.202452627563477, 4.001646778869629, 3.999170682144165, 4.007874577713013, 4.014975837707519, 4.024644327545166, 4.027251160430908, 4.039667180633545, 4.0471569190979, 4.061978674316406, 4.063506824111938, 4.068891138458252, 4.080110369110107, 4.0935542686462405, 4.0873465240478515, 4.1053746265411375, 4.111198670578003, 4.1253031112670895, 4.12443921546936, 4.1346483772277836, 4.14790841293335, 4.156969078826904, 4.159389671325684]], "train_accs": [[5.9675, 12.25, 17.2975, 22.16, 26.279999999999998, 30.5525, 34.3675, 37.6025, 40.415, 42.8525, 45.18, 47.0225, 48.605, 50.349999999999994, 51.6875, 53.12, 54.254999999999995, 55.36, 56.3225, 57.4825, 58.06249999999999, 59.14, 59.6425, 60.5375, 61.2375, 61.7825, 62.322500000000005, 63.1425, 63.6875, 64.2375, 64.595, 65.1125, 65.85499999999999, 66.21249999999999, 66.5975, 66.7875, 67.405, 67.7975, 68.025, 68.55250000000001, 68.88, 69.355, 69.565, 69.8775, 70.10499999999999, 70.5475, 71.055, 71.095, 71.07, 71.64, 71.815, 71.97, 72.39, 72.2675, 72.77749999999999, 73.13499999999999, 73.585, 73.28750000000001, 73.4675, 73.97749999999999, 74.0125, 74.33999999999999, 74.6375, 74.875, 74.97749999999999, 75.1375, 74.91, 75.235, 75.59, 75.57000000000001, 75.665, 76.1575, 76.53750000000001, 76.3825, 76.3, 76.5825, 76.895, 77.1375, 77.08, 77.045, 77.0775, 82.39999999999999, 85.00999999999999, 85.86500000000001, 86.425, 86.9075, 87.27000000000001, 87.66000000000001, 88.2225, 88.11250000000001, 88.48, 88.73, 88.7325, 89.0075, 89.1375, 89.37, 89.4325, 89.545, 89.7725, 89.99249999999999, 90.095, 90.3425, 90.47]], "valid_accs": [[9.139999999999999, 13.750000000000002, 17.43, 21.19, 24.759999999999998, 29.470000000000002, 32.23, 34.489999999999995, 37.55, 39.07, 38.01, 42.83, 43.36, 42.59, 44.769999999999996, 44.75, 45.989999999999995, 46.57, 47.58, 48.43, 48.65, 47.75, 47.33, 50.01, 50.03999999999999, 50.78, 50.88, 50.129999999999995, 49.94, 51.66, 51.739999999999995, 52.019999999999996, 51.21, 52.339999999999996, 50.029999999999994, 53.05, 52.78, 50.72, 51.92, 51.85999999999999, 52.27, 52.739999999999995, 51.690000000000005, 52.28, 51.54, 51.370000000000005, 53.010000000000005, 52.31, 52.31, 52.66, 53.93, 53.13, 51.4, 54.43, 49.830000000000005, 53.43, 52.75, 51.580000000000005, 54.08, 53.339999999999996, 53.269999999999996, 52.09, 53.86, 52.86, 53.620000000000005, 53.800000000000004, 53.06999999999999, 53.449999999999996, 53.910000000000004, 52.410000000000004, 53.61, 54.910000000000004, 52.82, 53.71, 54.2, 54.15, 53.779999999999994, 52.769999999999996, 54.81, 51.92, 53.61, 61.62, 62.06, 62.39, 62.43, 61.870000000000005, 62.21, 62.050000000000004, 62.160000000000004, 61.85000000000001, 61.95, 62.17, 62.629999999999995, 61.86000000000001, 61.79, 62.43, 61.980000000000004, 61.9, 62.28, 62.09, 61.660000000000004, 62.01, 61.82]],