{"config": {"train_options": {"learning_rate": 0.01, "optimizer": "SGD", "batch_size": 128, "number_of_epochs": 300, "loss_parameters": {"temperature": 20, "distillation_type": "FILTER", "alpha": 0.4, "beta": 0.3}}}, "results": {"train_losses": [[3.479256019592285, 3.311376900100708, 3.218407014465332, 3.165335391998291, 3.12206893119812, 3.084342847442627, 3.0472693393707275, 3.0146733673095705, 2.984359715270996, 2.9545290279388428, 2.925234550857544, 2.900539210510254, 2.879822932815552, 2.859187703704834, 2.8418183944702147, 2.825720593261719, 2.8085670894622803, 2.7912324699401854, 2.7767002616882324, 2.7642145664215088, 2.750884996795654, 2.73679356918335, 2.7252545036315916, 2.7152366882324217, 2.7067423431396485, 2.6968496253967285, 2.688833403778076, 2.6793320613861082, 2.673631199645996, 2.668572457122803, 2.660944480895996, 2.655511534500122, 2.6484891525268557, 2.6454285552978516, 2.638800355911255, 2.6378845291137694, 2.6333911331176756, 2.627487730026245, 2.6263989879608154, 2.6231523208618164, 2.6179164840698244, 2.6162455070495607, 2.613961344528198, 2.608596357345581, 2.6083923274993897, 2.6073491371154787, 2.6064068992614744, 2.6017429969787598]], "valid_losses": [[3.383473171234131, 3.2578407180786133, 3.200746996307373, 3.157101862716675, 3.114612697601318, 3.084357940673828, 3.0505544609069823, 3.0399587436676025, 3.0154483448028566, 2.993242924118042, 2.9401835102081297, 2.9326348587036133, 2.918105432510376, 2.8972518737792967, 2.88421932182312, 2.8658797962188722, 2.8634465602874757, 2.843562437438965, 2.833687596130371, 2.8291762130737306, 2.835640326690674, 2.8184304862976073, 2.822386650848389, 2.8021187122344973, 2.800980558013916, 2.803353609085083, 2.829236769104004, 2.7847119033813477, 2.7943386463165285, 2.810147751235962, 2.79407470664978, 2.8042893867492675, 2.808292568206787, 2.8067084209442137, 2.8112958671569825, 2.8176109939575196, 2.8072755725860596, 2.8402302719116213, 2.800258260345459, 2.818717073059082, 2.791334633636475, 2.8429411880493163, 2.840871575546265, 2.808343896484375, 2.806066837310791, 2.8059130226135256, 2.829044062805176, 2.824713075256348]], "train_accs": [[2.76, 7.047499999999999, 10.9125, 13.172500000000001, 15.4275, 17.5425, 19.7775, 21.4225, 23.1725, 24.752499999999998, 26.82, 28.1925, 29.635, 31.2075, 32.4125, 33.535, 34.7575, 36.017500000000005, 37.2875, 38.6375, 39.527499999999996, 40.7175, 41.8225, 42.7025, 43.59, 44.6525, 45.542500000000004, 46.635, 47.3475, 48.207499999999996, 48.91, 49.7975, 50.79, 51.237500000000004, 51.89, 52.205, 53.26499999999999, 54.010000000000005, 54.3225, 54.9325, 55.8075, 56.1425, 56.495, 57.3925, 57.4475, 58.19, 58.457499999999996, 59.3]], "valid_accs": [[4.96, 8.959999999999999, 12.09, 14.16, 16.23, 18.09, 20.13, 20.580000000000002, 21.84, 22.86, 26.450000000000003, 27.02, 28.57, 29.599999999999998, 30.990000000000002, 32.5, 32.6, 34.5, 34.9, 35.620000000000005, 35.74, 37.169999999999995, 37.26, 38.879999999999995, 39.73, 39.42, 39.28, 41.959999999999994, 42.07, 42.1, 41.89, 42.620000000000005, 43.230000000000004, 43.39, 43.56, 43.5, 44.74, 43.7, 45.67, 45.37, 46.800000000000004, 45.33, 45.24, 46.97, 47.9, 48.17, 47.43, 47.72]], "train_times": [[124.53115797042847, 124.44236516952515, 123.88314652442932, 123.67740178108215, 124.49797654151917, 124.31442379951477, 123.54461646080017, 123.5486512184143, 123.37285923957825, 123.6600513458252, 123.20394825935364, 123.46110582351685, 124.10132956504822, 123.67251920700073, 124.29295182228088, 124.68760275840759, 123.6323344707489, 123.91819381713867, 123.23882699012756, 123.63410568237305, 123.59437870979309, 123.68750858306885, 123.96681714057922, 123.46840214729309, 123.1784999370575, 124.04052376747131, 124.110032081604, 123.29089117050171, 123.20163702964783, 123.65091633796692, 123.6953113079071, 123.2852931022644, 123.57999229431152, 124.00898504257202, 124.52810978889465, 123.45637679100037, 123.92836880683899, 123.87759947776794, 124.01648998260498, 123.20847725868225, 123.33456373214722, 124.86231422424316, 123.84622883796692, 123.61710453033447, 123.02198076248169, 123.88525462150574, 124.46468949317932, 123.27095794677734]], "valid_times": [[23.938474416732788, 24.452404975891113, 23.580485343933105, 23.7423198223114, 23.729726314544678, 23.685352563858032, 23.732677459716797, 24.210708141326904, 24.135863304138184, 23.617804288864136, 23.897981643676758, 23.893635034561157, 24.124661922454834, 23.47040319442749, 23.802613735198975, 23.697283029556274, 24.043222188949585, 23.956562280654907, 23.5205237865448, 23.942612648010254, 23.477905988693237, 23.70545244216919, 24.09865117073059, 23.92497682571411, 23.899252891540527, 23.56772470474243, 23.708171129226685, 23.4386146068573, 23.544891119003296, 23.572652339935303, 23.78232479095459, 24.062192916870117, 23.596108436584473, 23.86788845062256, 23.974406957626343, 24.794509410858154, 23.777608633041382, 24.00179386138916, 23.416747331619263, 23.645530223846436, 23.669346809387207, 23.863937616348267, 24.252129554748535, 23.95290207862854, 23.925769805908203, 24.176432847976685, 23.625662088394165, 24.33195209503174]], "test_accuracy": 47.71, "convergence_iteration": 48}}