{"config": {"train_options": {"learning_rate": 0.005, "optimizer": "SGD", "batch_size": 128, "number_of_epochs": 300, "loss_parameters": {"temperature": 15, "distillation_type": "FILTER", "alpha": 0.7, "beta": 0.9}}}, "results": {"train_losses": [[8.424625648498536, 8.439906636047363, 8.457275769042969, 8.475197315979004, 8.493259141540527, 8.511347430419923, 8.529408020019531, 8.547265174865723, 8.564927348327636, 8.582294886779785, 8.599417355346679, 8.616451910400391, 8.633381701660156, 8.650107347106934, 8.666766807556153, 8.683273315429688, 8.69979217224121, 8.716267721557617, 8.732691893005372, 8.749087721252442, 8.76546042022705]], "valid_losses": [[8.431718548583984, 8.448496147155762, 8.466289190673828, 8.484390678405761, 8.50247890625, 8.520500456237793, 8.538462788391113, 8.556329707336426, 8.573808502197265, 8.591038412475585, 8.608163592529296, 8.625197219848634, 8.641922021484374, 8.65873217163086, 8.675466505432128, 8.69193455657959, 8.708495896911622, 8.725033186340331, 8.741414416503906, 8.757896035766601, 8.774152973937989]], "train_accs": [[0.8325000000000001, 0.9674999999999999, 1.4575, 1.455, 1.6199999999999999, 1.8350000000000002, 2.07, 2.4275, 2.96, 3.64, 3.8600000000000003, 4.2625, 4.7125, 4.9125000000000005, 5.125, 5.325, 5.7125, 5.9025, 6.215, 6.4725, 6.619999999999999]], "valid_accs": [[0.8500000000000001, 1.1400000000000001, 1.27, 1.44, 1.46, 1.6199999999999999, 2.03, 2.39, 2.85, 3.29, 3.8699999999999997, 4.26, 4.63, 4.72, 4.859999999999999, 4.95, 5.680000000000001, 5.74, 5.88, 6.32, 6.47]], "train_times": [[46.42615604400635, 46.45821499824524, 46.39122009277344, 46.5122754573822, 46.52774739265442, 46.555381059646606, 46.538758277893066, 46.516960859298706, 46.52383852005005, 46.49284791946411, 46.54802370071411, 46.53967785835266, 46.52651119232178, 46.526023864746094, 46.52159571647644, 46.571611166000366, 46.52010154724121, 46.51510810852051, 46.53309750556946, 46.50964856147766, 46.54208469390869]], "valid_times": [[9.227458953857422, 9.204059362411499, 9.20300006866455, 9.219002962112427, 9.20352554321289, 9.223076343536377, 9.216211557388306, 9.21200180053711, 9.232910871505737, 9.208000659942627, 9.192001104354858, 9.22502613067627, 9.215514898300171, 9.226002216339111, 9.227029085159302, 9.224039316177368, 9.255003213882446, 9.219001293182373, 9.211013793945312, 9.20350432395935, 9.217065334320068]], "test_accuracy": 6.909999999999999, "convergence_iteration": 21}}