{"config": {"train_options": {"learning_rate": 0.01, "optimizer": "SGD", "batch_size": 128, "number_of_epochs": 300, "loss_parameters": {"temperature": 5, "distillation_type": "FILTER", "alpha": 0.3, "beta": 0.1}}}, "results": {"train_losses": [[2.873638635635376, 2.6005719982147215, 2.4721280033111572, 2.3721719676971436, 2.2854567947387694, 2.2083571071624757, 2.139140181350708, 2.0648494522094727, 1.9990952281951904, 1.930857395172119, 1.8715672359466553, 1.8217780807495116, 1.7726733215332031, 1.7307247650146484, 1.6888769905090333, 1.6474919792175293, 1.606895227432251, 1.5754155235290528, 1.5389482467651368, 1.5067579317092896, 1.4777278776168823, 1.4508967081069946, 1.4241018671035766, 1.400711699295044, 1.375478458595276, 1.3484624446868896, 1.332276328086853, 1.3126019649505616, 1.2923792308807374, 1.2716679233551025, 1.2557547204971313, 1.2416057472229003, 1.2199954917907714, 1.2083746643066406, 1.1953633632659912, 1.180334733390808, 1.1637151720046996, 1.1505973569869996, 1.140996513748169, 1.1250919542312623, 1.1096817365646363, 1.0976748607635498, 1.0889104316711427, 1.0803053373336793, 1.0682512475967407, 1.0553843301773072, 1.0451560859680176, 1.0367627157211303, 1.026508008003235, 1.0197897013664246, 1.0017938190460205, 1.0033577729225158, 0.9875694688796997, 0.9804858470916749, 0.9708000612258911, 0.9656903149604797, 0.9565566182136536, 0.9491146667480469, 0.940450819015503, 0.9332359809875488, 0.9240293129920959, 0.9190926250457764, 0.9100353378295899, 0.909107817363739, 0.8928674120903015, 0.8888294773101807, 0.8846549935340882, 0.8761489032745361, 0.8721622414588929, 0.8659228845596314, 0.8576820049285888]], "valid_losses": [[2.690169162750244, 2.553842929840088, 2.4466448188781738, 2.3674921714782715, 2.3295092781066895, 2.2253192684173584, 2.1702774341583253, 2.1333588890075683, 2.0391449180603027, 1.9652866813659668, 1.9329980628967285, 1.8846125381469727, 1.8622247913360597, 1.811167008781433, 1.8355003269195556, 1.8177387870788575, 1.739632731628418, 1.736797985649109, 1.701848932647705, 1.7287936855316162, 1.6878757637023927, 1.6511522619247436, 1.643220219039917, 1.625755198097229, 1.6087955532073974, 1.6152536962509156, 1.633296001434326, 1.5890525709152221, 1.571229716873169, 1.5977632991790771, 1.5587140172958374, 1.541413119506836, 1.5492144149780274, 1.5308397031784058, 1.6185108009338378, 1.5235677156448364, 1.519844094657898, 1.5289966634750367, 1.5650288331985474, 1.4783064863204955, 1.5407994985580444, 1.522855319595337, 1.5147400844573975, 1.5320715000152587, 1.5006883796691894, 1.5161583541870116, 1.4896514835357666, 1.5544311361312866, 1.5268433473587035, 1.5130760391235352, 1.473733558654785, 1.5419808065414429, 1.5032886192321777, 1.483509086418152, 1.4886576356887817, 1.4837156648635865, 1.4940322675704956, 1.4983632926940917, 1.5037565227508545, 1.5198914810180664, 1.5239081182479859, 1.541855449295044, 1.5600728607177734, 1.5106497117996216, 1.528779986000061, 1.5659689434051514, 1.514910400390625, 1.5364025371551513, 1.5694509017944336, 1.5165785627365111, 1.5601248165130615]], "train_accs": [[4.8925, 10.07, 13.2325, 16.115, 18.607499999999998, 20.625, 22.9625, 25.155, 27.0575, 29.147499999999997, 31.227500000000003, 32.9525, 34.525, 36.0475, 37.735, 39.01, 40.33, 41.7825, 43.2725, 44.175, 45.62, 46.7175, 47.545, 48.555, 49.87, 50.760000000000005, 51.175000000000004, 52.080000000000005, 52.9275, 53.7725, 54.605000000000004, 55.182500000000005, 55.95, 56.464999999999996, 57.17250000000001, 57.879999999999995, 58.5175, 58.755, 59.23500000000001, 60.272499999999994, 60.575, 61.197500000000005, 61.50750000000001, 61.99249999999999, 62.45, 62.8925, 63.727500000000006, 64.2275, 64.3625, 64.5975, 65.345, 65.41, 65.8975, 66.435, 66.99249999999999, 67.2475, 67.515, 67.635, 67.9375, 68.5625, 68.94500000000001, 69.035, 69.33749999999999, 69.6, 70.12, 70.5, 70.55749999999999, 70.765, 71.255, 71.35000000000001, 71.7025]], "valid_accs": [[9.049999999999999, 11.75, 14.719999999999999, 17.380000000000003, 17.98, 21.21, 22.78, 24.37, 27.0, 29.34, 30.42, 31.91, 32.17, 34.18, 33.12, 34.67, 36.57, 36.8, 38.629999999999995, 38.03, 39.67, 40.53, 41.54, 42.089999999999996, 42.1, 43.309999999999995, 42.699999999999996, 43.88, 44.31, 44.13, 45.68, 46.28, 46.089999999999996, 46.71, 44.57, 47.49, 48.120000000000005, 47.71, 47.19, 49.49, 48.22, 48.26, 48.04, 48.809999999999995, 49.5, 48.9, 49.97, 48.91, 49.21, 49.419999999999995, 50.449999999999996, 49.49, 49.97, 50.41, 50.23, 50.019999999999996, 50.81, 50.970000000000006, 51.05, 49.99, 50.080000000000005, 50.690000000000005, 50.28, 51.080000000000005, 51.22, 50.03999999999999, 51.190000000000005, 51.22, 50.519999999999996, 52.01, 51.12]], "train_times": [[122.15203261375427, 123.68252110481262, 123.39203882217407, 123.75830674171448, 122.34299182891846, 123.53292489051819, 123.44881248474121, 123.06375455856323, 122.7516393661499, 123.78242468833923, 122.23958945274353, 122.81116271018982, 122.80978155136108, 123.90030360221863, 123.0258264541626, 122.60521078109741, 123.73794555664062, 122.94752550125122, 122.2268602848053, 123.02030658721924, 122.86646056175232, 123.81213045120239, 123.04740118980408, 122.93761396408081, 123.24737071990967, 122.59560227394104, 122.99986481666565, 124.2014901638031, 122.25832986831665, 123.00293588638306, 123.06815505027771, 121.84334206581116, 122.86070370674133, 122.08116722106934, 123.36227369308472, 123.04631495475769, 123.27827048301697, 123.60428380966187, 123.73100686073303, 122.14893007278442, 123.94068837165833, 122.33875751495361, 122.65456628799438, 121.17842435836792, 123.17053604125977, 121.04849696159363, 123.34844541549683, 123.31612873077393, 123.09423732757568, 122.9752140045166, 122.87278008460999, 123.26444435119629, 123.51422500610352, 123.18109130859375, 123.90804767608643, 122.29538702964783, 122.29695105552673, 122.4419105052948, 123.64603519439697, 122.7287962436676, 123.422292470932, 122.69751834869385, 123.32682228088379, 123.2078332901001, 122.86732196807861, 123.78842043876648, 122.7693293094635, 122.55863618850708, 122.93418312072754, 122.53031396865845, 122.8356409072876]], "valid_times": [[23.54823637008667, 23.33978819847107, 23.141980409622192, 23.209287405014038, 23.492355346679688, 23.38629722595215, 23.68149185180664, 23.244839906692505, 23.505507469177246, 23.774980068206787, 23.700956344604492, 23.38985800743103, 23.324166297912598, 23.433475017547607, 23.541367292404175, 23.417296886444092, 23.494548082351685, 23.38731861114502, 23.568814516067505, 23.455589294433594, 23.381076097488403, 23.3831045627594, 23.551872491836548, 23.4623761177063, 23.471376657485962, 23.725908279418945, 23.39748787879944, 23.41245937347412, 23.513492822647095, 23.95661497116089, 23.287419080734253, 23.13515329360962, 23.366973638534546, 23.06603741645813, 23.932334899902344, 23.549211740493774, 23.476585149765015, 23.54589581489563, 23.291229963302612, 23.60548210144043, 23.376029014587402, 23.32348895072937, 23.434967041015625, 23.55374526977539, 23.362042665481567, 23.942408561706543, 23.537444591522217, 23.35081195831299, 23.443716287612915, 23.398857593536377, 23.155029296875, 23.71336841583252, 23.304242610931396, 23.50044894218445, 23.527360916137695, 23.607161045074463, 23.39386773109436, 23.180103063583374, 23.682472229003906, 23.45412516593933, 23.605005025863647, 23.42833137512207, 23.473055362701416, 23.137538194656372, 23.526589155197144, 23.380763053894043, 23.711492776870728, 23.860591650009155, 23.61446499824524, 23.657241582870483, 24.04899549484253]], "test_accuracy": 51.849999999999994, "convergence_iteration": 71}}