{"config": {"train_options": {"learning_rate": 0.005, "optimizer": "SGD", "batch_size": 128, "number_of_epochs": 300, "loss_parameters": {"temperature": 10, "distillation_type": "FILTER", "alpha": 0.7, "beta": 0.9}}}, "results": {"train_losses": [[8.387744538879394, 8.402865879821777, 8.420585566711425, 8.438749533081054, 8.456952941894532, 8.475095794677735, 8.493088348388671, 8.51096131439209, 8.528526229858398, 8.545884030151367, 8.563157269287109, 8.580469187927246, 8.597654306030273, 8.614878520202637, 8.63204571838379, 8.649202589416504, 8.666258474731446, 8.683259623718262, 8.70020888671875, 8.71711753540039, 8.733928442382812]], "valid_losses": [[8.394605297851562, 8.411578001403809, 8.429753366088867, 8.447859385681152, 8.466148739624023, 8.484212957763672, 8.502104801940918, 8.519755603027344, 8.53716816558838, 8.554403471374512, 8.571644093322753, 8.588916296386719, 8.606073554992676, 8.623286000061036, 8.640376174926757, 8.657592874145507, 8.674655543518066, 8.69171326751709, 8.70857812347412, 8.725313063049317, 8.742183016967774]], "train_accs": [[1.8399999999999999, 2.155, 2.3275, 2.4924999999999997, 2.7775000000000003, 3.055, 3.6725, 3.8449999999999998, 4.37, 4.6225000000000005, 4.8774999999999995, 5.244999999999999, 5.489999999999999, 5.8500000000000005, 6.0075, 6.09, 6.2325, 6.4925, 6.74, 6.882499999999999, 7.175]], "valid_accs": [[2.11, 2.4299999999999997, 2.54, 2.68, 2.86, 3.09, 3.8, 4.19, 4.41, 4.77, 5.04, 5.140000000000001, 5.489999999999999, 5.7, 6.01, 5.87, 6.239999999999999, 6.39, 6.88, 7.180000000000001, 7.06]], "train_times": [[46.31519937515259, 46.512065410614014, 46.45562553405762, 46.3415801525116, 46.433632612228394, 46.52027440071106, 46.50605249404907, 46.44412112236023, 46.358124017715454, 46.448129415512085, 46.4480996131897, 46.46009922027588, 46.45203256607056, 46.50806665420532, 46.503639698028564, 46.52989411354065, 46.391059160232544, 46.49176859855652, 46.51803112030029, 46.46901845932007, 46.501230001449585]], "valid_times": [[9.197026491165161, 9.23502254486084, 9.201511859893799, 9.188002109527588, 9.202046394348145, 9.205061674118042, 9.189000844955444, 9.180000066757202, 9.179002285003662, 9.217000007629395, 9.186001300811768, 9.194021224975586, 9.190022468566895, 9.213047981262207, 9.210999488830566, 9.232511520385742, 9.222001791000366, 9.238133668899536, 9.220200061798096, 9.210534572601318, 9.21851634979248]], "test_accuracy": 7.090000000000001, "convergence_iteration": 21}}