{"config": {"train_options": {"learning_rate": 0.005, "optimizer": "SGD", "batch_size": 128, "number_of_epochs": 300, "loss_parameters": {"temperature": 20, "distillation_type": "FILTER", "alpha": 0.9, "beta": 0.1}}}, "results": {"train_losses": [[-2.306623908615112, -2.3207312492370606, -2.325628919219971, -2.3294137657165526, -2.3337373630523683, -2.3375055568695067, -2.3404513774871827, -2.342946979141235, -2.3448575569152834, -2.3462106643676757, -2.3477461265563964, -2.3488432624816893, -2.3499554603576662, -2.3508835208892824, -2.351824091720581, -2.352806269836426, -2.3532655437469483, -2.354040205383301, -2.354652912902832, -2.3552288948059084, -2.355651370239258, -2.3560421253204344, -2.3565540634155275, -2.3570203475952147, -2.357426958465576, -2.357488887023926, -2.3575151012420656, -2.357622267150879, -2.3577719352722166, -2.3572264228820803, -2.3574489723205567, -2.357008042144775, -2.357131871795654, -2.356688306045532, -2.3565636390686033, -2.356575732421875, -2.3560807460784914, -2.356041778564453, -2.355441098022461, -2.355499912643433, -2.3552582443237307, -2.354645259094238, -2.35470594329834, -2.3541438621520996, -2.354142237854004, -2.354017784881592, -2.353664340209961]], "valid_losses": [[-2.317666332244873, -2.324342026901245, -2.3277386878967286, -2.331939244842529, -2.3363475254058836, -2.3398059307098387, -2.342268465805054, -2.3443032386779783, -2.345875493621826, -2.3473576652526855, -2.34816702041626, -2.3498509963989256, -2.350873780822754, -2.351911743927002, -2.3519592750549316, -2.353296160507202, -2.353991735458374, -2.3539068099975586, -2.354865167236328, -2.35622233505249, -2.356420079803467, -2.356703653717041, -2.3575859870910643, -2.357844429779053, -2.357469121551514, -2.3582247383117676, -2.3584292255401613, -2.357991548919678, -2.357961902618408, -2.3581996154785156, -2.357654691314697, -2.3576787704467774, -2.357484931945801, -2.3567269569396974, -2.3563055709838867, -2.356087057495117, -2.3564207912445068, -2.35625920791626, -2.355917864227295, -2.3552692756652833, -2.354091549682617, -2.354750978469849, -2.352303358459473, -2.3529073272705077, -2.3528987968444826, -2.352623931121826, -2.3515498023986816]], "train_accs": [[1.375, 2.77, 3.3825000000000003, 4.387499999999999, 5.1674999999999995, 5.7375, 6.447500000000001, 6.99, 7.5024999999999995, 7.86, 8.3075, 8.772499999999999, 9.3725, 10.0575, 10.342500000000001, 10.71, 11.1225, 11.5575, 11.78, 12.2875, 12.8525, 13.11, 13.455, 14.0775, 14.0625, 14.575, 15.0, 15.235000000000001, 15.5525, 15.6475, 15.89, 16.275000000000002, 16.4875, 16.9025, 17.0275, 17.577499999999997, 17.845, 17.7925, 18.17, 18.557499999999997, 18.905, 18.9775, 19.3675, 19.622500000000002, 20.06, 20.2125, 20.5975]], "valid_accs": [[1.8800000000000001, 3.27, 3.9600000000000004, 4.87, 5.59, 6.3100000000000005, 6.93, 7.630000000000001, 8.1, 8.62, 9.07, 9.33, 10.02, 10.33, 10.65, 11.26, 11.700000000000001, 11.87, 12.09, 12.91, 13.489999999999998, 13.459999999999999, 13.74, 14.29, 14.16, 14.77, 15.190000000000001, 15.35, 15.7, 16.2, 16.49, 16.689999999999998, 16.689999999999998, 16.88, 17.19, 17.69, 18.360000000000003, 18.709999999999997, 19.040000000000003, 19.34, 19.06, 19.54, 19.18, 19.52, 20.22, 20.22, 20.34]], "train_times": [[124.37592887878418, 123.32932233810425, 124.78832483291626, 122.55733442306519, 123.5298662185669, 123.36374187469482, 124.30112814903259, 125.87260937690735, 122.51394605636597, 123.32746052742004, 124.15895962715149, 122.73244333267212, 126.29274845123291, 123.94015765190125, 122.85292363166809, 123.84076476097107, 123.35189747810364, 125.49113416671753, 122.80760526657104, 123.98583245277405, 121.82226324081421, 123.10402417182922, 124.3031656742096, 124.38375544548035, 123.37401270866394, 123.54838871955872, 122.63192749023438, 125.42786645889282, 123.15293788909912, 123.25318574905396, 124.59848093986511, 124.32798838615417, 124.9927716255188, 122.55242896080017, 123.64030647277832, 123.3023476600647, 123.30391550064087, 124.23308873176575, 123.09458208084106, 124.72107982635498, 123.78774070739746, 124.15791130065918, 126.63185834884644, 124.49760627746582, 123.85470008850098, 127.65693426132202, 122.70678997039795]], "valid_times": [[24.227331399917603, 23.52086639404297, 23.752533674240112, 24.397963523864746, 23.167064905166626, 24.71501636505127, 23.799378156661987, 23.70749306678772, 24.262391805648804, 23.417744398117065, 25.37437915802002, 23.784963607788086, 23.369348764419556, 25.277519464492798, 23.112916946411133, 24.58146572113037, 23.635746002197266, 23.64199995994568, 24.922261714935303, 23.430816888809204, 24.510297775268555, 23.39916205406189, 23.36389183998108, 24.63582181930542, 23.581347227096558, 24.634976863861084, 23.425276279449463, 23.531851291656494, 24.417463541030884, 23.14644503593445, 24.91299033164978, 23.54340934753418, 23.23333215713501, 24.886086463928223, 23.11030888557434, 24.014541625976562, 23.441595792770386, 23.39079236984253, 24.178468942642212, 23.163111686706543, 24.359353065490723, 23.881016731262207, 23.695169687271118, 25.669013023376465, 23.213130712509155, 23.338231086730957, 23.3354594707489]], "test_accuracy": 20.51, "convergence_iteration": 47}}