{"config": {"train_options": {"learning_rate": 0.01, "optimizer": "SGD", "batch_size": 128, "number_of_epochs": 300, "loss_parameters": {"temperature": 5, "distillation_type": "FILTER", "alpha": 0.4, "beta": 0.6}}}, "results": {"train_losses": [[6.328779052734375, 6.282178299713134, 6.250355973815918, 6.235942107391358, 6.22780207977295, 6.224746057128907, 6.228756266021729, 6.2311743598937985, 6.236060395050049, 6.239345148468018, 6.244508693695068, 6.248600079345703, 6.253253173828125, 6.260038055419922, 6.264994660949707, 6.270766164398194, 6.278042886352539, 6.285152326202392, 6.292721859741211, 6.300131446075439, 6.309533560180664, 6.318377741241455, 6.327032487487793, 6.336489093017578, 6.345517555999756]], "valid_losses": [[6.304349311828613, 6.257388641357422, 6.24016049041748, 6.232716850280761, 6.225007976531982, 6.232118413543701, 6.241595434570312, 6.241315029907226, 6.24989178390503, 6.254359362792969, 6.256639264678955, 6.275278498077393, 6.275242175292969, 6.287099109649658, 6.296167298126221, 6.291135223388672, 6.30213648147583, 6.3164623260498045, 6.325454626464844, 6.330500196838379, 6.344021094512939, 6.355600569152832, 6.367067041778564, 6.382417864990234, 6.390592841339111]], "train_accs": [[2.6975, 6.2, 8.799999999999999, 10.8425, 13.035, 14.66, 16.0925, 17.447499999999998, 19.03, 20.25, 21.7475, 23.1725, 24.529999999999998, 25.4025, 26.83, 28.155, 29.110000000000003, 30.357499999999998, 31.335, 32.2175, 33.295, 34.19, 35.112500000000004, 35.9225, 36.8825]], "valid_accs": [[4.760000000000001, 8.19, 10.73, 12.32, 14.249999999999998, 15.329999999999998, 15.909999999999998, 17.57, 18.63, 20.69, 21.7, 22.39, 23.57, 24.16, 25.34, 26.650000000000002, 27.63, 28.77, 29.21, 30.61, 31.069999999999997, 31.64, 32.76, 33.21, 33.339999999999996]], "train_times": [[121.89835834503174, 121.12092137336731, 120.69691038131714, 121.86428117752075, 120.70958495140076, 121.7100555896759, 121.50489401817322, 120.91954302787781, 121.16314363479614, 120.21572804450989, 120.66603016853333, 120.89711141586304, 122.03200340270996, 121.32561540603638, 120.85694718360901, 119.9803113937378, 121.30170226097107, 120.92575573921204, 120.6140820980072, 121.15183615684509, 121.26400113105774, 121.17651653289795, 121.012282371521, 120.88056755065918, 120.47344994544983]], "valid_times": [[23.506110191345215, 23.641363859176636, 23.490172386169434, 23.522657871246338, 23.425703763961792, 23.443300247192383, 23.477501153945923, 23.540677547454834, 23.679465770721436, 23.5294029712677, 23.051199674606323, 23.636864185333252, 23.263721466064453, 23.750519514083862, 23.725688934326172, 23.216920375823975, 23.65834617614746, 23.807059288024902, 23.244444608688354, 23.398473262786865, 23.6048903465271, 23.468549489974976, 23.495412826538086, 24.212366819381714, 23.58291244506836]], "test_accuracy": 35.27, "convergence_iteration": 25}}