{"config": {"train_options": {"learning_rate": 0.05, "optimizer": "SGD", "batch_size": 128, "number_of_epochs": 300, "loss_parameters": {"temperature": 10, "distillation_type": "FILTER", "alpha": 0.3, "beta": 0.7}}}, "results": {"train_losses": [[7.2080679039001465, 7.2395990844726565, 7.312976887512207, 7.385619129943848, 7.4500390129089356, 7.513060437011719, 7.576877659606933, 7.642154344940185, 7.70646821975708, 7.7665130836486815, 7.827087322998047, 7.886976125335694, 7.942429451751709, 7.99650082397461, 8.04902974243164, 8.098191290283204, 8.14611982421875, 8.193203338623047, 8.237132528686523, 8.279061030578614, 8.31762943572998]], "valid_losses": [[7.213622201538086, 7.270963983154297, 7.357258304595947, 7.435404693603515, 7.497125695037842, 7.56121979675293, 7.644713993835449, 7.700184978485107, 7.798706213378907, 7.841515357208252, 7.933611825561523, 8.000285818481446, 8.07160704421997, 8.090073453521729, 8.160656651306152, 8.205299041748047, 8.253243077087403, 8.314140032958985, 8.368014987182617, 8.387822747802735, 8.449701286315918]], "train_accs": [[4.9399999999999995, 10.905, 14.92, 18.787499999999998, 22.7725, 26.355, 29.9075, 32.555, 34.905, 37.565, 39.54, 41.137499999999996, 43.0225, 44.695, 45.905, 47.6025, 48.8725, 49.4825, 50.9675, 51.76500000000001, 53.010000000000005]], "valid_accs": [[8.33, 14.01, 16.81, 20.119999999999997, 23.52, 26.979999999999997, 28.660000000000004, 31.78, 31.3, 34.949999999999996, 34.839999999999996, 35.709999999999994, 34.96, 39.160000000000004, 38.91, 40.589999999999996, 40.69, 40.18, 40.5, 43.03, 42.5]], "train_times": [[121.97293901443481, 121.60704565048218, 122.32726120948792, 121.73707509040833, 121.52350378036499, 122.39921164512634, 123.01559901237488, 121.37392473220825, 121.87693905830383, 122.55014538764954, 122.1554856300354, 122.03642511367798, 122.38684058189392, 121.61154460906982, 120.9656937122345, 122.44566082954407, 122.03258419036865, 122.1751663684845, 121.98009252548218, 122.19063115119934, 122.82763123512268]], "valid_times": [[23.21213412284851, 23.46414017677307, 23.090651512145996, 23.28385853767395, 23.18824815750122, 23.451873302459717, 23.121538162231445, 23.36850905418396, 23.85006594657898, 23.176554203033447, 23.452614545822144, 23.415465593338013, 24.027103900909424, 23.538713932037354, 22.9532790184021, 23.33536410331726, 23.20086359977722, 23.61745572090149, 23.105609893798828, 23.549911975860596, 23.884106874465942]], "test_accuracy": 43.71, "convergence_iteration": 21}}