{"config": {"train_options": {"learning_rate": 0.005, "optimizer": "SGD", "batch_size": 128, "number_of_epochs": 300, "loss_parameters": {"temperature": 5, "distillation_type": "FILTER", "alpha": 0.7, "beta": 0.5}}}, "results": {"train_losses": [[4.442357608032227, 4.433105589294434, 4.431908705902099, 4.431263333129883, 4.43068828048706, 4.4290638946533205, 4.427254113006592, 4.426148560333252, 4.427605451965332, 4.430029019165039, 4.43386149597168, 4.436558808898925, 4.440867293548584, 4.444496800231933, 4.448489425659179, 4.4521501251220705, 4.455853112792969, 4.461663990783691, 4.467441641235352, 4.472274619293213, 4.477570922851562, 4.482820754241943, 4.48843603515625, 4.493309674072266, 4.498520443725586, 4.5028761131286625]], "valid_losses": [[4.433003762817383, 4.427733329772949, 4.428713298797607, 4.427679342651367, 4.424990735626221, 4.423744451904297, 4.425290715789795, 4.424666832733155, 4.42493671875, 4.426421243286133, 4.429408538818359, 4.434603134918213, 4.4395360748291015, 4.439675955963135, 4.447865328216553, 4.451777024078369, 4.454966957092285, 4.462038220214843, 4.466684966278076, 4.470960660552978, 4.478938999938965, 4.485531649780273, 4.488761196899414, 4.496632101440429, 4.500953103637696, 4.507170837402343]], "train_accs": [[2.0375, 3.295, 4.4425, 5.3875, 6.1575, 6.944999999999999, 7.817499999999999, 8.465, 9.229999999999999, 9.81, 10.69, 11.19, 11.9275, 12.532499999999999, 12.86, 13.48, 13.9675, 14.24, 14.760000000000002, 15.310000000000002, 15.8225, 16.21, 16.622500000000002, 17.105, 17.5525, 18.1625]], "valid_accs": [[2.96, 3.95, 5.16, 6.140000000000001, 6.75, 7.55, 8.290000000000001, 9.01, 9.879999999999999, 10.69, 11.14, 12.08, 12.479999999999999, 13.11, 13.61, 14.35, 14.7, 15.310000000000002, 15.7, 16.3, 16.48, 16.689999999999998, 17.31, 17.53, 18.38, 18.87]], "train_times": [[122.46444153785706, 123.07698678970337, 123.45094323158264, 122.54732704162598, 121.71477437019348, 122.49047565460205, 122.98860049247742, 122.06935405731201, 124.41109323501587, 124.19794392585754, 123.65565156936646, 123.41076707839966, 123.3097767829895, 122.8675446510315, 123.75263476371765, 122.02849388122559, 122.59459209442139, 123.4311876296997, 122.06507086753845, 124.17920970916748, 121.59652090072632, 125.92372965812683, 122.46481251716614, 124.29169273376465, 123.11188411712646, 123.22395825386047]], "valid_times": [[23.200618505477905, 23.94279146194458, 24.602121829986572, 23.680473566055298, 24.875089168548584, 23.63626456260681, 23.884650945663452, 23.49494242668152, 23.457294940948486, 23.541198253631592, 23.31164264678955, 23.792662143707275, 23.616607666015625, 23.280877351760864, 23.797319412231445, 23.613948106765747, 23.749747276306152, 24.920099020004272, 23.285099267959595, 23.95028567314148, 23.58860731124878, 23.7203426361084, 23.433547258377075, 23.725091218948364, 24.607641220092773, 23.495283126831055]], "test_accuracy": 18.23, "convergence_iteration": 26}}