{"config": {"train_options": {"learning_rate": 0.005, "optimizer": "SGD", "batch_size": 128, "number_of_epochs": 300, "loss_parameters": {"temperature": 15, "distillation_type": "FILTER", "alpha": 0.9, "beta": 0.2}}}, "results": {"train_losses": [[-0.936105018234253, -0.9428787778854371, -0.9441061031341553, -0.9449800102233886, -0.9459147853851319, -0.9473460952758789, -0.949071120262146, -0.949889190864563, -0.9502093954086304, -0.9498400512695313, -0.9492264781951905, -0.9485225576400756, -0.9475301931381226, -0.9462778621673584, -0.9449868566513061, -0.9433257448196412, -0.941704154586792, -0.9398954751968384, -0.9384480899810791, -0.9366532188415527, -0.9346606853485108, -0.9326816753387451, -0.9310644515991211, -0.9288054000854492, -0.9268617710113526, -0.9247987159729004, -0.9227761451721191, -0.9206110931396484, -0.9187518653869629, -0.916724443435669]], "valid_losses": [[-0.9423832178115845, -0.943231794166565, -0.9448360517501831, -0.9453432813644409, -0.9469961351394653, -0.9485611623764038, -0.9495155424118042, -0.9499145181655884, -0.949728637123108, -0.9500248405456543, -0.9490743114471436, -0.9481025300979614, -0.9475155836105347, -0.9453168437957764, -0.9436991813659668, -0.943078228187561, -0.9410768491744995, -0.9391938331604004, -0.9368600706100464, -0.9350265922546387, -0.9335553287506103, -0.9316900665283203, -0.9299181816101074, -0.9274410888671875, -0.9253535671234131, -0.9236115779876709, -0.9214391460418702, -0.919046407699585, -0.9168832763671875, -0.9143160095214844]], "train_accs": [[1.34, 2.2425, 2.8875, 3.63, 4.2700000000000005, 4.875, 5.7375, 6.535, 7.205, 7.7275, 8.37, 8.745, 9.2125, 9.7125, 10.095, 10.725, 10.8375, 11.455, 11.709999999999999, 12.1925, 12.465, 12.837499999999999, 13.33, 13.542499999999999, 14.030000000000001, 14.307500000000001, 14.48, 14.732500000000002, 15.085, 15.4475]], "valid_accs": [[1.76, 2.39, 3.58, 4.44, 4.83, 5.3, 6.0, 6.909999999999999, 7.470000000000001, 8.17, 8.63, 8.88, 9.5, 9.719999999999999, 10.209999999999999, 11.0, 11.28, 11.58, 11.84, 12.6, 12.8, 13.08, 13.889999999999999, 13.74, 14.02, 14.499999999999998, 14.85, 15.340000000000002, 15.260000000000002, 15.28]], "train_times": [[123.93640232086182, 122.31510305404663, 122.44719433784485, 124.17313361167908, 122.39274311065674, 124.5313777923584, 122.29990243911743, 122.9036877155304, 122.8156213760376, 122.79526209831238, 123.6905722618103, 123.11687994003296, 124.06415224075317, 122.78696799278259, 124.12036204338074, 124.69961857795715, 123.11259293556213, 124.6434919834137, 123.32665276527405, 123.09886312484741, 124.25814890861511, 121.87552499771118, 124.32711362838745, 122.66901898384094, 123.07765173912048, 123.27418851852417, 122.37283420562744, 123.79593896865845, 123.7911868095398, 124.27651357650757]], "valid_times": [[23.606287717819214, 24.312933683395386, 23.38576364517212, 24.938977003097534, 23.09730315208435, 23.633411407470703, 24.173694133758545, 23.391846418380737, 24.364686489105225, 23.28943634033203, 23.545695781707764, 23.504292964935303, 23.67996335029602, 24.184637784957886, 23.346953630447388, 24.026068687438965, 23.46843433380127, 23.432684183120728, 24.78533363342285, 23.45779538154602, 23.517282009124756, 23.16679883003235, 23.675915718078613, 24.20871090888977, 23.5422682762146, 23.470211267471313, 23.524390935897827, 23.270771980285645, 24.3365740776062, 23.31621479988098]], "test_accuracy": 15.89, "convergence_iteration": 30}}