{
  "config": {
    "train_options": {
      "learning_rate": 0.01,
      "optimizer": "SGD",
      "batch_size": 128,
      "number_of_epochs": 300,
      "loss_parameters": {
        "temperature": 15,
        "distillation_type": "FILTER",
        "alpha": 0.2,
        "beta": 0.4
      }
    }
  },
  "results": {
    "train_losses": [
      [
        5.420050605773926, 5.214366868591308, 5.107202266693116,
        5.050555673217773, 5.009126818084717, 4.96507975769043,
        4.9197218704223635, 4.873713720703125, 4.831731770324707,
        4.791210414123535, 4.758857869720459, 4.725244075775146,
        4.70392102432251, 4.6774769844055175, 4.659692256164551,
        4.638796105957031, 4.624634095001221, 4.607004885101318,
        4.593051692962646, 4.5791271194458005, 4.565683908081055,
        4.556805296325684, 4.547982003784179, 4.536856159210205,
        4.530278831481934, 4.519926694488525, 4.514040745544434,
        4.505584449005127, 4.500555850219727, 4.491557662963867,
        4.487408032989502, 4.4801562149047855, 4.476448676300048,
        4.4712513755798335, 4.472229132843018, 4.46508826751709,
        4.459431743621826, 4.460237223052978, 4.456656234741211,
        4.449538973999023, 4.448569077301025, 4.448903900909424,
        4.4420231979370115, 4.4460561683654785, 4.443863078308105
      ]
    ],
    "valid_losses": [
      [
        5.332589156341553, 5.164023364257813, 5.126979884338379,
        5.083575559234619, 5.026510955810547, 4.99782730178833,
        4.955127781677246, 4.926287746429443, 4.903903259277344, 4.8269140625,
        4.799654124450684, 4.776088865661621, 4.774355583190918,
        4.760493619537353, 4.746414279174805, 4.707920436859131,
        4.722924645233154, 4.71912377243042, 4.709139185333252,
        4.6940998962402345, 4.7025752479553224, 4.683787623596191,
        4.6625635543823245, 4.672280321502686, 4.658278939056396,
        4.665436289978027, 4.6764863662719725, 4.665886735534668,
        4.716573413848877, 4.662465079498291, 4.729836920928955,
        4.664158972167969, 4.680881968688965, 4.684653580474854,
        4.684148542785644, 4.697219172668457, 4.711907661437988,
        4.747421598052979, 4.682206539916992, 4.681348511505127,
        4.757734387207031, 4.70812558517456, 4.688847888183593,
        4.716012856292725, 4.715550065612793
      ]
    ],
    "train_accs": [
      [
        3.8875, 9.254999999999999, 12.6075, 14.785, 16.7625, 18.9525, 21.3675,
        23.3875, 25.6125, 27.6925, 29.395, 31.6175, 32.892500000000005, 34.475,
        36.0225, 37.364999999999995, 38.5475, 39.910000000000004, 41.075,
        42.3125, 43.56, 44.182500000000005, 45.2075, 46.155, 46.97, 48.15,
        48.7925, 49.7425, 50.455000000000005, 51.370000000000005, 52.1225,
        52.94, 53.7, 54.4825, 54.61, 55.3075, 56.0675, 56.707499999999996,
        57.3975, 57.96, 58.2425, 58.9075, 59.48, 59.94500000000001,
        60.36749999999999
      ]
    ],
    "valid_accs": [
      [
        6.04, 10.26, 12.030000000000001, 14.099999999999998, 17.05, 18.33,
        20.41, 21.43, 23.52, 26.96, 28.26, 29.849999999999998,
        30.349999999999998, 31.16, 32.940000000000005, 34.42, 35.24, 36.02,
        36.59, 37.76, 38.21, 39.4, 40.61, 41.099999999999994, 41.99, 42.54,
        41.88, 43.16, 41.760000000000005, 43.96, 42.9, 45.24, 45.2, 45.46, 46.1,
        46.150000000000006, 46.1, 45.23, 47.97, 48.559999999999995, 46.43,
        48.38, 48.96, 49.54, 48.72
      ]
    ],
    "train_times": [
      [
        124.19592928886414, 123.53607058525085, 125.4516384601593,
        123.59092736244202, 124.10669445991516, 123.83924436569214,
        123.188241481781, 123.98771643638611, 123.9361960887909,
        123.43309569358826, 125.8980724811554, 123.38024401664734,
        123.89390277862549, 124.81349587440491, 124.65660190582275,
        124.1014757156372, 123.16952919960022, 123.33361744880676,
        124.43039202690125, 123.98464298248291, 124.2116527557373,
        123.93102431297302, 124.06137943267822, 124.60574269294739,
        123.7974419593811, 123.39375710487366, 123.88578701019287,
        123.48317098617554, 122.92364287376404, 123.46293830871582,
        124.32468342781067, 124.89228081703186, 123.54253840446472,
        123.31072068214417, 124.15300250053406, 124.26044797897339,
        124.1833016872406, 123.3466272354126, 123.85728788375854,
        124.37682580947876, 123.46723484992981, 123.6636893749237,
        123.10129356384277, 123.62109565734863, 124.04404425621033
      ]
    ],
    "valid_times": [
      [
        23.941381692886353, 23.493337154388428, 24.532667636871338,
        23.776468515396118, 23.65605092048645, 24.329999208450317,
        23.802226543426514, 24.27472686767578, 23.433839321136475,
        23.80190920829773, 24.154678106307983, 23.888071537017822,
        24.15846037864685, 24.144840717315674, 23.831720113754272,
        24.09834575653076, 23.71339702606201, 23.922383308410645,
        24.079683780670166, 23.40009880065918, 23.8177969455719,
        23.937176942825317, 24.43720054626465, 24.10046887397766,
        24.257970094680786, 23.49653911590576, 24.26375913619995,
        24.579832315444946, 24.10426640510559, 24.01963186264038,
        23.976110219955444, 24.106080055236816, 23.95537042617798,
        23.992382287979126, 24.063524961471558, 23.67992663383484,
        24.025634050369263, 23.619436025619507, 24.08980631828308,
        24.029814958572388, 23.872537851333618, 23.918230533599854,
        23.859100341796875, 23.611347913742065, 23.93897771835327
      ]
    ],
    "test_accuracy": 49.68,
    "convergence_iteration": 45
  }
}
