{"config": {"train_options": {"learning_rate": 0.01, "optimizer": "SGD", "batch_size": 128, "number_of_epochs": 300, "loss_parameters": {"temperature": 5, "distillation_type": "FILTER", "alpha": 0.7, "beta": 0.1}}}, "results": {"train_losses": [[0.31963009243011475, 0.23457461137771607, 0.178779208278656, 0.1399256778717041, 0.109968421459198, 0.08748507623672486, 0.06961379442214966, 0.052397536754608155, 0.034705515098571775, 0.01870798120498657, -0.0018557998657226563, -0.02063693552017212, -0.036525280952453616, -0.04797866277694702, -0.06760726432800293, -0.0804560001373291, -0.09507682247161865, -0.10905527458190918, -0.11895515060424805, -0.13469897384643556, -0.1435372169494629, -0.15455375633239746, -0.16026516933441162, -0.17283236484527587, -0.18040829448699952, -0.18884900608062744, -0.19713078479766846, -0.2058776990890503, -0.2138458917617798, -0.21560897102355958, -0.2266578815460205, -0.23171362686157226, -0.2376888734817505, -0.24190605487823486, -0.24811222229003907, -0.2522476648330689, -0.2592489778518677, -0.26159422187805176, -0.26514156265258787, -0.27205210609436037, -0.2760419961929321, -0.2806284538269043, -0.28101994075775144, -0.28706812572479246, -0.28726902561187745, -0.2931616931915283, -0.2929968494415283, -0.2986365545272827, -0.30496723766326905, -0.30443747024536133, -0.30941523399353027, -0.3105767566680908, -0.3095475498199463, -0.31449867935180664, -0.3192770793914795, -0.3197799003601074, -0.32314768314361575, -0.32265550594329834, -0.3301655019760132, -0.32964879512786865, -0.3304582830429077, -0.3369507904052734, -0.3343257049560547, -0.33942268772125245, -0.3427715616226196, -0.34297281761169435, -0.34318478012084963, -0.34813578453063965, -0.3473355039596558, -0.3522939973831177, -0.35217268409729, -0.3544338676452637, -0.35482789001464843, -0.3580232297897339, -0.36023860301971433, -0.362532396697998, -0.35987504806518555, -0.3618919960021973, -0.36641535472869874, -0.36669728450775146, -0.367800789642334]], "valid_losses": [[0.26674295182228086, 0.2205253945350647, 0.1675547773361206, 0.12722269086837767, 0.10717735977172851, 0.08901797189712525, 0.06865103263854981, 0.051579248714447024, 0.03337476577758789, 0.018409503650665283, 0.008545565128326415, -0.0054202995300292964, 0.009758779907226562, -0.033572793388366697, -0.032385000801086423, -0.0632345380783081, -0.070246657371521, -0.0783787244796753, -0.07246130275726319, -0.07997871465682983, -0.08366762065887451, -0.07235102672576904, -0.11425344581604004, -0.09881463623046875, -0.12232724781036378, -0.11006050682067871, -0.1001655574798584, -0.13677383422851563, -0.1254752841949463, -0.11595686836242676, -0.13770647678375245, -0.14314132900238036, -0.1494899019241333, -0.1555488254547119, -0.1443139596939087, -0.14293366050720216, -0.15194112949371338, -0.15400687580108643, -0.16266944313049317, -0.16491110248565674, -0.14680124950408935, -0.15683343143463135, -0.1449784481048584, -0.13750190315246583, -0.17350884761810303, -0.17975038928985596, -0.163277170753479, -0.17642630786895752, -0.17739139728546144, -0.16968960494995117, -0.14443426589965822, -0.14163656787872314, -0.14167878322601318, -0.17145925216674804, -0.17988342266082763, -0.14353152713775635, -0.14100552234649658, -0.1660496452331543, -0.1391164752960205, -0.15780679683685303, -0.18368277053833007, -0.16368839321136475, -0.17222067985534667, -0.163644854927063, -0.16878999633789063, -0.14749407196044922, -0.16444713401794434, -0.11882766590118408, -0.1599507299423218, -0.1320457353591919, -0.15861638565063477, -0.16685849132537842, -0.17310145664215087, -0.1442488115310669, -0.15606272506713867, -0.1773078540802002, -0.16922418975830078, -0.10979640789031983, -0.11419303798675537, -0.14253863220214844, -0.14934583721160888]], "train_accs": [[3.29, 6.995, 10.035, 12.1225, 13.900000000000002, 15.45, 16.869999999999997, 18.1875, 19.417499999999997, 21.0675, 22.134999999999998, 23.5775, 24.9725, 26.1075, 27.377499999999998, 28.7825, 30.070000000000004, 31.587500000000002, 32.4925, 33.637499999999996, 34.57, 35.92, 36.5525, 37.695, 38.542500000000004, 39.215, 40.1175, 41.18, 41.915, 42.47, 43.3625, 44.1175, 44.8075, 45.4875, 45.9675, 46.9075, 47.260000000000005, 47.9275, 48.3375, 48.917500000000004, 49.317499999999995, 50.075, 50.712500000000006, 51.190000000000005, 51.73, 52.1725, 52.6525, 53.205000000000005, 53.7975, 54.005, 54.464999999999996, 54.815000000000005, 55.04, 55.4575, 56.06250000000001, 56.2775, 56.682500000000005, 56.87, 57.709999999999994, 57.8075, 58.037499999999994, 58.6875, 58.714999999999996, 58.9325, 59.785, 59.885, 60.067499999999995, 60.504999999999995, 60.7075, 61.0725, 61.504999999999995, 61.655, 61.865, 62.192499999999995, 62.415, 62.765, 62.89, 63.3175, 63.49, 64.1175, 63.934999999999995]], "valid_accs": [[4.859999999999999, 7.46, 10.13, 12.18, 14.13, 15.06, 16.650000000000002, 17.8, 19.53, 20.69, 21.44, 22.74, 21.77, 25.080000000000002, 25.11, 27.16, 28.04, 29.09, 28.62, 30.070000000000004, 30.819999999999997, 29.98, 32.4, 32.550000000000004, 33.989999999999995, 33.739999999999995, 33.31, 36.309999999999995, 35.28, 35.58, 36.55, 37.81, 38.72, 38.519999999999996, 38.47, 38.629999999999995, 40.27, 40.11, 40.400000000000006, 41.5, 40.589999999999996, 41.730000000000004, 41.19, 40.550000000000004, 43.44, 43.730000000000004, 43.3, 44.17, 44.72, 44.330000000000005, 42.96, 43.2, 43.43, 45.31, 46.21, 44.01, 44.14, 45.59, 44.37, 45.18, 47.68, 45.93, 47.12, 46.77, 47.02, 45.629999999999995, 46.94, 44.16, 47.349999999999994, 46.17, 48.22, 48.29, 49.68, 47.74, 48.75, 49.58, 49.16, 46.650000000000006, 46.760000000000005, 49.33, 49.09]], "train_times": [[122.90994596481323, 122.43431377410889, 122.83095574378967, 121.27217149734497, 123.19429039955139, 120.76505184173584, 122.7771348953247, 121.35503029823303, 122.30046916007996, 120.84110999107361, 122.08404684066772, 120.76454663276672, 122.68968677520752, 124.5094428062439, 122.99691677093506, 123.93422865867615, 121.23733758926392, 122.21566224098206, 121.8442771434784, 123.5637595653534, 122.9774580001831, 121.76095938682556, 123.5053915977478, 122.05742979049683, 122.38813877105713, 121.98022747039795, 120.66278886795044, 122.42621541023254, 122.36448407173157, 122.50033974647522, 125.63149738311768, 120.99227166175842, 122.60824227333069, 121.86539959907532, 122.82178664207458, 121.69213891029358, 124.78901505470276, 121.2434229850769, 123.53365015983582, 121.41026878356934, 122.26047539710999, 124.96319127082825, 121.2763922214508, 121.90764498710632, 120.37119698524475, 123.2110755443573, 122.74323463439941, 122.49581027030945, 121.51706409454346, 122.05117869377136, 120.89195990562439, 122.22730112075806, 121.0596616268158, 122.18084955215454, 121.48941993713379, 123.23049688339233, 120.89658260345459, 121.5658655166626, 123.60486459732056, 121.05793929100037, 123.74779748916626, 121.04595756530762, 123.7657778263092, 121.1174385547638, 122.7979371547699, 122.2643575668335, 123.85158014297485, 122.03505539894104, 122.4204831123352, 121.61941313743591, 120.83901834487915, 122.61999034881592, 122.64112949371338, 122.18675780296326, 121.78824162483215, 123.25670599937439, 122.22926807403564, 121.71965622901917, 122.22210359573364, 121.9344871044159, 122.15306448936462]],