{"config": {"train_options": {"learning_rate": 0.005, "optimizer": "SGD", "batch_size": 128, "number_of_epochs": 300, "loss_parameters": {"temperature": 5, "distillation_type": "FILTER", "alpha": 0.7, "beta": 0.8}}}, "results": {"train_losses": [[7.488816522216797, 7.495327346801758, 7.507859294128418, 7.5216492042541505, 7.534503321838379, 7.547910336303711, 7.561643546295166, 7.574563848876953, 7.588964311981202, 7.602837366485596, 7.616742198181153, 7.631434064483643, 7.645479714965821, 7.660218991088867, 7.673905436706543, 7.688052703857422, 7.702689655303955, 7.716761213684082, 7.730210886383056, 7.744581413269043, 7.758844274902343]], "valid_losses": [[7.490914161682129, 7.500965172576905, 7.514976541137695, 7.527750997161865, 7.541469175720215, 7.555689514160156, 7.568295233154297, 7.581688379669189, 7.5970133094787595, 7.610738045501709, 7.6243147399902345, 7.63907350769043, 7.653105879974365, 7.667881388092041, 7.681763070678711, 7.695716370391846, 7.710335707855225, 7.723762184906006, 7.738256651306152, 7.752788763427734, 7.766974587249756]], "train_accs": [[1.335, 2.815, 3.1649999999999996, 3.4775, 3.84, 4.55, 5.4350000000000005, 6.0675, 6.5024999999999995, 7.074999999999999, 7.215000000000001, 7.675, 7.93, 8.1975, 8.68, 8.9925, 9.4125, 9.495000000000001, 10.100000000000001, 10.190000000000001, 10.6275]], "valid_accs": [[2.39, 2.91, 3.4099999999999997, 4.0, 4.55, 5.1, 5.96, 6.41, 7.090000000000001, 7.59, 7.85, 8.450000000000001, 8.49, 8.61, 9.13, 9.56, 9.83, 9.85, 10.2, 10.36, 10.73]], "train_times": [[122.57212448120117, 124.0663800239563, 122.22011876106262, 123.35343432426453, 121.46343779563904, 122.33615589141846, 121.7573504447937, 122.33520412445068, 124.02651691436768, 121.28218483924866, 123.09647846221924, 122.48677849769592, 125.51418781280518, 122.91586446762085, 123.00890707969666, 122.55302834510803, 124.34144234657288, 122.44862985610962, 123.43937993049622, 121.60604524612427, 123.18688249588013]], "valid_times": [[25.792200326919556, 23.343316078186035, 23.43854022026062, 23.676836490631104, 23.43695044517517, 23.081714153289795, 24.4410879611969, 24.113693714141846, 23.474857330322266, 23.45195984840393, 23.319250345230103, 23.535288095474243, 23.26108193397522, 23.53874897956848, 23.193270683288574, 24.618515253067017, 23.33319592475891, 23.124416828155518, 23.538828372955322, 24.10622477531433, 23.524336099624634]], "test_accuracy": 10.83, "convergence_iteration": 21}}