{"config": {"train_options": {"learning_rate": 0.005, "optimizer": "SGD", "batch_size": 128, "number_of_epochs": 300, "loss_parameters": {"temperature": 10, "distillation_type": "FILTER", "alpha": 0.6, "beta": 0.8}}}, "results": {"train_losses": [[7.541322397613525, 7.546938304138184, 7.558224223327636, 7.5694591957092285, 7.581443706512451, 7.593208857727051, 7.604469928741455, 7.615529759979248, 7.627024962615967, 7.638932125854492, 7.651237727355957, 7.663441802978515, 7.6758284088134765, 7.688090175628662, 7.700492076873779, 7.713328470611573, 7.725826222229004, 7.7389426483154296, 7.7517466003417965, 7.76484322052002, 7.777719678497315]], "valid_losses": [[7.54134241027832, 7.55286589050293, 7.563882735443115, 7.575738103485107, 7.587891913604737, 7.599732403564453, 7.610853167724609, 7.622238623046875, 7.633810483551025, 7.6454690742492675, 7.657850733947754, 7.669937842559815, 7.682148923492432, 7.6947338638305665, 7.707165731048584, 7.720391542053223, 7.733639916992187, 7.746174837493896, 7.759774951934815, 7.772686152648926, 7.785982690429687]], "train_accs": [[1.345, 1.9324999999999999, 2.3975, 3.3649999999999998, 3.9699999999999998, 4.58, 5.319999999999999, 5.7924999999999995, 6.52, 6.9, 7.692499999999999, 8.25, 8.895, 9.46, 9.7325, 10.305, 10.625, 11.2275, 11.64, 11.852500000000001, 12.5275]], "valid_accs": [[1.5699999999999998, 2.07, 2.96, 3.53, 4.02, 4.77, 5.47, 6.069999999999999, 6.5, 7.109999999999999, 7.62, 8.6, 9.1, 9.45, 10.08, 10.4, 10.979999999999999, 11.06, 11.53, 12.13, 12.34]], "train_times": [[122.10261034965515, 121.2878041267395, 122.30710983276367, 122.6756956577301, 122.79585218429565, 122.34936881065369, 122.55491638183594, 122.76633620262146, 122.37387657165527, 122.37523007392883, 123.1814341545105, 122.50479078292847, 123.22681951522827, 122.7657458782196, 123.96924114227295, 121.94470047950745, 123.13434553146362, 122.96484112739563, 122.25690245628357, 123.9760673046112, 121.82905626296997]], "valid_times": [[23.273911714553833, 23.31581163406372, 23.763580560684204, 23.401790618896484, 23.68198537826538, 23.379526615142822, 23.310436010360718, 23.984383821487427, 23.391905784606934, 23.78214693069458, 23.51693058013916, 23.67355513572693, 23.445244312286377, 23.630743265151978, 23.673545837402344, 23.402384281158447, 23.57524347305298, 23.44490957260132, 23.567683935165405, 23.48782467842102, 23.764652729034424]], "test_accuracy": 12.740000000000002, "convergence_iteration": 21}}