{"config": {"train_options": {"learning_rate": 0.005, "optimizer": "SGD", "batch_size": 128, "number_of_epochs": 300, "loss_parameters": {"temperature": 10, "distillation_type": "FILTER", "alpha": 0.2, "beta": 0.2}}}, "results": {"train_losses": [[4.08118949508667, 3.8442717185974122, 3.697184354019165, 3.599817725753784, 3.536398544692993, 3.480940550994873, 3.4327774810791016, 3.37781960067749, 3.3302750148773193, 3.2836951595306396, 3.2384223426818846, 3.1986920833587646, 3.1588179206848146, 3.1221621574401857, 3.08601877822876, 3.0493428882598876, 3.0126937088012697, 2.983074604034424, 2.9526116947174073, 2.9204754024505615, 2.8906579139709474, 2.861941667175293, 2.8397241161346436, 2.8163345462799074, 2.7880146129608154, 2.768275244140625, 2.745961182785034, 2.7207779495239257, 2.7022967361450196, 2.682913173675537, 2.6611168548583986, 2.642093647766113, 2.625082060241699, 2.6017513359069824, 2.590369479751587, 2.5721776836395263, 2.556162278366089, 2.537868215560913, 2.5235772998809813, 2.5099251583099367, 2.4974721755981446, 2.4832495113372803, 2.4742410915374755, 2.462702881240845, 2.4448374912261963, 2.4361168601989744, 2.4237287338256834, 2.4182330158233643, 2.4028263256073, 2.392943782043457, 2.384673336029053, 2.3757267768859864, 2.36590009765625, 2.353537982940674, 2.3483912200927732, 2.334776824951172, 2.328809455871582, 2.319834898376465, 2.3121589347839357, 2.3062967792510984, 2.2961408023834227, 2.288579745864868, 2.2829295570373533, 2.272853102874756, 2.271528023529053, 2.263727410888672, 2.253236542510986, 2.2537141521453856, 2.243122380065918, 2.232684334182739, 2.227280341911316, 2.2197879362106323, 2.211389465522766, 2.211046293067932, 2.2058700313568114, 2.199578929710388, 2.1945549617767335, 2.1856001106262206]], "valid_losses": [[3.9348662940979002, 3.7542490116119387, 3.6529796058654784, 3.5860681369781493, 3.5593998062133787, 3.4759920669555666, 3.4273574638366697, 3.3899269569396973, 3.360886350250244, 3.290099373626709, 3.255073933792114, 3.226403313446045, 3.194984147644043, 3.1538040687561035, 3.1170157852172853, 3.083675300979614, 3.065437769317627, 3.0567277454376223, 3.0211028427124025, 2.99728588142395, 2.954235460662842, 2.9445239334106446, 2.9212803047180174, 2.9250794830322264, 2.9051102226257326, 2.8946035316467285, 2.8489293701171876, 2.8437897869110107, 2.827094581604004, 2.808999518585205, 2.8263235260009765, 2.80827677192688, 2.7732185585021973, 2.7741897960662842, 2.7650742126464842, 2.7634817478179934, 2.7336500881195067, 2.7312871685028077, 2.7472436519622803, 2.743416812515259, 2.75238978805542, 2.725135794067383, 2.7181364177703857, 2.728514246368408, 2.716761415100098, 2.7430670219421387, 2.69681428565979, 2.725800791931152, 2.707981819152832, 2.718216382598877, 2.7029968963623046, 2.715831721115112, 2.6973417617797852, 2.6951130012512206, 2.71389776763916, 2.710311917114258, 2.7138644775390626, 2.6695436241149904, 2.7029359596252442, 2.6837084606170656, 2.7206275287628174, 2.681243283081055, 2.671863371658325, 2.720874867248535, 2.6976381343841553, 2.721289009475708, 2.70813038482666, 2.7215742568969725, 2.711678317642212, 2.7232998477935793, 2.7282724853515625, 2.7036529224395753, 2.7099318447113037, 2.712474187850952, 2.733872933959961, 2.710580195236206, 2.7191189849853514, 2.7486626804351806]], "train_accs": [[3.1075, 6.660000000000001, 9.655, 12.1875, 13.965, 15.4475, 16.99, 18.63, 20.185, 21.435000000000002, 22.720000000000002, 24.2775, 25.3675, 26.674999999999997, 27.875, 29.1875, 30.445, 31.3725, 32.3675, 33.615, 34.455000000000005, 35.6825, 36.495, 37.34, 38.5925, 39.4225, 40.14, 41.205000000000005, 41.82, 42.627500000000005, 43.5375, 44.2975, 44.85, 45.985, 46.434999999999995, 47.1725, 48.11, 48.58, 49.185, 50.0325, 50.222500000000004, 51.115, 51.402499999999996, 51.9525, 52.7925, 53.317499999999995, 53.73, 54.142500000000005, 54.76, 55.2275, 55.48499999999999, 56.0675, 56.485, 57.31, 57.3025, 57.725, 58.28, 58.5925, 59.2425, 59.394999999999996, 59.935, 60.175, 60.64000000000001, 61.14000000000001, 61.1225, 61.38, 61.965, 61.8425, 62.605, 63.2575, 63.395, 63.629999999999995, 64.2725, 64.40249999999999, 64.4125, 64.7725, 64.96, 65.83250000000001]], "valid_accs": [[5.220000000000001, 8.33, 10.459999999999999, 12.18, 13.120000000000001, 16.0, 17.11, 18.66, 19.64, 21.54, 22.61, 23.150000000000002, 24.73, 25.759999999999998, 27.04, 28.389999999999997, 28.599999999999998, 29.45, 30.620000000000005, 31.45, 32.92, 33.67, 34.13, 34.260000000000005, 34.79, 35.58, 37.22, 37.96, 37.96, 38.7, 38.51, 39.47, 40.12, 40.54, 40.68, 41.13, 41.81, 42.199999999999996, 42.4, 42.52, 42.18, 43.36, 43.66, 43.269999999999996, 43.919999999999995, 43.72, 45.53, 44.17, 44.22, 45.24, 46.33, 45.39, 45.45, 46.379999999999995, 45.5, 46.21, 46.23, 47.349999999999994, 46.910000000000004, 46.98, 47.43, 47.699999999999996, 48.41, 47.39, 47.97, 47.21, 48.02, 47.57, 47.72, 48.32, 47.19, 48.33, 48.870000000000005, 48.66, 48.83, 48.730000000000004, 48.96, 48.28]], "train_times": [[120.84646701812744, 120.78935194015503, 121.38995242118835, 121.38112688064575, 122.1109836101532, 121.22049474716187, 121.67313647270203, 122.42172288894653, 121.05278372764587, 120.94605541229248, 120.6771445274353, 121.06455636024475, 121.33940172195435, 121.81042671203613, 120.70691704750061, 120.68135619163513, 120.46407508850098, 122.87222337722778, 121.07369256019592, 121.22211194038391, 121.7893545627594, 121.4665367603302, 121.57122206687927, 121.4102201461792, 121.5638542175293, 121.78190231323242, 121.22379803657532, 121.26845693588257, 120.15086698532104, 120.40065360069275, 120.30452275276184, 121.87692856788635, 122.16271924972534, 121.3325605392456, 120.27865624427795, 120.99714279174805, 120.67802429199219, 120.81293892860413, 120.73503923416138, 121.151540517807, 122.97983908653259, 121.09076189994812, 121.3277497291565, 121.33164858818054, 121.2605128288269, 120.94649147987366, 120.8241081237793, 119.91531753540039, 120.68391060829163, 120.96070694923401, 123.57409358024597, 123.62253713607788, 121.42634105682373, 121.02325391769409, 121.73983454704285, 121.57090044021606, 121.66384434700012, 121.872065782547, 120.98471856117249, 120.80074667930603, 121.7418372631073, 120.28822207450867, 121.33431696891785, 122.24580001831055, 121.46627569198608, 121.01721525192261, 121.30560517311096, 121.3347978591919, 120.83696269989014, 122.28279614448547, 121.5664381980896, 123.01128792762756, 121.63442945480347, 121.10452175140381, 120.36956286430359, 121.80260109901428, 120.47205638885498, 121.70639896392822]],