{"config": {"train_options": {"learning_rate": 0.05, "optimizer": "SGD", "batch_size": 128, "number_of_epochs": 300, "loss_parameters": {"temperature": 10, "distillation_type": "FILTER", "alpha": 0.2, "beta": 0.9}}}, "results": {"train_losses": [[8.919920663452148, 9.067624479675294, 9.220449723815918, 9.370634393310548, 9.51494384918213, 9.653757572937012, 9.786630354309082, 9.913071655273438, 10.034094215393067, 10.148899482727051, 10.258691163635254, 10.364245303344726, 10.465181384277344, 10.561237785339355, 10.653495553588867, 10.742352091979981, 10.827694117736817, 10.90996340637207, 10.988225007629394, 11.06408182067871, 11.136243144226075]], "valid_losses": [[8.991751341247559, 9.147148933410644, 9.296019905090333, 9.445749531555176, 9.588036936950683, 9.72227388305664, 9.856174409484863, 9.97979029083252, 10.099646948242187, 10.219094410705566, 10.32914859161377, 10.42815946044922, 10.525255072021485, 10.621368563842774, 10.720380421447754, 10.805601721191406, 10.887664846801759, 10.966777561950684, 11.058801216125488, 11.121529736328124, 11.190555674743653]], "train_accs": [[3.9425000000000003, 8.0725, 11.14, 13.44, 15.467500000000001, 17.29, 19.1575, 20.95, 22.35, 24.1925, 25.5575, 27.025, 28.4725, 30.257499999999997, 31.7025, 33.115, 34.64, 36.162499999999994, 37.245, 38.6725, 39.915]], "valid_accs": [[6.140000000000001, 9.139999999999999, 12.2, 14.099999999999998, 15.939999999999998, 17.82, 18.790000000000003, 19.67, 21.099999999999998, 21.709999999999997, 22.57, 24.73, 26.69, 27.800000000000004, 28.15, 28.92, 30.85, 31.86, 30.34, 34.13, 35.72]], "train_times": [[121.5598738193512, 121.25783896446228, 120.9167230129242, 120.70711040496826, 120.51628494262695, 123.52997612953186, 122.38519072532654, 120.98043727874756, 121.79128241539001, 121.56950354576111, 120.45741558074951, 121.68215656280518, 120.46815538406372, 121.77688670158386, 120.61508440971375, 121.06615662574768, 121.13604307174683, 122.07444906234741, 121.43015646934509, 120.37404227256775, 121.06318163871765]], "valid_times": [[23.36865258216858, 23.38947582244873, 23.485554695129395, 23.588419675827026, 23.08891487121582, 22.93418860435486, 23.355589151382446, 23.35812497138977, 23.38224482536316, 23.48042631149292, 24.36427927017212, 23.272560119628906, 23.652270555496216, 23.559940576553345, 23.310309410095215, 23.37895965576172, 24.364069938659668, 23.104087829589844, 23.46703600883484, 23.463354349136353, 23.477102994918823]], "test_accuracy": 35.14, "convergence_iteration": 21}}