{"config": {"train_options": {"learning_rate": 0.005, "optimizer": "SGD", "batch_size": 128, "number_of_epochs": 300, "loss_parameters": {"temperature": 15, "distillation_type": "FILTER", "alpha": 0.9, "beta": 0.4}}}, "results": {"train_losses": [[1.6676994430541991, 1.6672124923706055, 1.6714971256256104, 1.6765695484161376, 1.6824922782897949, 1.688464598083496, 1.6943833763122558, 1.6997579372406006, 1.7048852691650391, 1.7099292610168457, 1.7157261611938477, 1.7214713310241698, 1.727273193359375, 1.7330680644989014, 1.7392530559539794, 1.7455408557891845, 1.7518464317321778, 1.7582485229492189, 1.7645598583221436, 1.7712153938293458, 1.7775559421539306]], "valid_losses": [[1.6648420387268066, 1.668609867477417, 1.673221515274048, 1.679043207168579, 1.6848232063293458, 1.6909684391021729, 1.6969085979461669, 1.7014769161224366, 1.7067026790618895, 1.712039691925049, 1.7175141918182373, 1.7233443717956543, 1.729265408706665, 1.7348467987060547, 1.741254789352417, 1.747805397415161, 1.75391114692688, 1.7605144649505615, 1.7667264804840088, 1.7734433738708497, 1.7800979774475099]], "train_accs": [[1.0425, 1.4775, 2.7675, 3.405, 4.275, 4.71, 5.244999999999999, 5.4825, 5.775, 6.08, 6.5175, 7.04, 7.41, 7.842499999999999, 8.3275, 8.5975, 8.885, 9.0975, 9.5825, 9.91, 10.0775]], "valid_accs": [[1.4500000000000002, 1.8900000000000001, 3.18, 3.81, 4.569999999999999, 4.859999999999999, 5.16, 5.489999999999999, 5.96, 6.47, 6.859999999999999, 7.090000000000001, 7.5200000000000005, 8.03, 8.38, 8.53, 8.88, 9.13, 9.8, 9.59, 10.05]], "train_times": [[123.67688918113708, 124.17200064659119, 124.495609998703, 123.44704079627991, 124.58022570610046, 123.25287127494812, 124.15410256385803, 123.90342330932617, 124.22427105903625, 124.80544805526733, 123.21552729606628, 123.48460173606873, 126.4080879688263, 123.58224725723267, 123.20538115501404, 122.65092849731445, 123.980135679245, 126.37674951553345, 123.56958174705505, 122.62129235267639, 122.69493412971497]], "valid_times": [[25.24217438697815, 24.00015377998352, 23.857006311416626, 24.07356095314026, 24.014723539352417, 25.173912525177002, 23.686248064041138, 24.29459023475647, 23.64485192298889, 23.70747137069702, 25.671454668045044, 23.875651121139526, 23.763872385025024, 26.535549879074097, 23.88271427154541, 25.195433855056763, 23.75594925880432, 24.240122079849243, 24.985706567764282, 23.664875745773315, 25.031623125076294]], "test_accuracy": 10.47, "convergence_iteration": 21}}