{"config": {"train_options": {"learning_rate": 0.005, "optimizer": "SGD", "batch_size": 128, "number_of_epochs": 300, "loss_parameters": {"temperature": 5, "distillation_type": "FILTER", "alpha": 0.4, "beta": 0.9}}}, "results": {"train_losses": [[8.784878065490723, 8.794569903564453, 8.809986367797851, 8.82563180847168, 8.842164259338379, 8.85854140777588, 8.874354711914062, 8.889364041137695, 8.903986604309083, 8.918831451416015, 8.93388401031494, 8.949131903076172, 8.964598211669921, 8.979999908447265, 8.995439163208008, 9.010968904113769, 9.02676112060547, 9.042452749633789, 9.058190657043458, 9.073688558959962, 9.089349153137206]], "valid_losses": [[8.787955921936035, 8.802392628479003, 8.818038674926758, 8.833932907104492, 8.850841102600098, 8.86663327331543, 8.882140858459472, 8.896782626342773, 8.911514251708985, 8.926517335510255, 8.941689488220215, 8.957039099121094, 8.97235177154541, 8.988276127624511, 9.003462707519532, 9.019216131591797, 9.034582928466797, 9.050511964416504, 9.066070767211913, 9.081448979187012, 9.097224035644532]], "train_accs": [[1.53, 1.8575000000000002, 2.2225, 2.7325, 3.195, 3.66, 4.4475, 4.9125000000000005, 5.5125, 5.87, 6.265, 6.585000000000001, 7.102500000000001, 7.6375, 8.1325, 8.5725, 8.93, 9.28, 9.4925, 9.9, 10.184999999999999]], "valid_accs": [[1.6500000000000001, 1.82, 2.4699999999999998, 3.02, 3.46, 4.07, 4.8, 5.26, 5.4, 5.96, 6.550000000000001, 6.81, 7.489999999999999, 8.04, 8.129999999999999, 8.68, 9.01, 9.74, 10.059999999999999, 10.31, 10.620000000000001]], "train_times": [[45.19453954696655, 45.118818044662476, 45.13158655166626, 45.12036418914795, 45.13998460769653, 45.10954928398132, 45.13518452644348, 45.10654902458191, 45.12203669548035, 45.114060163497925, 45.154091358184814, 45.09853529930115, 45.12793588638306, 45.456000566482544, 45.52405142784119, 45.60151243209839, 46.27558708190918, 45.22501230239868, 45.15595579147339, 45.15000820159912, 45.140933990478516]], "valid_times": [[8.885563373565674, 8.878366947174072, 8.873916387557983, 8.873331546783447, 8.872021436691284, 8.870278120040894, 8.876029014587402, 8.876013278961182, 8.883145809173584, 8.878001928329468, 8.87080430984497, 8.889000177383423, 8.869909286499023, 8.961999654769897, 9.02519702911377, 8.972001314163208, 8.902069568634033, 8.871999979019165, 8.873799324035645, 8.888255834579468, 8.875519752502441]], "test_accuracy": 10.41, "convergence_iteration": 21}}