{"config": {"train_options": {"learning_rate": 0.01, "optimizer": "SGD", "batch_size": 128, "number_of_epochs": 300, "loss_parameters": {"temperature": 20, "distillation_type": "FILTER", "alpha": 0.5, "beta": 0.3}}}, "results": {"train_losses": [[2.8415223117828368, 2.7324268054962157, 2.6688553089141847, 2.6168718128204347, 2.5817963069915773, 2.554735403060913, 2.5266071811676025, 2.5026441535949706, 2.4776511852264402, 2.456247362136841, 2.4375273391723633, 2.4190226333618163, 2.401935578918457, 2.386146841430664, 2.3714164443969725, 2.3603367160797117, 2.3465188007354736, 2.3369391510009767, 2.327416147232056, 2.3211360595703123, 2.311702984619141, 2.3052672744750975, 2.3002400169372557, 2.2931876121520998, 2.2873258583068847, 2.282793398666382, 2.277358517456055, 2.2736917243957517, 2.2676939624786376, 2.2656069602966307, 2.2619805038452148, 2.256881616973877, 2.254780460357666, 2.252040431213379, 2.251104197692871, 2.2492626220703125, 2.2477991050720214, 2.2442646728515623, 2.2439241786956785, 2.24494508934021, 2.2417145957946776, 2.2414188159942627, 2.2418323249816896, 2.241231619644165, 2.2398557136535646, 2.2403720489501953, 2.2379177116394042, 2.2395719497680666, 2.239632002258301]], "valid_losses": [[2.7836007217407226, 2.701308650970459, 2.6479960266113283, 2.604089573287964, 2.5795130294799806, 2.571756135559082, 2.555104027938843, 2.529881610107422, 2.503222536087036, 2.4985550354003907, 2.4705254707336426, 2.4671791675567625, 2.4559840114593507, 2.429915628051758, 2.4057502010345457, 2.4229420631408694, 2.4144587924957275, 2.3965931697845457, 2.4085336067199705, 2.400327968597412, 2.393436869430542, 2.391924912261963, 2.389352953720093, 2.382184119415283, 2.3644021881103514, 2.3667601776123046, 2.3647073261260987, 2.3511277072906496, 2.349502834701538, 2.3528501148223877, 2.3782622169494627, 2.3584377674102783, 2.3635067790985107, 2.384912665939331, 2.368421364212036, 2.3737606853485107, 2.3723884586334227, 2.3719996200561524, 2.3738700157165527, 2.3710593837738037, 2.3828893932342528, 2.395060153579712, 2.4064007320404053, 2.3944399715423583, 2.388113582611084, 2.417510966491699, 2.3886402835845946, 2.4018179306030274, 2.4108931316375735]], "train_accs": [[3.0124999999999997, 6.6674999999999995, 9.74, 12.315, 14.0075, 15.83, 17.6825, 19.677500000000002, 21.432499999999997, 23.055, 24.51, 26.082499999999996, 27.737499999999997, 29.404999999999998, 30.912499999999998, 31.942500000000003, 33.15, 34.4475, 35.585, 36.4525, 37.824999999999996, 38.8025, 39.697500000000005, 40.815, 41.5825, 42.5225, 43.4975, 44.24, 45.3425, 45.739999999999995, 46.565, 47.7325, 47.997499999999995, 48.9925, 49.487500000000004, 50.0875, 50.654999999999994, 51.8825, 52.092499999999994, 52.4075, 53.217499999999994, 53.6625, 53.927499999999995, 54.735, 55.395, 55.8075, 56.294999999999995, 56.79, 57.004999999999995]], "valid_accs": [[4.569999999999999, 7.9799999999999995, 10.42, 12.920000000000002, 14.149999999999999, 14.6, 16.48, 18.360000000000003, 19.91, 20.8, 22.900000000000002, 24.03, 25.580000000000002, 27.27, 28.970000000000002, 28.96, 30.099999999999998, 31.319999999999997, 31.019999999999996, 32.28, 33.46, 34.18, 35.03, 35.76, 37.89, 37.79, 38.58, 39.75, 40.77, 40.93, 40.43, 41.58, 42.6, 41.79, 43.19, 42.91, 44.14, 44.66, 44.9, 45.269999999999996, 45.42, 45.17, 45.42, 45.86, 47.25, 46.11, 48.230000000000004, 47.73, 47.19]], "train_times": [[122.04708075523376, 120.86780667304993, 120.75739669799805, 121.33904433250427, 121.44779777526855, 121.44138860702515, 121.01209664344788, 122.00152921676636, 121.87622165679932, 122.27043771743774, 120.91664338111877, 121.71123504638672, 120.07111358642578, 120.74413180351257, 121.64324426651001, 121.11654114723206, 121.14561557769775, 121.61082911491394, 121.01115155220032, 122.30570387840271, 120.730637550354, 122.04857587814331, 121.32729911804199, 120.85351967811584, 121.01097869873047, 121.33525681495667, 121.86509537696838, 120.94150972366333, 120.49021911621094, 121.10948896408081, 121.1604073047638, 122.05791783332825, 121.57265400886536, 120.58645343780518, 121.19494819641113, 122.33227252960205, 121.97522020339966, 121.83644556999207, 121.0580050945282, 121.7221040725708, 120.75444531440735, 121.68634366989136, 121.43881249427795, 120.99763178825378, 121.68878817558289, 121.15334916114807, 121.02605652809143, 121.84976482391357, 121.83222699165344]], "valid_times": [[23.874089002609253, 23.504687070846558, 23.763520002365112, 23.41529083251953, 23.75794768333435, 23.706623554229736, 23.89039158821106, 23.84413194656372, 23.784080266952515, 24.075897455215454, 23.621116638183594, 23.895830631256104, 23.64106297492981, 23.992138385772705, 23.766446113586426, 23.308104038238525, 24.335587739944458, 23.4606511592865, 23.549542665481567, 24.584476947784424, 23.829298734664917, 24.051257610321045, 23.84913396835327, 24.16868495941162, 23.555976390838623, 23.584904193878174, 23.525007963180542, 23.738725900650024, 23.71609592437744, 24.769139528274536, 23.654159545898438, 23.94272804260254, 23.709303855895996, 23.78256893157959, 23.83156394958496, 24.04896068572998, 23.78532123565674, 23.70824384689331, 24.134000062942505, 24.039493322372437, 23.627838134765625, 23.878036737442017, 23.83705163002014, 23.63182306289673, 23.451377391815186, 24.3063006401062, 24.067727088928223, 23.79354763031006, 23.67009973526001]], "test_accuracy": 49.419999999999995, "convergence_iteration": 49}}