{"config": {"train_options": {"learning_rate": 0.005, "optimizer": "SGD", "batch_size": 128, "number_of_epochs": 300, "loss_parameters": {"temperature": 15, "distillation_type": "FILTER", "alpha": 0.8, "beta": 0.9}}}, "results": {"train_losses": [[8.211686279296876, 8.227628770446778, 8.245641821289063, 8.26418028717041, 8.282884083557128, 8.30160484008789, 8.320280325317382, 8.338896817016602, 8.357430754089355, 8.375941151428222, 8.39431001739502, 8.412576091003418, 8.43074227294922, 8.448888029479981, 8.466881559753418, 8.484825872802734, 8.50261619720459, 8.52038741607666, 8.538007449340821, 8.555592909240723, 8.573037329101563]], "valid_losses": [[8.219153811645509, 8.236429554748534, 8.254766780090332, 8.273395248413086, 8.292103433227538, 8.31082791442871, 8.32950703125, 8.34805037841797, 8.366570655822754, 8.384973394775391, 8.403386245727539, 8.421560675048829, 8.439673930358886, 8.457699342346192, 8.47573076171875, 8.493622245788574, 8.5113990234375, 8.529082772827149, 8.54661809539795, 8.564119982910157, 8.58158205871582]], "train_accs": [[0.7374999999999999, 1.3675, 1.6175, 1.7525, 1.8900000000000001, 2.0275000000000003, 2.04, 2.2025, 2.4, 2.36, 2.55, 2.81, 3.17, 3.4425, 3.6675, 3.7725, 4.005, 4.12, 4.217499999999999, 4.2875000000000005, 4.3925]], "valid_accs": [[1.38, 1.6099999999999999, 1.78, 1.91, 2.04, 2.06, 2.17, 2.2399999999999998, 2.36, 2.7199999999999998, 2.92, 3.25, 3.26, 3.7900000000000005, 3.84, 4.07, 3.82, 4.17, 4.4799999999999995, 4.3999999999999995, 4.49]], "train_times": [[123.97700071334839, 125.42198967933655, 124.8600594997406, 124.393146276474, 125.60067009925842, 124.19555592536926, 125.01311087608337, 124.69758176803589, 124.58969354629517, 127.52472376823425, 125.55449843406677, 126.39096975326538, 124.15143370628357, 126.70916438102722, 125.33501744270325, 124.49257755279541, 124.86606454849243, 125.71429562568665, 123.95408010482788, 125.40867829322815, 123.66866517066956]], "valid_times": [[23.417641162872314, 23.90325379371643, 25.40454602241516, 23.43538188934326, 23.445411682128906, 23.874354124069214, 23.648258686065674, 24.685736656188965, 23.482083082199097, 23.636171579360962, 24.371572256088257, 23.19061541557312, 24.711055278778076, 24.142035961151123, 23.523568868637085, 24.73344588279724, 24.9790678024292, 23.55991792678833, 23.832384824752808, 23.703670501708984, 24.71551203727722]], "test_accuracy": 4.45, "convergence_iteration": 21}}