{"config": {"train_options": {"learning_rate": 0.005, "optimizer": "SGD", "batch_size": 128, "number_of_epochs": 300, "loss_parameters": {"temperature": 5, "distillation_type": "FILTER", "alpha": 0.2, "beta": 0.3}}}, "results": {"train_losses": [[4.969944277954101, 4.757070854949951, 4.641981497192383, 4.567837438964844, 4.5084727684020995, 4.463062580108643, 4.424788642883301, 4.387889686584472, 4.352044465637207, 4.313467183685303, 4.271380130004883, 4.234291619873047, 4.192699757385254, 4.158062496948242, 4.120755828857422, 4.090181636810303, 4.064171480560303, 4.038384099578858, 4.013550703430176, 3.989133469772339, 3.9681687366485594, 3.9484746154785157, 3.929130223083496, 3.910328240966797, 3.8927137802124023, 3.875670652770996, 3.854751612854004, 3.841427276611328, 3.829823058319092, 3.8141853828430174, 3.7986187587738036, 3.7856313831329347, 3.775003896331787, 3.763462024307251, 3.75196619682312, 3.739573293685913, 3.726811671447754, 3.7207215881347655, 3.706375323867798, 3.697192765045166, 3.6899379211425782, 3.6832071548461913, 3.6721168518066407, 3.6659989253997805, 3.654315283584595, 3.6465464637756346, 3.6375032066345216, 3.6308342555999755, 3.627823114776611, 3.61791943397522, 3.6131657958984373, 3.6057086555480957, 3.5980815376281736, 3.5928218036651614, 3.58640075340271, 3.5793661445617677, 3.575113324737549, 3.571057034301758, 3.565056935119629, 3.561120483779907, 3.554090264892578, 3.5480326267242432, 3.544718358230591, 3.541187717056274, 3.5359624374389647, 3.5292430839538573, 3.527746155548096, 3.5239091697692873, 3.520086259841919, 3.514638341522217, 3.509543719100952, 3.504761287307739, 3.503275366973877, 3.4988887592315674, 3.4968769634246826, 3.492644435119629, 3.4867939178466796, 3.4847515048980715, 3.485171541595459]], "valid_losses": [[4.844860087585449, 4.683650218200683, 4.6154702987670895, 4.5404653594970705, 4.5091888710021975, 4.476271896362305, 4.429169912719726, 4.409599056243897, 4.359873059082031, 4.33721120300293, 4.296196215057373, 4.251566820526123, 4.235044838714599, 4.192034437942505, 4.178167049789429, 4.133148537826538, 4.105737783432007, 4.085274939346314, 4.060475373077392, 4.053007137680054, 4.04147731628418, 4.046528547668457, 4.0360793766021725, 4.02153949432373, 4.011251198959351, 3.988390182495117, 3.97882144241333, 3.9607669982910156, 3.949510248184204, 3.925885318374634, 3.921612456512451, 3.9028116161346436, 3.912006349563599, 3.9124369075775145, 3.9020887718200683, 3.929407639312744, 3.8962283966064453, 3.87669631729126, 3.876715436553955, 3.866383321762085, 3.8704251621246337, 3.857998235321045, 3.856186793899536, 3.8668213039398194, 3.8504605182647706, 3.866106768798828, 3.8475394550323485, 3.848168243408203, 3.870479050064087, 3.8496740249633787, 3.868317961502075, 3.8782872985839845, 3.8614423347473146, 3.8779057437896727, 3.886705690765381, 3.84843059425354, 3.8445242698669433, 3.8488988552093506, 3.844364310836792, 3.849427334213257, 3.8762889286041258, 3.8714629795074464, 3.888124949645996, 3.865538870239258, 3.886525008392334, 3.8829731784820556, 3.8730674419403077, 3.915885331726074, 3.877864311981201, 3.8995391757965088, 3.895654559326172, 3.885035026931763, 3.883855710601807, 3.915886658859253, 3.91828804397583, 3.8833080169677734, 3.871819062042236, 3.914233737564087, 3.926493745422363]], "train_accs": [[3.3000000000000003, 7.102500000000001, 9.782499999999999, 11.737499999999999, 13.5775, 15.107499999999998, 16.7025, 18.18, 19.285, 20.627499999999998, 22.325, 23.6225, 25.0675, 26.479999999999997, 27.815, 29.1025, 30.335, 31.4925, 32.2, 33.635, 34.5875, 35.5975, 36.385, 37.1375, 38.2425, 38.934999999999995, 39.85, 40.849999999999994, 41.035, 42.25, 42.88, 43.5625, 43.95, 44.995000000000005, 45.515, 46.097500000000004, 47.0175, 47.4625, 48.0825, 48.605, 49.07, 49.65, 50.239999999999995, 50.4, 51.519999999999996, 52.1225, 52.4525, 53.269999999999996, 53.0775, 53.607499999999995, 53.910000000000004, 54.5925, 55.315000000000005, 55.6975, 56.00000000000001, 56.38999999999999, 56.879999999999995, 57.394999999999996, 57.377500000000005, 57.95, 58.5475, 58.7975, 59.055, 59.375, 60.0125, 60.5175, 60.345000000000006, 60.94500000000001, 61.3275, 61.714999999999996, 62.185, 62.3675, 62.517500000000005, 62.68, 63.277499999999996, 63.605000000000004, 63.8775, 64.0525, 64.2975]], "valid_accs": [[5.319999999999999, 9.09, 10.74, 13.29, 14.11, 15.9, 17.150000000000002, 18.01, 19.869999999999997, 20.73, 22.35, 23.919999999999998, 24.41, 26.229999999999997, 26.840000000000003, 28.01, 29.13, 30.18, 31.4, 31.879999999999995, 32.11, 33.03, 33.42, 33.87, 34.339999999999996, 35.89, 35.79, 36.55, 37.46, 38.56, 39.57, 40.33, 39.57, 40.19, 40.089999999999996, 40.33, 41.13, 42.19, 41.760000000000005, 42.970000000000006, 42.870000000000005, 44.04, 43.9, 43.5, 44.519999999999996, 44.15, 45.46, 45.75, 44.93, 46.18, 45.379999999999995, 45.18, 45.96, 45.550000000000004, 45.4, 47.05, 46.89, 47.61, 47.949999999999996, 47.56, 47.4, 47.72, 47.18, 48.0, 47.46, 48.230000000000004, 48.03, 47.18, 48.71, 48.07, 48.38, 49.2, 49.61, 48.52, 48.76, 49.82, 50.970000000000006, 49.5, 49.769999999999996]], "train_times": [[120.45410394668579, 121.18311071395874, 121.46339535713196, 121.52707314491272, 122.39865803718567, 120.36011099815369, 124.47167563438416, 121.94269824028015, 120.90655565261841, 121.08084034919739, 121.1962411403656, 121.62442946434021, 121.35796022415161, 121.17159247398376, 121.76873469352722, 121.47227454185486, 120.87917184829712, 120.67239832878113, 121.03630018234253, 121.0045235157013, 121.22934460639954, 121.88665056228638, 121.53866481781006, 122.79932284355164, 121.54441213607788, 121.80932259559631, 121.15310502052307, 121.05827808380127, 121.43381404876709, 121.87659215927124, 121.50212335586548, 121.83817768096924, 121.18715476989746, 121.12058353424072, 122.19120287895203, 120.3977952003479, 120.61024212837219, 121.10599851608276, 120.71447658538818, 121.41843914985657, 121.70438814163208, 121.39862132072449, 121.46550989151001, 122.43482780456543, 121.28978490829468, 121.32823061943054, 121.35586810112, 122.69108533859253, 121.28675150871277, 121.90849041938782, 121.6218831539154, 121.29723834991455, 120.99894523620605, 122.5640709400177, 121.0936336517334, 120.55294752120972, 121.14242458343506, 122.50845098495483, 121.97735357284546, 121.48987030982971, 121.44180417060852, 122.91669869422913, 121.46418809890747, 120.66159749031067, 121.71776175498962, 120.42011046409607, 120.91499900817871, 121.60308337211609, 121.3713788986206, 120.50479054450989, 121.24186992645264, 121.02679204940796, 120.8639485836029, 121.22745037078857, 122.32023787498474, 121.14187026023865, 120.76634645462036, 120.96355772018433, 121.19437956809998]],