{"config": {"train_options": {"learning_rate": 0.05, "optimizer": "SGD", "batch_size": 128, "number_of_epochs": 300, "loss_parameters": {"temperature": 15, "distillation_type": "FILTER", "alpha": 0.2, "beta": 0.9}}}, "results": {"train_losses": [[8.910938024902343, 9.0559298828125, 9.205548352050782, 9.354661285400391, 9.499324299621582, 9.636702922058106, 9.767115351867675, 9.892012561035155, 10.011649194335938, 10.12685740661621, 10.237712422180175, 10.343584185791016, 10.445044026184082, 10.542297848510742, 10.63597065887451, 10.725283125305175, 10.81076710205078, 10.893595364379882, 10.972329496765136, 11.048274531555176, 11.12166314086914]], "valid_losses": [[8.981172477722168, 9.132908413696288, 9.284449317932129, 9.434136297607422, 9.577289598083496, 9.710387484741211, 9.842501849365235, 9.964260610961913, 10.085889183044433, 10.199900616455079, 10.304304763793946, 10.41071273651123, 10.506018385314942, 10.60197740020752, 10.696522425842286, 10.786183004760742, 10.868048547363282, 10.950676196289063, 11.030285969543456, 11.109108770751954, 11.180246932983398]], "train_accs": [[3.1975000000000002, 7.595000000000001, 11.132499999999999, 14.0375, 16.0225, 18.3975, 20.560000000000002, 22.46, 24.5475, 26.07, 27.517500000000002, 29.205, 30.4875, 32.035000000000004, 33.33, 35.0425, 36.0625, 37.6075, 38.9925, 40.0375, 41.265]], "valid_accs": [[4.6899999999999995, 9.01, 12.030000000000001, 13.61, 15.58, 17.080000000000002, 18.98, 21.05, 22.09, 22.86, 25.779999999999998, 26.06, 28.27, 29.65, 30.070000000000004, 30.95, 32.36, 33.2, 34.13, 34.050000000000004, 35.72]], "train_times": [[122.65087056159973, 122.28503036499023, 121.43484592437744, 121.30552554130554, 121.72069883346558, 122.04122352600098, 121.46601748466492, 122.67720007896423, 121.12933373451233, 121.9203748703003, 121.50207829475403, 121.47789859771729, 121.27496838569641, 121.7023413181305, 121.44758772850037, 122.38019442558289, 121.29334306716919, 123.22503328323364, 121.29599404335022, 122.4399802684784, 122.00740051269531]], "valid_times": [[23.601304292678833, 23.95399260520935, 23.697254419326782, 23.542027473449707, 23.283005237579346, 23.37946605682373, 23.57366943359375, 23.71957802772522, 24.006680250167847, 23.916571855545044, 23.694478750228882, 23.088383436203003, 23.464777946472168, 23.356488943099976, 23.52543544769287, 23.268760204315186, 23.468802213668823, 23.48219895362854, 23.565452337265015, 23.251553535461426, 23.523518323898315]], "test_accuracy": 36.02, "convergence_iteration": 21}}