{"config": {"train_options": {"learning_rate": 0.01, "optimizer": "SGD", "batch_size": 128, "number_of_epochs": 300, "loss_parameters": {"temperature": 20, "distillation_type": "FILTER", "alpha": 0.5, "beta": 0.4}}}, "results": {"train_losses": [[3.8354328201293946, 3.757946371078491, 3.7050977363586424, 3.674965983200073, 3.651685778427124, 3.638223120880127, 3.6279123184204103, 3.6185977630615236, 3.6095755088806154, 3.5990665466308593, 3.588179856491089, 3.5801789070129395, 3.5718484870910645, 3.56235918006897, 3.5540860591888426, 3.5497107822418212, 3.5444408699035646, 3.539918073272705, 3.536790863037109, 3.5325701248168944, 3.531225881958008, 3.528950464630127, 3.526696124649048, 3.5243312854766846, 3.524239141082764, 3.5230347763061522, 3.521936340332031, 3.522139387512207, 3.5222048225402833, 3.5218324283599856, 3.5227898040771484, 3.5254697566986084, 3.5249478729248045, 3.524984053039551, 3.5288090965270995, 3.5309936084747315, 3.531605461883545]], "valid_losses": [[3.7987646003723143, 3.728103520965576, 3.692756251525879, 3.662024620437622, 3.6539539672851564, 3.635969989013672, 3.6293384422302246, 3.6283223670959472, 3.6164706092834473, 3.614797692108154, 3.6032181365966798, 3.6091232093811034, 3.608657907104492, 3.590560029220581, 3.5890334060668945, 3.578341162109375, 3.5745211826324463, 3.581076906967163, 3.590963218688965, 3.5861075141906738, 3.5911483715057373, 3.585880630493164, 3.584016623687744, 3.6148022567749023, 3.5902181858062745, 3.589164912414551, 3.5823017986297607, 3.5910685546875, 3.6073338798522947, 3.594212829208374, 3.60192838973999, 3.59797342376709, 3.6120362895965576, 3.617554197692871, 3.6211254524230956, 3.612936112976074, 3.615529312133789]], "train_accs": [[2.9000000000000004, 6.3149999999999995, 9.15, 11.2725, 13.2325, 14.5925, 16.3275, 17.407500000000002, 18.655, 20.7325, 21.959999999999997, 23.315, 24.545, 26.132499999999997, 27.4775, 28.792499999999997, 29.8925, 30.972499999999997, 32.269999999999996, 33.125, 34.265, 35.3325, 36.3825, 37.377500000000005, 38.1425, 39.605000000000004, 40.0125, 40.935, 42.0475, 42.7125, 43.575, 44.005, 45.0325, 46.050000000000004, 46.415, 47.2075, 47.7425]], "valid_accs": [[3.85, 7.430000000000001, 10.209999999999999, 11.89, 13.389999999999999, 15.4, 16.57, 17.61, 19.35, 20.369999999999997, 21.37, 22.74, 23.29, 25.629999999999995, 25.88, 27.589999999999996, 28.99, 29.24, 29.59, 30.630000000000003, 31.369999999999997, 32.68, 33.83, 32.83, 34.870000000000005, 35.120000000000005, 36.84, 36.88, 37.1, 38.68, 38.57, 39.69, 39.269999999999996, 40.12, 40.53, 41.91, 42.63]], "train_times": [[120.36191272735596, 121.01653861999512, 121.35249876976013, 124.35748291015625, 124.06456017494202, 122.019455909729, 121.48717498779297, 121.96965980529785, 122.15464115142822, 122.50946593284607, 121.89625072479248, 121.22573375701904, 122.05836391448975, 120.88610100746155, 122.66059255599976, 121.46788311004639, 123.03173470497131, 122.60242223739624, 120.27926516532898, 121.73962092399597, 121.49018883705139, 120.90165686607361, 121.84606885910034, 121.12656569480896, 122.55885314941406, 121.64807295799255, 122.41465926170349, 121.73705339431763, 120.79509377479553, 121.17243814468384, 120.93468570709229, 121.14249300956726, 121.18995642662048, 120.84209561347961, 120.4906313419342, 121.72353100776672, 120.20552945137024]], "valid_times": [[23.503575086593628, 23.39236330986023, 23.665488958358765, 23.499908685684204, 24.02270770072937, 24.049259185791016, 23.26412081718445, 23.482475519180298, 23.25163769721985, 23.388039112091064, 23.189021587371826, 23.917125463485718, 23.299023389816284, 23.425535678863525, 24.06330394744873, 23.35488772392273, 23.280859231948853, 23.385148525238037, 23.35845446586609, 23.21110248565674, 23.582225561141968, 23.364349365234375, 23.421342134475708, 23.228877544403076, 23.390533447265625, 23.370431184768677, 23.102516412734985, 23.40872311592102, 23.403525829315186, 23.236337900161743, 23.429950714111328, 24.12608814239502, 23.42198944091797, 23.386324882507324, 23.450729370117188, 23.681761980056763, 23.04658818244934]], "test_accuracy": 43.49, "convergence_iteration": 37}}