{
  "config": {
    "train_options": {
      "learning_rate": 0.005,
      "optimizer": "SGD",
      "batch_size": 128,
      "number_of_epochs": 300,
      "loss_parameters": {
        "temperature": 20,
        "distillation_type": "FILTER",
        "alpha": 0.8,
        "beta": 0.4
      }
    }
  },
  "results": {
    "train_losses": [
      [
        2.210736429595947, 2.198314287567139, 2.197351215362549,
        2.197331632232666, 2.1974719917297363, 2.1966376804351806,
        2.1949538429260254, 2.193847426605225, 2.1939361000061037,
        2.194167700958252, 2.1949715354919435, 2.196972367095947,
        2.1990344680786134, 2.2019030963897706, 2.2054402744293213,
        2.2093456398010254, 2.2133934761047365, 2.2173737590789795,
        2.222005153656006, 2.226510891723633, 2.231745574951172,
        2.236140648651123, 2.2408506019592287, 2.2460662162780762,
        2.2504193756103517, 2.255712829589844, 2.260367946624756,
        2.265331920623779, 2.270196851348877
      ]
    ],
    "valid_losses": [
      [
        2.199914699935913, 2.1980375526428224, 2.198155655670166,
        2.198000580596924, 2.198722721862793, 2.19767915725708,
        2.1966432373046874, 2.1967650871276856, 2.196474295043945,
        2.1990181617736817, 2.1989626495361327, 2.2006897422790526,
        2.204055278778076, 2.2076330841064453, 2.212312498474121,
        2.216400718688965, 2.220571991729736, 2.2247741283416747,
        2.2297255737304686, 2.2367635028839112, 2.240947515106201,
        2.245453113555908, 2.252034531402588, 2.2557215065002443,
        2.2634709823608397, 2.266401863479614, 2.2717224479675293,
        2.2787181858062744, 2.283232411193848
      ]
    ],
    "train_accs": [
      [
        1.5824999999999998, 2.8674999999999997, 4.0175, 5.2625, 6.2575, 7.085,
        7.9625, 8.8175, 9.43, 10.0, 10.6425, 11.3275, 11.935, 12.605, 13.0075,
        13.345, 14.0775, 14.495, 14.732500000000002, 15.2375, 15.5475, 16.0275,
        16.470000000000002, 16.6, 17.235, 17.47, 17.7875, 18.1575, 18.4
      ]
    ],
    "valid_accs": [
      [
        2.26, 3.5000000000000004, 4.68, 5.510000000000001, 6.39, 7.1, 8.02,
        8.36, 9.139999999999999, 9.8, 10.52, 11.200000000000001, 11.92,
        12.049999999999999, 12.83, 13.370000000000001, 13.74, 14.21,
        14.799999999999999, 14.799999999999999, 15.21, 16.03, 16.03,
        15.959999999999999, 16.04, 16.77, 16.919999999999998, 17.37, 17.43
      ]
    ],
    "train_times": [
      [
        124.11827683448792, 125.60518765449524, 124.29003548622131,
        123.50724244117737, 124.47723078727722, 123.6300618648529,
        125.2539393901825, 124.55941009521484, 123.53305149078369,
        126.15054988861084, 124.17267942428589, 123.75053024291992,
        124.96029806137085, 126.08399200439453, 123.48859763145447,
        123.49256134033203, 124.46625256538391, 123.78266310691833,
        123.51817584037781, 126.8032763004303, 126.5872151851654,
        125.17532539367676, 126.63665390014648, 126.98051977157593,
        127.2831404209137, 129.06364941596985, 126.90912246704102,
        128.0462121963501, 128.8876769542694
      ]
    ],
    "valid_times": [
      [
        24.19685459136963, 24.267041206359863, 24.290231943130493,
        23.900225400924683, 24.13677668571472, 23.57754898071289,
        24.82604455947876, 24.339954376220703, 24.485926866531372,
        23.739936113357544, 23.848496437072754, 23.813579082489014,
        24.532558917999268, 24.01286482810974, 23.953048944473267,
        24.146989107131958, 24.375872373580933, 23.735007762908936,
        23.846750259399414, 24.328163623809814, 24.20396399497986,
        24.154115200042725, 24.643126249313354, 24.811338901519775,
        24.3576180934906, 24.695520639419556, 24.09092092514038,
        24.936479091644287, 24.645242929458618
      ]
    ],
    "test_accuracy": 17.88,
    "convergence_iteration": 29
  }
}
