{"config": {"train_options": {"learning_rate": 0.01, "optimizer": "SGD", "batch_size": 128, "number_of_epochs": 300, "loss_parameters": {"temperature": 5, "distillation_type": "FILTER", "alpha": 0.4, "beta": 0.4}}}, "results": {"train_losses": [[4.734579718780518, 4.629148733520508, 4.552858481597901, 4.502219245147705, 4.464896408081055, 4.4361061683654786, 4.406748333740234, 4.382620053863525, 4.362134746551513, 4.34327537689209, 4.328062635803223, 4.313079166412353, 4.2984578369140625, 4.289156970214844, 4.277615697479248, 4.267590962982178, 4.259397038269043, 4.24852474975586, 4.240636285400391, 4.236047649383545, 4.230229775238037, 4.225342436218262, 4.2187951522827145, 4.217253008270264, 4.212403868865967, 4.210868396759033, 4.207682054138184, 4.207331038665772, 4.206612166595459, 4.205668533325196, 4.205331061553955, 4.204976548004151, 4.204811243438721, 4.203834735870362, 4.205035563659668, 4.206906546020508, 4.208076548004151, 4.21034797668457, 4.208627170562744, 4.212240386199952, 4.2125646713256835, 4.215951376342773]], "valid_losses": [[4.680747453308105, 4.602363735198975, 4.538753849029541, 4.500014291381836, 4.488740434265137, 4.443056006622315, 4.441329398345947, 4.401491526031494, 4.398018753814697, 4.3807852165222165, 4.368998258972168, 4.405357168579101, 4.352325243377686, 4.359068328857422, 4.34713618850708, 4.33516416091919, 4.336970553588867, 4.32612992477417, 4.317947549438476, 4.306352406311035, 4.3321228706359864, 4.298186533355713, 4.30999016418457, 4.303536631774902, 4.303561814117431, 4.3092497444152835, 4.30130638961792, 4.300742554473877, 4.319720904541016, 4.304243752288818, 4.308437885284424, 4.333022132873535, 4.329640312957764, 4.342519456481933, 4.333862130737304, 4.3301683494567875, 4.339544569396972, 4.344008801269531, 4.361659913635254, 4.3562937965393065, 4.37210193862915, 4.371240838623047]], "train_accs": [[3.045, 6.295000000000001, 9.7575, 13.0125, 15.225, 17.3775, 19.1375, 21.365000000000002, 22.9075, 24.6625, 26.142500000000002, 27.565, 29.2, 30.349999999999998, 31.7075, 33.09, 34.13, 35.5225, 36.9475, 37.925, 39.095, 40.400000000000006, 41.205000000000005, 42.125, 43.3, 44.11, 44.6375, 45.815, 46.2975, 47.0, 48.16, 48.754999999999995, 49.377500000000005, 49.975, 50.885000000000005, 51.22, 51.627500000000005, 52.225, 53.02, 53.4675, 54.0675, 54.415]], "valid_accs": [[4.24, 7.66, 11.110000000000001, 13.930000000000001, 14.92, 17.83, 18.41, 20.669999999999998, 21.59, 23.02, 24.64, 23.599999999999998, 27.029999999999998, 26.86, 29.03, 29.78, 30.380000000000003, 31.919999999999998, 33.589999999999996, 34.410000000000004, 33.64, 36.4, 36.57, 37.62, 38.29, 38.800000000000004, 39.81, 40.489999999999995, 39.989999999999995, 41.0, 41.870000000000005, 41.05, 41.75, 42.449999999999996, 43.32, 44.49, 44.14, 44.68, 44.529999999999994, 45.15, 45.03, 45.16]], "train_times": [[124.11291575431824, 124.12016606330872, 125.11894679069519, 123.20330286026001, 123.7986512184143, 124.51335501670837, 123.68644690513611, 123.40066361427307, 123.91535878181458, 123.58910655975342, 123.705148935318, 124.17475080490112, 124.60617303848267, 124.6342420578003, 124.1652581691742, 123.83882737159729, 124.9565703868866, 123.78113889694214, 124.1388680934906, 123.64620304107666, 124.40328454971313, 123.27594351768494, 125.5240547657013, 123.48655676841736, 124.26182460784912, 124.32118010520935, 124.03256702423096, 123.59064102172852, 124.05931496620178, 123.80797028541565, 123.77793574333191, 123.81702089309692, 123.8277108669281, 124.61003375053406, 125.18999290466309, 123.95454955101013, 123.49340033531189, 124.22811937332153, 125.0447564125061, 124.54512882232666, 123.76770210266113, 124.0472023487091]], "valid_times": [[23.52383041381836, 23.74727201461792, 23.381648778915405, 23.377225875854492, 23.414324283599854, 23.492499113082886, 23.409618854522705, 23.579580068588257, 23.527902126312256, 23.641796588897705, 23.749282598495483, 23.545674562454224, 23.389410734176636, 23.542115688323975, 23.605872631072998, 23.516159057617188, 23.455780744552612, 23.901374101638794, 23.741541147232056, 23.727357387542725, 23.705219745635986, 23.67182207107544, 23.518433570861816, 23.721750020980835, 23.705161809921265, 23.502469778060913, 23.69818639755249, 23.48145866394043, 23.691143035888672, 23.492973566055298, 23.346728801727295, 23.328731536865234, 23.692166566848755, 23.69610857963562, 23.91334319114685, 23.74648666381836, 23.517680168151855, 23.522835969924927, 24.170093059539795, 23.971991062164307, 23.364078998565674, 23.681893348693848]], "test_accuracy": 47.0, "convergence_iteration": 42}}