{"config": {"train_options": {"learning_rate": 0.005, "optimizer": "SGD", "batch_size": 128, "number_of_epochs": 300, "loss_parameters": {"temperature": 10, "distillation_type": "FILTER", "alpha": 0.1, "beta": 0.3}}}, "results": {"train_losses": [[5.339976013183594, 5.119972795104981, 5.004601784515381, 4.930680853271484, 4.862999971008301, 4.806609706115722, 4.761115589904785, 4.714561459350586, 4.67335199432373, 4.6303407531738285, 4.585166128540039, 4.543487924194336, 4.504374074554443, 4.4604094741821285, 4.420536352539062, 4.380560186767578, 4.343653382873535, 4.3118900833129885, 4.284121307373047, 4.250652543640137, 4.21941280670166, 4.196434115600586, 4.167002049255371, 4.145580194854737, 4.117059069824219, 4.099083399200439, 4.074802668762207, 4.052012970733642, 4.032005278778076, 4.016825074005127, 3.996832021713257, 3.978581522369385, 3.9644508350372316, 3.9488206214904786, 3.9341870849609375, 3.916661144256592, 3.9034969970703126, 3.8926184143066407, 3.8792506591796876, 3.8664323333740236, 3.855530638885498, 3.8434882438659668, 3.836077864074707, 3.8239965965270994, 3.811977400970459, 3.801485455703735, 3.7936535919189454, 3.791082943344116, 3.77773766784668, 3.766321403503418, 3.7676078300476075, 3.754305223083496, 3.742767329788208, 3.737330319595337, 3.7325607780456544, 3.722803434753418, 3.7178649349212645, 3.7092047401428223, 3.7003302070617674, 3.697904713439941, 3.6904118618011474, 3.6847389976501463, 3.6827205764770508, 3.675506398010254, 3.669866425704956, 3.6622382518768313, 3.655349588012695]], "valid_losses": [[5.211110506439209, 5.054256265258789, 4.986781958007812, 4.912022954559326, 4.862620373535156, 4.817931080627441, 4.7904966796875, 4.7703826736450194, 4.722088305664062, 4.685452302551269, 4.648339637756347, 4.6051073669433595, 4.548428279876709, 4.507570470428467, 4.4697384216308595, 4.454407569885254, 4.429611936950684, 4.386753202819825, 4.370291637420654, 4.341547282409668, 4.310020570373535, 4.280273149871826, 4.280857653808594, 4.255739915466308, 4.252793849945069, 4.214654895782471, 4.195472127532959, 4.173095234680176, 4.16354557800293, 4.156768759536743, 4.139613550186157, 4.151985567474365, 4.155079373931885, 4.126438959503174, 4.113630411148072, 4.10225320892334, 4.117291780853272, 4.09538373336792, 4.083368672180176, 4.08171195526123, 4.096849729156494, 4.122309131622314, 4.090670333862304, 4.0765998229980465, 4.086613447570801, 4.086199137878418, 4.054926705169677, 4.078123268890381, 4.101539627075195, 4.09162497177124, 4.062134864044189, 4.067224833679199, 4.0748257667541505, 4.073273863601685, 4.101018337631226, 4.083586933135987, 4.09114076385498, 4.110991270446777, 4.090350190734863, 4.092506869506836, 4.087016485595703, 4.080645147323608, 4.065824364471435, 4.0903047164916995, 4.086499887466431, 4.114689799118042, 4.0625353530883785]], "train_accs": [[3.7925, 7.7425, 10.27, 12.1775, 13.897499999999999, 15.5425, 17.080000000000002, 18.92, 20.185, 21.365000000000002, 22.855, 24.285, 25.525, 26.942500000000003, 28.110000000000003, 29.372500000000002, 30.887500000000003, 31.775, 32.8675, 34.1975, 35.6, 36.565, 37.84, 38.337500000000006, 39.985, 40.527499999999996, 41.7525, 42.5925, 43.515, 44.2125, 45.095, 45.887499999999996, 46.725, 47.442499999999995, 48.245, 48.7425, 49.495, 50.13999999999999, 50.7325, 51.4625, 51.86500000000001, 52.4775, 52.839999999999996, 53.717499999999994, 54.035, 54.54750000000001, 55.235, 55.5975, 56.1125, 56.589999999999996, 56.8375, 57.32000000000001, 58.1325, 58.3275, 58.60999999999999, 59.25749999999999, 59.555, 60.099999999999994, 60.589999999999996, 60.419999999999995, 61.277499999999996, 61.5, 61.55500000000001, 61.932500000000005, 62.6425, 62.980000000000004, 63.0975]], "valid_accs": [[6.22, 8.98, 10.85, 12.740000000000002, 13.91, 15.260000000000002, 16.29, 17.09, 18.21, 19.41, 20.979999999999997, 22.17, 24.16, 25.52, 27.11, 27.52, 28.660000000000004, 30.4, 30.94, 32.04, 33.22, 33.93, 34.44, 35.61, 35.75, 36.61, 38.0, 38.86, 39.22, 40.160000000000004, 40.22, 40.36, 39.98, 41.510000000000005, 42.089999999999996, 42.49, 42.27, 44.16, 44.45, 44.7, 44.3, 43.3, 44.96, 44.81, 45.09, 45.15, 46.650000000000006, 46.03, 45.48, 46.32, 46.89, 47.43, 46.96, 47.71, 46.589999999999996, 47.21, 47.23, 46.68, 47.839999999999996, 47.82, 48.199999999999996, 48.18, 48.93, 48.64, 49.120000000000005, 48.15, 49.79]], "train_times": [[119.9434106349945, 120.7703161239624, 123.3343014717102, 123.7329912185669, 122.08661937713623, 120.8419759273529, 122.02804374694824, 121.01948261260986, 121.46967625617981, 121.82837295532227, 122.14837431907654, 120.61832690238953, 121.04854774475098, 120.91389107704163, 120.7166588306427, 121.32947254180908, 121.24546885490417, 122.33301782608032, 121.7766432762146, 121.4566125869751, 121.54894042015076, 120.83093881607056, 121.09015369415283, 120.87036085128784, 121.72174644470215, 121.69726657867432, 120.58468866348267, 121.0480227470398, 121.52267575263977, 120.70501637458801, 122.04065203666687, 120.941978931427, 120.359215259552, 121.2088372707367, 121.01574373245239, 122.41467118263245, 121.3401849269867, 121.2951500415802, 120.65788745880127, 121.59297823905945, 121.3005759716034, 120.73007345199585, 120.55068874359131, 121.18316507339478, 120.85934090614319, 121.91241383552551, 120.95776438713074, 120.68771839141846, 121.48894262313843, 121.33606266975403, 120.44366550445557, 121.47975087165833, 121.89794325828552, 121.45899820327759, 122.93965673446655, 121.25238466262817, 121.09640455245972, 121.54075455665588, 120.71535110473633, 121.09540915489197, 121.0058217048645, 120.51630020141602, 120.99743390083313, 121.90950393676758, 121.45919060707092, 121.1481420993805, 121.1219334602356]], "valid_times": [[23.28374481201172, 23.07219433784485, 24.234558582305908, 23.542393922805786, 23.103376388549805, 22.928310871124268, 23.051185369491577, 22.894068956375122, 22.981017351150513, 23.0834321975708, 23.06559920310974, 23.21923589706421, 23.123528242111206, 22.835402965545654, 23.643276691436768, 23.219801664352417, 23.71903133392334, 23.227933406829834, 22.764391660690308, 23.202892780303955, 23.219613552093506, 23.207499265670776, 23.357201099395752, 23.37209415435791, 23.10751438140869, 23.13008213043213, 23.36206841468811, 23.290403127670288, 22.80695939064026, 23.199605464935303, 22.945998191833496, 23.418221712112427, 23.129010438919067, 23.38010334968567, 23.053584098815918, 23.201310396194458, 23.2845516204834, 23.606022357940674, 23.820788383483887, 23.37447476387024, 23.771761655807495, 23.3180935382843, 22.76063561439514, 23.26188564300537, 23.410828590393066, 23.2316472530365, 22.963189125061035, 23.08876633644104, 23.6703941822052, 22.882977962493896, 22.92487597465515, 23.394627571105957, 23.12005877494812, 23.734461069107056, 23.197607040405273, 23.594271421432495, 23.165688037872314, 23.04196572303772, 23.519118309020996, 23.054572105407715, 23.062105894088745, 23.153151988983154, 22.94912028312683, 23.43964958190918, 23.70267653465271, 23.208011627197266, 23.421141624450684]], "test_accuracy": 50.68, "convergence_iteration": 67}}