{"config": {"train_options": {"learning_rate": 0.01, "optimizer": "SGD", "batch_size": 128, "number_of_epochs": 300, "loss_parameters": {"temperature": 20, "distillation_type": "FILTER", "alpha": 0.2, "beta": 0.9}}}, "results": {"train_losses": [[8.90001922607422, 8.922626683044433, 8.94623020324707, 8.971873501586915, 8.999770407104492, 9.028927458190918, 9.058689262390137, 9.089155247497558, 9.119561167907715, 9.150023405456542, 9.180693235778808, 9.210964164733888, 9.241110604858399, 9.271377691650391, 9.30107105255127, 9.331046377563476, 9.360564820861816, 9.389885089111328, 9.418984799194336, 9.447661120605469, 9.476186177062988]], "valid_losses": [[8.910210539245606, 8.934176580810547, 8.958033190917968, 8.985243264770508, 9.013772265625, 9.04369033050537, 9.073996524047852, 9.10452289276123, 9.134751191711425, 9.165774429321289, 9.19696591796875, 9.227252087402343, 9.25769880065918, 9.288360868835449, 9.318060762023926, 9.347905015563965, 9.37759291229248, 9.406682861328125, 9.435520339965821, 9.464780628967285, 9.492764559936523]], "train_accs": [[1.2850000000000001, 3.0075000000000003, 4.77, 6.0575, 7.199999999999999, 8.1325, 9.3375, 10.274999999999999, 10.97, 11.522499999999999, 12.1375, 12.632499999999999, 13.245000000000001, 13.692499999999999, 14.332500000000001, 14.879999999999999, 15.49, 16.1025, 16.3925, 16.900000000000002, 17.445]], "valid_accs": [[2.16, 4.130000000000001, 5.79, 7.04, 7.99, 9.02, 10.14, 10.84, 11.26, 11.82, 11.87, 12.629999999999999, 13.07, 13.86, 14.37, 14.149999999999999, 15.02, 15.629999999999999, 16.74, 16.53, 17.11]], "train_times": [[123.33786416053772, 123.38994026184082, 123.42748856544495, 123.76935410499573, 124.01976466178894, 122.89536380767822, 124.27167534828186, 123.60543155670166, 123.25695061683655, 123.18792343139648, 124.56239080429077, 123.33919620513916, 123.28877377510071, 122.95518445968628, 123.44590592384338, 123.51264905929565, 123.2777099609375, 121.15375185012817, 122.64279770851135, 123.99974846839905, 123.098299741745]], "valid_times": [[23.504886150360107, 24.068494081497192, 23.415771484375, 23.338651180267334, 23.272457122802734, 23.42015790939331, 23.56488800048828, 23.520699739456177, 23.43425941467285, 23.621796369552612, 23.51806116104126, 23.478219509124756, 23.250868320465088, 23.644251585006714, 23.515260219573975, 23.410789728164673, 23.65889835357666, 23.688198566436768, 23.409255504608154, 23.290142059326172, 23.053727626800537]], "test_accuracy": 17.84, "convergence_iteration": 21}}