{
  "config": {
    "train_options": {
      "learning_rate": 0.01,
      "optimizer": "SGD",
      "batch_size": 128,
      "number_of_epochs": 300,
      "loss_parameters": {
        "temperature": 20,
        "distillation_type": "FILTER",
        "alpha": 0.3,
        "beta": 0.9
      }
    }
  },
  "results": {
    "train_losses": [
      [
        8.794776852416993, 8.821523277282715, 8.852571018981934,
        8.883754452514648, 8.913629222106934, 8.942324502563476,
        8.97188996887207, 9.00203256225586, 9.032219215393066,
        9.062282041931152, 9.092592095947266, 9.122628671264648,
        9.152937901306153, 9.183258085632325, 9.212999984741211,
        9.242845185852051, 9.272848725891114, 9.302259397888184,
        9.331665115356445, 9.360666145324707, 9.389724661254883
      ]
    ],
    "valid_losses": [
      [
        8.80637569885254, 8.837567657470704, 8.868999536132813,
        8.89968842163086, 8.928836193847657, 8.957956639099121,
        8.987899644470215, 9.018143086242675, 9.048207795715332,
        9.078676811218262, 9.108961338806152, 9.139480221557617,
        9.168941864013672, 9.199428564453125, 9.229183743286132,
        9.259348867797852, 9.290360223388673, 9.318785820007324,
        9.349244898986816, 9.377849029541016, 9.406023785400391
      ]
    ],
    "train_accs": [
      [
        1.3475000000000001, 2.3675, 3.1425, 4.234999999999999, 5.7725, 6.6575,
        7.6075, 8.602500000000001, 9.635, 10.4975, 11.115, 11.7025, 12.3225,
        12.9825, 13.597500000000002, 14.205000000000002, 14.6425,
        15.290000000000001, 15.805, 16.4525, 16.915
      ]
    ],
    "valid_accs": [
      [
        1.82, 2.53, 3.38, 4.58, 6.0, 7.08, 7.969999999999999, 9.01, 9.81, 10.59,
        11.42, 11.97, 12.959999999999999, 13.420000000000002, 14.23,
        14.610000000000001, 14.67, 15.32, 15.47, 16.02, 16.39
      ]
    ],
    "train_times": [
      [
        126.50448346138, 124.48772764205933, 124.28322672843933,
        123.71937084197998, 124.33369135856628, 126.0162365436554,
        123.81118202209473, 124.3320426940918, 124.59714531898499,
        123.18542337417603, 124.87783241271973, 124.0089282989502,
        125.79345488548279, 123.42145347595215, 124.5768711566925,
        124.67921113967896, 124.50571966171265, 125.38160800933838,
        124.27827978134155, 123.00672030448914, 124.93325996398926
      ]
    ],
    "valid_times": [
      [
        23.65290379524231, 23.727226734161377, 23.631091594696045,
        23.66307234764099, 24.50164008140564, 23.851234912872314,
        23.623939514160156, 23.655999660491943, 23.337679386138916,
        23.48082137107849, 23.969876527786255, 23.508939743041992,
        23.4147207736969, 23.49298405647278, 23.74918246269226,
        24.978484392166138, 23.583122968673706, 23.670276880264282,
        23.33730173110962, 23.57094645500183, 23.541250705718994
      ]
    ],
    "test_accuracy": 16.74,
    "convergence_iteration": 21
  }
}
