{"config": {"train_options": {"learning_rate": 0.005, "optimizer": "SGD", "batch_size": 128, "number_of_epochs": 300, "loss_parameters": {"temperature": 20, "distillation_type": "FILTER", "alpha": 0.7, "beta": 0.3}}}, "results": {"train_losses": [[1.5999132860183716, 1.5690690196990966, 1.544879842376709, 1.525345952796936, 1.5125551013946532, 1.5019736675262452, 1.4904015810012818, 1.4795380826950073, 1.4712207448959351, 1.4645938140869141, 1.4603366680145264, 1.4570538368225097, 1.4544280361175537, 1.4530071237564086, 1.4518077938079834, 1.4497930696487427, 1.4494348691940309, 1.448294739151001, 1.4469737102508544, 1.4463488945007323, 1.4445775798797607, 1.4422611101150513, 1.4399673654556275, 1.4377307495117186, 1.4361090230941773, 1.4342451179504394, 1.432152403831482, 1.4299195278167725, 1.4286532199859618, 1.4268522214889527, 1.42514172706604, 1.4239203977584838, 1.4233489133834838, 1.421551789855957, 1.4204822658538818, 1.4192035161972045, 1.419026780128479, 1.418509073638916, 1.418426212310791, 1.418932317352295, 1.419175015449524, 1.418319778251648, 1.4196022619247437, 1.4186233129501342, 1.4194130241394043, 1.419122264289856, 1.4203572687149049, 1.4199210720062256, 1.4208762075424195, 1.4211817235946655, 1.4228839101791382, 1.4235971483230592, 1.4242600542068482, 1.42558297290802, 1.4260203256607056, 1.4275670713424682]], "valid_losses": [[1.578386725616455, 1.5574819061279297, 1.5317261497497558, 1.5172080392837524, 1.5080187417984008, 1.4966280128479004, 1.4842299982070923, 1.4754265291213988, 1.4689756673812866, 1.466086431503296, 1.4651379314422608, 1.4616238492965699, 1.4567909984588623, 1.4586411163330077, 1.4544517013549805, 1.454707523727417, 1.4556231019973755, 1.459400605392456, 1.4557823755264283, 1.454639302444458, 1.4558717950820923, 1.452650256729126, 1.4487264766693115, 1.44728658618927, 1.4497714080810546, 1.4511736604690553, 1.445176686668396, 1.445777857208252, 1.4421345956802367, 1.4394747688293457, 1.4428963506698609, 1.4454311302185059, 1.439643470954895, 1.4454439950942992, 1.4369852125167846, 1.4306518352508546, 1.4358894262313844, 1.4379180637359619, 1.4397239728927613, 1.4454704393386841, 1.4418780555725097, 1.4393372880935669, 1.4434309574127198, 1.4412780794143676, 1.4460875852584838, 1.4444068765640259, 1.4454864376068115, 1.4480081956863404, 1.4485896047592164, 1.4594670358657837, 1.4586916999816895, 1.4644683004379273, 1.4557799776077271, 1.461066898727417, 1.458479139137268, 1.4625426246643067]], "train_accs": [[2.03, 4.19, 5.717499999999999, 6.890000000000001, 8.02, 9.120000000000001, 10.42, 11.282499999999999, 12.2675, 13.120000000000001, 13.905000000000001, 14.4225, 15.0975, 15.8075, 16.11, 16.8625, 17.6125, 17.88, 18.93, 19.305, 19.8225, 20.5275, 21.0425, 21.712500000000002, 22.415, 22.855, 23.645, 24.474999999999998, 25.019999999999996, 25.669999999999998, 26.265, 26.875, 27.365000000000002, 27.9975, 28.5625, 29.4825, 29.709999999999997, 30.317499999999995, 30.9075, 31.225, 31.75, 32.36, 32.865, 33.305, 33.879999999999995, 34.415, 34.64, 35.085, 35.5925, 35.905, 36.175000000000004, 36.717499999999994, 37.075, 37.5575, 37.847500000000004, 38.14]], "valid_accs": [[3.3099999999999996, 5.06, 6.550000000000001, 7.8100000000000005, 8.870000000000001, 10.059999999999999, 11.33, 12.04, 12.950000000000001, 13.81, 14.030000000000001, 14.89, 15.459999999999999, 15.629999999999999, 16.63, 16.93, 17.06, 17.9, 18.35, 18.990000000000002, 19.37, 20.19, 21.0, 21.41, 21.62, 22.45, 23.1, 23.75, 24.82, 25.52, 24.73, 25.4, 26.16, 26.179999999999996, 28.050000000000004, 28.64, 28.910000000000004, 29.14, 29.34, 29.409999999999997, 30.36, 31.290000000000003, 30.54, 31.86, 32.22, 32.67, 32.76, 33.14, 33.48, 33.019999999999996, 33.32, 33.52, 35.28, 34.61, 34.68, 34.98]], "train_times": [[123.8946921825409, 123.50718593597412, 123.46592974662781, 123.72653532028198, 125.6839029788971, 122.26283860206604, 124.19267106056213, 123.88037204742432, 123.60122323036194, 124.97333073616028, 122.09496235847473, 124.44275569915771, 122.78629231452942, 125.0595715045929, 123.00145101547241, 124.10019612312317, 123.52048110961914, 123.02936458587646, 123.48408722877502, 122.88711071014404, 124.16864681243896, 123.59545564651489, 124.08573865890503, 123.2928318977356, 124.54109001159668, 122.81589365005493, 125.0633327960968, 123.95303273200989, 123.38108706474304, 123.3257384300232, 123.38168954849243, 124.50749158859253, 123.3379967212677, 126.35584878921509, 122.38360977172852, 124.35823392868042, 123.06085968017578, 124.23903226852417, 122.7272117137909, 124.4580991268158, 122.19116353988647, 124.48277115821838, 121.7583909034729, 123.10634279251099, 123.44865322113037, 122.96231651306152, 124.1373233795166, 121.8096570968628, 125.05292272567749, 122.20977640151978, 123.52939224243164, 123.00747108459473, 124.12534642219543, 122.83875608444214, 124.16927576065063, 122.63815665245056]], "valid_times": [[23.489967346191406, 23.200355529785156, 23.75422763824463, 23.68030619621277, 22.99360227584839, 24.47297739982605, 23.340591192245483, 23.820597410202026, 23.700272798538208, 23.57084846496582, 23.454777717590332, 23.473633766174316, 23.93208146095276, 23.54626154899597, 23.481632947921753, 24.09079384803772, 25.065762758255005, 23.331263065338135, 23.516019344329834, 23.40238356590271, 23.716846466064453, 23.422752857208252, 23.78604507446289, 24.19019842147827, 23.276355743408203, 23.767611503601074, 23.852760076522827, 23.591350078582764, 23.82403564453125, 24.741775512695312, 23.45574188232422, 23.1367347240448, 23.601200342178345, 23.91382884979248, 23.495824575424194, 24.475922346115112, 23.838507175445557, 23.92246413230896, 23.447402954101562, 23.13739514350891, 23.468796730041504, 24.18708896636963, 25.301641941070557, 23.043522596359253, 24.523083686828613, 23.668739080429077, 23.815152406692505, 23.35034728050232, 23.684266328811646, 23.972093105316162, 23.802485942840576, 23.457122564315796, 23.59300470352173, 23.631524085998535, 23.6491858959198, 24.3265278339386]], "test_accuracy": 35.709999999999994, "convergence_iteration": 56}}