{"config": {"train_options": {"learning_rate": 0.05, "optimizer": "SGD", "batch_size": 128, "number_of_epochs": 300, "loss_parameters": {"temperature": 20, "distillation_type": "FILTER", "alpha": 0.9, "beta": 0.7}}}, "results": {"train_losses": [[5.683464410400391, 5.8134345527648925, 5.939385283660888, 6.060982779693603, 6.177388043212891, 6.288625164794922, 6.39487307510376, 6.496678350067139, 6.5940767288208, 6.687421630096436, 6.776895249176025, 6.862723899841309, 6.944769246673584, 7.023676348876953, 7.099201803588867, 7.171749615478515, 7.241205654144287, 7.3081329040527345, 7.372247160339356, 7.433961199951172, 7.4930620292663574]], "valid_losses": [[5.749712833404541, 5.877269309997558, 6.00127684173584, 6.120118663024902, 6.233911215209961, 6.3426467842102054, 6.446688907623291, 6.547312563323975, 6.642523519134522, 6.7344834381103515, 6.822036861419678, 6.906466164398194, 6.986709889984131, 7.063742008972168, 7.1376634727478026, 7.208704833221436, 7.277020725250244, 7.343201522064209, 7.406032089996338, 7.467324337768555, 7.5267279266357425]], "train_accs": [[2.6275, 5.1275, 7.085, 8.63, 10.015, 11.254999999999999, 12.235, 13.13, 14.115, 15.2225, 15.837499999999999, 16.435, 17.65, 18.2575, 19.2775, 19.842499999999998, 20.947499999999998, 21.6025, 22.32, 23.515, 24.18]], "valid_accs": [[4.130000000000001, 6.529999999999999, 8.51, 9.75, 11.08, 12.520000000000001, 13.01, 13.96, 14.13, 15.03, 15.65, 16.14, 17.080000000000002, 18.47, 18.95, 19.72, 20.65, 20.84, 21.740000000000002, 21.51, 22.11]], "train_times": [[129.34905314445496, 127.858815908432, 129.7234137058258, 129.8570921421051, 130.7728681564331, 130.30692863464355, 129.61224937438965, 129.9912919998169, 131.63692235946655, 130.78152227401733, 128.59072518348694, 131.74076080322266, 127.64771747589111, 129.71234011650085, 129.31142950057983, 129.42307782173157, 129.3126838207245, 127.87567710876465, 129.48131704330444, 129.87278819084167, 128.20380854606628]], "valid_times": [[25.59966278076172, 24.72236466407776, 25.2315354347229, 24.92673373222351, 26.623138666152954, 23.982189178466797, 25.66159963607788, 23.75964856147766, 25.519681692123413, 25.679999828338623, 24.069475412368774, 24.310734272003174, 26.00038194656372, 24.973105907440186, 24.37606906890869, 25.19255781173706, 25.153573751449585, 24.268689155578613, 25.5762677192688, 25.3540678024292, 23.50018286705017]], "test_accuracy": 22.82, "convergence_iteration": 21}}