{"config": {"train_options": {"learning_rate": 0.05, "optimizer": "SGD", "batch_size": 128, "number_of_epochs": 300, "loss_parameters": {"temperature": 5, "distillation_type": "FILTER", "alpha": 0.1, "beta": 0.5}}}, "results": {"train_losses": [[6.5190592330932615, 6.376667875671386, 6.312647055053711, 6.245878860473633, 6.187525746154785, 6.144821070098877, 6.111126597595215, 6.086572053527832, 6.071277390289307, 6.056348803710938, 6.040247944641114, 6.031029432678222, 6.018999017333984, 6.009696848297119, 6.001899642944336, 5.9924736450195315, 5.98530387878418, 5.97525933380127, 5.964635999298095, 5.957102163696289, 5.948120948028564, 5.936891575622559, 5.9322357070922855, 5.920293637847901, 5.9116031974792485, 5.903104643249511, 5.892002458190918, 5.8827428565979005, 5.873948551940918, 5.863184342956543, 5.851441737365723, 5.837811843109131, 5.8277632507324215, 5.81520471496582, 5.8062748497009276, 5.796763153839112, 5.786016528320313, 5.774622422790527, 5.761308418273925, 5.749389869689941, 5.741322277832031, 5.7306551818847655, 5.712859673309326, 5.7038803489685055, 5.689367461395264, 5.678594390106201, 5.658982121276855, 5.652080982971191, 5.636981063079834, 5.628209069824218, 5.613222473144531, 5.600438470458984, 5.586974449920654, 5.577144214630127, 5.565145017242432, 5.5482924949646, 5.535458256530761, 5.523349845886231, 5.515333357238769, 5.504501118469238, 5.48839831161499, 5.473410314178467, 5.4645754211425785, 5.447039468383789, 5.437144342041016, 5.417703492736816, 5.410467733764649, 5.397119564819336, 5.381812586975098, 5.372163413238526, 5.357406092834473, 5.3500576560974125, 5.337722469329834, 5.31913904953003, 5.3106563285827635, 5.302761590576172, 5.29136286315918, 5.275306871795654, 5.265346054077148, 5.252596431732178, 5.244241411590576, 5.1663077964782715, 5.138278859710693, 5.133653763580322, 5.134577085113525, 5.1358547843933104, 5.139299935913086, 5.1437480308532715, 5.147255139160157, 5.155447981262207, 5.1560256355285645, 5.162094734954834, 5.165515998077392, 5.172569336700439, 5.177871640014648, 5.182030496215821, 5.1877522422790525, 5.194020860290528, 5.19801036529541, 5.205452732849121, 5.209887190246582, 5.2163339012145995]], "valid_losses": [[6.482531143188477, 6.4018210006713865, 6.324145569610596, 6.281091511535645, 6.2155395629882815, 6.164171994018555, 6.1657517059326175, 6.120209897613526, 6.157483229827881, 6.201333004760742, 6.166998341369629, 6.1753032012939455, 6.130427693176269, 6.173934522247315, 6.19349872970581, 6.130581494140625, 6.153299192047119, 6.156823782348633, 6.1434243942260744, 6.151740692901611, 6.146067133331298, 6.132498556518555, 6.168171469116211, 6.104978713226318, 6.112542833709717, 6.139936418151856, 6.154951535797119, 6.202626100921631, 6.1272377792358395, 6.095019682312012, 6.114601782226562, 6.100752493286133, 6.105271176147461, 6.104453014373779, 6.1252910438537596, 6.11218409500122, 6.154780895233154, 6.080952715301514, 6.087572972869873, 6.122178614807129, 6.087433840179443, 6.150040249633789, 6.160865021514892, 6.138285580444336, 6.138603798675537, 6.041848641967773, 5.9958412605285645, 6.012913535308838, 6.012826124572754, 6.010835606384277, 6.059568760681152, 6.0453241912841795, 6.028211887359619, 6.06086490020752, 5.955047238922119, 5.954188717651367, 5.9635466316223145, 6.00122798614502, 6.000167055511475, 5.983147317504883, 5.9807589073181155, 5.950434687805176, 5.900082337188721, 5.892671389007568, 5.849967150115967, 5.903949838256836, 5.862822456359863, 5.859750881958008, 5.86918687286377, 5.920216398620606, 5.837646095275879, 5.91112498626709, 5.898304138946533, 5.844516352844238, 5.825674695587158, 5.771652825164795, 5.766745987701416, 5.872510562133789, 5.790427175140381, 5.791935818481445, 5.804245398712158, 5.579267816925049, 5.589766120910644, 5.6004218521118165, 5.608581712341309, 5.62052947845459, 5.628013798522949, 5.640744185638428, 5.640821566772461, 5.665239910888672, 5.67623169631958, 5.683282322692871, 5.686720075988769, 5.70428613204956, 5.714107641601562, 5.723170431518555, 5.727191905212402, 5.745509218597412, 5.759028004455566, 5.7620301361083985, 5.776502426147461, 5.786390469360351]], "train_accs": [[5.83, 12.1975, 17.5475, 22.325, 27.0275, 30.8175, 34.2375, 37.1675, 39.9025, 42.230000000000004, 44.4675, 46.129999999999995, 47.839999999999996, 49.41, 50.49, 51.8925, 53.325, 54.449999999999996, 55.5325, 56.5775, 57.6775, 58.535000000000004, 58.942499999999995, 59.8275, 60.5175, 61.1, 61.970000000000006, 62.38249999999999, 63.227500000000006, 63.7, 64.38000000000001, 65.0975, 65.4875, 66.0, 66.3575, 66.525, 66.9825, 67.7025, 67.9225, 68.4425, 68.61, 68.88250000000001, 69.4075, 69.15, 69.74249999999999, 69.8675, 70.89999999999999, 70.705, 71.2025, 71.08, 71.455, 71.5975, 72.14, 72.395, 72.385, 72.85000000000001, 73.0125, 73.4075, 73.4725, 73.835, 74.19, 74.1475, 74.0375, 74.51, 74.425, 75.0675, 75.115, 75.12, 75.7, 75.6525, 75.85, 75.755, 75.92999999999999, 76.8125, 76.41, 76.51, 76.3725, 77.1125, 77.0625, 77.2325, 77.1525, 82.6225, 85.3625, 86.1375, 86.79, 87.2525, 87.495, 87.7, 88.14999999999999, 88.2275, 88.815, 88.79, 89.14, 89.22250000000001, 89.4425, 89.595, 89.7675, 89.8925, 90.31, 90.22, 90.4325, 90.495]], "valid_accs": [[8.41, 12.629999999999999, 18.18, 22.2, 27.22, 31.22, 33.35, 36.59, 36.449999999999996, 36.230000000000004, 39.03, 40.11, 42.59, 41.760000000000005, 41.14, 44.85, 45.35, 45.440000000000005, 46.53, 46.489999999999995, 47.980000000000004, 48.199999999999996, 47.27, 50.739999999999995, 50.38, 49.11, 49.26, 47.38, 49.88, 52.26, 51.870000000000005, 52.42, 51.32, 51.35999999999999, 51.76, 51.78, 49.55, 53.42, 52.26, 51.41, 52.44, 50.629999999999995, 48.67, 50.19, 48.92, 53.03, 54.14, 53.66, 52.83, 52.76, 51.0, 51.41, 51.93, 50.49, 53.779999999999994, 53.81, 52.78, 52.51, 52.22, 51.93, 51.99, 53.28000000000001, 54.339999999999996, 54.690000000000005, 55.08, 53.510000000000005, 55.04, 54.66, 53.16, 52.410000000000004, 54.16, 52.6, 52.790000000000006, 53.26, 54.76, 55.55, 55.28999999999999, 53.12, 55.02, 53.959999999999994, 53.1, 62.45, 62.11, 62.46000000000001, 62.68, 62.78, 63.190000000000005, 62.43, 63.17, 62.27, 62.41, 62.7, 62.849999999999994, 62.480000000000004, 62.57, 62.4, 62.61, 62.11, 62.2, 62.51, 62.41, 62.339999999999996]],