{"config": {"train_options": {"learning_rate": 0.01, "optimizer": "SGD", "batch_size": 128, "number_of_epochs": 300, "loss_parameters": {"temperature": 15, "distillation_type": "FILTER", "alpha": 0.7, "beta": 0.6}}}, "results": {"train_losses": [[4.9924311981201175, 4.997905060577392, 5.010306637573242, 5.022760820770264, 5.032844924926758, 5.042675994873047, 5.055355550384522, 5.069963586425781, 5.0853579788208005, 5.101144354248047, 5.117487272644043, 5.133755728912353, 5.151535223388672, 5.168303435516357, 5.185537114715576, 5.202436516571045, 5.220044260406494, 5.23640238647461, 5.2538692558288576, 5.269500933074951, 5.2860208152771]], "valid_losses": [[4.9914202270507815, 5.004045906829834, 5.017904264068603, 5.029034042358399, 5.039406692504882, 5.0502926490783695, 5.0638993560791015, 5.079411156463623, 5.095011800384522, 5.11096802368164, 5.126980139160156, 5.145273302459716, 5.163220818328857, 5.178789737701416, 5.196414881134033, 5.216626922607422, 5.234623791503906, 5.250739453887939, 5.271760693359375, 5.285681113433838, 5.302133689880371]], "train_accs": [[2.3449999999999998, 4.215, 5.4725, 6.8675, 8.0575, 9.3875, 10.4, 11.5475, 12.575, 13.415, 14.252500000000001, 15.004999999999999, 15.712499999999999, 16.415, 17.02, 17.6175, 18.33, 18.970000000000002, 19.46, 20.52, 21.0475]], "valid_accs": [[3.64, 5.050000000000001, 6.36, 7.71, 9.06, 10.65, 11.41, 12.16, 13.139999999999999, 13.76, 14.45, 14.940000000000001, 15.709999999999999, 16.16, 16.470000000000002, 17.02, 17.47, 18.38, 18.3, 19.2, 19.98]], "train_times": [[123.37955975532532, 123.45039200782776, 123.6991822719574, 124.48180866241455, 124.23314118385315, 123.01051950454712, 123.71808195114136, 123.49787855148315, 122.99557733535767, 123.70965933799744, 123.40286207199097, 123.27800464630127, 122.54094219207764, 123.62973761558533, 122.94062685966492, 123.3858757019043, 123.30632615089417, 123.23043656349182, 122.742182970047, 123.1982147693634, 123.18594622612]], "valid_times": [[23.69882345199585, 23.69881010055542, 24.259032487869263, 24.15467643737793, 23.680320501327515, 23.76269030570984, 23.741097927093506, 23.94843292236328, 23.828481912612915, 23.54737687110901, 23.66073226928711, 23.930596590042114, 23.731361865997314, 23.35083842277527, 24.2070472240448, 23.700757026672363, 23.79337215423584, 23.891201972961426, 23.956563711166382, 24.24311375617981, 23.939163208007812]], "test_accuracy": 21.529999999999998, "convergence_iteration": 21}}