{"config": {"train_options": {"learning_rate": 0.01, "optimizer": "SGD", "batch_size": 128, "number_of_epochs": 300, "loss_parameters": {"temperature": 10, "distillation_type": "FILTER", "alpha": 0.3, "beta": 0.6}}}, "results": {"train_losses": [[6.469021321105957, 6.395350166320801, 6.371042523193359, 6.355190234375, 6.343602383422851, 6.338812738800049, 6.335727115631103, 6.334935167694092, 6.33450383758545, 6.336165554046631, 6.336701020812988, 6.339007611083985, 6.340108358001709, 6.341243587493897, 6.3436607711791995, 6.34697180480957, 6.350301251983643, 6.352901770019531, 6.356837998962402, 6.363617569732666, 6.36992186126709, 6.377292990112305, 6.383862641906738, 6.390455809783935, 6.396897840118408, 6.405033036804199, 6.410640311431885]], "valid_losses": [[6.416495835876465, 6.382204259490967, 6.374513436889648, 6.346125756072998, 6.3431147125244145, 6.3438137405395505, 6.3407426345825195, 6.346866630554199, 6.351014819335938, 6.350854072570801, 6.35891671295166, 6.381012542724609, 6.396730763244629, 6.402013206481934, 6.444680551147461, 6.44325216293335, 6.401294058227539, 6.423408570098877, 6.409298528289795, 6.420639615631104, 6.408559609222412, 6.443364680480957, 6.450855852508545, 6.466562746429443, 6.45010103225708, 6.453330033874511, 6.4689850303649905]], "train_accs": [[3.325, 6.43, 8.9425, 11.1775, 13.035, 14.535, 16.2825, 17.75, 19.12, 20.345, 22.0975, 23.3175, 24.63, 25.892500000000002, 27.3375, 28.235, 29.549999999999997, 30.5475, 31.740000000000002, 32.7075, 33.6425, 34.5125, 35.5325, 36.44, 37.5725, 38.05, 39.074999999999996]], "valid_accs": [[5.140000000000001, 7.670000000000001, 9.51, 12.68, 13.350000000000001, 14.63, 16.85, 17.77, 19.08, 20.47, 21.21, 20.59, 21.14, 22.39, 21.82, 23.02, 26.179999999999996, 26.83, 29.03, 29.45, 31.330000000000002, 30.709999999999997, 31.86, 32.25, 34.01, 35.17, 35.69]], "train_times": [[121.85754036903381, 122.96485090255737, 120.95232605934143, 126.04648208618164, 120.90447211265564, 121.82240557670593, 122.3324670791626, 121.56758642196655, 122.37886691093445, 122.21395993232727, 124.34596538543701, 122.62712597846985, 122.95139527320862, 122.15752363204956, 121.37796902656555, 121.90996837615967, 123.21633577346802, 123.33319163322449, 123.71068811416626, 120.94624018669128, 120.98908972740173, 122.47688412666321, 122.68362641334534, 124.18614435195923, 121.87910509109497, 124.18537950515747, 121.12030553817749]], "valid_times": [[23.6762375831604, 23.150234699249268, 23.441390991210938, 24.45634412765503, 25.13237166404724, 23.995158672332764, 23.81073808670044, 23.37509274482727, 23.832218408584595, 23.221813678741455, 24.605005741119385, 23.38930654525757, 23.349411487579346, 23.943060159683228, 23.556379556655884, 23.42330288887024, 23.427343606948853, 23.86258053779602, 23.56312131881714, 24.328815937042236, 23.324470281600952, 23.325011730194092, 23.317888975143433, 24.085274934768677, 23.356245756149292, 23.51855754852295, 24.35517954826355]], "test_accuracy": 36.85, "convergence_iteration": 27}}