{"config": {"train_options": {"learning_rate": 0.005, "optimizer": "SGD", "batch_size": 128, "number_of_epochs": 300, "loss_parameters": {"temperature": 20, "distillation_type": "FILTER", "alpha": 0.8, "beta": 0.3}}}, "results": {"train_losses": [[0.9752554662704468, 0.9514976778030395, 0.9443286964416504, 0.9393649766921998, 0.9347607879638672, 0.9299278078079224, 0.9264445749282837, 0.9243163974761963, 0.923764545249939, 0.9229620542526246, 0.9226450723648071, 0.9225186260223389, 0.9232514852523803, 0.9232107585906982, 0.9236946422576904, 0.9241529314041138, 0.9250476257324218, 0.9260929309844971, 0.9274326416015625, 0.9282644393920898, 0.9299327350616455, 0.9314516956329346, 0.9335494861602783, 0.9355344829559327, 0.9377541839599609, 0.9399359039306641, 0.9417137035369874, 0.9442456935882568, 0.9462526588439941, 0.948131481552124, 0.9501972454071045]], "valid_losses": [[0.957042565536499, 0.9466438516616821, 0.9416294494628906, 0.9375202404022217, 0.932135415649414, 0.9284459095001221, 0.9253740104675293, 0.9253547113418579, 0.9252028373718262, 0.9249815036773682, 0.9232162401199341, 0.9259640996932983, 0.9262654905319214, 0.9269464868545533, 0.9282351957321167, 0.9286266931533813, 0.9289794328689576, 0.9318213680267334, 0.9348354389190674, 0.9330272653579712, 0.9369813903808594, 0.9382656993865967, 0.9407010185241699, 0.943283196258545, 0.9439683883666993, 0.9479665773391723, 0.9500966217041016, 0.9512069791793824, 0.9535901882171631, 0.9553319286346436, 0.958700093460083]], "train_accs": [[1.6625, 2.965, 4.05, 4.9325, 6.135, 6.865, 7.6975, 8.522499999999999, 9.19, 10.055, 10.702499999999999, 11.4275, 12.052499999999998, 12.7325, 13.3425, 13.9575, 14.677499999999998, 15.024999999999999, 15.695, 16.314999999999998, 17.005, 17.322499999999998, 17.78, 18.085, 18.7225, 19.095000000000002, 19.509999999999998, 19.715, 20.04, 20.73, 20.8025]], "valid_accs": [[2.54, 3.36, 4.41, 5.1, 6.58, 7.470000000000001, 8.43, 9.030000000000001, 9.46, 10.37, 11.01, 11.42, 12.1, 12.389999999999999, 12.6, 13.489999999999998, 14.24, 14.27, 14.74, 15.72, 16.06, 16.869999999999997, 16.619999999999997, 17.150000000000002, 17.82, 17.549999999999997, 18.360000000000003, 18.83, 19.46, 20.01, 20.419999999999998]], "train_times": [[123.3770637512207, 123.59394979476929, 124.86506819725037, 124.11843776702881, 124.11772465705872, 123.91120624542236, 123.78738212585449, 123.83478713035583, 124.23701572418213, 123.20736193656921, 124.66162180900574, 126.28660345077515, 125.56240129470825, 123.61992263793945, 124.77307057380676, 124.10500526428223, 123.17886543273926, 125.02109909057617, 123.36059594154358, 124.27016305923462, 125.74815082550049, 124.65247440338135, 124.2355740070343, 123.73193502426147, 124.6892511844635, 123.54476356506348, 124.1119384765625, 124.85394859313965, 124.26167392730713, 123.93882989883423, 124.28451800346375]], "valid_times": [[23.87237238883972, 24.158464670181274, 23.79877543449402, 23.71667194366455, 23.87286949157715, 24.14486336708069, 23.64172625541687, 23.636440992355347, 23.749915599822998, 23.815682649612427, 23.79831099510193, 23.87046718597412, 23.783779621124268, 23.623241186141968, 23.69870162010193, 24.296011924743652, 23.718003511428833, 23.88650131225586, 24.003862380981445, 23.72721529006958, 23.559732913970947, 23.284665822982788, 23.37649941444397, 23.694612741470337, 23.87357997894287, 23.487900257110596, 23.686681032180786, 23.46422290802002, 23.6441330909729, 23.683316230773926, 23.542150497436523]], "test_accuracy": 20.94, "convergence_iteration": 31}}