{"config": {"train_options": {"learning_rate": 0.005, "optimizer": "SGD", "batch_size": 128, "number_of_epochs": 300, "loss_parameters": {"temperature": 10, "distillation_type": "FILTER", "alpha": 0.2, "beta": 0.7}}}, "results": {"train_losses": [[7.527885882568359, 7.48958342590332, 7.468168696594239, 7.454350512695313, 7.444116829681397, 7.434878747558594, 7.4274376686096195, 7.422861898040772, 7.420573063659668, 7.420274687194825, 7.421603112792969, 7.423222380065918, 7.427199675750733, 7.430514449310302, 7.434385971069336, 7.438064972686767, 7.442980213928223, 7.446982792663574, 7.449630785369873, 7.453735977172852, 7.4597114517211915, 7.464090396881104, 7.4677920913696285, 7.474649907684326, 7.4792734680175785, 7.4848458908081055, 7.488852402496338, 7.495302439880371, 7.501491597747803, 7.505502333831787]], "valid_losses": [[7.50034987411499, 7.474724150848389, 7.459561743927002, 7.447829183197022, 7.438033347320556, 7.427871129608154, 7.425109373474121, 7.4208197570800785, 7.420289724731445, 7.41981001739502, 7.422986589813233, 7.426737355041504, 7.432238328552246, 7.433114567565918, 7.440434057617187, 7.446626515197754, 7.446954037475586, 7.455986833953857, 7.458712602996826, 7.468037973785401, 7.472458291625976, 7.478736405181885, 7.479004555511475, 7.486881803894043, 7.492448574066162, 7.501451774597168, 7.508631618499756, 7.509355796051025, 7.520272217559814, 7.521523177337646]], "train_accs": [[2.36, 4.68, 6.2775, 8.0, 9.2125, 10.41, 11.407499999999999, 12.989999999999998, 13.900000000000002, 14.78, 15.790000000000001, 16.45, 16.9525, 17.755000000000003, 18.445, 19.355, 19.8925, 20.605, 21.4275, 22.0475, 22.4375, 23.06, 23.775, 24.267500000000002, 24.935, 25.474999999999998, 26.174999999999997, 26.7125, 27.11, 27.9675]], "valid_accs": [[3.4799999999999995, 5.28, 6.68, 8.459999999999999, 9.4, 11.14, 11.67, 12.770000000000001, 13.8, 14.549999999999999, 15.57, 16.189999999999998, 16.81, 17.65, 18.33, 18.490000000000002, 19.52, 19.7, 20.669999999999998, 21.060000000000002, 21.6, 22.13, 23.169999999999998, 22.97, 24.04, 24.77, 24.9, 26.35, 26.0, 27.0]], "train_times": [[129.99803733825684, 133.4028503894806, 132.17907643318176, 130.9216079711914, 131.66101145744324, 131.89440655708313, 131.3561384677887, 131.4402391910553, 129.04426670074463, 131.56416153907776, 132.54050612449646, 129.26199650764465, 134.1269552707672, 130.50585174560547, 131.1897428035736, 133.3361313343048, 130.29022216796875, 131.16463446617126, 131.88547778129578, 130.31066274642944, 129.9893298149109, 130.92483019828796, 131.20532512664795, 130.79952883720398, 133.82438015937805, 129.59568977355957, 128.3534586429596, 130.077308177948, 131.28062748908997, 130.48095512390137]], "valid_times": [[26.182981967926025, 25.567599296569824, 25.50058126449585, 25.959818840026855, 25.692712545394897, 26.431020259857178, 25.278687953948975, 24.978840112686157, 25.932982206344604, 25.765785932540894, 25.976925134658813, 25.21397042274475, 26.355716705322266, 26.18950653076172, 25.75728178024292, 25.849265336990356, 24.014107704162598, 25.989187240600586, 26.483011722564697, 25.670241594314575, 25.465113639831543, 25.68311858177185, 25.470319509506226, 25.47480034828186, 24.493477821350098, 25.095305681228638, 24.72158145904541, 25.88379669189453, 26.038454055786133, 25.770079374313354]], "test_accuracy": 27.29, "convergence_iteration": 30}}