{"config": {"train_options": {"learning_rate": 0.01, "optimizer": "SGD", "batch_size": 128, "number_of_epochs": 300, "loss_parameters": {"temperature": 20, "distillation_type": "FILTER", "alpha": 0.6, "beta": 0.2}}}, "results": {"train_losses": [[1.1331170417785645, 1.0289943218231201, 0.9679482421875, 0.9243634290695191, 0.8934466424942017, 0.8677607773780823, 0.8436436037063598, 0.8178018507003784, 0.7905890090942382, 0.7634044494628907, 0.7388585905075074, 0.7157154928207398, 0.6981175863265991, 0.6793827215194702, 0.6662555252075195, 0.65511616897583, 0.6433564908981323, 0.6319934412002564, 0.6221003976821899, 0.6126726287841797, 0.6083340101242065, 0.5984797945022583, 0.5929166032791138, 0.5856657686233521, 0.5811042047500611, 0.573608179473877, 0.5672334190368652, 0.5641048704147339, 0.5578272874832153, 0.5538669702529907, 0.5512521593093872, 0.5474874416351319, 0.5428452098846436, 0.5394570039749146, 0.5353961923599243, 0.5315140298843384, 0.5286131002426148, 0.5274764213562012, 0.5229559902191162, 0.521040131187439, 0.5183436067581176, 0.5168110103607177, 0.5146333768844604, 0.5128146274566651, 0.5096347442626953, 0.5090352834701538, 0.5068834886550904, 0.505736999130249, 0.504199298286438, 0.5023356298446655, 0.502589507484436, 0.5005794065475464, 0.5000191795349122, 0.4983554636001587, 0.4986938070297241]], "valid_losses": [[1.0650037971496582, 1.0043096630096435, 0.9493331539154053, 0.9144636873245239, 0.8938964744567871, 0.8768105808258057, 0.8625495376586914, 0.8318447338104248, 0.8067178747177124, 0.7849970977783203, 0.7636328840255737, 0.7426215700149537, 0.7327585641860962, 0.7439327224731446, 0.7262801410675049, 0.7073536506652832, 0.7051449058532715, 0.7017243549346924, 0.7017548902511597, 0.6814833627700806, 0.6725962730407715, 0.6641007053375244, 0.6678744155883789, 0.6789251291275025, 0.6903679809570312, 0.6658512857437133, 0.6730375276565552, 0.6753027164459229, 0.6667945114135743, 0.6565251337051392, 0.64818339138031, 0.6581315843582153, 0.6847749526977539, 0.6772824438095093, 0.6438770542144775, 0.6659113502502442, 0.676002908706665, 0.6654279195785523, 0.6609926259994506, 0.6928282827377319, 0.6484607913970947, 0.6507134172439575, 0.6817498086929321, 0.6715966693878174, 0.6667432497024536, 0.7355721868515015, 0.691849181175232, 0.6560323190689087, 0.6975124994277954, 0.667158602142334, 0.6890139385223388, 0.7096823797225952, 0.6791578060150146, 0.7074590871810913, 0.7086905858993531]], "train_accs": [[3.4425, 6.8425, 9.969999999999999, 12.215, 14.302500000000002, 16.014999999999997, 17.7625, 19.68, 21.4275, 23.235, 25.09, 27.037499999999998, 28.4325, 30.002499999999998, 31.5575, 32.4075, 33.7625, 35.06, 35.7775, 37.0225, 37.62, 38.9425, 39.7475, 40.695, 41.17, 42.28, 43.1025, 43.765, 44.625, 45.49, 45.92, 46.582499999999996, 47.4675, 48.3525, 48.7375, 49.75, 49.87, 50.685, 51.3525, 51.8675, 52.6975, 52.7725, 53.6875, 54.32, 54.732499999999995, 55.0075, 55.745, 56.055, 56.525000000000006, 57.0125, 57.47, 57.975, 58.3475, 58.875, 59.307500000000005]], "valid_accs": [[5.2, 8.559999999999999, 10.79, 13.13, 14.29, 15.709999999999999, 17.080000000000002, 19.05, 21.22, 22.12, 23.47, 24.83, 26.6, 26.179999999999996, 28.060000000000002, 29.45, 29.7, 30.75, 31.25, 33.08, 33.650000000000006, 34.81, 34.98, 35.08, 35.0, 36.730000000000004, 36.730000000000004, 37.7, 38.11, 39.019999999999996, 40.12, 40.18, 38.96, 40.17, 41.9, 40.949999999999996, 41.19, 42.120000000000005, 42.58, 41.31, 44.31, 44.66, 43.33, 44.529999999999994, 44.71, 42.16, 44.16, 45.83, 44.4, 46.379999999999995, 45.45, 45.1, 47.02, 45.65, 46.14]], "train_times": [[122.93854832649231, 123.08266067504883, 122.84840536117554, 122.49761986732483, 123.04115223884583, 122.10928916931152, 123.18032836914062, 124.1752998828888, 122.96595287322998, 122.05869603157043, 122.23249578475952, 123.24914693832397, 123.50229549407959, 123.07449316978455, 124.71420335769653, 122.34097361564636, 123.26446342468262, 123.03800654411316, 122.75641226768494, 123.24880766868591, 123.21556329727173, 123.07942867279053, 123.22753548622131, 122.85807466506958, 122.78918385505676, 121.82789373397827, 122.75068855285645, 122.43431067466736, 122.93090653419495, 123.00563979148865, 122.57617330551147, 121.4322018623352, 122.6917016506195, 123.38486647605896, 122.34490895271301, 123.0561113357544, 123.4583580493927, 123.00608253479004, 123.97406649589539, 122.7387580871582, 123.15990424156189, 123.21393489837646, 122.97290349006653, 122.29421138763428, 122.39561939239502, 122.78964853286743, 123.12153553962708, 121.99712657928467, 123.00773239135742, 124.34965896606445, 122.77049398422241, 121.72453093528748, 123.55877327919006, 124.97682762145996, 124.57968783378601]], "valid_times": [[23.849133729934692, 24.196447610855103, 23.645071268081665, 24.15104031562805, 23.884164810180664, 23.789034366607666, 24.058452367782593, 23.826403856277466, 24.280853986740112, 23.5585675239563, 23.863574743270874, 23.824360132217407, 23.496599912643433, 24.150803089141846, 23.822097778320312, 24.296319723129272, 24.228126764297485, 23.181288719177246, 23.886394262313843, 23.77908444404602, 24.180220365524292, 23.6591157913208, 23.65239453315735, 23.566577672958374, 23.71782112121582, 23.828540563583374, 23.634944677352905, 23.931297302246094, 23.70769214630127, 24.13615584373474, 24.0829074382782, 23.46485185623169, 23.361462354660034, 23.686797857284546, 23.613871574401855, 23.925490856170654, 23.59179949760437, 24.09117555618286, 23.641762256622314, 24.166825532913208, 23.725488662719727, 23.67571234703064, 24.099097728729248, 24.06892991065979, 23.965823888778687, 23.338594675064087, 23.490793704986572, 23.576010704040527, 24.038624048233032, 23.567355394363403, 24.073307514190674, 23.896003246307373, 24.128244161605835, 23.968939065933228, 23.727389097213745]], "test_accuracy": 47.099999999999994, "convergence_iteration": 55}}