{"config": {"train_options": {"learning_rate": 0.05, "optimizer": "SGD", "batch_size": 128, "number_of_epochs": 300, "loss_parameters": {"temperature": 5, "distillation_type": "FILTER", "alpha": 0.3, "beta": 0.9}}}, "results": {"train_losses": [[8.88349663696289, 9.038731156921386, 9.193706217956542, 9.342404592895507, 9.487696560668946, 9.627398812866211, 9.760497590637208, 9.888023025512695, 10.009646994018555, 10.125369343566895, 10.235760704040528, 10.340931196594239, 10.442489524841308, 10.539772996520997, 10.633773486328124, 10.723654025268555, 10.810501165771484, 10.893662176513672, 10.973487129211426, 11.050566928100586, 11.124619512939454]], "valid_losses": [[8.963369534301759, 9.121809013366699, 9.273357699584961, 9.423238771057129, 9.56404828491211, 9.700526376342774, 9.831135717773437, 9.957411277770996, 10.073596759033203, 10.189902732849122, 10.29974366607666, 10.404628451538086, 10.50293539276123, 10.59781414489746, 10.688979762268067, 10.779852684020996, 10.864219465637207, 10.943733302307129, 11.026782518005371, 11.105192636108399, 11.17809105834961]], "train_accs": [[3.1425, 6.6525, 10.0075, 12.745000000000001, 14.4875, 16.355, 17.7625, 19.615, 21.215, 23.2125, 24.82, 26.377499999999998, 28.267500000000002, 29.78, 31.374999999999996, 32.72, 33.894999999999996, 35.14, 36.512499999999996, 37.5825, 38.8725]], "valid_accs": [[4.51, 7.35, 10.14, 11.87, 14.280000000000001, 16.43, 17.24, 18.240000000000002, 21.12, 21.92, 22.830000000000002, 24.25, 25.75, 27.439999999999998, 29.14, 30.11, 31.25, 33.410000000000004, 33.17, 33.22, 34.17]], "train_times": [[121.56136131286621, 120.97539615631104, 121.95050024986267, 121.37628364562988, 121.64311242103577, 121.40369439125061, 121.2043149471283, 121.46742916107178, 120.94650363922119, 121.37922811508179, 120.9790141582489, 120.96753215789795, 121.77834820747375, 121.57995772361755, 121.01602959632874, 121.30542421340942, 121.4032392501831, 121.95924711227417, 121.75313234329224, 120.20744323730469, 121.63066172599792]], "valid_times": [[23.11134624481201, 23.26591730117798, 23.554168939590454, 22.985805988311768, 23.612564086914062, 23.132579803466797, 23.713608264923096, 23.439722299575806, 23.53747010231018, 23.453307151794434, 23.513854026794434, 23.315042972564697, 23.316264867782593, 23.313886404037476, 23.5476975440979, 23.619908571243286, 23.566402673721313, 23.18136215209961, 23.388269662857056, 23.859904766082764, 23.42937731742859]], "test_accuracy": 35.72, "convergence_iteration": 21}}