{"config": {"train_options": {"learning_rate": 0.05, "optimizer": "SGD", "batch_size": 128, "number_of_epochs": 300, "loss_parameters": {"temperature": 20, "distillation_type": "FILTER", "alpha": 0.1, "beta": 0.7}}}, "results": {"train_losses": [[7.7319975784301755, 7.716348001861572, 7.759924285888672, 7.8056786964416505, 7.850343546295166, 7.896409411621094, 7.942139728546143, 7.988338841247558, 8.034906980895997, 8.081680525207519, 8.128260459899902, 8.171918533325195, 8.214008360290528, 8.25564040222168, 8.297332412719726, 8.33427314300537, 8.371455792236327, 8.406090757751464, 8.441083872985839, 8.469024923706055, 8.498480447387696]], "valid_losses": [[7.717880721282959, 7.753770564270019, 7.824664814758301, 7.916720224761963, 7.967221451568603, 8.028883494567872, 8.07765400238037, 8.075989379882813, 8.166691458129883, 8.219989198303223, 8.280034768676758, 8.268057160949708, 8.35042936553955, 8.429034307861329, 8.43068825378418, 8.484636531066895, 8.550456507873536, 8.554126113891602, 8.595958615112306, 8.650256800842286, 8.67585601196289]], "train_accs": [[5.47, 11.88, 16.405, 20.555, 24.305, 27.657500000000002, 30.9925, 34.225, 37.019999999999996, 39.12, 41.175, 43.0075, 44.64, 46.105000000000004, 47.485, 49.15, 50.235, 51.405, 52.16499999999999, 53.4625, 54.6725]], "valid_accs": [[8.7, 13.309999999999999, 17.22, 18.360000000000003, 21.58, 22.91, 25.979999999999997, 31.209999999999997, 31.009999999999998, 32.440000000000005, 34.300000000000004, 38.93, 38.25, 36.8, 40.5, 41.510000000000005, 40.339999999999996, 42.89, 42.4, 42.64, 44.2]], "train_times": [[122.29130458831787, 122.39307069778442, 124.38630604743958, 121.79523015022278, 121.36715006828308, 122.37747359275818, 122.11431527137756, 121.71179008483887, 123.28803563117981, 121.6198980808258, 122.67577815055847, 122.73424553871155, 121.97387361526489, 122.0390374660492, 122.65695118904114, 121.50795936584473, 122.99893355369568, 123.67254281044006, 121.46297287940979, 122.79107809066772, 122.5004186630249]], "valid_times": [[23.234421968460083, 23.21680212020874, 23.546103477478027, 23.44280767440796, 23.22034478187561, 23.277464151382446, 23.414495706558228, 23.26445722579956, 23.533581256866455, 23.41352915763855, 23.571280479431152, 23.6929030418396, 23.388280153274536, 23.50243616104126, 23.46217370033264, 23.574707984924316, 23.721508264541626, 23.915661096572876, 23.501261711120605, 23.320942640304565, 23.413713932037354]], "test_accuracy": 43.08, "convergence_iteration": 21}}