{"config": {"train_options": {"learning_rate": 0.005, "optimizer": "SGD", "batch_size": 128, "number_of_epochs": 300, "loss_parameters": {"temperature": 5, "distillation_type": "FILTER", "alpha": 0.3, "beta": 0.8}}}, "results": {"train_losses": [[8.224395767211915, 8.214992736816406, 8.220433963012695, 8.226883935546875, 8.233492178344726, 8.237522547912597, 8.241176622009277, 8.246166661071777, 8.252564349365235, 8.259445135498046, 8.266997596740723, 8.275242077636719, 8.283979441833496, 8.292960833740235, 8.302736585998534, 8.312875453186034, 8.323035064697265, 8.333981851196288, 8.34450970916748, 8.355218170166015, 8.366524673461914]], "valid_losses": [[8.212675799560547, 8.215709860229492, 8.221531192016602, 8.228408094787598, 8.234755854797363, 8.238751150512694, 8.2431849609375, 8.24996756439209, 8.256936030578613, 8.263728021240235, 8.272237516784667, 8.280657360839843, 8.28872643737793, 8.298613638305664, 8.309056829833985, 8.31959223022461, 8.329840142822265, 8.341474630737304, 8.353125630187987, 8.363177531433106, 8.374859826660156]], "train_accs": [[1.4224999999999999, 2.8925, 4.3425, 5.140000000000001, 6.05, 6.955, 7.920000000000001, 8.924999999999999, 9.700000000000001, 10.5825, 11.29, 11.9275, 12.587499999999999, 13.16, 13.65, 14.1375, 14.5475, 15.007499999999999, 15.58, 16.285, 16.3925]], "valid_accs": [[2.08, 3.62, 5.45, 5.83, 6.4, 6.890000000000001, 7.9, 8.53, 9.66, 10.33, 11.04, 11.83, 12.76, 13.420000000000002, 13.77, 14.030000000000001, 14.59, 14.6, 15.47, 15.64, 16.45]], "train_times": [[121.13756251335144, 122.00364065170288, 120.86148238182068, 120.35553503036499, 121.28477382659912, 120.39664196968079, 121.51857566833496, 120.68659710884094, 120.96079587936401, 120.6383683681488, 121.03341937065125, 119.98769426345825, 121.07375955581665, 120.99723148345947, 121.54829668998718, 120.76147389411926, 121.14813256263733, 122.00005769729614, 121.72573018074036, 122.14158010482788, 121.03074431419373]], "valid_times": [[23.42912197113037, 23.555121421813965, 23.01602339744568, 23.12456464767456, 23.33458423614502, 23.354851007461548, 23.361292123794556, 23.155354976654053, 23.400960206985474, 23.603713989257812, 23.17883610725403, 23.1120502948761, 23.210769653320312, 23.084110021591187, 23.14294409751892, 23.139525651931763, 23.222877979278564, 23.572540998458862, 23.39880609512329, 23.371543169021606, 23.072224617004395]], "test_accuracy": 16.900000000000002, "convergence_iteration": 21}}