{"config": {"train_options": {"learning_rate": 0.05, "optimizer": "SGD", "batch_size": 128, "number_of_epochs": 300, "loss_parameters": {"temperature": 15, "distillation_type": "FILTER", "alpha": 0.5, "beta": 0.1}}}, "results": {"train_losses": [[0.803501476097107, 0.5815151956558228, 0.4662810583114624, 0.3556228603363037, 0.26050326623916625, 0.18689143037796022, 0.12155749454498291, 0.0677083724975586, 0.01846923027038574, -0.023648353385925292, -0.05928506240844727, -0.08733797492980958, -0.11914779491424561, -0.14366128749847412, -0.16288526153564453, -0.18583079586029053, -0.20527286834716796, -0.2225082492828369, -0.23879148635864259, -0.25355109615325927, -0.2700372283935547, -0.28276283473968505, -0.29741180362701414, -0.30830531177520754, -0.32492482299804687, -0.3333636739730835, -0.34379022903442386, -0.3528881841659546, -0.36473486461639404, -0.3761663377761841, -0.38374727745056153, -0.3927349792480469, -0.4030406400680542, -0.41267169532775877, -0.42113081684112547, -0.42710542793273926, -0.43914479637146, -0.441666361618042, -0.4497272361755371, -0.45914621562957764, -0.4690268081665039, -0.4744088413238525, -0.48447566890716554, -0.4880846651077271, -0.49914535999298093, -0.505662286567688, -0.5067628387451172, -0.5148931615829467, -0.5218043375015259, -0.5302453826904296, -0.5358445310592651, -0.5401390863418579, -0.5489259813308716, -0.5501228759765625, -0.5575415845870971, -0.5645168909072876, -0.5714871253967285, -0.5767071781158447, -0.579166808128357, -0.5836191097259521, -0.5884453147888183, -0.5972937395095825, -0.600795351600647, -0.6074337369918823, -0.6118268419265747, -0.6161401918411255, -0.6215530183792114, -0.6267893154144287, -0.6314604616165161, -0.634099955368042, -0.636969967842102, -0.6438674234390259, -0.6519744123458863, -0.6525386501312256, -0.6655133729934692, -0.6630151781082153, -0.669191477394104, -0.6679193807601929, -0.6713169414520264, -0.6811380222320557, -0.6862710010528564, -0.7544350942611694, -0.7880214357376099, -0.801368946647644, -0.8057501436233521, -0.8106184820175171, -0.8131286443710327, -0.8187992307662963, -0.8202398347854615, -0.8235599369049073, -0.8229403272628785, -0.8252743867874146, -0.8276393636703491, -0.8272979766845703, -0.8293726678848267, -0.83002061252594, -0.8304803802490235, -0.8329674686431885, -0.832409167098999, -0.8339930889129639, -0.8333903606414795, -0.8336204845428467, -0.8333356666564942]], "valid_losses": [[0.7147073603630066, 0.6006796855926514, 0.5025160417556763, 0.4192647332191467, 0.32918156299591067, 0.23190198335647583, 0.2074849190711975, 0.16081546907424926, 0.1178027738571167, 0.0765137149810791, 0.060080312728881834, 0.021244775104522703, 0.032168893718719484, 0.023228947162628175, 0.02953476800918579, 0.11728123006820679, -0.03917034778594971, 0.048945776176452634, -0.009118098735809326, 0.0016803808212280274, -0.03631359510421753, -0.03744832725524903, -0.08064583654403687, -0.03413375654220581, -0.08951394424438476, -0.08073033847808837, -0.10801057777404785, -0.06415044355392456, -0.02875210304260254, -0.05895502004623413, -0.07198349609375, -0.07197229127883911, -0.060713957118988034, -0.10466554470062256, -0.08444864463806152, -0.0830935899734497, -0.06025202808380127, -0.07680899925231933, -0.09120249071121216, -0.0777971209526062, -0.08254566783905029, -0.0571672755241394, -0.1273274552345276, -0.1388252749443054, -0.05270806713104248, -0.13788618297576904, -0.09048714179992676, -0.1204704044342041, -0.10597438611984253, -0.08007257165908814, -0.13315723056793213, -0.14599947185516357, -0.09579797821044922, -0.13239752416610717, -0.1081519136428833, -0.13615492572784424, -0.08599989099502564, -0.13548250904083253, 0.004074516105651856, -0.13453565587997438, -0.08259785175323486, -0.07500008029937744, -0.07026957283020019, -0.06458997783660889, -0.07364775810241699, -0.09703553047180176, -0.11784069499969482, -0.13348406925201417, -0.07022527933120727, -0.15531839237213135, -0.1583720365524292, -0.08800856637954711, -0.07122242603302002, -0.1460014585494995, -0.11202520933151246, -0.1258832262992859, -0.13483708400726319, -0.15360134735107422, -0.1316816689491272, -0.06584689292907715, -0.154002530670166, -0.316101513671875, -0.32269097328186036, -0.322414666557312, -0.31426747035980224, -0.31598263568878177, -0.31492837142944335, -0.3048147289276123, -0.29894533176422117, -0.2989489583969116, -0.29228344650268556, -0.282661058807373, -0.2872923599243164, -0.2762899971008301, -0.275074112701416, -0.27089467191696165, -0.27422337265014646, -0.2693648649215698, -0.2635233253479004, -0.2632988840103149, -0.2494467903137207, -0.2426665446281433, -0.24703383007049562]], "train_accs": [[6.772499999999999, 13.495, 18.55, 23.26, 27.8225, 31.667499999999997, 34.875, 37.81, 40.425, 42.8675, 44.8675, 46.465, 48.525, 50.1075, 51.475, 52.737500000000004, 54.0075, 55.0875, 55.935, 56.75, 57.987500000000004, 58.74, 59.7525, 60.385, 61.31999999999999, 61.8025, 62.612500000000004, 62.614999999999995, 63.465, 64.34, 64.5675, 65.21000000000001, 65.64999999999999, 66.27499999999999, 66.62, 67.0475, 67.7225, 67.7075, 68.0325, 68.53, 69.2225, 69.44749999999999, 69.72500000000001, 70.1925, 70.46, 70.955, 70.695, 71.15, 71.44500000000001, 72.2, 71.96249999999999, 72.05, 72.705, 72.50999999999999, 72.86500000000001, 73.36500000000001, 73.555, 73.8575, 73.8425, 73.925, 73.9525, 74.6625, 74.275, 75.13499999999999, 75.0125, 75.2025, 75.4725, 75.61, 75.6875, 75.53750000000001, 75.74, 76.035, 76.3375, 76.395, 77.0675, 76.7475, 77.13499999999999, 77.0, 76.735, 77.235, 77.69, 82.6125, 85.0025, 86.4175, 86.6225, 87.02250000000001, 87.5125, 87.8575, 88.0825, 88.57000000000001, 88.53999999999999, 88.9, 89.2775, 89.3125, 89.58749999999999, 89.80749999999999, 89.86, 90.19500000000001, 90.25750000000001, 90.6525, 90.515, 90.60000000000001, 90.78500000000001]], "valid_accs": [[9.28, 14.760000000000002, 18.27, 21.94, 25.779999999999998, 30.54, 32.22, 34.489999999999995, 36.59, 38.47, 40.43, 41.89, 42.08, 43.07, 43.08, 40.65, 47.04, 44.36, 46.67, 46.58, 47.22, 48.03, 50.160000000000004, 48.29, 51.339999999999996, 50.5, 50.89, 50.6, 49.08, 50.73, 50.79, 51.06, 51.449999999999996, 51.870000000000005, 51.9, 51.66, 51.349999999999994, 52.43, 52.900000000000006, 52.04, 51.480000000000004, 51.910000000000004, 53.66, 53.620000000000005, 50.349999999999994, 54.16, 52.75, 53.2, 53.5, 52.76, 53.75, 55.78999999999999, 52.86, 53.66, 53.83, 54.010000000000005, 52.790000000000006, 54.02, 49.49, 54.1, 52.25, 51.72, 52.75, 52.32, 52.38, 52.65, 52.99, 54.08, 52.300000000000004, 54.44, 55.06999999999999, 52.129999999999995, 51.870000000000005, 53.83, 52.88, 53.25, 53.04, 54.37, 53.53, 52.839999999999996, 55.010000000000005, 61.24000000000001, 61.739999999999995, 61.69, 61.28, 61.6, 61.91, 61.28, 60.92999999999999, 62.38, 61.629999999999995, 61.5, 61.63999999999999, 61.45, 61.35, 61.39, 61.41, 61.480000000000004, 61.44, 61.63999999999999, 61.25000000000001, 60.91, 61.44]],