{"config": {"train_options": {"learning_rate": 0.05, "optimizer": "SGD", "batch_size": 128, "number_of_epochs": 300, "loss_parameters": {"temperature": 5, "distillation_type": "FEATURE_LAST", "alpha": 0.2, "beta": 0.3}}}, "results": {"train_losses": [[NaN, NaN, NaN, NaN, NaN, NaN, NaN, NaN, NaN, NaN, NaN, NaN, NaN, NaN, 78.78176812744141, 94.57293737792969, 105.63004890136719, 115.86299093017578, 122.71629091796875, 128.30247108154296, 132.4626711303711, 137.2743532836914, 141.06098651123048, 143.77934548339843, 148.61384779052733, 151.2391321411133, 152.6142712158203, 156.59865144042968, 158.84863518066408, 159.19989201660155, 159.66853995361328, 159.34027794189453, 160.0877300415039, 162.79126325683595, 162.0249905517578]], "valid_losses": [[NaN, NaN, NaN, NaN, NaN, NaN, NaN, NaN, NaN, NaN, NaN, NaN, NaN, NaN, 92.13419930725098, 103.10131639862061, 109.38672568359375, 117.5863265625, 115.32339725952149, 119.2923120666504, 154.52314125366212, 127.75757263793945, 128.19192802124024, 144.1328033569336, 144.98299861450195, 151.78098087158205, 152.46987529907227, 158.36680389404296, 156.53899895629883, 156.94273639526367, 157.13808879394531, 164.7387263305664, 153.49662408447264, 156.97427252807617, 156.7556937805176]], "train_accs": [[6.5375000000000005, 14.35, 19.6075, 24.715, 29.5425, 33.557500000000005, 37.0225, 40.3575, 42.667500000000004, 45.0325, 47.215, 49.0225, 50.82, 51.847500000000004, 53.6125, 54.900000000000006, 56.0675, 56.862500000000004, 57.940000000000005, 58.940000000000005, 59.6175, 60.495, 61.0475, 62.08, 62.6075, 63.482499999999995, 63.68000000000001, 64.8725, 65.135, 65.7325, 66.2525, 66.6975, 67.07, 67.3275, 67.8625]], "valid_accs": [[8.76, 14.69, 18.240000000000002, 22.830000000000002, 27.27, 31.35, 32.9, 37.31, 37.76, 37.92, 42.71, 44.2, 45.0, 46.489999999999995, 46.98, 46.07, 47.22, 49.3, 48.85, 50.019999999999996, 47.94, 49.47, 49.57, 49.2, 51.41, 52.400000000000006, 52.019999999999996, 50.68, 53.04, 51.480000000000004, 52.1, 53.42, 53.43, 53.59, 51.949999999999996]], "train_times": [[188.51650428771973, 191.6669623851776, 186.33572840690613, 186.82847905158997, 189.36525106430054, 191.69631695747375, 191.84321784973145, 186.71961331367493, 186.32701516151428, 189.27872109413147, 190.27572798728943, 192.14192700386047, 189.76855492591858, 189.6411008834839, 186.50147151947021, 188.14060592651367, 186.13360929489136, 186.59114527702332, 189.58702111244202, 189.27368831634521, 188.43879508972168, 191.77127480506897, 188.03935408592224, 189.19388580322266, 188.25046634674072, 189.33752608299255, 190.37488961219788, 188.68955254554749, 187.86439108848572, 189.89883017539978, 192.83982181549072, 191.5148000717163, 191.76202178001404, 190.06145334243774, 191.5378861427307]], "valid_times": [[45.45607948303223, 45.376835346221924, 45.35331416130066, 45.233165979385376, 45.66567659378052, 44.113362073898315, 44.48573613166809, 44.35768008232117, 43.77463245391846, 44.65106511116028, 43.87794208526611, 45.19417452812195, 42.90416717529297, 45.062517404556274, 43.131080865859985, 44.70700025558472, 43.259122371673584, 44.085073709487915, 44.62566947937012, 43.61876082420349, 43.53654646873474, 44.9066686630249, 44.91957402229309, 43.899113178253174, 43.94857692718506, 44.35106110572815, 44.048513889312744, 44.14765548706055, 44.92006492614746, 44.47355008125305, 44.96559453010559, 45.19006872177124, 45.21208143234253, 44.64754343032837, 44.924155473709106]], "test_accuracy": 52.349999999999994, "convergence_iteration": 35}}