{"config": {"train_options": {"learning_rate": 0.05, "optimizer": "SGD", "batch_size": 128, "number_of_epochs": 300, "loss_parameters": {"temperature": 5, "distillation_type": "FEATURE_LAST", "alpha": 0.8, "beta": 0.4}}}, "results": {"train_losses": [[160.84700946044921, 137.5031507446289, 140.29375093994142, 151.72181158447265, 162.83903372802735, 174.4025613647461, 185.04494365234376, 196.24529584960936, 205.7490393066406, 212.59741999511718, 218.46458981933594, 222.88498303222656, 228.0992888671875, 231.39743798828124, 235.20080576171875, 238.8476291015625, 242.88872006835936, 246.44232058105467, 249.64395737304687, 252.37293842773437, 255.80808732910157, 258.8425458251953]], "valid_losses": [[143.67914376220702, 133.29100852661134, 163.49466286621094, 153.9616462402344, 170.05580725097656, 180.8049341796875, 195.58085083007813, 204.86713585205078, 205.22568273925782, 210.1001776977539, 229.61376962890625, 227.3619289428711, 228.75464632568358, 241.18457562255858, 241.9608102783203, 246.53798947753907, 248.69399017333984, 252.38631319580077, 255.63821284179687, 258.6155607788086, 262.13291647949217, 261.44192540283206]], "train_accs": [[4.8725, 9.51, 12.3875, 14.760000000000002, 17.315, 20.515, 22.935, 25.46, 27.747500000000002, 29.74, 32.1425, 34.2075, 35.735, 37.512499999999996, 39.042500000000004, 40.489999999999995, 42.120000000000005, 43.56, 44.7825, 45.885, 46.7575, 48.052499999999995]], "valid_accs": [[7.17, 10.67, 13.5, 15.02, 18.41, 20.48, 22.34, 24.36, 26.729999999999997, 27.18, 28.92, 30.620000000000005, 30.740000000000002, 34.04, 33.79, 35.3, 36.9, 37.669999999999995, 39.37, 39.85, 40.27, 41.43]], "train_times": [[204.32265257835388, 205.2027940750122, 204.11978602409363, 200.10660600662231, 197.02197074890137, 196.9993827342987, 196.9732608795166, 194.85521268844604, 194.41625428199768, 193.78588700294495, 182.91941618919373, 185.7343852519989, 185.7007656097412, 186.27301144599915, 184.3084671497345, 185.49459433555603, 188.3993878364563, 189.78635621070862, 185.80852818489075, 189.78463292121887, 193.6669180393219, 195.62844467163086]], "valid_times": [[47.718974113464355, 47.935367584228516, 47.23780035972595, 45.800859689712524, 46.0171639919281, 46.08530044555664, 46.165661096572876, 45.52791213989258, 45.98610854148865, 44.56923532485962, 43.91699552536011, 44.92433524131775, 45.25074076652527, 44.97654604911804, 44.8505437374115, 44.541786193847656, 44.589070081710815, 45.20225167274475, 45.447922229766846, 46.425551414489746, 46.12723660469055, 45.50580668449402]], "test_accuracy": 43.29, "convergence_iteration": 22}}