{"config": {"train_options": {"learning_rate": 0.005, "optimizer": "SGD", "batch_size": 128, "number_of_epochs": 300, "loss_parameters": {"temperature": 15, "distillation_type": "FEATURE_LAST", "alpha": 0.2, "beta": 0.8}}}, "results": {"train_losses": [[342.06533203125, 311.575842578125, 290.0425359863281, 276.0062383544922, 265.14041904296874, 263.2122931396484, 264.38314924316404, 268.00822951660155, 273.6815866699219, 281.63299887695314, 287.0429367675781, 294.42376831054685, 300.5162344238281, 305.2623624267578, 311.1684002929687, 316.6645134277344, 321.7110672363281, 324.0937733398437, 328.3657148925781, 332.0584896972656, 336.39836728515627, 339.79907329101565, 343.40366826171874, 346.63358071289065, 349.50744526367185, 352.56165234375, 355.6846027832031, 358.0633946289062, 362.402268359375, 365.897221484375, 367.68771176757815, 370.3752919433594, 372.16514301757815, 375.10379482421877, 377.27839580078125, 379.6438720703125]], "valid_losses": [[NaN, NaN, NaN, NaN, NaN, NaN, NaN, NaN, NaN, NaN, NaN, NaN, NaN, 285.84099807128905, 297.94048188476563, 284.3506845703125, 291.3566768554688, 306.11650632324216, 307.0500050048828, 315.2946629638672, 315.16665927734374, 317.3368449707031, 316.5823552001953, 334.800191796875, 322.3159980712891, 324.9494988037109, 327.45399311523437, 333.06543837890626, 355.17990251464846, 355.4150935058594, 342.9943752685547, 350.8986949462891, 359.8331699707031, 364.9354187255859, 369.27474765625, 372.66136052246094]], "train_accs": [[1.91, 3.15, 4.047499999999999, 5.0874999999999995, 6.3275, 7.1425, 8.1975, 9.2675, 10.127500000000001, 10.95, 11.735, 12.592500000000001, 13.1875, 13.767499999999998, 14.2325, 15.2125, 15.587500000000002, 15.964999999999998, 16.545, 17.025000000000002, 17.5075, 17.935000000000002, 18.5425, 19.1675, 19.585, 20.225, 20.6125, 20.8525, 21.5975, 22.3825, 22.442500000000003, 22.99, 23.727500000000003, 23.7425, 24.560000000000002, 24.982499999999998]], "valid_accs": [[2.5700000000000003, 4.14, 4.79, 5.82, 6.65, 7.739999999999999, 9.01, 10.15, 11.24, 11.75, 12.72, 13.19, 13.569999999999999, 14.35, 14.6, 15.1, 15.709999999999999, 16.0, 16.3, 16.689999999999998, 16.919999999999998, 17.51, 17.77, 17.87, 18.4, 19.29, 20.02, 19.919999999999998, 20.849999999999998, 20.71, 20.96, 21.84, 22.74, 22.34, 23.5, 23.24]], "train_times": [[119.30440020561218, 120.56606388092041, 121.51166105270386, 119.73336863517761, 122.22932410240173, 119.55196571350098, 122.85224914550781, 119.1051037311554, 124.02906632423401, 120.72536182403564, 122.38987302780151, 121.29395914077759, 121.85856103897095, 120.24255204200745, 124.153324842453, 120.04558253288269, 121.49479722976685, 120.79542565345764, 121.12380051612854, 122.07404589653015, 121.6598768234253, 121.25190114974976, 119.88274240493774, 122.29975152015686, 120.16526556015015, 122.75355219841003, 120.08415937423706, 121.90202140808105, 120.4864571094513, 120.76183867454529, 120.41004729270935, 122.00899243354797, 120.41057634353638, 120.58230590820312, 121.80509448051453, 120.78246188163757]], "valid_times": [[24.831241846084595, 23.297743320465088, 23.80406641960144, 23.97681427001953, 23.507993459701538, 23.225361347198486, 23.07890748977661, 23.484299421310425, 23.274009466171265, 23.61020040512085, 23.516786813735962, 24.386937618255615, 22.995890140533447, 23.403531074523926, 24.402126789093018, 24.257967948913574, 23.046648502349854, 23.10653281211853, 23.20226502418518, 23.51044487953186, 22.995068311691284, 22.902761459350586, 23.122016429901123, 23.137774229049683, 24.50174570083618, 22.933066844940186, 24.051352739334106, 23.537224054336548, 23.35132360458374, 22.993067502975464, 23.231566190719604, 23.382112979888916, 25.044049501419067, 23.293325185775757, 23.483880519866943, 23.388389348983765]], "test_accuracy": 24.89, "convergence_iteration": 36}}