{"config": {"train_options": {"learning_rate": 0.005, "optimizer": "SGD", "batch_size": 128, "number_of_epochs": 300, "loss_parameters": {"temperature": 5, "distillation_type": "FEATURE_LAST", "alpha": 0.1, "beta": 0.7}}}, "results": {"train_losses": [[291.72124248046873, 249.77368806152344, 221.28407185058595, 210.5215450683594, 202.86019904785155, 185.99662788085936, 171.39354039306642, 163.79002493896485, NaN, NaN, 185.91773188476563, 195.22153184814454, 206.38299440917967, 218.35828549804688, 226.08786259765625, 235.50237214355468, 245.56877478027343, 255.61629541015625, 262.81621818847657, 267.93399113769533, 273.0891178222656, 278.0330495605469, 280.3399684082031, 283.39781416015626, 283.8711835693359, 287.8265019042969, 289.40684553222655, 290.9973002685547, 292.63664467773435, 295.7091983886719, 296.5106000488281, 299.82782563476565, 302.14594602050784, 304.7666937744141]], "valid_losses": [[NaN, NaN, NaN, NaN, NaN, NaN, NaN, NaN, NaN, NaN, NaN, NaN, NaN, 219.00455123291016, 219.60001911621094, 225.00572452392578, 238.37372854003905, 230.74248732910155, 265.4421780883789, 262.86062667236325, 257.36300223388673, 274.37189951171877, 261.16639969482424, 276.3343300415039, 278.6347431762695, 278.2831500854492, 279.9877225463867, 270.22242619628906, 275.2667098754883, 291.14749331054685, 292.5169577636719, 291.5706195678711, 288.84118834228514, 275.5886186645508]], "train_accs": [[2.1774999999999998, 4.4975000000000005, 5.8925, 7.2675, 8.862499999999999, 10.6075, 11.959999999999999, 12.9175, 13.675, 14.4125, 15.3025, 15.964999999999998, 16.785, 17.5475, 18.2, 19.067500000000003, 19.96, 20.6225, 21.37, 22.0475, 22.98, 23.8375, 24.7725, 25.515, 26.2925, 26.945000000000004, 27.6425, 28.347499999999997, 29.160000000000004, 29.6825, 30.1475, 31.072499999999998, 31.642500000000002, 32.3025]], "valid_accs": [[3.08, 4.99, 6.79, 8.64, 9.520000000000001, 11.17, 12.9, 13.08, 13.59, 14.42, 14.99, 15.85, 16.6, 17.0, 17.88, 18.709999999999997, 19.13, 19.950000000000003, 19.99, 21.44, 21.82, 22.82, 23.68, 24.41, 25.569999999999997, 26.369999999999997, 26.76, 27.18, 27.96, 28.549999999999997, 29.09, 29.62, 29.720000000000002, 30.2]], "train_times": [[120.21698760986328, 122.73418498039246, 119.5271098613739, 119.96231865882874, 121.12990927696228, 122.79388761520386, 120.28837251663208, 120.49310731887817, 121.5014591217041, 120.98460960388184, 122.77386140823364, 120.51555562019348, 121.23947095870972, 121.68779850006104, 120.23227262496948, 120.98146915435791, 121.85488605499268, 119.92500853538513, 120.49627304077148, 119.61363816261292, 121.89991736412048, 121.40329885482788, 123.41118836402893, 120.94179606437683, 121.86580634117126, 121.66094470024109, 123.6205701828003, 120.37929916381836, 122.05345726013184, 123.98542881011963, 120.62002468109131, 119.86214184761047, 123.47607064247131, 121.28037428855896]], "valid_times": [[23.443989276885986, 23.80656862258911, 23.22818660736084, 23.68831205368042, 23.485663175582886, 23.71030855178833, 23.82024908065796, 23.526108980178833, 23.692957162857056, 24.03223943710327, 23.60509204864502, 23.72159242630005, 24.817185640335083, 24.037582397460938, 23.54133653640747, 23.270761013031006, 23.474488496780396, 23.756204843521118, 23.489870071411133, 23.74437713623047, 23.40384793281555, 24.32999086380005, 23.702829360961914, 24.056198120117188, 23.406890153884888, 23.402020692825317, 23.943061351776123, 24.41694736480713, 23.91702103614807, 23.440564393997192, 23.666493892669678, 23.44372868537903, 23.871707677841187, 23.84084153175354]], "test_accuracy": 31.1, "convergence_iteration": 34}}