{"config": {"train_options": {"learning_rate": 0.01, "optimizer": "SGD", "batch_size": 128, "number_of_epochs": 300, "loss_parameters": {"temperature": 20, "distillation_type": "FEATURE_LAST", "alpha": 0.5, "beta": 0.2}}}, "results": {"train_losses": [[83.9420775390625, 70.08424158325195, 72.4362529724121, 72.47920697631837, 72.21235106811524, 71.82489664306641, 72.64074716186524, 72.6772673828125, 74.39829409179687, 76.19804047851562, 78.17560435180664, 78.6791391784668, 80.3115426940918, 81.1643962097168, 82.32992835083007, 83.72656517944336, 84.47804438476562, 85.34745834350586, 86.93464724121094, 87.81181240234375, 89.14174322509766, 90.08083110351562, 91.04618029785156, 91.79084384765625, 92.79325389404296, 93.82290756835937, 95.06327546386719, 96.00287796630859, 96.62592249755859]], "valid_losses": [[NaN, NaN, NaN, 65.51409566955566, 66.09982412109375, 67.36915795440675, NaN, NaN, NaN, 66.44391064453124, NaN, NaN, 76.91250000305176, 77.72241355285645, 78.10002801513671, 79.17503206939698, 82.54035266113281, 83.53326955871582, 81.81372989349366, 85.22471093139649, 85.12446539001465, 90.61805258178711, 83.81475270080567, 92.95313457641602, 91.35276070861816, 91.21656805419921, 94.35649868164063, 95.36661800231934, 94.4880099609375]], "train_accs": [[2.5125, 6.79, 10.585, 13.237499999999999, 15.415000000000001, 17.345, 19.2925, 20.9225, 22.835, 24.5725, 26.375, 28.345, 30.0375, 31.3475, 33.035, 34.3475, 35.775, 36.96, 38.21, 39.37, 40.58, 41.5175, 42.565, 43.6625, 44.375, 45.1725, 46.0075, 47.1175, 48.285]], "valid_accs": [[4.68, 9.049999999999999, 11.33, 12.659999999999998, 14.879999999999999, 16.0, 18.93, 20.1, 21.88, 23.31, 25.979999999999997, 26.05, 28.09, 28.449999999999996, 30.59, 32.550000000000004, 33.040000000000006, 34.03, 35.75, 36.66, 37.55, 37.65, 37.9, 40.089999999999996, 40.54, 40.72, 42.27, 42.14, 42.51]], "train_times": [[189.2117702960968, 188.89641666412354, 189.08003520965576, 188.49745988845825, 189.0067059993744, 186.66121554374695, 187.0200798511505, 189.1105020046234, 188.94978165626526, 186.80204343795776, 188.15339374542236, 189.38368320465088, 189.65972352027893, 188.09808206558228, 189.33882927894592, 188.9433455467224, 188.65138292312622, 186.79204201698303, 187.31969571113586, 188.40088438987732, 186.37857389450073, 186.2334623336792, 188.3222041130066, 186.9970428943634, 187.82236075401306, 187.97699165344238, 188.51295852661133, 188.0831069946289, 188.41960525512695]], "valid_times": [[43.63749575614929, 43.041390895843506, 43.518091678619385, 43.41756081581116, 43.81309247016907, 44.48005700111389, 43.80400037765503, 44.08555006980896, 43.40102696418762, 44.12420392036438, 44.211931467056274, 43.29308009147644, 43.195239543914795, 43.77358865737915, 43.7920196056366, 43.331074237823486, 43.55908465385437, 43.78425860404968, 44.00806903839111, 43.45476198196411, 43.33506536483765, 43.27106213569641, 43.20862913131714, 43.42529535293579, 43.55653762817383, 43.773115158081055, 43.993109464645386, 43.753626585006714, 43.905542850494385]], "test_accuracy": 43.8, "convergence_iteration": 29}}