{"config": {"train_options": {"learning_rate": 0.05, "optimizer": "SGD", "batch_size": 128, "number_of_epochs": 300, "loss_parameters": {"temperature": 15, "distillation_type": "FEATURE_LAST", "alpha": 0.6, "beta": 0.4}}}, "results": {"train_losses": [[123.38714376220703, 108.29951846923828, 122.09911473388672, 131.95666336669922, 143.7836642578125, 157.81635682373047, 171.89646121826172, 182.6415120605469, 191.70486779785156, 198.5149373046875, 204.62581337890626, 208.88508017578124, 215.7553161376953, 220.0238604248047, 225.47297751464845, 229.47323732910155, 234.0970604736328, 237.83297321777343, 241.05887685546875, 244.42039978027344, 247.5610451171875, 251.28094353027345, 254.28170832519532, 257.73486694335935]], "valid_losses": [[NaN, NaN, 106.53278559570313, NaN, 151.15765657348632, 163.6087846130371, 167.68959007568358, 165.88187474365233, 187.0498671447754, 173.05419119262694, 195.21878651123046, 207.73533247070313, 214.56012142333984, 206.09580482177734, 220.64330853271485, 223.49090815429687, 232.72133260498046, 236.99050877685548, 230.26953359375, 239.82653092041016, 236.09331947021485, 246.55022648925782, 250.71700933837892, 255.06798828125]], "train_accs": [[5.0075, 11.7625, 16.3675, 20.244999999999997, 23.7975, 27.07, 30.3225, 32.9775, 35.449999999999996, 37.9675, 40.5075, 42.495, 44.445, 45.7625, 47.4375, 48.83, 49.8675, 51.2575, 52.397499999999994, 53.665, 54.215, 55.245, 55.97, 57.0825]], "valid_accs": [[8.99, 12.809999999999999, 16.61, 19.63, 21.97, 27.139999999999997, 27.150000000000002, 30.570000000000004, 29.909999999999997, 32.14, 37.269999999999996, 38.92, 37.37, 38.4, 40.72, 41.36, 42.32, 43.59, 43.919999999999995, 45.1, 45.300000000000004, 46.27, 46.64, 47.89]], "train_times": [[190.34266662597656, 189.6969907283783, 186.85010623931885, 192.73099446296692, 191.8034107685089, 191.72283458709717, 189.45747876167297, 190.52326822280884, 191.36936593055725, 191.41829299926758, 193.84078764915466, 192.16627502441406, 187.91652464866638, 186.3373885154724, 187.4053704738617, 190.45182156562805, 187.5528326034546, 190.87730884552002, 188.8498032093048, 191.36031126976013, 190.21064925193787, 189.3851728439331, 190.0702612400055, 186.51320624351501]], "valid_times": [[44.88383913040161, 43.535240173339844, 43.59705376625061, 45.40267610549927, 43.85252237319946, 45.20611882209778, 44.55354595184326, 45.220510482788086, 44.31354594230652, 46.45151329040527, 44.90117168426514, 43.13622045516968, 44.8166618347168, 44.238192081451416, 44.55835270881653, 45.13368535041809, 44.71318435668945, 44.584223985672, 45.25371527671814, 44.69087338447571, 45.188844203948975, 44.27777600288391, 44.07323908805847, 45.23151350021362]], "test_accuracy": 47.63, "convergence_iteration": 24}}