{"config": {"train_options": {"learning_rate": 0.01, "optimizer": "SGD", "batch_size": 128, "number_of_epochs": 300, "loss_parameters": {"temperature": 20, "distillation_type": "FEATURE_LAST", "alpha": 0.6, "beta": 0.4}}}, "results": {"train_losses": [[166.85142215576172, 130.35028195800783, 114.23901291503907, 107.9437503112793, 107.81978839111328, 117.16213223876953, 125.88873150634765, 133.53619375, 142.0742239013672, 150.71120131835937, 157.82460811767578, 163.55439725341796, 166.91856877441407, 171.03179592285156, 173.59806958007812, 176.94394643554688, 179.10232149658202, 180.605367578125, 181.38045778808595, 181.53155024414062, 182.80234494628905, 184.09160971679688, 184.79823630371095, 186.06508896484374, 188.52863571777343, 190.46425034179688, 192.74589685058595, 193.76773051757812, 196.40083137207031, 198.65148625488283]], "valid_losses": [[NaN, NaN, NaN, NaN, NaN, NaN, NaN, NaN, NaN, 132.5416342529297, 146.98751017456055, 155.73150776367189, 168.98948127441406, 171.28678569335938, 170.7439379211426, 172.47417794189454, 173.15885367431642, 178.15806602783204, 181.80893021850585, 178.85527894287108, 182.29816486206056, 179.61994685668947, 181.75053826904298, 188.4082730407715, 189.0740712463379, 187.13695090332033, 188.61239224243164, 200.55438095703124, 205.2374466796875, 198.45032936401367]], "train_accs": [[2.4775, 5.5275, 8.2975, 10.6075, 12.2125, 13.755, 14.9925, 16.2225, 17.6775, 18.9725, 20.5075, 21.88, 22.865, 24.1125, 25.272499999999997, 26.6125, 27.6425, 28.955, 29.912499999999998, 31.205, 31.805, 33.09, 33.832499999999996, 34.644999999999996, 35.85, 36.4775, 37.66, 38.495000000000005, 38.769999999999996, 40.12]], "valid_accs": [[3.9800000000000004, 7.199999999999999, 9.82, 11.55, 12.9, 13.469999999999999, 14.719999999999999, 15.950000000000001, 17.32, 19.55, 20.39, 20.919999999999998, 22.05, 23.47, 24.33, 23.86, 26.640000000000004, 27.450000000000003, 27.939999999999998, 28.499999999999996, 29.23, 31.319999999999997, 30.490000000000002, 30.54, 32.25, 33.21, 33.01, 33.56, 35.52, 35.82]], "train_times": [[116.98560810089111, 117.068678855896, 117.0502519607544, 117.0011978149414, 116.93211674690247, 117.05964303016663, 117.13210940361023, 117.2321515083313, 117.23761677742004, 117.19160056114197, 117.22119760513306, 117.17417907714844, 117.08122038841248, 117.03116989135742, 117.17889428138733, 117.2397575378418, 116.99138975143433, 117.28077840805054, 116.97692441940308, 117.20614981651306, 117.0571219921112, 117.09568762779236, 117.16370511054993, 117.27809262275696, 117.15966129302979, 117.14663124084473, 117.17315769195557, 117.07168078422546, 117.1341655254364, 117.06614661216736]], "valid_times": [[26.69454336166382, 26.709627628326416, 26.69504141807556, 26.706554412841797, 26.818108081817627, 26.70902967453003, 27.351001977920532, 26.729514360427856, 26.736063718795776, 26.741575956344604, 26.690032243728638, 26.68851900100708, 26.801539659500122, 26.685118913650513, 26.75706124305725, 26.660032987594604, 26.725661516189575, 26.701516151428223, 26.71055245399475, 26.71306037902832, 26.681998252868652, 26.674059629440308, 26.64103651046753, 26.669034004211426, 26.706031322479248, 26.702513217926025, 26.706033945083618, 26.734026670455933, 26.67603349685669, 26.877002000808716]], "test_accuracy": 37.96, "convergence_iteration": 30}}