{"config": {"train_options": {"learning_rate": 0.05, "optimizer": "SGD", "batch_size": 128, "number_of_epochs": 300, "loss_parameters": {"temperature": 5, "distillation_type": "FEATURE_LAST", "alpha": 0.8, "beta": 0.3}}}, "results": {"train_losses": [[117.40963184814453, 83.18560814208985, 88.2551391418457, 99.62482214355468, 112.88277567138672, 125.10125118408203, 132.76062976074218, 141.57325579833986, 149.05342893066407, 155.0677632446289, 161.0868706665039, 165.32275469970702, 169.8267517944336, 173.56754182128907, 176.58540728759766, 179.39912923583984, 182.65659876708983, 185.20090480957032, 187.1976012451172, 189.74920913085938, 191.56789462890626, 193.71460793457032, 195.4019022705078, 196.535053515625, 198.537330859375]], "valid_losses": [[NaN, NaN, NaN, NaN, 114.27312360839844, 115.46627194824218, 131.771437701416, 142.88262385864257, 149.89480256347656, 162.432322265625, 161.15122064819337, 162.61259360351562, 168.16976278076172, 175.1530713623047, 173.68366692504884, 175.8433455871582, 180.85940690917968, 188.24852619628905, 189.29364592285157, 195.0037392944336, 190.84179365234374, 194.6137650390625, 194.11517348632813, 200.29449654541017, 196.59644812011717]], "train_accs": [[4.3425, 10.025, 13.5775, 16.634999999999998, 19.025, 21.705, 24.1775, 26.9275, 29.1375, 31.5025, 33.535, 35.5075, 37.075, 38.955, 40.5175, 42.275, 43.425000000000004, 44.487500000000004, 45.8725, 46.89, 47.8525, 48.957499999999996, 49.7, 50.965, 51.92]], "valid_accs": [[6.4, 10.14, 13.33, 16.689999999999998, 19.03, 22.189999999999998, 24.759999999999998, 26.07, 27.62, 29.799999999999997, 31.44, 32.64, 34.81, 36.94, 37.54, 37.91, 40.300000000000004, 40.31, 42.15, 40.300000000000004, 42.26, 43.18, 43.11, 41.86, 45.31]], "train_times": [[193.62312054634094, 192.56302213668823, 187.8119719028473, 186.08375573158264, 186.20837211608887, 190.89005589485168, 188.48378038406372, 189.66507029533386, 190.73089599609375, 191.31029629707336, 191.77475023269653, 188.95062160491943, 191.0764832496643, 190.94827699661255, 190.19958209991455, 191.7167444229126, 196.25449967384338, 190.30323219299316, 191.73627161979675, 191.79659795761108, 188.98590850830078, 191.135502576828, 190.49910187721252, 192.08848643302917, 190.70051980018616]], "valid_times": [[45.48531699180603, 44.876710653305054, 45.78318905830383, 44.68465447425842, 44.65171527862549, 45.010215759277344, 45.213748931884766, 44.81351447105408, 44.87379550933838, 45.02745079994202, 44.71420741081238, 45.08129286766052, 45.118009090423584, 45.132810831069946, 45.15268802642822, 47.50222110748291, 44.78416323661804, 45.108399868011475, 45.35156846046448, 45.27160668373108, 45.180192708969116, 45.08078384399414, 45.08334469795227, 45.04071378707886, 45.12372350692749]], "test_accuracy": 46.949999999999996, "convergence_iteration": 25}}