{"config": {"train_options": {"learning_rate": 0.005, "optimizer": "SGD", "batch_size": 128, "number_of_epochs": 300, "loss_parameters": {"temperature": 20, "distillation_type": "FEATURE_LAST", "alpha": 0.8, "beta": 0.3}}}, "results": {"train_losses": [[109.1393400024414, 111.27285523681641, 110.45327333984375, 109.36122248535156, 109.0584643798828, 107.66057266845704, 105.48024486083985, 103.81714598388672, 104.00097598876953, 105.48992824707031, 107.18204285888672, 109.67059909667968, 112.08305693359375, 114.41999427490235, 116.85930834960938, 119.27199578857422, 120.82035949707031, 122.91013543701172, 124.22909697265625, 126.22680766601563, 127.68990249023437, 129.43786912841796, 130.80580677490235, 132.454260546875, 133.7196205078125, 135.14392215576171, 136.25114157714845, 137.2805133544922, 138.23543666992188, 139.43493602294922, 140.0089138305664, 141.2249096435547, 142.23112407226563, 142.93034741210937, 143.8634892578125, 144.61253666992187]], "valid_losses": [[NaN, NaN, NaN, NaN, NaN, NaN, NaN, NaN, NaN, NaN, NaN, 105.59464861450195, NaN, 108.89217247924805, 117.35376107177734, 105.15757697753907, 114.08253558959962, 112.46640083618163, 117.70429431152344, 114.92156185302734, 121.73148709716797, 119.21372194824218, 122.38111876831054, 121.96880757446289, 121.40285193481445, 123.31738142089844, 124.63848156738281, 122.27795989990234, 123.04843513793945, 125.26145544433594, 128.07729662475586, 131.76784463500977, 125.57688461914063, 132.02863485107423, 131.52758494873046, 133.75997573852538]], "train_accs": [[1.6125, 2.6374999999999997, 3.6824999999999997, 4.8525, 5.47, 6.260000000000001, 6.935, 7.6450000000000005, 8.8075, 9.264999999999999, 10.2025, 10.8325, 11.3775, 12.1275, 12.64, 13.337499999999999, 13.944999999999999, 14.347499999999998, 14.802499999999998, 15.507499999999999, 15.934999999999999, 16.3675, 16.7925, 17.3925, 17.5975, 18.082500000000003, 18.655, 18.7475, 19.384999999999998, 19.645000000000003, 20.0875, 20.4175, 20.79, 21.38, 21.5725, 21.945]], "valid_accs": [[2.48, 3.4299999999999997, 4.5, 4.91, 5.92, 6.76, 7.16, 7.9799999999999995, 9.13, 9.83, 10.879999999999999, 10.979999999999999, 12.139999999999999, 12.4, 13.26, 13.530000000000001, 13.750000000000002, 14.74, 15.22, 15.740000000000002, 16.14, 16.59, 16.619999999999997, 16.86, 17.27, 17.65, 17.740000000000002, 18.09, 18.56, 18.96, 19.37, 20.0, 19.509999999999998, 19.84, 20.44, 20.32]], "train_times": [[170.48187708854675, 162.20165276527405, 161.59653663635254, 161.17228078842163, 164.1475489139557, 164.72924399375916, 161.52100801467896, 163.17172980308533, 163.10496020317078, 161.51414918899536, 164.1717929840088, 163.3120231628418, 163.38858127593994, 164.52371835708618, 164.0355885028839, 164.66122770309448, 171.924706697464, 171.94618439674377, 161.22466564178467, 159.91873288154602, 159.0445215702057, 157.03176069259644, 159.37566757202148, 158.96723675727844, 158.4497787952423, 158.96144199371338, 158.47471380233765, 158.38919949531555, 159.10988664627075, 158.23859024047852, 159.0871958732605, 158.23255276679993, 158.48405122756958, 158.9571874141693, 158.4726436138153, 158.74391174316406]], "valid_times": [[37.47832775115967, 38.18473744392395, 37.18385982513428, 37.64833378791809, 37.35147261619568, 37.329654693603516, 37.568623304367065, 37.84047865867615, 37.975425243377686, 38.00553250312805, 38.215460538864136, 38.175771713256836, 37.7566614151001, 38.29085350036621, 37.78894901275635, 39.50745463371277, 40.06971979141235, 37.40151238441467, 38.011544704437256, 37.20538353919983, 37.056479930877686, 37.10919904708862, 36.528143644332886, 36.998555183410645, 37.26624298095703, 36.970022678375244, 37.123799562454224, 36.535953521728516, 37.06761407852173, 37.03519058227539, 37.05322766304016, 36.85834527015686, 36.788129806518555, 37.35778331756592, 37.039732933044434, 36.61019706726074]], "test_accuracy": 21.21, "convergence_iteration": 36}}