{"config": {"train_options": {"learning_rate": 0.01, "optimizer": "SGD", "batch_size": 128, "number_of_epochs": 300, "loss_parameters": {"temperature": 10, "distillation_type": "FEATURE_LAST", "alpha": 0.6, "beta": 0.2}}}, "results": {"train_losses": [[65.9603830871582, NaN, 49.56406511230469, 53.98130562133789, 56.79724503173828, 60.17365669555664, 64.45322927246093, 68.58849392700195, 72.45843325195312, 75.64122285766602, 78.25718171386718, 79.90424473876953, 81.34221978759766, 83.06345354614258, 84.43607020874023, 85.36072562866211, 86.46236475830078, 88.04331975708008, 89.0956763305664, 90.61945153198242, 91.89196928710938, 92.86111810302734, 94.06564577636719, 94.38796671142578, 95.06591164550781, 95.79745676269532, 96.63340758056641, 97.39403161621094, 98.31784288330078, 98.81322243652343, 99.81865317382812, 99.96132294921875]], "valid_losses": [[NaN, NaN, NaN, NaN, NaN, NaN, NaN, NaN, NaN, 71.94957498168945, 67.53456289825439, 66.4717522644043, 67.92310250244141, 74.23612886657715, 78.02588865661622, 71.71969391479492, 83.76930033874511, 86.32433432922363, 82.93754403381348, 88.1902074798584, 83.4618727935791, 91.98007762756347, 94.38751725463867, 95.71886624145507, 95.6951778717041, 99.19704788208008, 97.34089915466309, 100.79879975585938, 101.57138821411132, 99.02828718261719, 104.48042486572265, 101.19790641784668]], "train_accs": [[3.4575, 7.1975, 10.147499999999999, 12.5575, 14.527499999999998, 16.145, 17.8725, 19.5825, 21.322499999999998, 22.900000000000002, 24.4, 26.305, 27.7525, 28.9825, 30.5175, 31.805, 32.8525, 34.0675, 35.0625, 36.107499999999995, 37.3125, 38.1175, 39.08, 40.2175, 40.8775, 41.665, 42.5025, 43.1725, 44.0775, 44.8975, 45.5575, 46.3375]], "valid_accs": [[5.510000000000001, 8.68, 11.559999999999999, 13.63, 14.729999999999999, 15.920000000000002, 17.330000000000002, 19.46, 20.3, 21.78, 23.549999999999997, 24.349999999999998, 25.650000000000002, 26.950000000000003, 28.18, 28.73, 30.28, 30.459999999999997, 32.09, 32.93, 33.48, 34.62, 34.150000000000006, 34.36, 36.11, 36.120000000000005, 36.64, 37.05, 37.46, 38.16, 38.879999999999995, 39.78]], "train_times": [[123.75706672668457, 123.67420816421509, 123.46353840827942, 123.94086122512817, 124.01367831230164, 123.29749083518982, 123.88534164428711, 123.2284643650055, 124.5470883846283, 123.77061653137207, 122.64104890823364, 121.9858181476593, 124.60668706893921, 123.6946952342987, 122.87658905982971, 123.74341607093811, 121.46750783920288, 121.42992043495178, 127.79021835327148, 129.78743886947632, 130.13994789123535, 124.097571849823, 123.90570378303528, 122.17205929756165, 121.40690922737122, 123.58856701850891, 123.4482934474945, 121.05160117149353, 121.3346061706543, 123.3470094203949, 123.4851336479187, 124.41190648078918]], "valid_times": [[28.41639471054077, 28.311546087265015, 28.655744075775146, 28.414396047592163, 28.3199942111969, 28.368390798568726, 28.3104567527771, 28.37670135498047, 28.437767505645752, 28.323074340820312, 28.017354488372803, 29.036177396774292, 28.65547513961792, 28.85211205482483, 28.53612756729126, 28.269152402877808, 27.821512699127197, 27.994534969329834, 30.137864351272583, 29.818236351013184, 29.015882968902588, 28.519004821777344, 28.433544158935547, 27.874976634979248, 27.775047779083252, 28.332581758499146, 28.262235164642334, 27.79693055152893, 27.707864999771118, 28.438823699951172, 28.65058183670044, 28.468894481658936]], "test_accuracy": 40.510000000000005, "convergence_iteration": 32}}