{"config": {"train_options": {"learning_rate": 0.005, "optimizer": "SGD", "batch_size": 128, "number_of_epochs": 300, "loss_parameters": {"temperature": 5, "distillation_type": "FEATURE_LAST", "alpha": 0.1, "beta": 0.9}}}, "results": {"train_losses": [[394.5941407226563, 375.78747529296874, 365.66192299804686, 361.15888310546876, 358.21447392578125, 352.9814103515625, 349.03935849609377, 345.55054541015625, 341.692015625, 339.1935263671875, 339.22637119140626, 341.8182697753906, 343.2130938964844, 346.6598881103516, 348.353271875, 353.1948712890625, 354.8625604980469, 358.752537109375, 360.8522490234375, 361.7554125, 362.6989045410156, 363.12041640625, 362.34428110351564, 364.80702124023435, 364.705154296875, 366.2178770996094, 367.111559375, 367.724478125, 369.61925092773436, 372.4262703125, 374.37755703125, 375.7955998535156, 378.93999873046874, 381.1894993652344, 382.2875514648438, 383.6616413574219, 385.90923276367187, 388.20555927734375, 389.5455884277344, 391.4591379394531, 393.84317353515627, 396.6558182128906, 397.2918611328125, 399.01245576171874, 402.54874228515627, 404.1772717285156, 406.15146762695315]], "valid_losses": [[NaN, NaN, NaN, NaN, NaN, NaN, NaN, NaN, NaN, NaN, NaN, NaN, NaN, NaN, NaN, NaN, NaN, NaN, NaN, NaN, NaN, NaN, NaN, 350.12071380615237, 348.9411525634766, 348.7126957458496, 345.5508016387939, 353.84088665161136, 357.1080138305664, 350.79146041259764, 363.55650212402344, 368.32312985839843, 372.4157854736328, 367.948737890625, 378.8192806640625, 368.012805065918, 372.2510226928711, 383.80721162109376, 377.3327517211914, 382.7917085205078, 386.3515532470703, 390.9414358886719, 388.0058077758789, 395.4533748413086, 389.08793930664064, 397.34354802246094, 399.21188541259767]], "train_accs": [[1.6475, 3.0700000000000003, 4.185, 4.885, 5.3425, 5.72, 6.2575, 6.8025, 7.442500000000001, 8.075000000000001, 8.6075, 9.1325, 9.3775, 9.950000000000001, 10.135, 10.674999999999999, 10.95, 11.415000000000001, 11.845, 12.1475, 12.612499999999999, 12.8, 13.395000000000001, 13.6625, 13.8625, 14.285, 14.4775, 14.887500000000001, 15.28, 15.562500000000002, 15.8575, 16.395, 16.665, 17.025000000000002, 17.4725, 17.7, 18.13, 18.35, 18.692500000000003, 19.1775, 19.3825, 19.4375, 19.8175, 20.1225, 20.435, 20.69, 20.775]], "valid_accs": [[2.2800000000000002, 3.2800000000000002, 4.15, 4.6899999999999995, 4.96, 5.57, 6.45, 6.74, 7.41, 7.95, 8.67, 9.0, 9.139999999999999, 9.94, 10.35, 10.51, 10.94, 11.77, 11.92, 11.709999999999999, 12.04, 12.590000000000002, 12.94, 13.13, 13.23, 13.54, 13.87, 14.430000000000001, 14.790000000000001, 15.15, 15.590000000000002, 15.340000000000002, 16.0, 16.53, 16.6, 17.36, 17.51, 18.09, 18.23, 17.98, 18.56, 19.15, 19.53, 19.139999999999997, 19.82, 20.13, 20.34]], "train_times": [[130.62784910202026, 130.21539163589478, 129.68766283988953, 128.17521953582764, 133.93759727478027, 129.58275985717773, 130.17399883270264, 129.88851118087769, 128.1608021259308, 130.88797640800476, 128.6625325679779, 134.20639753341675, 130.02540135383606, 129.19378352165222, 128.80674576759338, 128.21338653564453, 128.4948811531067, 129.54741263389587, 131.3557312488556, 127.51618528366089, 128.31930136680603, 128.86393880844116, 129.25988340377808, 131.4503014087677, 130.3152220249176, 131.49795055389404, 129.89790606498718, 127.9803512096405, 130.44879961013794, 129.0462670326233, 129.8478446006775, 127.52851963043213, 131.7239227294922, 129.82827162742615, 128.59401631355286, 128.96916317939758, 129.39197492599487, 130.69276332855225, 127.07122445106506, 132.2440013885498, 128.1135768890381, 130.86957049369812, 128.66009187698364, 131.9620418548584, 131.03281140327454, 127.70519518852234, 130.2578649520874]], "valid_times": [[25.77175259590149, 25.283201217651367, 25.4262592792511, 25.738932847976685, 26.122111082077026, 25.87164831161499, 24.760809659957886, 26.480793952941895, 25.735580921173096, 26.304265022277832, 23.973636150360107, 24.244944095611572, 24.603655576705933, 25.81055974960327, 24.421125888824463, 25.524035930633545, 24.26651644706726, 24.401362419128418, 25.428892374038696, 27.64831566810608, 26.169938564300537, 26.234543323516846, 25.245083808898926, 26.37576460838318, 25.764488458633423, 26.86236071586609, 26.97007131576538, 25.510700941085815, 24.676502466201782, 24.80158829689026, 26.072282314300537, 25.074737310409546, 25.508758068084717, 26.639713525772095, 25.6817045211792, 24.284175395965576, 24.934242010116577, 25.835556983947754, 25.826544523239136, 24.513888597488403, 25.083354473114014, 24.10183334350586, 25.16334319114685, 25.038671493530273, 25.481573581695557, 26.174906253814697, 25.345618963241577]], "test_accuracy": 21.47, "convergence_iteration": 47}}