{"config": {"train_options": {"learning_rate": 0.05, "optimizer": "SGD", "batch_size": 128, "number_of_epochs": 300, "loss_parameters": {"temperature": 5, "distillation_type": "FEATURE_LAST", "alpha": 0.3, "beta": 0.5}}}, "results": {"train_losses": [[NaN, NaN, NaN, NaN, NaN, 139.42463518066407, 150.00338513183593, 162.1449074951172, 169.7308284423828, 181.37576516113282, 190.58875368652343, 204.37208354492188, 213.64940573730468, 223.26296086425782, 230.4935063232422, 239.47149184570313, 246.80747502441406, 256.9369729980469, 264.53062900390626, 270.6715412353516, 278.1409970947266, 283.57324924316407, 290.01801462402346, 295.5148487548828, 299.80149086914065, 302.9486821777344, 306.0734415283203, 309.33006586914064, 312.6676526855469]], "valid_losses": [[NaN, NaN, NaN, NaN, NaN, NaN, NaN, NaN, 112.06315069580079, 144.280719921875, 146.9237755004883, 191.38406781005858, 194.60105821533202, 216.20650424804688, 206.79224689941407, 243.5270797607422, 243.42484228515625, 242.2782144897461, 241.28591744384767, 264.78069807128907, 277.9441149047852, 281.3841055541992, 290.6258943725586, 294.75519404296875, 298.4867311767578, 302.6438663330078, 309.7644671386719, 309.1788510009766, 310.64928853759767]], "train_accs": [[5.7299999999999995, 12.537499999999998, 17.5925, 22.412499999999998, 27.0225, 30.98, 34.175, 37.24, 39.4325, 42.095, 43.737500000000004, 45.6725, 47.25, 48.74, 49.919999999999995, 51.175000000000004, 52.43, 53.8225, 54.642500000000005, 55.622499999999995, 56.84, 57.294999999999995, 58.404999999999994, 58.8025, 59.807500000000005, 60.5725, 60.762499999999996, 61.5275, 62.27]], "valid_accs": [[8.959999999999999, 14.95, 17.93, 23.419999999999998, 24.47, 31.56, 33.239999999999995, 35.56, 36.05, 36.3, 37.71, 42.21, 38.15, 42.02, 41.79, 41.04, 44.76, 43.230000000000004, 43.87, 43.830000000000005, 43.3, 46.39, 45.129999999999995, 46.7, 47.44, 48.16, 46.83, 47.04, 48.15]], "train_times": [[126.20365405082703, 126.45418381690979, 126.3006317615509, 126.43591237068176, 123.41543984413147, 124.05420327186584, 125.09035682678223, 125.17906069755554, 125.13505434989929, 125.78059887886047, 126.02988290786743, 123.50414419174194, 125.3015763759613, 125.71308779716492, 126.1027250289917, 127.15141606330872, 126.41566634178162, 127.05740141868591, 125.5522940158844, 124.22282695770264, 124.64871454238892, 124.62352967262268, 125.5959222316742, 124.6004536151886, 125.03526711463928, 124.33607387542725, 125.90985751152039, 124.83424663543701, 125.9833345413208]], "valid_times": [[24.381303548812866, 24.79152488708496, 24.516961097717285, 24.335522174835205, 24.719829559326172, 24.425166606903076, 23.919429063796997, 24.844462156295776, 24.759647130966187, 24.229025840759277, 24.199978351593018, 24.2033588886261, 25.04537844657898, 24.50241708755493, 24.92462706565857, 24.245598793029785, 24.259061336517334, 24.074767351150513, 24.42180037498474, 23.76221203804016, 23.78717827796936, 24.475260734558105, 24.16374158859253, 23.995126962661743, 24.15899395942688, 23.944544792175293, 24.413268566131592, 23.795814514160156, 24.36786389350891]], "test_accuracy": 49.21, "convergence_iteration": 29}}