{"config": {"train_options": {"learning_rate": 0.05, "optimizer": "SGD", "batch_size": 128, "number_of_epochs": 300, "loss_parameters": {"temperature": 10, "distillation_type": "FEATURE_LAST", "alpha": 0.2, "beta": 0.5}}}, "results": {"train_losses": [[NaN, NaN, NaN, NaN, NaN, NaN, NaN, NaN, 129.42516061401366, 143.36116916503906, 162.3879383911133, 172.28549143066405, 183.62387762451172, 196.9746875366211, 209.3152497314453, 216.63416591796874, 228.63873952636717, 238.41740524902343, 246.0004538330078, 252.7086127685547, 259.5565360107422, 267.51430576171873, 275.4066903808594, 279.4615511230469, 284.07299135742187, 289.76029650878905, 295.4521339355469, 298.6163775878906, 301.84901564941407, 305.2138552001953, 307.3060498046875, 309.2540471435547, 311.96421467285154]], "valid_losses": [[NaN, NaN, NaN, NaN, NaN, NaN, NaN, NaN, NaN, NaN, NaN, NaN, 146.59139583740233, 212.34283201904296, 176.27912067871094, 211.32501978759765, 223.01283673095702, 224.97799090576171, 242.58677440185548, 260.79823240966795, 254.50008236083985, 262.9210323974609, 284.96964500732423, 288.6135842163086, 294.3375062255859, 295.6195953369141, 295.8073078857422, 299.2696885864258, 309.2569225341797, 310.8194591430664, 308.2260422363281, 305.4163192993164, 309.5182756225586]], "train_accs": [[6.35, 13.200000000000001, 18.8125, 23.522499999999997, 27.6325, 31.369999999999997, 34.56, 37.1875, 39.645, 42.0025, 43.9525, 45.9725, 47.8375, 49.322500000000005, 50.542500000000004, 52.39, 53.080000000000005, 54.427499999999995, 55.495000000000005, 56.5175, 57.2625, 58.199999999999996, 59.294999999999995, 59.755, 60.504999999999995, 61.2825, 62.0125, 62.49249999999999, 63.2475, 63.692499999999995, 64.255, 64.51249999999999, 65.3975]], "valid_accs": [[9.53, 13.750000000000002, 16.84, 22.09, 24.39, 25.36, 28.810000000000002, 30.240000000000002, 34.55, 34.089999999999996, 40.14, 39.910000000000004, 42.03, 43.86, 44.190000000000005, 45.86, 46.93, 46.410000000000004, 46.02, 46.7, 49.8, 49.97, 48.18, 49.57, 50.8, 50.73, 51.07000000000001, 50.23, 50.9, 50.339999999999996, 51.07000000000001, 50.3, 50.59]], "train_times": [[117.03772497177124, 117.04127335548401, 116.98997092247009, 116.99831175804138, 117.0746819972992, 117.3281991481781, 117.35563683509827, 117.29315161705017, 117.23534345626831, 117.12171936035156, 117.24365305900574, 117.03164720535278, 117.21832156181335, 117.28090357780457, 117.26970911026001, 117.26840686798096, 117.18218159675598, 117.21119904518127, 117.12061595916748, 117.0282564163208, 117.1716718673706, 117.10158276557922, 117.11363220214844, 117.09657764434814, 117.0243124961853, 117.02464938163757, 117.06578326225281, 116.94564771652222, 117.08864164352417, 117.03264713287354, 118.86926198005676, 146.9938690662384, 155.70376682281494]], "valid_times": [[26.84204387664795, 26.790629863739014, 26.838515520095825, 26.831074476242065, 26.780518531799316, 27.035259008407593, 26.858067750930786, 26.916000366210938, 26.80703830718994, 26.927325010299683, 26.9580135345459, 26.788559436798096, 26.811052799224854, 26.848093032836914, 26.880604028701782, 26.818514347076416, 26.77400779724121, 26.878045558929443, 26.745039463043213, 26.854546308517456, 26.81456470489502, 26.820528984069824, 26.824078798294067, 26.780564785003662, 26.825525283813477, 26.83103346824646, 26.79651713371277, 26.814552307128906, 26.83605456352234, 27.0276460647583, 28.868940114974976, 34.315839529037476, 32.70839047431946]], "test_accuracy": 52.01, "convergence_iteration": 33}}