{"config": {"train_options": {"learning_rate": 0.01, "optimizer": "SGD", "batch_size": 128, "number_of_epochs": 300, "loss_parameters": {"temperature": 15, "distillation_type": "FEATURE_LAST", "alpha": 0.5, "beta": 0.2}}}, "results": {"train_losses": [[71.38305392456054, NaN, NaN, NaN, 48.91065799560547, 55.1301705444336, 60.42542341308594, 64.52050587158203, 66.44961466064453, 67.62236069946289, 69.46840575561524, 70.38880634155274, 71.18469865722656, 72.35206054077149, 75.07366695556641, 77.05438209228515, 78.08724224243164, 79.9839254638672, 81.32640784301758, 82.67626809692383, 83.73298231201171, 85.33318508300782, 87.1058248046875, 88.45722576904296, 89.1197390258789, 90.67767005615234, 91.690604296875, 92.69135080566406, 93.68683571777343, 95.58493997802735, 95.85169975585937, 96.46518205566406, 96.69382181396485, 97.18226900634765, 98.24652154541016]], "valid_losses": [[NaN, NaN, NaN, NaN, NaN, NaN, NaN, NaN, NaN, NaN, NaN, NaN, NaN, NaN, 62.399515757751466, 64.02741039428712, 67.75758324890137, 69.48228810272217, 63.773564083862304, 76.90658206176758, 77.35016815795899, 71.90890738677979, 75.43616012115478, 82.32209690856934, 82.42139978027343, 86.0276894165039, 83.71766071472167, 87.47472817077637, 89.44551886291504, 89.65223737487793, 93.05133137512207, 93.68054757080078, 92.32843163757325, 91.94949691467285, 96.98692282714843]], "train_accs": [[3.2325, 7.340000000000001, 10.91, 13.209999999999999, 15.225, 17.06, 18.807499999999997, 20.815, 22.4575, 24.025, 25.885, 27.5325, 29.115000000000002, 30.665, 32.122499999999995, 33.725, 34.997499999999995, 36.02, 37.5025, 38.4075, 39.7475, 40.945, 42.05, 43.004999999999995, 44.185, 45.1025, 45.9, 47.0625, 47.495, 48.4925, 49.3725, 49.9175, 50.7075, 51.575, 51.959999999999994]], "valid_accs": [[5.3100000000000005, 9.34, 11.59, 12.7, 14.35, 16.63, 17.82, 19.08, 20.76, 22.38, 22.189999999999998, 24.02, 25.580000000000002, 27.0, 26.009999999999998, 29.37, 29.409999999999997, 31.669999999999998, 31.979999999999997, 34.4, 35.27, 34.63, 36.559999999999995, 37.12, 38.58, 38.64, 39.73, 38.97, 40.760000000000005, 41.48, 42.480000000000004, 42.14, 41.46, 40.589999999999996, 42.370000000000005]], "train_times": [[189.29156160354614, 187.18193650245667, 187.78168535232544, 187.8522219657898, 187.87809824943542, 188.36090850830078, 187.64183402061462, 189.16407942771912, 187.38658213615417, 187.83039927482605, 186.90124034881592, 186.43686056137085, 187.7714033126831, 188.59357500076294, 189.06686854362488, 188.24043989181519, 189.05401396751404, 187.46640610694885, 187.99477124214172, 188.3542196750641, 189.40034294128418, 189.03951120376587, 188.58592653274536, 188.66975116729736, 188.20753073692322, 189.2050404548645, 189.67482471466064, 188.6745183467865, 187.8684380054474, 188.1341152191162, 188.6962878704071, 188.98373651504517, 188.63103699684143, 188.07456517219543, 188.6344699859619]], "valid_times": [[43.375163555145264, 43.24618577957153, 43.02514576911926, 43.82568430900574, 43.17485213279724, 43.997509717941284, 44.34451222419739, 44.082541942596436, 43.636582136154175, 44.13310217857361, 43.502723932266235, 43.9040744304657, 42.71056842803955, 44.18417263031006, 43.77456450462341, 44.420029163360596, 43.91456699371338, 43.42013096809387, 43.99912428855896, 44.45658206939697, 44.19854187965393, 43.875195026397705, 43.624821186065674, 43.285056591033936, 43.371577739715576, 43.95363450050354, 43.56969952583313, 44.21109437942505, 43.528000593185425, 43.236271142959595, 43.563082456588745, 43.648069858551025, 43.321099042892456, 43.63982963562012, 43.72115159034729]], "test_accuracy": 43.11, "convergence_iteration": 35}}