{"config": {"train_options": {"learning_rate": 0.05, "optimizer": "SGD", "batch_size": 128, "number_of_epochs": 300, "loss_parameters": {"temperature": 20, "distillation_type": "FEATURE_LAST", "alpha": 0.7, "beta": 0.9}}}, "results": {"train_losses": [[349.39349580078124, 336.7160289550781, 349.39389912109374, 383.534403125, 414.6382, 441.34180170898435, 462.4945866699219, 480.8236998535156, 498.16265146484375, 514.9971631835938, 529.365854296875, 542.3325458496093, 553.2078796386719, 562.8350790527344, 571.4296987792969, 581.2964221191406, 588.7356330078125, 595.3231436035156, 602.4151279296875, 609.5376102539062, 615.1899631347657, 621.6325365234375, 626.2501966796875, 631.0700888183594]], "valid_losses": [[NaN, NaN, NaN, 343.31994556884763, 381.49990258789063, 380.39684650878905, 414.89730673828126, 454.3310727294922, 465.7229384277344, 496.64185239257813, 512.7267252441407, 534.0408585205079, 538.0024128417969, 548.8599466796875, 552.6219454833985, 573.1047506591797, 581.1651367919922, 589.3483088134766, 593.2155488525391, 600.7603508056641, 612.5218813720703, 616.5925310058594, 622.6928204345703, 629.5349086425781]], "train_accs": [[1.915, 4.3475, 6.6674999999999995, 8.9425, 10.6325, 12.022499999999999, 12.9825, 13.805, 14.475, 15.202499999999999, 16.2825, 16.9725, 17.8175, 18.6, 19.4575, 20.325, 21.36, 22.255, 22.86, 23.775, 24.935, 25.6225, 26.382499999999997, 27.242499999999996]], "valid_accs": [[3.0700000000000003, 5.37, 7.91, 9.610000000000001, 11.03, 11.469999999999999, 12.389999999999999, 13.139999999999999, 13.55, 14.469999999999999, 15.790000000000001, 15.86, 16.74, 17.560000000000002, 18.44, 19.580000000000002, 20.24, 20.919999999999998, 21.349999999999998, 21.55, 22.2, 23.3, 23.56, 24.47]], "train_times": [[191.74344635009766, 195.4159336090088, 195.11423444747925, 192.8704435825348, 196.61803579330444, 195.28936886787415, 196.15206336975098, 194.06446027755737, 196.46120142936707, 194.44161462783813, 196.21521043777466, 196.14466094970703, 196.45035791397095, 195.11904740333557, 195.65481853485107, 198.23367738723755, 197.13616967201233, 196.2311406135559, 196.78038239479065, 196.63800978660583, 196.25270295143127, 197.14142036437988, 196.95619297027588, 197.85316729545593]], "valid_times": [[45.26040244102478, 44.4958221912384, 44.898452043533325, 45.20180082321167, 44.16566467285156, 44.019315004348755, 45.083470821380615, 44.59876561164856, 45.42643880844116, 45.359381675720215, 45.105995416641235, 44.159807205200195, 44.99209904670715, 44.75258183479309, 45.456133127212524, 44.50070023536682, 44.69250822067261, 44.95740270614624, 44.54365611076355, 45.194689989089966, 44.62491536140442, 45.482847690582275, 45.084840536117554, 45.19077157974243]], "test_accuracy": 26.119999999999997, "convergence_iteration": 24}}