{"config": {"train_options": {"learning_rate": 0.01, "optimizer": "SGD", "batch_size": 128, "number_of_epochs": 300, "loss_parameters": {"temperature": 10, "distillation_type": "FEATURE_LAST", "alpha": 0.5, "beta": 0.9}}}, "results": {"train_losses": [[381.7061613769531, 364.7788759765625, 339.2851106933594, 313.5323875, 298.0881835205078, 288.2595352294922, 287.82528601074216, 291.37458422851563, 299.85157756347655, 305.6404279296875, 308.7616175048828, 313.87194924316407, 319.1625556152344, 324.380408203125, 332.05608754882815, 339.64546630859377, 346.18643295898437, 353.62198779296875, 362.2125855957031, 370.0364616699219, 376.9167479980469, 385.31801015625, 392.69840776367187, 398.25033310546877, 406.2830275878906, 412.4959396484375, 419.1009529296875, 426.34151318359375, 432.5593910644531, 438.3474024902344, 443.24713852539065, 449.75711337890624, 455.080803125, 459.4979447265625, 464.15652553710936, 469.0829902832031, 472.6987932128906, 477.29959311523436, 480.90087856445314]], "valid_losses": [[NaN, NaN, NaN, NaN, NaN, NaN, NaN, NaN, NaN, NaN, NaN, NaN, NaN, NaN, NaN, 334.2988996459961, 329.896666015625, NaN, 327.0892640625, 361.2642785400391, 378.0738927246094, 353.8570780761719, 393.8329645751953, 387.1377771484375, 412.55671328125, 406.8081317626953, 407.8582291015625, 420.1944197998047, 420.73257583007813, 432.71896879882814, 437.96089909667967, 456.90613852539065, 448.83982912597656, 462.90556201171876, 454.5873367675781, 458.75255817871096, 473.78248176269534, 472.9021600097656, 479.5803994628906]], "train_accs": [[1.4075, 2.0549999999999997, 3.2775, 3.945, 4.7, 5.205, 5.6525, 6.404999999999999, 7.055, 8.219999999999999, 8.9775, 9.785, 10.3875, 11.0025, 11.4925, 12.065, 12.642500000000002, 12.922500000000001, 13.227500000000001, 13.602500000000001, 14.04, 14.565, 14.9075, 15.049999999999999, 15.534999999999998, 16.0425, 16.2575, 16.34, 16.8325, 17.05, 17.54, 17.9925, 18.4175, 18.505, 18.765, 19.275000000000002, 19.759999999999998, 19.8125, 20.2925]], "valid_accs": [[1.6199999999999999, 2.83, 3.82, 4.2700000000000005, 5.47, 5.7299999999999995, 6.15, 6.8500000000000005, 7.41, 8.469999999999999, 9.13, 9.85, 10.549999999999999, 10.93, 11.65, 11.65, 12.36, 12.889999999999999, 12.93, 13.51, 13.83, 14.23, 14.34, 15.190000000000001, 14.84, 15.15, 15.790000000000001, 16.03, 16.06, 16.79, 16.6, 16.88, 17.79, 17.96, 18.29, 18.4, 18.41, 19.009999999999998, 19.509999999999998]], "train_times": [[114.19739174842834, 114.35466194152832, 114.12051582336426, 114.17799282073975, 114.32799959182739, 114.06308078765869, 114.06921625137329, 114.14299416542053, 113.83591794967651, 113.8369369506836, 113.98761796951294, 113.96588516235352, 113.83535504341125, 114.10792970657349, 114.0337131023407, 113.85338759422302, 113.86559081077576, 114.38071584701538, 113.9855375289917, 113.90884351730347, 114.04179286956787, 113.93243145942688, 114.02871060371399, 114.113361120224, 114.33327627182007, 113.93675112724304, 114.32864308357239, 114.0911386013031, 114.09063959121704, 114.01673412322998, 113.99115490913391, 113.99793982505798, 113.93076801300049, 113.87171840667725, 113.84618926048279, 113.99178981781006, 114.04696822166443, 113.94342422485352, 113.93336486816406]], "valid_times": [[26.16980290412903, 26.237011909484863, 26.218998193740845, 26.189924955368042, 26.152035236358643, 26.148529529571533, 26.1611168384552, 26.222039461135864, 26.208998441696167, 26.150527954101562, 26.098559141159058, 26.121999502182007, 26.143189668655396, 26.179001808166504, 26.084559440612793, 26.11854314804077, 26.080973386764526, 26.093605756759644, 26.254518270492554, 26.149112701416016, 26.1097891330719, 26.092671871185303, 26.176518201828003, 26.138082027435303, 26.237517833709717, 26.143846035003662, 26.216664791107178, 26.173781871795654, 26.190133810043335, 26.10161256790161, 26.123037576675415, 26.1875741481781, 26.19001317024231, 26.12152361869812, 26.19568943977356, 26.18265652656555, 26.158678770065308, 26.1690936088562, 26.180636644363403]], "test_accuracy": 20.73, "convergence_iteration": 39}}