{"config": {"train_options": {"learning_rate": 0.01, "optimizer": "SGD", "batch_size": 128, "number_of_epochs": 300, "loss_parameters": {"temperature": 5, "distillation_type": "FEATURE_LAST", "alpha": 0.9, "beta": 0.8}}}, "results": {"train_losses": [[286.62613244628903, 289.3854171875, 295.13015415039064, 297.7482630371094, 298.5624234130859, 299.17210034179686, 299.2870346435547, 299.96354777832033, 300.6651690429687, 300.03821997070315, 301.17733076171874, 301.63091904296874, 303.8840435058594, 305.56038005371096, 307.98665642089844, 309.5502054443359, 311.69804340820315, 312.4651170654297, 314.5299585693359, 317.1669611328125, 320.13727268066407, 324.40058798828125, 328.4077978515625, 333.19863134765626, 337.1207660888672, 341.03919279785157, 347.20847709960935, 350.3131983398437, 356.4976820556641, 359.97310666503904, 365.240513671875, 368.7956838623047, 373.3278208740234, 376.8959122314453, 380.8940552734375, 385.43793188476565, 388.07572504882813, 391.58241645507815, 395.62150979003906, 398.6035446533203, 401.98402509765623, 405.6202408691406]], "valid_losses": [[NaN, NaN, NaN, NaN, NaN, NaN, NaN, NaN, NaN, NaN, NaN, NaN, NaN, NaN, NaN, NaN, NaN, NaN, NaN, NaN, 318.4984310913086, 318.2216026611328, 321.5708866699219, 321.4704052368164, 328.36366575927735, 323.3176689453125, 324.5098153076172, 330.0537702636719, 335.90241904296875, 345.01661707763674, 354.3562247314453, 357.03778239746094, 362.5254734985352, 366.2520020996094, 369.29484266357423, 372.3591015625, 384.0012465576172, 374.22674064941407, 383.9287553466797, 392.72620229492185, 390.5343219970703, 404.9683910400391]], "train_accs": [[1.68, 2.3425000000000002, 2.6125, 3.01, 3.2800000000000002, 3.4075, 3.66, 3.94, 4.1925, 4.3775, 4.6175, 4.8125, 5.1825, 5.382499999999999, 5.672499999999999, 5.87, 6.3100000000000005, 6.455, 6.812500000000001, 7.0725, 7.4125, 7.5874999999999995, 7.782500000000001, 8.16, 8.3275, 8.3475, 8.799999999999999, 9.0025, 9.0875, 9.365, 9.54, 9.9125, 10.18, 10.3725, 10.424999999999999, 10.6225, 11.045, 11.1825, 11.5, 11.625, 11.86, 11.9925]], "valid_accs": [[2.04, 2.13, 2.8400000000000003, 3.0700000000000003, 3.34, 4.14, 4.109999999999999, 4.24, 4.33, 4.390000000000001, 4.9, 5.1499999999999995, 5.45, 5.67, 6.0, 6.18, 6.61, 6.81, 7.31, 7.59, 7.89, 8.17, 8.04, 8.59, 8.649999999999999, 9.049999999999999, 9.31, 9.66, 9.85, 10.059999999999999, 10.17, 10.489999999999998, 11.1, 10.85, 11.200000000000001, 11.4, 11.4, 11.78, 12.0, 11.95, 12.33, 12.379999999999999]], "train_times": [[194.69362807273865, 192.92885446548462, 192.90775799751282, 193.40027904510498, 191.2397985458374, 194.32401657104492, 193.82028460502625, 193.29823923110962, 194.19954419136047, 194.1486439704895, 194.0883913040161, 193.92862725257874, 193.89437222480774, 193.20815229415894, 193.5977165699005, 193.2708945274353, 192.87853527069092, 193.85689568519592, 192.39410400390625, 198.4978220462799, 197.22780346870422, 190.07064414024353, 192.7436556816101, 190.4638409614563, 192.06709337234497, 192.2585108280182, 191.03248238563538, 191.0744960308075, 192.43625712394714, 192.46375489234924, 190.55123209953308, 192.55010652542114, 191.02853655815125, 190.68628692626953, 191.5205054283142, 190.82915353775024, 191.904705286026, 192.31428813934326, 192.33335304260254, 190.80589270591736, 192.26137495040894, 191.52785873413086]], "valid_times": [[44.776201486587524, 44.24767470359802, 43.473145723342896, 44.168071031570435, 44.44402718544006, 44.345513582229614, 44.300548791885376, 44.03557348251343, 44.98212218284607, 44.58253264427185, 43.811554193496704, 44.46610403060913, 44.286582708358765, 43.920544147491455, 44.1310293674469, 45.02059602737427, 44.83608961105347, 44.248610973358154, 45.71815896034241, 45.88902235031128, 44.02305030822754, 44.18502974510193, 43.91473746299744, 43.942641258239746, 44.065122842788696, 45.41501235961914, 44.511751651763916, 44.31867814064026, 44.20810317993164, 44.436676025390625, 44.97419476509094, 44.42915201187134, 44.603129386901855, 44.833024740219116, 44.416378021240234, 44.927719593048096, 45.1341495513916, 44.99465250968933, 45.178062200546265, 45.283262491226196, 44.91323661804199, 45.1492965221405]], "test_accuracy": 12.17, "convergence_iteration": 42}}