{"config": {"train_options": {"learning_rate": 0.005, "optimizer": "SGD", "batch_size": 128, "number_of_epochs": 300, "loss_parameters": {"temperature": 20, "distillation_type": "FEATURE_LAST", "alpha": 0.2, "beta": 0.2}}}, "results": {"train_losses": [[77.11191915283203, 62.94738919067383, 61.44628594360351, 60.71284218139648, 62.48481578369141, 65.59209997558594, 66.30071622924805, 66.35656080932617, 65.57863324584962, 65.16671712646485, 66.2724922668457, 65.99240961303711, 64.7855712890625, 64.19539860229492, 64.26790390625, 65.2502557006836, 66.19777725830077, 66.90737911376954, 67.40217688598632, 67.9712434387207, 69.07293620605469, 70.33091541748047, 71.98321366577149, 73.72474158935547, 74.71455260620117, 75.9416643737793, 77.42973892822266, 78.48755209350585, 80.17428120117188, 81.16404861450195, 82.01403005981446, 82.86320402832031, 83.72562238769531, 85.14887589111328, 85.7069952331543, 87.10313002929688, 87.64425349731445, 87.40689749755859, 88.96827218017579]], "valid_losses": [[NaN, NaN, NaN, NaN, NaN, NaN, NaN, NaN, NaN, NaN, NaN, NaN, NaN, NaN, NaN, NaN, NaN, 56.98410910873413, NaN, 60.747688801574704, 58.956242779541014, 60.350153089904786, 71.04393076171876, 70.92277700805664, 68.47206873474121, 76.46993930664063, 78.88939083862304, 79.83870346679687, 72.0165158203125, 84.13319202575684, 83.96299668884278, 86.70156437072754, 82.57551191711426, 87.26714824523926, 89.91100585327149, 88.06330084228516, 88.54590736999512, 87.16377312316895, 91.56273084106445]], "train_accs": [[3.3674999999999997, 7.5200000000000005, 10.3275, 12.375, 14.277500000000002, 15.8025, 17.4375, 18.73, 20.035, 21.4275, 22.8825, 24.2425, 25.6825, 27.0875, 28.402500000000003, 29.825000000000003, 31.04, 32.237500000000004, 33.0, 34.0175, 35.2275, 36.135, 37.1075, 38.237500000000004, 39.0175, 40.0, 40.9875, 42.0075, 42.667500000000004, 43.364999999999995, 44.567499999999995, 45.11, 45.695, 46.7725, 47.1175, 47.997499999999995, 48.7925, 49.28, 50.0575]], "valid_accs": [[5.140000000000001, 8.32, 11.12, 12.120000000000001, 14.06, 15.42, 16.72, 18.29, 19.21, 20.5, 21.240000000000002, 22.8, 23.810000000000002, 23.69, 25.22, 27.229999999999997, 27.800000000000004, 29.830000000000002, 31.16, 31.480000000000004, 32.17, 33.69, 34.53, 35.24, 35.709999999999994, 35.77, 35.72, 37.34, 37.44, 38.519999999999996, 38.83, 39.879999999999995, 40.36, 40.2, 41.25, 41.730000000000004, 42.55, 42.22, 42.809999999999995]], "train_times": [[131.7971305847168, 129.84281086921692, 131.13765406608582, 129.05225014686584, 128.7456569671631, 129.74869847297668, 131.18653178215027, 127.81062507629395, 130.28046250343323, 129.69086456298828, 130.3364818096161, 130.89225578308105, 127.83249402046204, 129.85800123214722, 129.66068053245544, 129.0661518573761, 129.19506311416626, 127.73557376861572, 132.8364679813385, 130.04633402824402, 133.5376536846161, 129.0950527191162, 130.51874232292175, 131.75779843330383, 128.50053715705872, 131.6867299079895, 130.06455779075623, 131.71758198738098, 127.29648637771606, 128.02513527870178, 128.67328190803528, 128.94658660888672, 132.79001927375793, 129.0112681388855, 126.92036366462708, 129.00299739837646, 128.48621129989624, 129.76240634918213, 126.31853413581848]], "valid_times": [[26.423861742019653, 26.384833335876465, 25.40130925178528, 24.603758573532104, 24.917720079421997, 24.618460655212402, 25.167213678359985, 26.07409977912903, 26.094934463500977, 25.339231491088867, 26.685524225234985, 25.02804660797119, 23.519471168518066, 26.663259029388428, 26.974743366241455, 26.071943998336792, 25.88259482383728, 25.619811534881592, 26.38218379020691, 25.382460117340088, 26.170858144760132, 27.91375422477722, 24.946137189865112, 25.65952968597412, 24.37657880783081, 24.521082878112793, 24.675808668136597, 25.38683271408081, 27.33034896850586, 26.150943994522095, 25.539456605911255, 24.28169345855713, 26.374834775924683, 24.624305725097656, 25.10598659515381, 26.38208842277527, 26.161453008651733, 25.37630796432495, 25.025619506835938]], "test_accuracy": 44.629999999999995, "convergence_iteration": 39}}