{"config": {"train_options": {"learning_rate": 0.01, "optimizer": "SGD", "batch_size": 128, "number_of_epochs": 300, "loss_parameters": {"temperature": 15, "distillation_type": "FEATURE_LAST", "alpha": 0.4, "beta": 0.8}}}, "results": {"train_losses": [[313.8913406494141, 272.61712080078127, 281.76885588378906, 301.61682980957033, 308.58006750488283, 316.48030524902344, 317.37929765625, 318.1580341308594, 319.6221824951172, 322.6160326171875, 325.41685949707033, 331.2968150146484, 334.87905134277344, 340.926421875, 345.4226419677734, 348.9634934326172, 354.7673031982422, 358.88573420410154, 362.8348240234375, 367.6039026367188, 371.67880517578124, 374.75547685546877, 377.2275983398437, 378.8827293457031, 380.63848129882814, 384.18233208007814, 388.0222520996094, 392.261662890625, 394.506987890625, 398.4538482910156]], "valid_losses": [[NaN, NaN, NaN, NaN, NaN, NaN, NaN, NaN, 313.57336948242187, NaN, 333.3398955566406, 313.60694938964843, 338.45471997070314, 344.93550522460936, 338.19591201171875, 338.0413049682617, 350.8566565185547, 347.9589798828125, 355.9493167480469, 364.24665490722657, 368.304347253418, 361.6752355102539, 380.83709831542967, 374.1152457885742, 374.4130194335938, 380.20006048583986, 385.14020810546873, 386.3714462890625, 390.93468905029295, 386.46637380371095]], "train_accs": [[2.2775, 3.7425, 5.18, 6.135, 7.6674999999999995, 9.139999999999999, 10.5175, 11.62, 12.5575, 13.392499999999998, 14.2575, 14.93, 15.5, 16.25, 16.9625, 17.782500000000002, 18.245, 19.0125, 19.9425, 20.685000000000002, 21.157500000000002, 22.3025, 22.93, 23.6075, 24.2275, 25.135, 25.995, 26.435, 27.175, 27.96]], "valid_accs": [[3.5000000000000004, 4.6, 5.25, 7.01, 8.81, 9.9, 11.19, 12.590000000000002, 13.4, 14.09, 14.48, 15.64, 16.35, 16.61, 17.150000000000002, 18.029999999999998, 18.4, 19.28, 20.330000000000002, 20.47, 22.03, 22.23, 22.509999999999998, 23.150000000000002, 24.19, 25.419999999999998, 25.240000000000002, 25.869999999999997, 26.55, 27.24]], "train_times": [[193.8900637626648, 193.9406247138977, 193.62361693382263, 193.2103567123413, 193.869131565094, 192.72191905975342, 193.3822581768036, 193.344256401062, 193.28812456130981, 193.67220520973206, 193.48029613494873, 192.83330607414246, 193.95078301429749, 193.37472414970398, 192.66368222236633, 189.62113642692566, 192.2585732936859, 192.4766891002655, 195.82723832130432, 195.33400058746338, 196.4876081943512, 194.40650343894958, 197.3276104927063, 196.3427791595459, 197.08011984825134, 193.22039198875427, 202.10974097251892, 191.321839094162, 198.01688075065613, 194.15249514579773]], "valid_times": [[45.21923780441284, 45.31805777549744, 45.40411949157715, 45.47867441177368, 45.59163975715637, 45.10862469673157, 44.561065435409546, 45.21124505996704, 45.098551511764526, 44.690109729766846, 44.696558475494385, 44.05158591270447, 45.07307577133179, 45.17654728889465, 44.848576068878174, 44.91769051551819, 45.02912640571594, 45.36854696273804, 45.07339572906494, 46.298202991485596, 46.32718563079834, 45.881282329559326, 46.205078125, 47.131651878356934, 45.316566944122314, 44.865949630737305, 45.564992904663086, 45.86663889884949, 46.27825355529785, 46.781076431274414]], "test_accuracy": 27.48, "convergence_iteration": 30}}