{"config": {"train_options": {"learning_rate": 0.005, "optimizer": "SGD", "batch_size": 128, "number_of_epochs": 300, "loss_parameters": {"temperature": 10, "distillation_type": "FEATURE_LAST", "alpha": 0.4, "beta": 0.1}}}, "results": {"train_losses": [[NaN, NaN, NaN, NaN, NaN, NaN, NaN, NaN, 28.944098498535155, 30.704665182495116, 31.058848034667967, 30.61887529296875, 31.11774156188965, 31.35854969177246, 32.29823717498779, 32.98728664855957, 33.72595877075195, 34.651918954467774, 35.63242913208008, 36.39323172912598, 37.34137323608398, 38.16894077453613, 39.0010050994873, 39.265774880981446, 39.562225866699215, 39.955636514282226, 40.641247549438475, 41.08382436218262, 41.508778582763675, 41.93595782165527, 42.40489665222168, 42.9817282043457]], "valid_losses": [[NaN, NaN, NaN, NaN, NaN, NaN, NaN, NaN, NaN, NaN, 28.142655450439452, 27.981743745422364, 32.36232163391113, 32.784631304931644, 32.45770419464111, 30.82102710723877, 34.11407848205567, 40.07169546356201, 39.848706756591795, 33.91753283081054, 40.50034228515625, 36.703010583496095, 41.841232052612305, 40.147016891479495, 39.41586778869629, 40.11079960327148, 40.98060276184082, 42.48123891906738, 41.93040946655273, 43.6859932220459, 45.395507614135745, 42.66952713928222]], "train_accs": [[3.2399999999999998, 6.2125, 8.955, 11.0025, 12.837499999999999, 14.285, 15.2425, 16.63, 18.135, 19.435, 20.544999999999998, 22.134999999999998, 23.580000000000002, 25.19, 26.540000000000003, 27.715, 28.5725, 30.135, 31.2375, 32.5325, 33.1925, 34.47, 35.3775, 36.4675, 37.2475, 38.17, 39.015, 40.0625, 40.7125, 41.4575, 42.2975, 43.045]], "valid_accs": [[5.27, 8.24, 10.14, 11.28, 12.9, 14.23, 15.540000000000001, 16.77, 17.88, 19.29, 20.630000000000003, 22.15, 23.5, 24.610000000000003, 24.92, 26.279999999999998, 27.389999999999997, 28.749999999999996, 29.470000000000002, 30.709999999999997, 30.9, 32.06, 32.34, 33.85, 34.56, 35.339999999999996, 35.47, 36.35, 36.86, 36.15, 37.29, 38.68]], "train_times": [[121.2151107788086, 123.42312431335449, 121.67938113212585, 124.41575407981873, 120.58290529251099, 124.68931531906128, 122.96711897850037, 123.65280055999756, 121.55495953559875, 123.32254672050476, 121.05983686447144, 122.39707827568054, 123.48415946960449, 120.67983746528625, 123.56878399848938, 121.70399641990662, 124.75858330726624, 122.2923059463501, 124.88714122772217, 120.87513756752014, 123.05408191680908, 121.28084206581116, 123.1886203289032, 121.68659496307373, 122.44308233261108, 121.7052321434021, 122.11659979820251, 122.98658442497253, 122.25868487358093, 123.10532307624817, 121.3682234287262, 122.39465832710266]], "valid_times": [[23.606688022613525, 23.76936435699463, 23.809905290603638, 23.05425715446472, 24.301047801971436, 23.51188373565674, 24.060808897018433, 23.750650882720947, 23.85897159576416, 24.299036026000977, 25.00700283050537, 24.382179498672485, 23.717392921447754, 23.32297658920288, 24.230589151382446, 23.26862335205078, 22.978360652923584, 23.572819471359253, 24.188854694366455, 23.83985710144043, 23.914936304092407, 23.314659357070923, 24.00828456878662, 25.375630617141724, 23.832096099853516, 24.88854479789734, 23.186383962631226, 24.325187921524048, 24.02676272392273, 23.295504808425903, 23.19066286087036, 23.674561023712158]], "test_accuracy": 40.33, "convergence_iteration": 32}}