{"config": {"train_options": {"learning_rate": 0.005, "optimizer": "SGD", "batch_size": 128, "number_of_epochs": 300, "loss_parameters": {"temperature": 15, "distillation_type": "FEATURE_LAST", "alpha": 0.6, "beta": 0.7}}}, "results": {"train_losses": [[288.2872253662109, 291.1856145263672, 287.5512401367188, 277.65792626953123, 261.8808371582031, 247.97795185546875, 241.65744545898437, 238.38238435058594, 238.7922151123047, 241.182375, 244.88713366699218, 247.32431403808593, 249.93541975097656, 252.53334130859375, 255.21156665039064, 256.67920004882814, 258.8235061523437, 262.89347170410156, 265.9415979248047, 269.25467783203123, 272.6278165039063, 276.6787115966797, 279.31734653320314, 283.7539071777344, 285.78273728027347, 289.24067912597656, 293.4290675048828, 295.23921384277344, 298.96525583496094, 302.0235628173828, 305.40998505859375, 307.25324045410156, 309.94684816894534, 312.60641694335936, 314.38676989746097, 316.2441887207031, 318.7176319091797, 319.76761467285155, 322.3689900390625, 324.5708572509766]], "valid_losses": [[293.08024187011716, NaN, NaN, NaN, 258.93000061035156, NaN, NaN, NaN, NaN, 254.7706953857422, NaN, NaN, NaN, NaN, NaN, 256.87252280273435, NaN, NaN, NaN, NaN, NaN, 269.4773290039063, 266.35434731445315, 272.0939462646484, 273.10623254394534, 267.80775103759765, 280.4281957763672, 292.18707646484376, 290.08014106445313, 287.1080533935547, 297.6143497558594, 300.04852338867187, 303.3706096191406, 308.97287272949217, 314.07024287109374, 314.55619396972656, 304.962813671875, 320.3102798339844, 320.0346726318359, 315.8394007080078]], "train_accs": [[1.2025, 2.0500000000000003, 3.515, 4.38, 5.137499999999999, 6.15, 6.8325, 7.807500000000001, 8.64, 9.4725, 10.0025, 10.69, 11.2525, 11.7575, 12.2625, 12.620000000000001, 13.175, 13.785, 14.12, 14.385, 14.865, 15.275, 15.8075, 16.3525, 16.56, 17.04, 17.495, 17.89, 18.3125, 18.765, 19.0325, 19.4375, 19.9725, 20.294999999999998, 20.560000000000002, 21.025, 21.6225, 21.8025, 22.335, 22.7525]], "valid_accs": [[1.49, 2.6599999999999997, 3.6799999999999997, 4.24, 5.35, 6.2700000000000005, 7.22, 7.870000000000001, 8.94, 9.51, 9.950000000000001, 10.82, 11.360000000000001, 11.87, 12.23, 13.07, 13.48, 13.719999999999999, 14.280000000000001, 14.719999999999999, 14.96, 15.079999999999998, 15.459999999999999, 15.950000000000001, 16.17, 16.650000000000002, 17.44, 17.25, 17.43, 18.17, 18.37, 18.96, 19.45, 19.64, 20.21, 20.66, 21.13, 20.990000000000002, 21.69, 21.5]], "train_times": [[126.03102660179138, 126.0668203830719, 127.92916345596313, 125.66853618621826, 125.25380969047546, 125.79721450805664, 126.90361094474792, 126.39763402938843, 124.99010753631592, 126.41843724250793, 126.82637071609497, 125.74711227416992, 128.0155200958252, 126.43413066864014, 126.30902647972107, 125.61423540115356, 126.26176953315735, 126.02808570861816, 126.69299554824829, 125.20568442344666, 125.99970984458923, 126.29126477241516, 126.2969172000885, 128.18933820724487, 126.06712603569031, 126.90745615959167, 125.8441891670227, 126.61563897132874, 125.66707158088684, 126.39821743965149, 125.72389149665833, 125.98480439186096, 126.62225294113159, 125.93531489372253, 126.68368577957153, 125.67483186721802, 126.91528558731079, 125.91807103157043, 125.01275324821472, 124.7601044178009]], "valid_times": [[24.786839246749878, 24.69377112388611, 25.05333924293518, 24.538036823272705, 24.965376615524292, 24.611588954925537, 24.38667321205139, 24.078468084335327, 25.496389389038086, 24.485490083694458, 24.640716791152954, 24.526848554611206, 24.301931619644165, 24.628086805343628, 24.77091336250305, 24.748973608016968, 24.973058462142944, 24.658278226852417, 24.541555643081665, 24.98395037651062, 24.289578914642334, 24.667929649353027, 24.523024797439575, 24.82952380180359, 25.022388219833374, 24.633601427078247, 24.6018488407135, 24.59918785095215, 24.44343590736389, 25.075227975845337, 24.179948806762695, 24.58941626548767, 24.726346015930176, 24.567991495132446, 24.5761079788208, 25.167696714401245, 24.53579330444336, 25.140130758285522, 24.479684591293335, 25.194974660873413]], "test_accuracy": 21.85, "convergence_iteration": 40}}