{"config": {"train_options": {"learning_rate": 0.05, "optimizer": "SGD", "batch_size": 128, "number_of_epochs": 300, "loss_parameters": {"temperature": 15, "distillation_type": "FEATURE_LAST", "alpha": 0.5, "beta": 0.1}}}, "results": {"train_losses": [[NaN, NaN, NaN, NaN, NaN, NaN, NaN, NaN, NaN, NaN, NaN, 23.923208111572265, 28.4926013092041, 32.758345953369144, 36.22808725280762, 39.45456611328125, 41.7942537902832, 44.275900094604495, 45.955519747924804, 47.92881256103516, 49.86401596679688, 51.311503259277345, 52.536414324951174, 53.93615144042969, 55.15016549072266, 56.26812171630859, 57.061940551757814, 58.05035224609375, 58.93365591430664, 59.528980963134764, 59.90353815917969, 60.412963354492184, 60.651064404296875, 61.11290143432617, 61.63473659667969]], "valid_losses": [[NaN, NaN, NaN, NaN, NaN, NaN, NaN, NaN, NaN, NaN, NaN, NaN, NaN, NaN, 33.12931427307129, 40.20170221862793, 39.71368675842285, 44.97120979003906, 47.24712545776367, 49.41969393005371, 50.133259216308595, 52.16213915405273, 54.13966026000976, 52.36497788391113, 54.038875927734374, 55.761197775268556, 55.39016516418457, 57.54106211853027, 59.58425321044922, 59.04052121887207, 58.48904575195313, 59.02324276428222, 62.3141188293457, 58.347548986816406, 59.6864906829834]], "train_accs": [[5.965, 12.5425, 18.087500000000002, 22.845, 27.05, 31.1475, 34.589999999999996, 37.707499999999996, 40.255, 42.675000000000004, 44.837500000000006, 46.9075, 48.4375, 50.03999999999999, 51.402499999999996, 52.725, 54.17999999999999, 54.945, 56.5325, 57.025000000000006, 58.1125, 58.945, 59.5425, 60.38249999999999, 61.322500000000005, 61.809999999999995, 62.6, 63.12, 63.722500000000004, 64.58749999999999, 64.91749999999999, 65.2875, 65.7, 66.335, 66.685]], "valid_accs": [[9.08, 16.02, 19.77, 21.86, 25.5, 30.8, 33.09, 35.14, 35.010000000000005, 36.03, 39.87, 40.8, 41.54, 44.12, 41.43, 45.95, 45.23, 44.879999999999995, 46.68, 46.14, 47.97, 49.559999999999995, 46.32, 49.29, 47.72, 49.419999999999995, 49.17, 51.12, 49.55, 50.080000000000005, 50.82, 50.980000000000004, 52.129999999999995, 52.059999999999995, 53.300000000000004]], "train_times": [[122.53397727012634, 122.71716666221619, 120.98474478721619, 121.69218349456787, 122.79092288017273, 121.5015082359314, 122.13868761062622, 120.6504647731781, 122.20854663848877, 121.17912077903748, 121.18388175964355, 120.97172403335571, 122.33035087585449, 122.34280443191528, 120.83571887016296, 121.76168012619019, 122.45577192306519, 122.31103706359863, 123.10127210617065, 122.08109307289124, 121.24815893173218, 121.50802087783813, 121.14827394485474, 122.73279118537903, 122.82265496253967, 121.74517726898193, 121.450359582901, 123.18365502357483, 121.84808373451233, 122.66506576538086, 122.8516161441803, 122.07654547691345, 122.17757153511047, 123.46959161758423, 121.81165075302124]], "valid_times": [[23.222874879837036, 23.840609312057495, 23.78963613510132, 23.946213722229004, 24.086145162582397, 23.618913650512695, 23.800719022750854, 23.7534122467041, 23.78315806388855, 23.68537163734436, 23.52184247970581, 23.35304307937622, 23.505462884902954, 23.71674656867981, 23.961726188659668, 23.85697340965271, 23.637925148010254, 23.849883556365967, 23.77479577064514, 23.880290031433105, 23.496376276016235, 23.925485134124756, 23.599034547805786, 23.916159629821777, 23.73786759376526, 23.335193157196045, 23.749457120895386, 24.041419744491577, 23.739855527877808, 23.66862916946411, 23.937490463256836, 24.071433782577515, 23.839320421218872, 24.098419189453125, 23.771604776382446]], "test_accuracy": 53.349999999999994, "convergence_iteration": 35}}