{"config": {"train_options": {"learning_rate": 0.05, "optimizer": "SGD", "batch_size": 128, "number_of_epochs": 300, "loss_parameters": {"temperature": 5, "distillation_type": "FEATURE_LAST", "alpha": 0.2, "beta": 0.9}}}, "results": {"train_losses": [[368.8253377197266, 265.3139145751953, 307.7112357421875, 347.46943161621095, 381.04730712890625, 411.08395478515627, 438.2472983886719, 460.4057304199219, 481.86513759765626, 498.5742080078125, 513.3815537109375, 526.5405526367188, 537.1284637695312, 549.1709294921875, 559.0792458984375, 568.4108544433594, 576.7573631835937, 584.4851360839843, 592.7807226074219, 599.5487683105468, 606.5459161132812, 613.2123596679687, 618.7877532226563, 624.8791999023438, 630.2208819335938]], "valid_losses": [[NaN, NaN, NaN, 352.62996838378905, 329.03888493652346, 396.5704122314453, 404.8376805908203, 469.51734411621095, 479.43557690429685, 506.4167454345703, 514.7218710449218, 530.7199098876953, 548.3312132080079, 557.8865036865234, 571.3501010009766, 579.6254510742187, 587.1949082519532, 596.0385745117187, 600.4854866210937, 609.9639594238281, 616.2832749023438, 619.928150390625, 625.2658850341796, 633.9773890625, 637.1455649169922]], "train_accs": [[2.7875, 6.8575, 9.934999999999999, 12.645000000000001, 14.5325, 16.33, 18.48, 20.1025, 21.745, 23.265, 24.837500000000002, 26.33, 27.825, 29.3375, 30.7875, 32.6925, 33.855000000000004, 35.43, 36.9175, 38.0225, 39.489999999999995, 40.83, 41.745, 42.855, 44.0575]], "valid_accs": [[4.82, 8.16, 11.0, 13.059999999999999, 14.87, 15.989999999999998, 18.62, 19.38, 20.86, 21.94, 23.09, 23.74, 26.290000000000003, 28.15, 29.65, 30.44, 32.15, 32.97, 33.56, 36.09, 35.699999999999996, 36.76, 37.46, 39.61, 39.96]], "train_times": [[214.92769765853882, 212.63957571983337, 218.0796365737915, 215.1093888282776, 214.6396701335907, 215.6357319355011, 212.813072681427, 216.39762902259827, 214.24527859687805, 220.9969310760498, 218.30360770225525, 218.53138709068298, 221.4788374900818, 219.99603295326233, 217.71449375152588, 216.97036933898926, 214.47238492965698, 210.2623414993286, 214.7864956855774, 213.00645327568054, 212.25631761550903, 214.18910670280457, 208.28095364570618, 214.7129077911377, 213.27610635757446]], "valid_times": [[51.13700032234192, 49.98148536682129, 50.17251420021057, 50.66481685638428, 50.26621198654175, 50.900306940078735, 50.62523889541626, 49.76733374595642, 49.69569206237793, 51.51371169090271, 50.711909770965576, 51.09221363067627, 51.78441858291626, 52.39655780792236, 51.60948967933655, 49.5888876914978, 50.608827352523804, 50.427536964416504, 48.98244547843933, 50.68921947479248, 49.46135973930359, 50.77700996398926, 51.13229250907898, 48.97870206832886, 50.509379148483276]], "test_accuracy": 41.099999999999994, "convergence_iteration": 25}}