{"config": {"train_options": {"learning_rate": 0.01, "optimizer": "SGD", "batch_size": 128, "number_of_epochs": 300, "loss_parameters": {"temperature": 5, "distillation_type": "FEATURE_LAST", "alpha": 0.1, "beta": 0.6}}}, "results": {"train_losses": [[165.17178001708984, 169.02414365234375, 178.6280134765625, 189.59201225585937, 205.20047312011718, 218.80965424804688, 229.80795095214845, 237.36494223632812, 239.88821428222656, 241.63177172851562, 245.31119157714843, 246.32605698242187, 246.80158093261718, 249.56531091308594, 252.97910290527344, 256.5545817626953, 259.58465876464845, 261.0229162841797, 263.59485185546873, 266.5906551513672, 269.5651265625, 272.7346994873047, 275.6175428955078, 279.71548334960937, 282.57461613769533, 286.23841970214846, 288.8022514160156]], "valid_losses": [[NaN, NaN, NaN, NaN, 207.57440677490234, 211.59800008544923, 194.8132087402344, 218.0479849243164, 205.11285919189453, 215.42305841674803, 222.41594705810547, 205.64344427490235, 203.92043154296874, 223.7918485473633, 227.35264459838868, 225.5106713378906, 231.0567039794922, 236.18390856933593, 226.92835145263672, 250.34185653076173, 262.65306048583983, 265.3956403076172, 263.4936282348633, 270.0895708251953, 282.0538506958008, 289.0961162841797, 282.4373923583984]], "train_accs": [[3.4675, 6.915, 9.7925, 12.105, 14.0125, 15.675, 17.1875, 18.985, 21.015, 22.655, 24.435000000000002, 26.182499999999997, 27.6475, 29.26, 30.667499999999997, 32.2225, 33.4225, 34.599999999999994, 35.9675, 37.0875, 38.1925, 39.305, 40.115, 41.3275, 42.18, 43.0425, 44.1675]], "valid_accs": [[5.21, 7.960000000000001, 10.35, 12.36, 13.96, 15.67, 17.57, 18.57, 20.11, 21.92, 23.32, 22.95, 24.990000000000002, 27.750000000000004, 28.02, 29.32, 30.7, 32.16, 31.990000000000002, 33.79, 34.68, 35.14, 36.13, 36.19, 36.97, 37.91, 38.31]], "train_times": [[577.4531755447388, 578.2111458778381, 578.5515129566193, 574.8963491916656, 568.9065363407135, 563.1414458751678, 573.3148291110992, 577.2967314720154, 577.8943569660187, 577.1810524463654, 578.1249053478241, 578.5130517482758, 576.8341298103333, 576.910227060318, 578.1026318073273, 576.7645494937897, 568.4109220504761, 561.9510579109192, 565.547604560852, 570.8467872142792, 577.8310079574585, 582.1521949768066, 611.7382276058197, 631.3717746734619, 630.0101749897003, 629.9931628704071, 629.1686789989471]], "valid_times": [[62.58188462257385, 63.6242356300354, 62.539823055267334, 64.68392968177795, 71.509104013443, 73.211092710495, 68.88297843933105, 62.13532114028931, 62.17804980278015, 62.59364581108093, 62.94818735122681, 62.37012004852295, 63.326969385147095, 63.16392731666565, 62.68290400505066, 64.47603106498718, 71.5707151889801, 73.9638409614563, 68.38465213775635, 62.80391716957092, 62.41739320755005, 63.188880443573, 66.32987403869629, 78.48856663703918, 65.91944098472595, 67.4473922252655, 67.71868515014648]], "test_accuracy": 38.78, "convergence_iteration": 27}}