{"config": {"train_options": {"learning_rate": 0.005, "optimizer": "SGD", "batch_size": 128, "number_of_epochs": 300, "loss_parameters": {"temperature": 20, "distillation_type": "FEATURE_LAST", "alpha": 0.1, "beta": 0.3}}}, "results": {"train_losses": [[111.32538870849609, 87.168507421875, 76.39723967285157, 79.58624904785157, 83.5873532836914, 90.43754450683593, 94.85666881103515, 98.695266015625, 102.51566766357422, 106.11178134765625, 107.28304954833985, 106.93944442138672, 108.0875216064453, 108.85462409667969, 109.8803989868164, 110.4398375, 110.93449086914063, 113.140708203125, 112.85873395996094, 114.40072572021484, 115.52455009765625, 117.6459103149414, 118.71914315185546, 120.47739334716798, 121.56959157714844, 122.48455679931641, 124.03271411132812, 124.90316007080078, 125.40551417236328, 126.61605313720703, 127.51910559082032, 128.03675288085938, 129.2251576171875, 130.30027655029298, 130.56956296386718, 131.6774227783203]], "valid_losses": [[NaN, NaN, NaN, NaN, NaN, NaN, NaN, NaN, NaN, NaN, NaN, NaN, NaN, NaN, 100.84450802612305, 89.62408521118164, 99.9944485534668, 100.3517545349121, 107.11324650268554, 100.31184626464844, 109.17996326904297, 117.90252216186524, 118.14707698364258, 113.23671298217774, 119.75861647949219, 119.2137572631836, 120.21233576660157, 127.98999404296875, 125.35903179931641, 121.33867495727539, 127.76561297607422, 125.80533170166015, 128.15161919555663, 132.2935569091797, 128.82882798461915, 135.72168295288085]], "train_accs": [[2.7925, 6.36, 9.3875, 11.98, 14.135, 15.52, 16.925, 18.755, 20.1025, 21.502499999999998, 22.900000000000002, 24.5775, 25.974999999999998, 27.537499999999998, 28.457500000000003, 30.057499999999997, 31.322499999999998, 32.47, 33.81, 34.8825, 35.980000000000004, 37.385000000000005, 38.41, 39.36, 40.19, 41.305, 42.1225, 43.120000000000005, 43.7825, 44.535000000000004, 45.315, 46.2925, 46.8725, 47.64, 47.9275, 48.735]], "valid_accs": [[5.18, 7.870000000000001, 10.39, 12.72, 14.19, 15.09, 16.919999999999998, 17.97, 19.21, 20.23, 21.4, 22.36, 23.05, 24.88, 25.590000000000003, 28.249999999999996, 28.93, 29.549999999999997, 30.94, 32.019999999999996, 32.879999999999995, 33.69, 34.260000000000005, 35.38, 36.16, 36.120000000000005, 37.21, 37.69, 38.07, 38.25, 39.06, 39.81, 40.82, 41.07, 41.36, 42.77]], "train_times": [[124.46098732948303, 122.86536884307861, 124.34844756126404, 123.5297224521637, 123.87809920310974, 124.23476457595825, 121.22931432723999, 125.43108439445496, 125.38915681838989, 122.12835812568665, 123.1490089893341, 122.23032355308533, 121.93934464454651, 124.31190514564514, 122.1342101097107, 122.4915292263031, 122.7255494594574, 123.7885730266571, 122.12983250617981, 122.63306999206543, 121.47664523124695, 120.86640334129333, 121.09423899650574, 121.21251654624939, 121.2674674987793, 122.08694338798523, 121.14663743972778, 121.7306296825409, 122.0199191570282, 121.46836495399475, 123.11040353775024, 120.96588063240051, 120.19465160369873, 121.40030312538147, 120.80892491340637, 122.22585725784302]], "valid_times": [[24.064231157302856, 23.522748947143555, 24.327816486358643, 24.359469175338745, 24.282438278198242, 24.19575262069702, 24.400166034698486, 24.029406785964966, 24.458888292312622, 23.94309401512146, 24.044455528259277, 23.896915912628174, 25.289977073669434, 24.58837914466858, 23.897369861602783, 23.876461267471313, 24.832765102386475, 23.927540063858032, 24.211318254470825, 23.957993030548096, 23.776893138885498, 24.592922925949097, 23.501694679260254, 23.94621205329895, 23.003746509552002, 24.058243989944458, 23.703781366348267, 23.792757272720337, 23.548401832580566, 23.426806688308716, 23.735910892486572, 24.23962664604187, 23.607845306396484, 24.419721841812134, 23.972514629364014, 24.460888862609863]], "test_accuracy": 44.79, "convergence_iteration": 36}}