{"config": {"train_options": {"learning_rate": 0.05, "optimizer": "SGD", "batch_size": 128, "number_of_epochs": 300, "loss_parameters": {"temperature": 5, "distillation_type": "FEATURE_LAST", "alpha": 0.2, "beta": 0.8}}}, "results": {"train_losses": [[NaN, NaN, 222.14673664550781, 261.06712145996096, 293.6031447021484, 328.5546802734375, 353.5100380859375, 375.0747470703125, 391.83761650390625, 410.4485157714844, 425.4213064453125, 438.7839205078125, 451.93396870117186, 463.7279857421875, 472.96941088867186, 479.8483987304688, 488.3654156738281, 495.7330051757813, 503.3450257324219, 510.4849421386719, 515.9615090820313, 522.1083103515625, 528.5091474609375, 532.7521313476562, 537.1095088378906]], "valid_losses": [[NaN, NaN, 231.85755642089845, NaN, NaN, 339.79419686279294, 349.7322277099609, 387.08774375, 398.9554200683594, 411.90578703613284, 411.76518234863283, 444.83955681152344, 470.06502297363284, 471.869, 474.39940048828123, 477.874851953125, 494.92500021972654, 506.24569709472655, 512.5409259521484, 517.4733545410156, 522.7407051025391, 521.1289005615234, 534.2895132568359, 544.5813193847656, 545.3297171142578]], "train_accs": [[4.655, 10.252500000000001, 14.299999999999999, 17.3475, 21.207500000000003, 24.1725, 26.810000000000002, 29.262500000000003, 31.669999999999998, 33.8825, 35.7975, 37.5625, 39.01, 40.575, 42.222500000000004, 43.475, 44.7425, 45.739999999999995, 47.24, 48.015, 48.8975, 50.322500000000005, 51.235, 51.6625, 52.625]], "valid_accs": [[7.82, 11.59, 15.809999999999999, 18.759999999999998, 21.86, 24.709999999999997, 26.16, 27.839999999999996, 30.12, 31.89, 33.03, 35.010000000000005, 36.85, 36.95, 38.15, 38.96, 40.050000000000004, 40.14, 41.48, 41.660000000000004, 41.48, 43.71, 42.05, 44.78, 44.61]], "train_times": [[150.1521692276001, 144.98028326034546, 146.1165714263916, 145.3990557193756, 141.50345969200134, 146.38381338119507, 146.22384119033813, 148.90920066833496, 147.95855689048767, 150.37897562980652, 147.31705045700073, 147.1108329296112, 141.88706374168396, 144.3905849456787, 142.1890480518341, 155.60758519172668, 155.79656434059143, 151.5519962310791, 159.21151208877563, 158.16478610038757, 160.1327085494995, 164.51998138427734, 160.9693522453308, 158.22719311714172, 147.84876418113708]], "valid_times": [[36.53122282028198, 32.34906506538391, 33.42107272148132, 34.690128564834595, 32.663275480270386, 32.41710662841797, 33.11150670051575, 35.05461883544922, 34.54151701927185, 33.6431097984314, 34.2011034488678, 35.825583934783936, 34.59459662437439, 34.590577840805054, 34.850136518478394, 36.736144065856934, 36.032002687454224, 35.1080002784729, 36.36067008972168, 36.51065635681152, 38.56866669654846, 36.638997316360474, 35.8332793712616, 35.14809513092041, 33.3900420665741]], "test_accuracy": 45.550000000000004, "convergence_iteration": 25}}