{"config": {"train_options": {"learning_rate": 0.005, "optimizer": "SGD", "batch_size": 128, "number_of_epochs": 300, "loss_parameters": {"temperature": 5, "distillation_type": "FEATURE_LAST", "alpha": 0.2, "beta": 0.6}}}, "results": {"train_losses": [[230.93367248535156, 215.19584604492186, 188.51045446777343, 165.43836365966797, 154.33392850341798, 150.9154007019043, NaN, NaN, 166.1219518432617, 170.6882292602539, 176.9951589477539, 182.55331340332032, 186.12861060791016, 189.03177260742189, 190.27430881347655, 191.14215780029298, 193.4629794433594, 194.7142232421875, 197.0143299560547, 198.60902387695313, 199.32166118164062, 201.85864482421874, 202.21830009765625, 204.47590375976563, 206.36756149902342, 210.52791362304689, 214.760847265625, 218.06420979003906, 221.29718486328125, 225.2532830566406, 229.10242790527343, 232.12384221191405, 235.94026928710937, 238.28355510253905, 241.18344291992187, 243.85772958984376, 247.57516618652343, 251.41670598144532, 252.8407038574219, 255.86268220214845]], "valid_losses": [[NaN, NaN, NaN, 209.34075607910157, NaN, NaN, NaN, 192.56180102539062, NaN, NaN, 216.4569159362793, NaN, 199.41822456970215, 198.97670927124022, 219.753353326416, 200.85746060791016, 209.51708298339844, 203.96581188354492, 218.01165584106445, 191.52178784179688, 205.7828354309082, 207.2351426635742, 207.49085787353516, 198.36086185302733, 210.70591033935546, 210.7777835083008, 217.10770424804687, 204.1279006591797, 211.95191877441405, 203.9507796142578, 213.0284617553711, 218.7846982849121, 220.94336009521484, 234.69156959228516, 238.56140247802733, 249.36619805908202, 244.71863908691407, 249.6977688720703, 252.32572600097657, 254.4310730102539]], "train_accs": [[2.4425, 5.6325, 7.68, 9.254999999999999, 10.854999999999999, 11.9025, 12.875, 13.692499999999999, 14.6675, 15.365, 16.467499999999998, 17.29, 18.2025, 18.795, 19.8925, 20.66, 21.385, 22.255, 23.1525, 23.907500000000002, 24.98, 25.8475, 26.665, 27.265, 28.005000000000003, 29.294999999999998, 29.9425, 30.2325, 31.3, 32.029999999999994, 32.61, 32.885, 33.9575, 34.5175, 35.1275, 35.8, 36.1575, 36.985, 37.8025, 37.9675]], "valid_accs": [[4.22, 6.32, 8.99, 10.12, 11.41, 12.32, 12.839999999999998, 14.11, 14.790000000000001, 15.86, 16.3, 16.96, 17.26, 18.43, 19.1, 19.49, 20.45, 21.62, 22.16, 22.75, 23.21, 24.18, 24.95, 25.580000000000002, 26.21, 27.310000000000002, 27.01, 28.48, 28.560000000000002, 28.7, 30.220000000000002, 30.880000000000003, 30.819999999999997, 31.97, 32.07, 32.39, 33.29, 33.019999999999996, 34.44, 34.589999999999996]], "train_times": [[122.02168369293213, 121.10373759269714, 122.83626508712769, 119.50296401977539, 121.81336450576782, 121.16779017448425, 122.90648174285889, 120.7977933883667, 120.32619190216064, 119.92755508422852, 119.86976861953735, 122.03099703788757, 120.26842594146729, 120.18537139892578, 121.05363512039185, 121.90455770492554, 119.61367750167847, 121.03463196754456, 120.19647002220154, 120.97505283355713, 122.00272822380066, 121.94628381729126, 119.5285370349884, 121.20843648910522, 119.01471614837646, 121.59553813934326, 120.45015215873718, 121.24941849708557, 120.70053219795227, 120.91663527488708, 122.01088452339172, 121.46081471443176, 121.68059825897217, 119.8182430267334, 121.52257585525513, 119.64245080947876, 121.37229347229004, 121.87624526023865, 122.49803185462952, 121.55594158172607]], "valid_times": [[23.45261549949646, 23.702491521835327, 23.181385278701782, 23.152220487594604, 23.492690801620483, 23.48230791091919, 23.692686319351196, 24.101726531982422, 23.56559729576111, 24.957218647003174, 23.454044342041016, 24.19706130027771, 23.131689071655273, 23.537853240966797, 23.69998288154602, 22.818570137023926, 23.34214425086975, 23.44151282310486, 23.89079451560974, 23.62884545326233, 23.31006097793579, 23.019538164138794, 22.940674781799316, 24.01364040374756, 23.08021879196167, 23.561948537826538, 25.201526880264282, 23.365392684936523, 23.194364070892334, 24.057088375091553, 23.61796498298645, 23.17399001121521, 23.5363028049469, 23.501342058181763, 23.11892557144165, 23.426126718521118, 23.183968544006348, 23.906550407409668, 23.348594427108765, 23.168711185455322]], "test_accuracy": 35.49, "convergence_iteration": 40}}