{"config": {"train_options": {"learning_rate": 0.005, "optimizer": "SGD", "batch_size": 128, "number_of_epochs": 300, "loss_parameters": {"temperature": 10, "distillation_type": "FEATURE_LAST", "alpha": 0.2, "beta": 0.4}}}, "results": {"train_losses": [[NaN, NaN, NaN, NaN, NaN, NaN, NaN, NaN, NaN, 85.27500956115723, 92.11318823242188, 95.7888858154297, 100.04799949951172, 106.07690891113282, 111.7683830810547, 117.34056657714844, 122.4882591430664, 125.87204698486327, 129.483357421875, 132.50476607666016, 135.254754296875, 136.98131292724608, 138.1530823486328, 140.23802490234374, 143.32722999267577, 144.67828082275392, 146.67701424560548, 149.10277113037108, 151.5724871459961, 153.8191461669922, 153.84159500732423, 154.65331201171875, 156.07802664794923]], "valid_losses": [[NaN, NaN, NaN, NaN, NaN, NaN, NaN, NaN, NaN, NaN, NaN, 108.98079006347656, 106.68005721435547, 107.58802001953126, 114.75216139526367, 114.22192274780274, 115.61885816040039, 122.71109076538086, 123.65600025634765, 133.0172253112793, 143.55351550292968, 134.2263671142578, 129.79777889404298, 140.16740415649414, 148.1183566040039, 151.5288430419922, 152.00069255981444, 154.5938801147461, 160.84913524169923, 159.0573969970703, 150.93900001831054, 160.27627993164063, 153.35703028564453]], "train_accs": [[2.76, 5.995, 8.705, 10.61, 12.3, 13.747500000000002, 15.225, 16.6875, 18.295, 19.497500000000002, 20.955, 22.07, 23.2275, 24.1875, 25.61, 26.9025, 28.21, 29.4175, 30.345, 31.419999999999998, 32.584999999999994, 33.415, 34.495, 35.5575, 36.4625, 37.16, 38.3425, 38.677499999999995, 39.8525, 40.699999999999996, 41.31, 41.975, 42.6]], "valid_accs": [[4.47, 7.140000000000001, 9.51, 11.73, 12.839999999999998, 13.91, 15.659999999999998, 16.150000000000002, 17.77, 18.72, 20.169999999999998, 20.9, 22.0, 22.31, 23.91, 24.75, 26.47, 27.77, 27.47, 29.14, 29.89, 30.409999999999997, 31.369999999999997, 32.39, 32.910000000000004, 33.42, 33.2, 34.96, 34.99, 35.21, 35.980000000000004, 37.16, 38.57]], "train_times": [[131.1646752357483, 130.2256097793579, 131.08873105049133, 129.48961210250854, 130.51146483421326, 129.46196126937866, 131.87208533287048, 129.35095643997192, 131.29911518096924, 129.13821125030518, 131.22548055648804, 129.86104154586792, 129.1246042251587, 131.91729760169983, 131.44975328445435, 130.69616985321045, 128.26443099975586, 130.7457320690155, 130.42998480796814, 132.83735299110413, 130.9922935962677, 130.35589027404785, 130.57942485809326, 130.5462236404419, 131.71907830238342, 132.6675741672516, 129.17317247390747, 134.77170777320862, 130.42676448822021, 131.39278888702393, 130.71134495735168, 134.07806158065796, 131.24210953712463]], "valid_times": [[26.110894680023193, 24.468494176864624, 25.45918083190918, 26.10261821746826, 26.280579566955566, 26.044389963150024, 25.77742338180542, 26.859365224838257, 26.087396144866943, 24.461905002593994, 26.32266139984131, 26.41307759284973, 23.596272230148315, 27.221169471740723, 26.548129558563232, 25.668943405151367, 25.229697942733765, 25.769445180892944, 25.170344352722168, 24.314213752746582, 26.050018310546875, 25.602081060409546, 25.67231798171997, 25.483570098876953, 26.77571725845337, 26.150535345077515, 24.173933029174805, 24.701669692993164, 25.326785802841187, 25.75596523284912, 24.40981936454773, 24.61704659461975, 26.23140263557434]], "test_accuracy": 39.82, "convergence_iteration": 33}}