{"config": {"train_options": {"learning_rate": 0.005, "optimizer": "SGD", "batch_size": 128, "number_of_epochs": 300, "loss_parameters": {"temperature": 5, "distillation_type": "FEATURE_LAST", "alpha": 0.4, "beta": 0.2}}}, "results": {"train_losses": [[61.30369133300781, 60.99478472290039, 64.26126857910157, 64.02701475830078, 64.44989703979492, 65.93387993164062, 69.17501309204101, 72.59816391601562, 75.22390887451172, 77.65909923706054, 78.89941177978515, 79.98143472290039, 80.54355771484374, 80.68599647216797, 80.44277686767578, 79.99443742675781, 80.41302442016601, 80.46968316650391, 80.61056074829102, 80.94338170166016, 80.75046987915039, 81.30218380737304, 81.1025849975586, 81.83321538696289, 82.27074794921874, 82.7053755859375, 83.4181037109375, 83.83979511108399, 84.57950616455078, 85.57219221191406, 86.45703753662109, 86.53992305297851, 87.17276617431641, 87.57913309326172, 88.12592937011719, 88.94785096435547, 89.29069141845703]], "valid_losses": [[NaN, NaN, NaN, NaN, NaN, NaN, NaN, NaN, NaN, 58.05076088027954, NaN, NaN, 62.72302108459473, 56.56727681274414, 62.54905760803223, 62.63701116638184, 51.503118612670896, 63.82936591796875, 59.06404161376953, 60.54432114562988, 58.70094683227539, 55.46808773803711, 65.07970964660645, 64.36184456787109, 69.82091909484863, 69.57095701599121, 74.79027411804199, 72.22670174560547, 72.26775748291016, 74.0263693511963, 75.5416701538086, 76.85955186462402, 81.65765795288085, 82.4761035583496, 82.29514207458496, 80.66863252258301, 83.12095440979004]], "train_accs": [[3.0025, 5.8325000000000005, 8.14, 9.875, 11.600000000000001, 13.045000000000002, 14.4075, 15.662499999999998, 16.845, 18.002499999999998, 19.067500000000003, 20.4375, 21.4875, 22.9025, 24.1025, 25.577499999999997, 26.5975, 27.79, 28.575, 30.020000000000003, 31.005, 31.955, 32.985, 33.7625, 34.685, 35.652499999999996, 36.4225, 37.4275, 38.269999999999996, 38.832499999999996, 39.6175, 40.46, 41.3, 42.21, 42.4925, 43.44, 44.05]], "valid_accs": [[4.36, 6.78, 9.43, 10.69, 12.16, 13.16, 15.0, 15.61, 15.870000000000001, 18.09, 18.17, 19.18, 21.61, 21.95, 23.07, 24.560000000000002, 24.11, 25.47, 26.790000000000003, 27.83, 28.83, 28.21, 30.270000000000003, 30.19, 32.54, 33.050000000000004, 33.489999999999995, 33.339999999999996, 35.11, 34.88, 36.65, 36.9, 37.419999999999995, 38.46, 38.54, 38.550000000000004, 39.410000000000004]], "train_times": [[124.84687948226929, 124.12737464904785, 123.78150296211243, 123.50585079193115, 123.58421421051025, 123.03298115730286, 123.54197955131531, 124.45645666122437, 123.67879843711853, 124.66110467910767, 124.95533323287964, 124.4822051525116, 123.63578915596008, 123.26763606071472, 124.74257516860962, 123.72270369529724, 124.34659767150879, 124.31454110145569, 124.79697036743164, 124.22493529319763, 123.22646832466125, 123.38901352882385, 123.74742889404297, 123.04115390777588, 124.4373950958252, 124.00829339027405, 123.94091320037842, 124.86683821678162, 125.01626014709473, 123.54678273200989, 124.67229056358337, 123.82416844367981, 122.20242547988892, 123.3552725315094, 124.1555871963501, 123.21882033348083, 124.29447603225708]], "valid_times": [[23.914395570755005, 24.513421297073364, 24.14875054359436, 23.906121730804443, 24.08729124069214, 24.28829050064087, 24.018405437469482, 23.76513433456421, 23.89561676979065, 23.900803327560425, 24.494816541671753, 24.02831721305847, 24.597496509552002, 24.173288583755493, 23.700889825820923, 24.36842632293701, 24.281317710876465, 24.12675189971924, 24.110377311706543, 23.81030535697937, 23.661718606948853, 24.21665596961975, 24.001590967178345, 24.590850353240967, 24.11229181289673, 23.892126083374023, 23.957452058792114, 24.327078342437744, 23.776434659957886, 24.597615480422974, 23.96778130531311, 23.97554063796997, 23.964625597000122, 23.860536098480225, 24.047405242919922, 24.1931791305542, 24.181336641311646]], "test_accuracy": 39.82, "convergence_iteration": 37}}