{"config": {"train_options": {"learning_rate": 0.01, "optimizer": "SGD", "batch_size": 128, "number_of_epochs": 300, "loss_parameters": {"temperature": 15, "distillation_type": "FEATURE_LAST", "alpha": 0.2, "beta": 0.5}}}, "results": {"train_losses": [[NaN, NaN, NaN, NaN, NaN, NaN, NaN, NaN, NaN, NaN, 107.56137590942383, 118.16391625976563, 130.24727005615233, 144.01386320800782, 157.89550185546875, 165.84573249511718, 175.2214724609375, 186.78158510742188, 192.8266193359375, 199.00279921875, 205.274998046875, 210.94648806152344, 215.59386489257813, 222.20477783203125, 226.6906920654297, 230.03631311035156, 232.79254819335938, 235.53505397949218, 238.50629704589844, 242.74631342773438, 245.16932336425782, 248.34423591308592, 250.32110979003906, 252.24273061523436, 252.9266596923828]], "valid_losses": [[NaN, NaN, NaN, NaN, NaN, NaN, NaN, NaN, NaN, NaN, NaN, 140.76347064208986, NaN, 126.02721750488281, NaN, 146.8808332092285, 159.54323276367188, 172.1148185913086, 169.0242078491211, 204.20846030273438, 184.28778214111327, 199.14501951904296, 219.2017737182617, 215.9811684814453, 216.06599645996093, 214.04892322998046, 224.4213203491211, 225.61650854492189, 236.045924609375, 234.98824838867188, 243.5643040649414, 244.24060432128906, 252.109163671875, 246.99186221923827, 244.16760141601563]], "train_accs": [[3.415, 7.692499999999999, 10.957500000000001, 13.627500000000001, 15.5225, 17.4025, 19.3675, 21.587500000000002, 23.145, 24.837500000000002, 26.685, 28.265, 29.68, 30.9975, 32.135000000000005, 33.684999999999995, 34.6775, 36.0475, 37.2575, 38.5375, 39.37, 40.4775, 41.417500000000004, 42.5825, 43.4725, 44.214999999999996, 44.7975, 46.294999999999995, 46.825, 47.595, 48.417500000000004, 49.11, 50.025, 50.5225, 51.465]], "valid_accs": [[5.7299999999999995, 8.73, 11.99, 14.499999999999998, 15.590000000000002, 17.46, 19.45, 21.67, 22.6, 24.39, 25.990000000000002, 26.6, 27.779999999999998, 28.720000000000002, 29.23, 30.320000000000004, 32.16, 33.58, 33.83, 35.24, 35.699999999999996, 34.5, 38.190000000000005, 37.15, 38.71, 38.86, 40.01, 40.07, 40.699999999999996, 40.910000000000004, 42.71, 42.59, 42.72, 42.99, 42.18]], "train_times": [[190.12251567840576, 189.44617557525635, 189.79039931297302, 190.30075931549072, 190.2972116470337, 190.3672285079956, 188.42918825149536, 188.79622220993042, 190.01850271224976, 187.69240427017212, 190.12190556526184, 188.3807816505432, 187.44325160980225, 189.48868680000305, 188.93383240699768, 188.3324375152588, 189.8004071712494, 188.82605075836182, 186.66274666786194, 188.50476098060608, 187.7597517967224, 189.2646346092224, 189.29563570022583, 187.50320053100586, 185.13547706604004, 188.61215662956238, 189.51123309135437, 187.66373014450073, 188.59631085395813, 187.919367313385, 187.4163191318512, 188.18676090240479, 189.2824990749359, 188.84673690795898, 188.74752640724182]], "valid_times": [[44.98358106613159, 44.97267246246338, 45.047054052352905, 44.866614818573, 44.91451072692871, 45.01506423950195, 45.0272753238678, 44.740546464920044, 44.831061601638794, 44.60056662559509, 44.74566912651062, 44.47119688987732, 44.96827816963196, 45.107677936553955, 44.97612476348877, 44.763155460357666, 44.778746366500854, 44.524595975875854, 44.51853919029236, 44.37203073501587, 44.54459524154663, 44.68309450149536, 44.933584451675415, 44.8970000743866, 44.3465518951416, 44.51664161682129, 44.7470018863678, 44.302605390548706, 44.669514417648315, 44.29854440689087, 44.508002281188965, 44.67555260658264, 44.78305411338806, 44.48354434967041, 44.324000120162964]], "test_accuracy": 43.36, "convergence_iteration": 35}}