{"config": {"train_options": {"learning_rate": 0.005, "optimizer": "SGD", "batch_size": 128, "number_of_epochs": 300, "loss_parameters": {"temperature": 10, "distillation_type": "FEATURE_LAST", "alpha": 0.3, "beta": 0.8}}}, "results": {"train_losses": [[239.71318024902342, 211.63073142089843, 219.24230961914063, 230.7501407470703, 244.38961403808594, 259.9942438720703, 265.404196875, 259.22298259277346, 257.5068531738281, 254.75794587402345, 253.78420041503907, 253.60817145996094, 252.90806147460938, 252.02898552246094, 254.49498479003907, 258.9324526855469, 263.9208013183594, 269.7861197021484, 277.04257211914063, 282.93811884765626, 288.47084304199217, 294.40857109375, 299.55008510742186, 304.6198326171875, 310.02487517089844, 316.0660813964844, 321.7335498046875, 325.5943883789063, 330.75224169921876, 335.49534018554687, 339.4264163574219, 342.8667798828125, 346.38540756835937, 350.6511984863281, 354.2605062011719, 358.1163477050781, 361.3658409667969, 365.51990415039063, 369.59259526367185, 372.87348227539064, 376.57869541015623, 379.08349711914065]], "valid_losses": [[NaN, NaN, NaN, NaN, NaN, NaN, NaN, NaN, NaN, NaN, NaN, NaN, NaN, NaN, NaN, NaN, NaN, NaN, NaN, NaN, 237.06725055541992, NaN, 243.30637878417969, 269.767847668457, 271.8566185913086, 271.52748654785154, 300.91481486816406, 309.8434164916992, 309.5120428833008, 309.218386328125, 316.8094541381836, 331.9736717529297, 338.11445451660154, 338.0874229370117, 335.40117498779296, 347.3103579711914, 358.3575201904297, 349.8129282470703, 361.61473408203125, 363.9396802734375, 367.2849409790039, 367.59564516601563]], "train_accs": [[2.105, 2.9775, 4.03, 4.535, 5.12, 5.83, 6.1975, 6.885, 7.5575, 8.0, 8.735, 9.27, 10.07, 10.89, 11.5475, 12.327499999999999, 12.955, 13.822499999999998, 14.2825, 14.882500000000002, 15.3175, 15.559999999999999, 16.1975, 16.6975, 17.095, 17.655, 17.7275, 17.9525, 18.37, 18.68, 19.317500000000003, 19.965, 20.177500000000002, 20.3075, 20.9375, 21.3125, 21.837500000000002, 22.142500000000002, 22.41, 22.7025, 23.13, 23.31]], "valid_accs": [[2.6100000000000003, 3.37, 4.03, 4.9, 5.43, 5.72, 6.0600000000000005, 6.79, 7.5600000000000005, 8.19, 9.44, 10.040000000000001, 10.35, 11.09, 11.88, 12.790000000000001, 13.020000000000001, 13.459999999999999, 14.52, 14.580000000000002, 15.36, 15.709999999999999, 15.89, 16.689999999999998, 16.6, 17.45, 18.19, 18.16, 18.35, 18.93, 19.25, 19.49, 19.78, 19.84, 20.65, 20.71, 21.07, 21.47, 21.93, 22.3, 23.0, 22.55]], "train_times": [[124.6554925441742, 121.50049781799316, 124.0421814918518, 122.98496603965759, 122.88550400733948, 122.54269742965698, 122.9785783290863, 122.62215495109558, 124.358407497406, 122.86355113983154, 122.57932639122009, 122.48626661300659, 121.53037977218628, 123.79424571990967, 121.42358922958374, 123.27792382240295, 121.1623888015747, 123.7763352394104, 123.14637207984924, 123.95202231407166, 122.51885867118835, 122.51588940620422, 122.43752312660217, 122.97583866119385, 123.08576679229736, 122.62565970420837, 124.24407410621643, 122.47622728347778, 124.14902448654175, 121.67291283607483, 125.16311454772949, 121.6084578037262, 123.41807532310486, 124.19118666648865, 123.30454134941101, 120.49699521064758, 123.59257340431213, 123.7720775604248, 121.67992162704468, 122.65798950195312, 122.38134598731995, 123.59564876556396]], "valid_times": [[23.206537008285522, 24.01999545097351, 23.530638217926025, 24.107642889022827, 23.542273998260498, 24.67357063293457, 23.845648527145386, 24.289207696914673, 23.152981996536255, 25.259506464004517, 24.076760053634644, 24.456371307373047, 23.580042600631714, 23.78553605079651, 23.86081862449646, 24.06667160987854, 23.911830186843872, 23.77998685836792, 23.582289457321167, 24.275799989700317, 23.8568696975708, 24.33371329307556, 24.83290410041809, 23.277459621429443, 24.229719877243042, 24.20381212234497, 23.27681803703308, 23.9846134185791, 23.6926851272583, 23.903244972229004, 23.344553470611572, 23.961921453475952, 23.505938053131104, 23.816441774368286, 24.268857717514038, 24.530340909957886, 23.553560972213745, 23.65919327735901, 23.28114342689514, 24.403462409973145, 23.601227521896362, 24.023284435272217]], "test_accuracy": 22.49, "convergence_iteration": 42}}