{"config": {"train_options": {"learning_rate": 0.005, "optimizer": "SGD", "batch_size": 128, "number_of_epochs": 300, "loss_parameters": {"temperature": 20, "distillation_type": "FEATURE_LAST", "alpha": 0.7, "beta": 0.2}}}, "results": {"train_losses": [[96.22957696533203, 92.67770177612304, 84.4475297668457, 79.46711985473632, 76.98761101074219, 70.70644169921874, 64.77103240966797, 61.56453686523437, 61.35056539916992, 62.51487531738281, 64.06224475708008, 66.12166043090821, 67.15808875732422, 68.86382982177734, 70.45111047363281, 71.94638515014648, 73.0998735900879, 74.49067124023438, 75.25828172607422, 76.36364290771485, 77.49719113769531, 78.51704431762695, 79.70258579101562, 81.10484385375976, 82.20976948242188, 83.83722379760742, 84.96130635986329, 86.14386248779297, 87.36304100952148, 88.7846626525879, 89.96046824951172, 90.64675139770507, 91.62730942993164]], "valid_losses": [[NaN, NaN, NaN, NaN, NaN, NaN, NaN, NaN, 64.78148785400391, NaN, 67.96525812683106, 60.83559370574951, 55.08718412322998, 61.79907989196777, 67.82049486541749, 70.01605032958985, 72.61446682128906, 69.78899762573242, 70.20575274658204, 65.98961519165039, 64.39994412231445, 72.64904846801758, 66.81000621643066, 73.07389281311035, 74.94047821044921, 78.48610430297852, 79.01756468200684, 84.46344398498535, 82.44220760192871, 87.7032458984375, 88.6345892944336, 83.2075096862793, 88.58487355346679]], "train_accs": [[1.5625, 3.1550000000000002, 5.36, 6.8375, 8.41, 9.885, 11.1225, 12.21, 12.907499999999999, 13.61, 14.2625, 14.825, 15.8325, 16.46, 17.5675, 18.2, 19.0475, 19.6875, 20.4325, 21.2475, 21.987499999999997, 22.6975, 23.385, 24.1625, 24.7725, 25.509999999999998, 26.0375, 26.7225, 27.432499999999997, 28.000000000000004, 28.360000000000003, 29.110000000000003, 29.6575]], "valid_accs": [[2.03, 4.37, 6.17, 7.359999999999999, 9.32, 10.59, 11.67, 12.35, 13.16, 13.23, 14.42, 15.14, 15.21, 16.36, 16.71, 17.94, 18.09, 18.86, 19.78, 20.150000000000002, 21.12, 22.13, 22.27, 23.150000000000002, 23.380000000000003, 23.68, 24.610000000000003, 24.86, 25.619999999999997, 26.71, 26.6, 26.83, 27.310000000000002]], "train_times": [[121.01174664497375, 121.25319576263428, 120.12741589546204, 120.15361309051514, 121.8839521408081, 122.04664015769958, 120.1829080581665, 121.31855583190918, 122.64555859565735, 120.754567861557, 121.68128800392151, 121.81585597991943, 121.58783268928528, 121.62142014503479, 123.72123670578003, 120.01054978370667, 121.29416966438293, 119.89931273460388, 121.17276287078857, 120.97996807098389, 121.84740328788757, 121.28131079673767, 119.53668570518494, 120.5546178817749, 120.70886874198914, 120.35855460166931, 121.26087594032288, 122.00035071372986, 122.1471700668335, 119.87655973434448, 120.19232153892517, 120.68915319442749, 120.85303997993469]], "valid_times": [[23.501518726348877, 23.825509548187256, 23.4660587310791, 23.64367175102234, 23.322718381881714, 24.25670075416565, 23.37441396713257, 23.57536292076111, 23.726642370224, 23.712497234344482, 23.50974178314209, 23.6555597782135, 23.90362024307251, 23.80649733543396, 23.200379610061646, 23.984532833099365, 23.380123376846313, 23.27149724960327, 23.44206666946411, 24.642234325408936, 24.24239206314087, 23.200657606124878, 23.840982913970947, 23.57653570175171, 23.209242582321167, 23.42460584640503, 23.94580340385437, 23.53202795982361, 23.9499032497406, 23.78877830505371, 23.950960397720337, 23.688265562057495, 23.746084690093994]], "test_accuracy": 27.889999999999997, "convergence_iteration": 33}}