{"config": {"train_options": {"learning_rate": 0.01, "optimizer": "SGD", "batch_size": 128, "number_of_epochs": 300, "loss_parameters": {"temperature": 20, "distillation_type": "FEATURE_LAST", "alpha": 0.6, "beta": 0.8}}}, "results": {"train_losses": [[366.6225537841797, 353.97761875, 327.3743882324219, 313.0460261230469, 312.5227447998047, 314.04902014160155, 310.4170848876953, 306.35484208984377, 302.7132607421875, 302.4849590332031, 305.3608813232422, 309.97277426757813, 314.71732001953126, 319.91932001953126, 324.09304099121096, 332.1944120117187, 338.1817542724609, 345.51569541015624, 351.8036285644531, 358.53323828125, 364.65106079101565, 371.4188778320312, 376.9526411621094, 382.54424921875, 389.08734948730466, 394.26062868652343, 399.21045048828125, 403.89886826171875, 408.7301385253906, 413.6478684570312, 418.48121669921875, 421.776355078125]], "valid_losses": [[330.9240956665039, NaN, NaN, NaN, NaN, NaN, NaN, NaN, NaN, NaN, 325.5475245727539, 324.08664360046384, 326.1874317932129, 325.0964056152344, 361.94003859863284, 346.9037523925781, 359.06568419189455, 361.630089453125, 359.0223174316406, 365.0259676635742, 366.76613858642577, 383.14652185058594, 391.6962113769531, 382.9588325805664, 392.1453728759766, 406.9804559082031, 406.2217658691406, 402.6088299804687, 411.67630822753904, 415.9588045776367, 421.21855705566406, 423.38408930664065]], "train_accs": [[1.295, 2.69, 4.2125, 5.382499999999999, 6.68, 8.165, 9.295, 10.1325, 10.8475, 11.475, 12.17, 12.7625, 13.285, 13.932500000000001, 14.4475, 15.032499999999999, 15.370000000000001, 16.07, 16.365, 16.875, 17.419999999999998, 17.7475, 18.5675, 19.1875, 19.287499999999998, 20.195, 20.41, 21.12, 21.375, 21.895, 22.285, 22.765]], "valid_accs": [[2.25, 4.16, 5.37, 6.370000000000001, 7.91, 8.709999999999999, 9.569999999999999, 10.879999999999999, 11.01, 11.86, 12.65, 12.879999999999999, 13.700000000000001, 14.14, 14.41, 15.15, 15.040000000000001, 15.989999999999998, 16.6, 16.689999999999998, 17.169999999999998, 18.01, 18.34, 18.55, 19.37, 19.689999999999998, 20.03, 20.53, 20.369999999999997, 21.23, 21.64, 22.23]], "train_times": [[119.1923234462738, 119.05515170097351, 116.87719368934631, 116.45043730735779, 116.57182240486145, 116.59267330169678, 118.7575192451477, 117.76249146461487, 119.5648877620697, 118.20275974273682, 120.22116112709045, 116.18999743461609, 116.54944634437561, 116.59479928016663, 116.5436704158783, 116.44525361061096, 116.35682153701782, 116.63377642631531, 116.38956451416016, 116.69702410697937, 116.36643409729004, 116.53888583183289, 116.46877479553223, 116.35707306861877, 116.65359210968018, 116.47551393508911, 117.81445932388306, 118.2815306186676, 120.25048756599426, 119.90278196334839, 120.0346200466156, 119.21216464042664]], "valid_times": [[27.34610891342163, 26.72711944580078, 26.87915277481079, 26.68604350090027, 26.63512945175171, 26.66000008583069, 27.042511463165283, 26.97605800628662, 27.18456530570984, 27.069068908691406, 26.667156457901, 26.614054679870605, 26.620065689086914, 26.703619956970215, 26.631999731063843, 26.592235803604126, 26.645617961883545, 26.705008268356323, 26.63309645652771, 26.67112636566162, 26.7590069770813, 26.586214303970337, 26.67800211906433, 26.71606683731079, 26.76818609237671, 26.76754641532898, 27.13802218437195, 27.15003204345703, 27.537131786346436, 27.43043065071106, 27.354109525680542, 27.35373830795288]], "test_accuracy": 22.869999999999997, "convergence_iteration": 32}}