{"config": {"train_options": {"learning_rate": 0.01, "optimizer": "SGD", "batch_size": 128, "number_of_epochs": 300, "loss_parameters": {"temperature": 5, "distillation_type": "FEATURE_LAST", "alpha": 0.6, "beta": 0.3}}}, "results": {"train_losses": [[110.22591746826171, 95.97053662109376, 88.95213828125, 96.89769892578126, 104.39491986083985, 109.0552198852539, 114.32179262695313, 119.48946788330078, 122.0100027709961, 125.32973447265626, 127.25497037353516, 127.82413051757813, 128.05006057128907, 128.37710301513673, 128.1185567993164, 129.10709051513672, 129.52704621582032, 131.9668677001953, 133.18200366210937, 135.9368196533203, 137.6531282470703, 139.4742411743164, 140.96531484375, 143.06169797363282, 144.4185356689453, 145.78500317382813, 147.7213769165039, 148.79260028076172, 149.95421381835936]], "valid_losses": [[NaN, NaN, NaN, NaN, NaN, NaN, NaN, NaN, 99.23108973388672, 106.04093974609376, 113.12576309814453, 112.55717492065429, 113.04552678833008, 116.44531931762695, 113.79114241333008, 120.32690287475586, 119.00876818847657, 124.71311403808593, 124.57941228637695, 125.79925311279297, 130.98174467163085, 128.88179562377928, 132.48195606079102, 139.03007353515625, 134.26806748657228, 139.00022322998046, 139.49610162963867, 141.85824572753907, 143.68701602783204]], "train_accs": [[2.7375, 6.1225000000000005, 8.870000000000001, 10.9925, 13.065, 14.515, 16.2075, 17.712500000000002, 18.855, 20.415, 21.9625, 23.28, 24.6175, 26.0925, 27.5025, 28.7375, 30.125, 31.082500000000003, 32.5375, 33.545, 34.665, 35.66, 36.5975, 37.4175, 38.7675, 39.65, 40.555, 40.894999999999996, 41.9825]], "valid_accs": [[4.859999999999999, 7.9799999999999995, 10.05, 11.940000000000001, 13.25, 14.91, 15.9, 17.28, 17.84, 19.16, 20.77, 22.12, 23.52, 25.03, 25.540000000000003, 26.979999999999997, 28.24, 29.5, 30.470000000000002, 30.89, 30.659999999999997, 32.68, 32.46, 32.39, 34.0, 34.99, 35.010000000000005, 36.26, 37.4]], "train_times": [[124.10552525520325, 120.7539415359497, 114.49452424049377, 115.21002197265625, 116.20625114440918, 116.60639953613281, 115.49479675292969, 115.66427278518677, 116.7306227684021, 114.6836450099945, 114.7416615486145, 115.93961906433105, 114.95705485343933, 114.89560890197754, 114.79165291786194, 114.92583918571472, 114.84721398353577, 114.9848279953003, 115.92775201797485, 117.165034532547, 116.2887635231018, 116.07973027229309, 116.12250971794128, 116.40430450439453, 116.84069633483887, 116.08676266670227, 116.27335000038147, 116.0240786075592, 116.82795810699463]], "valid_times": [[26.54200029373169, 26.416256427764893, 26.11906123161316, 26.507001638412476, 26.566002130508423, 26.488001585006714, 26.51951551437378, 26.314752340316772, 26.232075929641724, 26.224563360214233, 26.20510983467102, 26.394001960754395, 26.297362327575684, 26.3755202293396, 26.26554584503174, 26.244072914123535, 26.220040559768677, 26.258596658706665, 26.903562545776367, 26.873125791549683, 26.514094591140747, 26.538591384887695, 26.627091646194458, 26.705585956573486, 26.558045864105225, 26.50070071220398, 26.57564616203308, 26.56503129005432, 26.697077989578247]], "test_accuracy": 38.89, "convergence_iteration": 29}}