{"config": {"train_options": {"learning_rate": 0.01, "optimizer": "SGD", "batch_size": 128, "number_of_epochs": 300, "loss_parameters": {"temperature": 10, "distillation_type": "FEATURE_LAST", "alpha": 0.8, "beta": 0.7}}}, "results": {"train_losses": [[296.8216668701172, 281.44454631347656, 273.9059943359375, 268.31933024902344, 266.36751042480466, 270.5389995361328, 275.3861356201172, 276.05429240722657, 277.499039453125, 278.36854736328127, 279.76957470703127, 281.91850520019534, 284.0748033935547, 287.22161860351565, 290.84329028320315, 296.4101837890625, 302.15175988769533, 309.06472028808594, 314.8593458496094, 319.88488825683595, 324.1865929443359, 328.12541806640627, 331.77921435546875, 334.2707404785156, 338.7203259765625, 341.61333247070314, 345.0201671875, 347.63053505859375, 351.15600385742187]], "valid_losses": [[NaN, NaN, NaN, NaN, NaN, NaN, NaN, NaN, 250.09456174316406, 270.2162224731445, 273.28841583251955, 278.85691268310546, 279.39876583251953, 278.0438526611328, 300.72561025390627, 310.5000365722656, 313.38970080566406, 318.4709495849609, 326.4245691040039, 316.3882248046875, 332.3574888916016, 331.60225041503907, 336.46396618652346, 340.81727575683595, 341.0948839111328, 349.0229016113281, 351.78886674804687, 342.93304348144534, 353.5740274169922]], "train_accs": [[2.2950000000000004, 3.1550000000000002, 4.1450000000000005, 4.97, 5.547499999999999, 5.87, 6.6925, 7.04, 7.6375, 8.33, 9.0625, 9.71, 10.3125, 10.93, 11.7175, 12.1175, 12.485, 13.19, 13.447500000000002, 14.035, 14.3375, 14.835, 15.2375, 15.5825, 15.9825, 16.4375, 16.814999999999998, 17.227500000000003, 17.83]], "valid_accs": [[2.9000000000000004, 3.5900000000000003, 4.65, 5.779999999999999, 5.92, 6.260000000000001, 7.049999999999999, 7.4399999999999995, 7.99, 9.04, 10.01, 10.63, 10.84, 12.0, 12.09, 12.61, 13.58, 13.420000000000002, 13.38, 14.12, 14.580000000000002, 15.049999999999999, 15.010000000000002, 15.67, 15.790000000000001, 16.02, 16.220000000000002, 17.27, 16.76]], "train_times": [[129.0127658843994, 127.87290453910828, 124.2833616733551, 124.92323899269104, 126.4588315486908, 125.75666618347168, 126.0966124534607, 125.08003401756287, 125.05162501335144, 123.82196569442749, 119.08283758163452, 117.78480887413025, 117.84020018577576, 118.23272442817688, 122.19000768661499, 121.04216480255127, 121.10762524604797, 121.41046094894409, 122.2051362991333, 122.7245659828186, 122.57811427116394, 121.21860527992249, 121.52860474586487, 121.41366291046143, 122.45453953742981, 122.28212380409241, 124.37554597854614, 116.63119149208069, 118.18963384628296]], "valid_times": [[29.283507108688354, 29.04997730255127, 28.55317234992981, 28.602078676223755, 28.92035746574402, 29.053069591522217, 28.679057598114014, 28.745095252990723, 28.06309723854065, 29.92860507965088, 26.98351263999939, 26.911001920700073, 26.874645233154297, 27.938032150268555, 27.63851284980774, 27.716538906097412, 27.792514324188232, 27.77306890487671, 28.004157781600952, 28.057003498077393, 27.922510623931885, 27.70902919769287, 27.73304772377014, 27.864584922790527, 27.947998523712158, 28.041508674621582, 26.625040292739868, 26.60750985145569, 26.965035676956177]], "test_accuracy": 17.849999999999998, "convergence_iteration": 29}}