{"config": {"train_options": {"learning_rate": 0.01, "optimizer": "SGD", "batch_size": 128, "number_of_epochs": 300, "loss_parameters": {"temperature": 15, "distillation_type": "FEATURE_LAST", "alpha": 0.6, "beta": 0.5}}}, "results": {"train_losses": [[203.17865473632813, 182.8304961669922, 172.77989118652343, 169.32571934814453, 165.02813156738281, 165.72906641845702, 167.49184322509765, 173.7732966796875, 179.08937524414063, 185.47660703125, 192.63151506347657, 197.98461157226564, 202.64007620849608, 206.94453829345704, 210.66163170166016, 213.71994057617187, 218.09611049804687, 222.10213601074219, 227.00695793457032, 230.6070595703125, 234.45558247070312, 237.66728940429687, 240.7942597167969, 244.24973383789063, 246.14218322753905, 250.55461762695313, 253.39302263183595, 256.7679781982422]], "valid_losses": [[NaN, NaN, NaN, NaN, NaN, NaN, 125.98594093627929, 131.32094620666504, NaN, 157.6364624694824, 176.6772177001953, 185.24505041503906, 190.23425596313476, 189.55006541748048, 200.0549299987793, 203.30584548339843, 207.4417887939453, 209.0371763305664, 214.73656486816407, 207.33874240112306, 220.26942131347656, 220.61652163085938, 217.84029127197266, 232.0711060546875, 236.16450513916016, 240.36170314941407, 248.26543267822265, 248.82625646972656]], "train_accs": [[2.6149999999999998, 5.805, 8.2025, 9.875, 11.4825, 12.907499999999999, 14.2, 15.299999999999999, 16.325, 17.625, 18.84, 20.0575, 20.979999999999997, 22.3025, 23.427500000000002, 24.6625, 25.295, 26.76, 27.5825, 28.8825, 29.580000000000002, 30.3475, 31.392500000000002, 32.315, 33.0125, 34.294999999999995, 34.74, 35.52]], "valid_accs": [[4.3, 7.76, 9.59, 10.57, 11.709999999999999, 12.870000000000001, 13.96, 15.67, 16.49, 18.16, 19.32, 20.830000000000002, 21.93, 22.869999999999997, 23.72, 24.63, 25.729999999999997, 26.61, 27.860000000000003, 28.12, 29.5, 29.75, 30.070000000000004, 31.78, 31.490000000000002, 32.769999999999996, 33.339999999999996, 33.900000000000006]], "train_times": [[117.79282259941101, 117.7018723487854, 117.40734362602234, 117.77589321136475, 117.66727209091187, 118.56997561454773, 118.07624077796936, 117.47388911247253, 116.59392309188843, 116.35303974151611, 116.29433035850525, 116.17919945716858, 116.54713654518127, 116.25526213645935, 116.30945777893066, 116.35579943656921, 116.45320320129395, 116.47759771347046, 116.18524360656738, 116.3460168838501, 116.43785357475281, 116.40031671524048, 117.5987594127655, 115.81467819213867, 115.8636782169342, 115.95059108734131, 115.82868695259094, 115.91764688491821]], "valid_times": [[26.96851873397827, 26.946630001068115, 26.92079186439514, 26.89532780647278, 27.20471692085266, 26.983340740203857, 27.11021637916565, 26.75711464881897, 26.716642141342163, 26.776734352111816, 26.724721670150757, 26.789093732833862, 26.71964144706726, 26.727733612060547, 26.710367441177368, 26.880733728408813, 26.800602197647095, 26.75520396232605, 26.71807599067688, 26.710931539535522, 26.801187992095947, 26.71221160888672, 26.594512462615967, 26.481547117233276, 26.545542001724243, 26.518550395965576, 26.66051697731018, 26.555543422698975]], "test_accuracy": 34.37, "convergence_iteration": 28}}