{"config": {"train_options": {"learning_rate": 0.01, "optimizer": "SGD", "batch_size": 128, "number_of_epochs": 300, "loss_parameters": {"temperature": 10, "distillation_type": "FEATURE_LAST", "alpha": 0.1, "beta": 0.8}}}, "results": {"train_losses": [[325.1148994628906, 257.3349163330078, 223.09003486328126, 226.3089830566406, 231.11843254394532, 237.11184165039063, 244.99927033691407, 256.4065303222656, 268.95599287109377, 283.0413270019531, 297.5455037353516, 311.11340832519534, 322.92564802246096, 332.387009765625, 340.42107873535156, 346.54737973632814, 351.765075, 356.4703392089844, 360.743288671875, 367.0823668457031, 371.35241364746093, 376.73052250976565, 380.96069536132813, 385.25605546875, 390.45907607421873, 393.9468043945312, 398.8667788574219, 402.574055078125, 407.03112827148436, 411.16567612304686, 415.61319609375, 419.38374809570314, 422.03327397460936, 426.04827084960937, 428.53410092773436, 432.44962734375, 436.4674583496094]], "valid_losses": [[NaN, NaN, NaN, NaN, NaN, NaN, NaN, NaN, NaN, NaN, NaN, NaN, NaN, NaN, NaN, NaN, 290.7144257324219, 293.1017580383301, 317.9919846801758, 322.43810856933595, 329.47784825439453, 339.8975596252441, 346.4375100341797, 367.38568000488283, 364.0429023071289, 359.85844405517577, 373.0728286743164, 374.87416453857423, 391.4698409301758, 391.08673828125, 394.8401165893555, 402.68563707275393, 410.4641288452148, 416.93583671875, 425.2241920532227, 418.09879885253906, 424.3203530517578]], "train_accs": [[2.605, 5.4075, 7.960000000000001, 9.975000000000001, 11.690000000000001, 13.315, 14.2825, 15.2225, 16.3275, 17.24, 18.0625, 19.2425, 20.3375, 21.4075, 22.267500000000002, 23.425, 24.435000000000002, 25.362499999999997, 26.052500000000002, 27.0025, 28.050000000000004, 28.512500000000003, 29.422500000000003, 30.167500000000004, 30.97, 31.642500000000002, 32.43, 33.027499999999996, 33.7675, 34.715, 35.115, 35.815000000000005, 36.5525, 37.3025, 37.9925, 38.277499999999996, 39.005]], "valid_accs": [[4.390000000000001, 6.69, 9.49, 10.84, 12.24, 12.98, 14.2, 15.620000000000001, 16.41, 17.25, 18.07, 18.709999999999997, 19.57, 20.46, 21.59, 22.34, 23.52, 24.169999999999998, 25.35, 26.13, 26.090000000000003, 27.46, 27.48, 28.439999999999998, 28.77, 29.12, 30.97, 30.759999999999998, 31.31, 31.14, 31.64, 32.800000000000004, 33.12, 33.52, 33.78, 34.47, 34.96]], "train_times": [[162.5197937488556, 162.79456186294556, 162.21710753440857, 162.77261757850647, 162.1315131187439, 162.56238746643066, 162.32710671424866, 161.80417108535767, 162.4750111103058, 160.7258973121643, 162.49149537086487, 171.3646650314331, 165.84948635101318, 160.02300715446472, 160.18296766281128, 159.64234566688538, 159.89219880104065, 159.48404002189636, 162.20162725448608, 160.97013115882874, 160.3523416519165, 160.82561898231506, 160.73171257972717, 160.36841344833374, 161.81796717643738, 156.78851556777954, 157.4821138381958, 157.5875425338745, 157.00284886360168, 157.49063968658447, 157.17198419570923, 156.89203906059265, 157.53742265701294, 156.77544951438904, 157.81303215026855, 157.36079931259155, 157.12344408035278]], "valid_times": [[37.941049337387085, 38.064963579177856, 38.20217847824097, 37.964319705963135, 38.19922947883606, 37.65918207168579, 38.04126310348511, 38.0112042427063, 38.00305366516113, 38.11981558799744, 38.11220574378967, 40.575024366378784, 38.19611740112305, 37.20504021644592, 37.6649649143219, 37.58531332015991, 37.88796091079712, 37.81205224990845, 38.504963397979736, 37.885929584503174, 37.853094816207886, 37.44895815849304, 37.857346534729004, 37.78632092475891, 37.01233172416687, 36.76910710334778, 36.45828557014465, 37.093271017074585, 37.00617837905884, 36.82675528526306, 37.08494520187378, 37.05982804298401, 37.247546911239624, 37.061704874038696, 36.15154790878296, 37.028154611587524, 37.13562250137329]], "test_accuracy": 36.64, "convergence_iteration": 37}}