{"config": {"train_options": {"learning_rate": 0.05, "optimizer": "SGD", "batch_size": 128, "number_of_epochs": 300, "loss_parameters": {"temperature": 20, "distillation_type": "FEATURE_LAST", "alpha": 0.9, "beta": 0.1}}}, "results": {"train_losses": [[38.849324258422854, 29.169232803344727, 31.966309927368165, 36.77835782775879, 39.51227989196777, 42.2752455871582, 44.85574203491211, 47.20187509765625, 49.13935234375, 50.643010357666014, 52.54089313354492, 54.04304301757813, 55.51056013793945, 56.95626954345703, 58.20538891601562, 59.20060388183594, 60.298936755371095, 61.15115612182617, 61.976374920654294, 62.88249593505859, 63.66380483398437, 64.24518045654297]], "valid_losses": [[30.77510075073242, NaN, 38.3618210357666, 34.39140068054199, 32.46862702331543, 36.58889110412598, 41.527728430175785, 43.30572243652344, 47.601180487060546, 51.896860885620114, 52.330430764770504, 54.98792038269043, 55.50097516784668, 57.90250163269043, 57.73400057678223, 59.28399614868164, 58.843976095581056, 60.74303005065918, 61.89711244506836, 62.894092864990235, 63.04290216064453, 63.41075541992188]], "train_accs": [[2.96, 7.8149999999999995, 11.44, 14.330000000000002, 16.7125, 18.795, 20.555, 22.9925, 24.9375, 26.907500000000002, 28.4775, 30.3225, 31.937500000000004, 33.5225, 35.165, 36.267500000000005, 37.9625, 38.6925, 40.1525, 41.3275, 42.4325, 43.6725]], "valid_accs": [[5.09, 8.84, 12.19, 13.25, 15.479999999999999, 17.169999999999998, 19.29, 21.81, 23.35, 26.0, 27.04, 28.599999999999998, 30.320000000000004, 30.98, 32.08, 34.17, 34.36, 36.08, 34.88, 35.58, 36.61, 35.64]], "train_times": [[127.41883778572083, 125.01568794250488, 126.24506759643555, 126.85590434074402, 127.89862895011902, 125.52102994918823, 128.59955024719238, 128.77668714523315, 126.94845867156982, 127.86477088928223, 128.91530179977417, 128.70500707626343, 127.9660005569458, 125.30221199989319, 126.64030003547668, 126.79521179199219, 128.60127568244934, 127.47291898727417, 127.67526531219482, 127.50813460350037, 128.70795059204102, 127.54993391036987]], "valid_times": [[24.485981464385986, 25.915330171585083, 24.242696285247803, 25.307782649993896, 24.594752550125122, 24.20629906654358, 25.448490381240845, 24.261997938156128, 25.12869644165039, 24.811293125152588, 25.234107971191406, 25.19149160385132, 25.374112844467163, 25.789410829544067, 25.14101243019104, 25.26176404953003, 25.910595893859863, 25.92156958580017, 26.15001368522644, 25.785573720932007, 24.11860942840576, 26.03349995613098]], "test_accuracy": 35.449999999999996, "convergence_iteration": 22}}