{"config": {"train_options": {"learning_rate": 0.005, "optimizer": "SGD", "batch_size": 128, "number_of_epochs": 300, "loss_parameters": {"temperature": 10, "distillation_type": "FEATURE_LAST", "alpha": 0.6, "beta": 0.7}}}, "results": {"train_losses": [[265.7863786376953, 248.14347888183593, 237.17640686035156, 228.38246423339845, 225.40476462402344, 231.60548598632812, 238.19562717285157, 240.12214860839845, 237.96091584472657, 236.71931174316407, 236.1951116455078, 236.9671307861328, 238.123137890625, 239.60996130371095, 242.75116560058595, 245.54442395019532, 248.24252485351562, 250.45962568359374, 255.82747534179688, 259.92935642089844, 264.71537392578125, 269.7112187744141, 272.76065224609374, 276.59045075683593, 278.76710373535155, 282.3711156982422, 284.5052308349609, 287.7636623535156, 291.5755083496094, 295.13043278808595, 296.71410400390624, 298.6688825439453, 300.96637307128907, 302.8994018798828]], "valid_losses": [[NaN, NaN, NaN, NaN, NaN, NaN, NaN, NaN, NaN, NaN, NaN, 245.96992176513672, NaN, 258.95477532958984, 246.47808626708985, 258.85092736816404, 257.7220383209229, NaN, 265.7187007324219, 271.097208203125, 252.97978419799804, 280.67170587768555, 276.4393868041992, 277.8414909423828, 282.1805017944336, 288.3688816040039, 293.9348126586914, 299.22629146728514, 297.36663839111327, 298.076141784668, 300.39298366699217, 301.797667578125, 312.59932078857423, 313.3438340209961]], "train_accs": [[1.8025, 2.85, 4.195, 4.859999999999999, 5.57, 6.3475, 7.37, 8.025, 8.75, 9.432500000000001, 9.997499999999999, 10.530000000000001, 11.335, 11.6575, 12.1725, 12.575, 13.07, 13.54, 13.889999999999999, 14.432500000000001, 14.7, 15.055, 15.540000000000001, 15.662499999999998, 16.4825, 16.8375, 16.905, 17.5575, 17.7375, 18.212500000000002, 18.47, 18.6625, 19.067500000000003, 19.4225]], "valid_accs": [[2.25, 3.9699999999999998, 4.73, 5.47, 6.0600000000000005, 7.08, 7.7, 8.4, 9.11, 9.83, 10.11, 10.52, 10.96, 11.66, 11.74, 12.6, 12.73, 13.43, 13.74, 14.14, 14.31, 14.63, 15.03, 15.65, 15.790000000000001, 16.2, 16.42, 16.77, 17.03, 17.580000000000002, 17.8, 18.13, 18.69, 18.75]], "train_times": [[125.76251673698425, 124.00504851341248, 123.81984949111938, 124.84743165969849, 125.0384910106659, 124.15153503417969, 125.96688771247864, 124.1486427783966, 126.10067296028137, 124.83747172355652, 124.38376426696777, 124.00887656211853, 126.76777958869934, 124.78028702735901, 127.88081002235413, 123.97070550918579, 124.06411933898926, 123.78055119514465, 124.39858603477478, 124.8026373386383, 124.1941967010498, 124.29285001754761, 124.59584522247314, 124.55678391456604, 125.621990442276, 124.54876685142517, 123.58573794364929, 123.69140958786011, 123.94108486175537, 123.29350519180298, 123.5949535369873, 124.65492367744446, 123.5082368850708, 124.04741287231445]], "valid_times": [[24.652073621749878, 24.514137029647827, 24.225022077560425, 24.313794136047363, 24.151933431625366, 24.444571018218994, 25.089823007583618, 24.885050535202026, 24.3099844455719, 24.33770489692688, 24.86116313934326, 24.91274905204773, 24.68114185333252, 24.39242458343506, 24.31834125518799, 24.26530623435974, 24.639533042907715, 23.97139000892639, 24.19798755645752, 24.582141399383545, 24.352125883102417, 24.284852504730225, 24.22163724899292, 24.032095909118652, 24.136425018310547, 24.332841873168945, 24.596847534179688, 24.560778379440308, 24.491525650024414, 24.053446769714355, 24.071473121643066, 24.061265468597412, 24.364014863967896, 24.09594964981079]], "test_accuracy": 20.01, "convergence_iteration": 34}}