{"config": {"train_options": {"learning_rate": 0.01, "optimizer": "SGD", "batch_size": 128, "number_of_epochs": 300, "loss_parameters": {"temperature": 5, "distillation_type": "FEATURE_LAST", "alpha": 0.1, "beta": 0.8}}}, "results": {"train_losses": [[331.2594164550781, 283.5622381347656, 280.72672878417967, 285.6531040283203, 279.37363520507813, 276.3346530761719, 278.3700023925781, 280.3031228515625, 286.4379093505859, 291.94436877441404, 299.0660430908203, 304.8403794433594, 308.6698142822266, 316.5676084716797, 325.91855236816406, 331.2939677001953, 339.4027104003906, 345.59213518066406, 354.10353625488284, 359.04948059082034, 364.54364013671875, 371.1460364013672, 376.06637719726564, 380.8636782714844, 387.43337841796875, 391.60596323242186, 395.5031995605469]], "valid_losses": [[NaN, NaN, NaN, NaN, NaN, NaN, 276.93912039794924, 277.48354235839844, 290.7187019287109, 290.97318061523436, 306.5284985595703, 311.0525106201172, 321.71746938476565, 326.2539174316406, 346.30587661132813, 339.44508552246094, 347.4701951171875, 356.60454782714845, 347.9152169921875, 353.9185552734375, 364.15769411621096, 380.7448856445312, 368.1492966552734, 377.0046412597656, 385.79405881347657, 385.06044665527344, 387.90314489746095]], "train_accs": [[2.0575, 4.63, 7.055, 9.13, 10.785, 11.95, 13.3275, 14.207500000000001, 15.425, 16.220000000000002, 17.352500000000003, 18.315, 19.53, 20.415, 21.377499999999998, 22.39, 23.805, 24.495, 25.0525, 25.979999999999997, 26.7675, 27.725, 28.315, 29.160000000000004, 30.0525, 31.014999999999997, 31.3425]], "valid_accs": [[3.93, 6.17, 8.94, 10.780000000000001, 12.25, 13.36, 14.08, 14.430000000000001, 15.479999999999999, 16.13, 16.79, 17.02, 18.27, 18.65, 19.869999999999997, 20.580000000000002, 21.51, 21.54, 23.16, 23.75, 24.81, 25.39, 25.569999999999997, 26.650000000000002, 27.450000000000003, 28.53, 28.74]], "train_times": [[162.04662442207336, 161.8856897354126, 161.94242143630981, 162.57806038856506, 162.34856820106506, 162.43255376815796, 162.42582988739014, 161.49700093269348, 161.9449234008789, 161.56634497642517, 162.03476786613464, 162.06398391723633, 161.51662230491638, 161.58658504486084, 162.36531329154968, 161.88454699516296, 163.78362345695496, 162.76710510253906, 162.38533544540405, 162.83362007141113, 161.88521480560303, 162.1734414100647, 162.56726479530334, 162.09906816482544, 162.1367630958557, 162.41177701950073, 162.1672728061676]], "valid_times": [[37.788692474365234, 37.97125697135925, 37.978230237960815, 38.110267162323, 38.00629472732544, 37.795371532440186, 37.9822416305542, 38.09943199157715, 37.491018295288086, 38.06475615501404, 37.94316840171814, 37.894657135009766, 37.947357416152954, 37.78122639656067, 37.985113859176636, 38.29521679878235, 38.30005240440369, 38.18831157684326, 38.2576801776886, 38.174514293670654, 38.022116899490356, 37.889851093292236, 38.09376764297485, 38.12409067153931, 37.64721488952637, 38.04461121559143, 37.999544858932495]], "test_accuracy": 29.65, "convergence_iteration": 27}}