{"config": {"train_options": {"learning_rate": 0.005, "optimizer": "SGD", "batch_size": 128, "number_of_epochs": 300, "loss_parameters": {"temperature": 10, "distillation_type": "FEATURE_LAST", "alpha": 0.5, "beta": 0.5}}}, "results": {"train_losses": [[206.42531635742188, 180.3865333129883, 163.3819181640625, 156.78710970458985, 157.49786760253906, 158.5669677001953, 161.1993425415039, 160.94379372558595, 162.8662934326172, 167.81368072509767, 172.65926268310548, 176.8772826171875, 181.04628413085936, 184.31288649902345, 188.07955698242188, 190.38673608398437, 192.395177734375, 194.59602849121094, 196.40798305664063, 198.53675842285156, 199.67887561035155, 201.45494260253906, 203.0487600830078, 205.09673344726562, 206.640594921875, 208.6624205078125, 210.81676867675782]], "valid_losses": [[NaN, NaN, NaN, NaN, 157.5464547241211, NaN, 148.76589429931641, 178.25886870117188, 173.78277290039063, 173.49936872558592, 161.06302526245116, 168.43629609375, 168.15769042358397, 159.3050134338379, 174.1224141113281, 165.06114161376954, 166.65362427978516, 177.63152385864257, 174.83216937255858, 179.61995899658203, 170.02873802490234, 179.73841354980468, 194.61016593017578, 185.66182237548827, 203.8959900024414, 203.08881043701172, 206.3883684448242]], "train_accs": [[2.8674999999999997, 4.7475000000000005, 6.239999999999999, 7.9725, 9.4025, 10.37, 11.5, 12.465, 13.23, 13.9675, 15.0, 15.8175, 16.6, 17.1275, 17.97, 18.732499999999998, 19.545, 20.330000000000002, 21.13, 22.16, 22.6, 23.5625, 24.087500000000002, 24.627499999999998, 25.5925, 26.2875, 26.8325]], "valid_accs": [[3.61, 5.18, 7.6, 9.2, 10.209999999999999, 11.24, 12.709999999999999, 13.4, 14.39, 15.14, 14.34, 16.42, 16.189999999999998, 17.16, 18.63, 17.990000000000002, 18.54, 19.53, 19.68, 20.32, 21.51, 21.86, 23.11, 23.04, 23.82, 24.54, 25.46]], "train_times": [[186.83670592308044, 186.0451624393463, 186.86237859725952, 186.82860159873962, 187.11409854888916, 189.20670318603516, 190.14399409294128, 186.75045824050903, 186.27118277549744, 185.51784586906433, 186.58164644241333, 185.74395656585693, 184.3506841659546, 185.53143692016602, 185.65121269226074, 185.07911658287048, 186.64411163330078, 184.92511343955994, 185.83558440208435, 185.61604166030884, 185.9495084285736, 185.63872456550598, 192.0323669910431, 189.33821868896484, 188.35281777381897, 192.12943768501282, 192.59074211120605]], "valid_times": [[43.961188316345215, 44.258137702941895, 44.233086824417114, 44.089552879333496, 44.41314768791199, 44.912540674209595, 45.04105734825134, 43.71406626701355, 43.97762370109558, 43.97719430923462, 43.888179063797, 44.08364748954773, 43.91436266899109, 43.94421339035034, 44.06720781326294, 44.05181384086609, 43.90317749977112, 43.74150824546814, 43.90472912788391, 43.918193340301514, 43.85960268974304, 43.897332191467285, 43.67978310585022, 43.734034299850464, 44.88709545135498, 45.60814046859741, 44.668039321899414]], "test_accuracy": 26.31, "convergence_iteration": 27}}