{"config": {"train_options": {"learning_rate": 0.05, "optimizer": "SGD", "batch_size": 128, "number_of_epochs": 300, "loss_parameters": {"temperature": 5, "distillation_type": "FEATURE_LAST", "alpha": 0.7, "beta": 0.7}}}, "results": {"train_losses": [[NaN, NaN, 186.10718670654296, 240.86843095703125, 276.51441467285156, 304.12142651367185, 330.114872265625, 354.2614122558594, 373.0989240722656, 387.83487392578127, 398.9137268554687, 407.8065587890625, 417.9684479492187, 427.31243901367185, 435.9204642578125, 443.08090283203126, 449.6011923339844, 455.07013564453126, 461.00155903320314, 466.1273137207031, 471.095698046875, 475.28444326171876, 479.42105703125, 483.058643359375, 485.87166381835937, 490.38845043945315]], "valid_losses": [[NaN, NaN, NaN, NaN, NaN, 283.4168932373047, 321.9831085693359, 342.08993203125, 375.5239602783203, 380.67692458496094, 399.26359025878907, 404.61001884765625, 423.20803781738283, 434.7811060058594, 433.5405215576172, 444.47922185058593, 436.17922570800783, 455.47996025390626, 466.66049829101564, 469.6233577636719, 469.59386403808594, 478.0945255126953, 483.51794287109374, 486.5984099121094, 483.26994169921875, 492.8738980712891]], "train_accs": [[3.2125, 7.614999999999999, 11.06, 13.52, 15.562500000000002, 17.255000000000003, 19.1, 21.15, 23.0025, 24.765, 26.7775, 28.854999999999997, 30.7425, 32.324999999999996, 34.0325, 35.36, 36.925000000000004, 38.24, 39.642500000000005, 40.7575, 42.065000000000005, 43.195, 44.629999999999995, 45.7575, 46.5775, 47.4325]], "valid_accs": [[6.23, 8.88, 11.32, 13.58, 15.310000000000002, 17.61, 20.02, 20.580000000000002, 22.09, 24.09, 26.650000000000002, 28.410000000000004, 28.910000000000004, 30.84, 31.78, 34.25, 32.93, 35.28, 36.720000000000006, 38.019999999999996, 37.09, 40.35, 41.53, 40.33, 41.54, 42.199999999999996]], "train_times": [[197.14475107192993, 196.8998544216156, 195.90305924415588, 197.3382031917572, 197.44243216514587, 196.10031533241272, 195.71855926513672, 197.383047580719, 197.83419370651245, 197.75253582000732, 197.8750913143158, 193.37874388694763, 188.3867335319519, 185.11253666877747, 189.26626086235046, 191.17043709754944, 188.38811588287354, 194.84956908226013, 201.95737600326538, 200.43136620521545, 201.15809965133667, 197.0540816783905, 194.2678258419037, 183.8282082080841, 182.26348638534546, 183.36920762062073]], "valid_times": [[45.425676107406616, 46.41761350631714, 46.91354179382324, 46.722007274627686, 45.55409598350525, 46.24663805961609, 46.955634355545044, 45.66963338851929, 47.41259050369263, 47.10017108917236, 47.11583065986633, 44.68759059906006, 43.89796805381775, 45.17079186439514, 44.074601888656616, 45.033385276794434, 45.19295120239258, 49.28870749473572, 46.002283573150635, 48.10764479637146, 48.08887720108032, 48.41433572769165, 42.831122398376465, 43.70166373252869, 43.09444189071655, 43.164252519607544]], "test_accuracy": 42.54, "convergence_iteration": 26}}