{"config": {"train_options": {"learning_rate": 0.005, "optimizer": "SGD", "batch_size": 128, "number_of_epochs": 300, "loss_parameters": {"temperature": 20, "distillation_type": "FEATURE_LAST", "alpha": 0.6, "beta": 0.4}}}, "results": {"train_losses": [[163.00342878417968, 160.20849865722656, 150.15784920654298, 139.2282673828125, 128.61501025390626, 121.09358907470703, 116.7586773803711, 116.12903774414063, 118.7125859375, 120.76735396728516, 122.9461868774414, 124.71554187011719, 127.23113748779296, 129.4025583984375, 133.45833395996092, 136.98321198730468, 141.03462314453125, 145.33077227783204, 149.32940786132812, 153.44818033447265, 155.53196328125, 157.84314519042968, 160.62974050292968, 162.95473125, 165.09950462646484, 166.75423073730468, 167.71078717041016, 169.45076538085937, 170.42258896484375, 171.35434591064453, 171.88417905273437, 173.456462890625, 174.14552243652344, 175.57458063964845, 176.22664860839845, 177.7796274658203, 179.7300867919922]], "valid_losses": [[NaN, NaN, NaN, NaN, NaN, NaN, NaN, NaN, NaN, NaN, NaN, NaN, NaN, 98.58790068359374, NaN, NaN, 111.81825368041993, NaN, 130.71347816772462, 136.78795567626952, 132.00668260498045, 140.91133758544922, 151.414573046875, 155.59708957519533, 159.771091015625, 164.34465048217774, 165.0263202697754, 165.6892458190918, 170.60892352294923, 168.0877951904297, 177.13868552856445, 177.63552575683593, 174.313514263916, 172.26997395019532, 175.6396143737793, 173.5814137573242, 180.25468060913087]], "train_accs": [[1.5625, 3.0275, 4.47, 6.1275, 7.2925, 8.5725, 9.7775, 10.780000000000001, 11.7075, 12.8325, 13.905000000000001, 14.754999999999999, 15.8275, 16.427500000000002, 17.145, 18.0, 18.65, 19.28, 20.1175, 20.947499999999998, 21.51, 22.2025, 22.74, 23.73, 24.255, 24.5375, 25.6975, 26.365, 27.12, 27.785, 28.352500000000003, 29.110000000000003, 29.73, 30.362499999999997, 30.9925, 31.937500000000004, 32.4325]], "valid_accs": [[2.44, 3.6900000000000004, 5.11, 6.92, 8.3, 8.94, 9.99, 10.96, 11.35, 12.559999999999999, 13.52, 15.25, 15.7, 16.13, 17.11, 17.69, 18.01, 19.03, 19.220000000000002, 19.99, 20.26, 21.099999999999998, 22.25, 22.03, 22.62, 23.44, 24.22, 25.28, 25.8, 26.229999999999997, 26.47, 27.389999999999997, 27.889999999999997, 28.12, 28.76, 30.009999999999998, 29.26]], "train_times": [[125.31438970565796, 123.77348852157593, 124.60705375671387, 123.71341180801392, 124.60886883735657, 125.54064536094666, 124.64473915100098, 126.45996904373169, 126.1804928779602, 124.8772361278534, 124.85170340538025, 124.9853823184967, 125.8372688293457, 125.17601132392883, 125.63981580734253, 125.97672128677368, 125.23891854286194, 123.94676470756531, 125.16070675849915, 125.14993906021118, 124.8541533946991, 124.47760343551636, 125.1049873828888, 123.82128882408142, 125.54387640953064, 125.24477791786194, 124.73963904380798, 124.06667137145996, 125.53268384933472, 124.64833688735962, 124.51223182678223, 123.92095947265625, 123.66722416877747, 125.35895895957947, 124.1124804019928, 124.95570874214172, 124.3886833190918]], "valid_times": [[23.976606607437134, 24.136847734451294, 24.007240772247314, 24.569485664367676, 24.157757997512817, 24.047494173049927, 24.042641401290894, 24.138102293014526, 23.948026180267334, 24.432831048965454, 24.15749740600586, 24.582119941711426, 23.94208025932312, 24.37036371231079, 24.689552307128906, 24.08246397972107, 23.63283681869507, 23.804458141326904, 23.98954153060913, 24.066983938217163, 23.931917190551758, 23.91923952102661, 24.034800052642822, 24.096550703048706, 23.840311527252197, 23.816814422607422, 23.87997341156006, 24.232008457183838, 23.963903427124023, 23.909149408340454, 24.351104497909546, 24.222147703170776, 24.201114892959595, 24.17007279396057, 23.88495397567749, 24.96929669380188, 24.315643310546875]], "test_accuracy": 30.23, "convergence_iteration": 37}}