{"config": {"train_options": {"learning_rate": 0.05, "optimizer": "SGD", "batch_size": 128, "number_of_epochs": 300, "loss_parameters": {"temperature": 15, "distillation_type": "FEATURE_LAST", "alpha": 0.6, "beta": 0.5}}}, "results": {"train_losses": [[NaN, NaN, NaN, 127.64510247802734, 176.74592513427734, 203.14135852050782, 214.72303708496094, 224.29043571777345, 231.99231997070314, 240.52157604980468, 251.3573260498047, 257.58712243652343, 264.9707423828125, 273.04159926757814, 280.42461948242186, 286.5008055175781, 290.9446311279297, 295.69399436035155, 300.59381682128907, 304.7009862792969, 308.59714921875, 313.1009118408203, 317.94064963378906, 320.78846442871094, 324.52697900390626]], "valid_losses": [[NaN, NaN, NaN, NaN, 200.60238740234374, 205.98771224365234, 227.9006899658203, 232.05810017089843, 247.54550268554686, 256.42149279785156, 259.8092486450195, 261.0643935913086, 280.06522742919924, 285.1810634643555, 291.768505859375, 290.08851905517577, 294.1853327758789, 291.7663564819336, 316.1059203735352, 306.24425318603517, 304.9258561279297, 317.6375178588867, 312.30236400146487, 324.95154168701174, 323.74974635009767]], "train_accs": [[5.0275, 11.254999999999999, 15.02, 18.2225, 21.627499999999998, 25.0475, 27.950000000000003, 30.6325, 33.3025, 35.3175, 37.605, 39.725, 41.115, 42.967499999999994, 44.49, 46.305, 47.57, 48.815, 50.23, 51.23, 52.335, 53.1375, 54.1125, 55.037499999999994, 55.5775]], "valid_accs": [[8.110000000000001, 12.4, 16.17, 19.06, 20.82, 21.5, 25.080000000000002, 27.189999999999998, 29.54, 31.31, 33.160000000000004, 33.7, 36.08, 35.24, 36.85, 39.37, 40.71, 40.5, 39.97, 40.99, 41.699999999999996, 42.08, 45.22, 42.44, 45.56]], "train_times": [[187.42693066596985, 186.01411128044128, 185.82770156860352, 185.84247255325317, 186.22069430351257, 188.3688142299652, 187.6594660282135, 188.63428854942322, 186.38190340995789, 186.04947924613953, 188.11037516593933, 185.58801674842834, 186.70843648910522, 186.17389512062073, 186.70880556106567, 187.24646019935608, 187.4805715084076, 189.04449462890625, 189.0377712249756, 190.73855590820312, 191.87326097488403, 190.08588910102844, 190.99821496009827, 190.60943984985352, 192.34553217887878]], "valid_times": [[44.01503372192383, 44.55730605125427, 43.96565246582031, 44.40264129638672, 44.19068956375122, 44.070549964904785, 43.46305203437805, 43.65615153312683, 43.65057325363159, 43.61706852912903, 44.45957708358765, 43.305071115493774, 43.35555839538574, 44.028056383132935, 44.21956777572632, 44.59965109825134, 43.62005972862244, 44.27263522148132, 44.64979696273804, 44.025702714920044, 44.54095125198364, 44.017807960510254, 43.79128074645996, 44.04366493225098, 43.27785396575928]], "test_accuracy": 46.02, "convergence_iteration": 25}}