{"config": {"train_options": {"learning_rate": 0.005, "optimizer": "SGD", "batch_size": 128, "number_of_epochs": 300, "loss_parameters": {"temperature": 20, "distillation_type": "FEATURE_LAST", "alpha": 0.7, "beta": 0.8}}}, "results": {"train_losses": [[303.71951247558593, 295.9041216796875, 296.16797490234376, 295.487971484375, 293.39133166503905, 287.06482478027345, 285.14251804199216, 285.80717600097654, 287.26356557617186, 289.1884476318359, 292.07030419921875, 293.2348484375, 294.2999549804687, 293.1049332519531, 293.57368950195314, 294.9035830810547, 297.2058255371094, 299.6246851074219, 305.24529958496095, 310.13926110839844, 313.56956833496093, 317.966251953125, 320.92045668945315, 325.31353852539064, 330.13773205566406, 334.3545587890625, 338.20611833496093, 343.27323315429686, 345.9813874267578, 347.02635678710936, 348.76864411621096, 350.6532529296875, 352.3772446289062, 354.40711584472655, 356.1840068603516, 357.42222875976563, 359.5986620117188, 361.967841015625, 364.1572650390625, 366.37716484375, 368.19747670898437, 370.4046110351562, 373.1661505859375, 375.4137422363281, 377.9921728027344, 380.43342065429687, 381.9504017578125, 385.35723715820313, 387.43762216796875, 389.74307392578123, 392.52615913085936]], "valid_losses": [[NaN, NaN, NaN, NaN, NaN, NaN, NaN, NaN, NaN, NaN, NaN, NaN, NaN, NaN, NaN, NaN, NaN, NaN, NaN, NaN, NaN, NaN, NaN, NaN, NaN, NaN, NaN, 288.2528278564453, NaN, NaN, 296.5727543823242, NaN, 307.34849935302736, 313.4874158203125, 311.62051309814456, 306.63233306884763, 331.57766989746096, 329.4115387084961, 323.3178118041992, 330.1141579101562, 336.49140334472656, 335.6094639282227, 346.4310286376953, 346.573141784668, 345.47174322509767, 353.1406128662109, 359.01972371826173, 355.7429299316406, 365.32096359863283, 370.02858977050784, 369.70045612792967]], "train_accs": [[1.3475000000000001, 2.0, 2.2624999999999997, 2.685, 3.0725, 3.5174999999999996, 3.9475000000000002, 4.234999999999999, 4.6899999999999995, 4.9725, 5.3975, 5.965, 6.392499999999999, 6.895, 7.2375, 7.717499999999999, 8.1325, 8.3075, 8.622499999999999, 8.842500000000001, 9.31, 9.55, 10.01, 10.295, 10.7375, 11.155, 11.3125, 11.4475, 11.815000000000001, 12.095, 12.58, 12.839999999999998, 12.885, 13.395000000000001, 13.267499999999998, 13.752500000000001, 13.83, 14.097499999999998, 14.330000000000002, 14.725, 14.680000000000001, 14.927499999999998, 15.18, 15.485, 15.6925, 15.8, 15.962499999999999, 16.4025, 16.36, 16.6925, 16.99]], "valid_accs": [[2.0, 1.96, 2.4899999999999998, 2.94, 3.39, 3.61, 3.9, 4.279999999999999, 4.74, 4.96, 5.71, 6.279999999999999, 6.81, 7.090000000000001, 7.2700000000000005, 8.04, 8.14, 8.690000000000001, 8.94, 9.51, 9.4, 9.790000000000001, 10.02, 10.52, 10.8, 11.17, 11.68, 11.700000000000001, 12.370000000000001, 12.32, 12.4, 12.889999999999999, 13.26, 13.38, 14.02, 13.84, 14.04, 14.48, 14.71, 14.649999999999999, 15.110000000000001, 15.2, 15.78, 15.4, 16.09, 16.07, 16.12, 16.439999999999998, 16.8, 17.09, 16.939999999999998]], "train_times": [[121.19225096702576, 122.37622857093811, 120.34236168861389, 122.88137340545654, 120.84052038192749, 121.76053619384766, 123.74481511116028, 122.35913872718811, 121.47752714157104, 122.31977963447571, 121.52307653427124, 123.30223393440247, 121.4564323425293, 123.33282589912415, 120.37827134132385, 121.26680755615234, 121.4338948726654, 121.63489127159119, 120.40981531143188, 122.03313064575195, 120.30542969703674, 119.77110409736633, 122.12956500053406, 122.52731227874756, 120.98220705986023, 121.67938828468323, 121.18665838241577, 121.03245043754578, 122.00247740745544, 120.34373760223389, 120.21092247962952, 122.4457323551178, 121.09295082092285, 122.15807056427002, 119.26815748214722, 121.79514145851135, 121.31786751747131, 121.62212324142456, 120.64731073379517, 120.66739153862, 120.9967770576477, 121.60097408294678, 122.20184850692749, 123.15309643745422, 121.41554617881775, 122.50478339195251, 120.74269962310791, 121.15403199195862, 121.56743311882019, 121.09924340248108, 122.72478723526001]], "valid_times": [[23.66392755508423, 23.271347761154175, 23.9044029712677, 23.77029061317444, 24.14247417449951, 23.881009817123413, 23.422947645187378, 24.960530281066895, 23.80528235435486, 23.72499704360962, 23.47879910469055, 23.456375122070312, 23.687182426452637, 23.222928524017334, 24.00587487220764, 23.684755325317383, 23.618655681610107, 24.093790292739868, 23.726796865463257, 23.561288595199585, 23.841591596603394, 23.35099697113037, 24.289260387420654, 24.402923107147217, 23.88321542739868, 23.871452808380127, 23.38964867591858, 24.69247078895569, 23.896439790725708, 23.532843589782715, 23.74339008331299, 23.650697231292725, 23.772594451904297, 23.362371921539307, 24.166835069656372, 23.93829655647278, 23.627938508987427, 23.993942975997925, 23.49530863761902, 24.17577290534973, 24.521814823150635, 23.283017873764038, 23.424941539764404, 23.958069801330566, 24.0572566986084, 23.77860951423645, 23.50361156463623, 24.059712886810303, 23.65938091278076, 23.627651929855347, 23.826090335845947]], "test_accuracy": 17.14, "convergence_iteration": 51}}