{"config": {"train_options": {"learning_rate": 0.01, "optimizer": "SGD", "batch_size": 128, "number_of_epochs": 300, "loss_parameters": {"temperature": 15, "distillation_type": "FEATURE_LAST", "alpha": 0.7, "beta": 0.4}}}, "results": {"train_losses": [[147.6434744873047, 144.73258533935547, 138.93870526123047, 132.88928154296875, 133.64396583251954, 136.33229688720704, 137.58961958007814, 141.00773762207032, 147.2007237426758, 154.04657563476562, 160.41933333740235, 166.14190451660156, 171.0888090576172, 175.12328464355468, 179.10236225585936, 182.26333188476562, 183.97595791015624, 186.6050821044922, 188.11176599121094, 189.45164260253907, 190.52232385253907, 193.19369016113282, 194.61719116210938, 196.60817294921875, 198.28458942871094, 199.60571291503905, 200.980233984375, 202.24825686035157, 202.92812802734375, 204.82704099121094, 204.97091040039064, 206.9423983154297]], "valid_losses": [[NaN, NaN, 133.1237936401367, NaN, NaN, NaN, NaN, NaN, NaN, NaN, NaN, NaN, 154.30118897705077, 144.834509765625, 155.14437202148437, 157.03286019287108, 169.0639207397461, 170.85100578613282, 175.7386377319336, 172.07966318359374, 177.3328919921875, 184.47926970214843, 182.36854315185548, 182.88438524169922, 186.75214627685546, 187.08673671875, 192.87400227050782, 194.48630513916015, 195.77074791259767, 194.30413319091798, 201.87826326904298, 203.58325437011717]], "train_accs": [[2.1425, 4.2, 6.2924999999999995, 8.1, 10.0675, 11.9025, 13.362499999999999, 14.57, 15.592500000000001, 16.48, 17.6225, 18.4925, 19.535, 20.380000000000003, 21.3825, 22.365, 23.5075, 24.1325, 25.1475, 26.142500000000002, 27.215, 27.842499999999998, 28.804999999999996, 29.82, 30.56, 31.45, 32.237500000000004, 33.32, 34.185, 34.89, 35.7575, 36.5825]], "valid_accs": [[3.64, 5.19, 6.93, 9.139999999999999, 11.63, 13.25, 14.069999999999999, 15.160000000000002, 14.71, 16.259999999999998, 16.53, 17.86, 18.9, 19.48, 19.869999999999997, 21.67, 22.38, 23.25, 24.15, 25.14, 25.21, 26.21, 26.6, 27.41, 29.020000000000003, 29.07, 29.509999999999998, 30.69, 31.86, 32.300000000000004, 31.64, 33.45]], "train_times": [[119.15656661987305, 115.93011236190796, 116.63360691070557, 115.991539478302, 114.91705775260925, 115.02654838562012, 115.06355881690979, 115.35043096542358, 115.30220222473145, 118.5991370677948, 119.39954948425293, 124.07804489135742, 117.82164335250854, 120.12477946281433, 125.44229650497437, 122.77357506752014, 123.04271650314331, 123.65147972106934, 126.2429940700531, 127.8883728981018, 124.46126675605774, 117.92755889892578, 116.9620909690857, 117.15084171295166, 117.51042985916138, 117.43445324897766, 118.51870489120483, 118.85095000267029, 119.12467241287231, 118.44581651687622, 119.40235924720764, 119.33464574813843]], "valid_times": [[26.488999843597412, 26.756999492645264, 26.60905694961548, 26.32751226425171, 26.30862593650818, 26.36610722541809, 26.36733317375183, 26.354000091552734, 26.395997762680054, 27.092052221298218, 28.076558351516724, 27.666515111923218, 27.375999689102173, 27.732537269592285, 29.214999675750732, 28.89800000190735, 29.125145196914673, 28.715213775634766, 29.483070850372314, 28.519123077392578, 28.624592781066895, 26.60563611984253, 26.870572805404663, 26.728591203689575, 26.826000928878784, 27.082146406173706, 27.19168519973755, 27.244094610214233, 27.200746297836304, 27.249045610427856, 27.395744800567627, 27.61402702331543]], "test_accuracy": 34.760000000000005, "convergence_iteration": 32}}