{"config": {"train_options": {"learning_rate": 0.005, "optimizer": "SGD", "batch_size": 128, "number_of_epochs": 300, "loss_parameters": {"temperature": 15, "distillation_type": "FEATURE_LAST", "alpha": 0.9, "beta": 0.3}}}, "results": {"train_losses": [[122.4407648071289, 119.32919978027344, 114.57378747558593, 110.81186171875, 109.31494735107422, 107.59730841064453, 104.2468140625, 100.05593088378906, 95.35856180419921, 92.29192960205079, 91.09776840820312, 91.49555352783203, 90.33576658935547, 90.86534149169921, 90.52219141845703, 89.39066027832031, 87.61611468505859, 86.45979562988282, 85.03632587280273, 84.8811642578125, 83.20426466674805, 83.07222010498047, 82.9620125793457, 83.78513800048827, 84.67748153686523, 85.50022699584962, 86.61242138671875, 87.51085416259765, 89.00059686889648, 90.63930127563476, 91.39525719604492, 93.21103367919922, 94.96200590820312, 96.95009155273438, 98.36488850097656, 100.57247259521485, 101.77005834960937, 103.68175169677734, 105.92653365478516, 107.91229407958984, 109.85840611572266, 111.0287738647461, 113.16096573486328, 114.87795307617188, 116.66383111572266, 118.11185760498047, 119.82077205810548, 121.58226784667968, 122.93106931152344, 124.40828243408203, 125.86138599853516, 127.23062904052735, 128.32429106445312, 129.70592390136719, 130.6571672729492, 131.95303784179688, 133.08558989257813, 134.19379543457032, 134.99173845214844]], "valid_losses": [[NaN, NaN, NaN, NaN, NaN, NaN, NaN, NaN, NaN, NaN, NaN, NaN, NaN, NaN, NaN, NaN, NaN, NaN, NaN, NaN, NaN, NaN, NaN, NaN, NaN, NaN, NaN, NaN, NaN, NaN, NaN, NaN, NaN, NaN, NaN, NaN, NaN, NaN, 87.02846937866211, 91.02253822631836, 97.69464399719239, 91.5798001373291, 100.63348259277343, 95.31600355224609, 95.86762789306641, 93.37460975952149, 102.91941797485352, 107.17305256958008, 110.29842962036133, 110.29749852905273, 112.42709669189453, 116.16715885009765, 117.37305189208985, 118.72076758422851, 117.24818338012696, 122.14270931396484, 124.76686978759766, 127.4794517578125, 128.6323250366211]], "train_accs": [[1.5, 2.2475, 2.7975, 3.605, 4.590000000000001, 5.025, 5.3775, 5.7, 6.115, 6.36, 6.959999999999999, 7.359999999999999, 7.9875, 8.49, 8.905000000000001, 9.3675, 9.99, 10.1675, 10.334999999999999, 10.9375, 11.0175, 11.5825, 11.74, 12.1275, 12.295, 12.712499999999999, 12.9275, 13.200000000000001, 13.5525, 13.8675, 13.9375, 14.27, 14.424999999999999, 14.85, 15.120000000000001, 15.079999999999998, 15.559999999999999, 15.504999999999999, 16.0525, 16.045, 16.4575, 16.6375, 16.7675, 16.985, 17.4625, 17.6375, 17.8425, 18.0075, 18.182499999999997, 18.59, 18.91, 19.1725, 19.2825, 19.525000000000002, 19.689999999999998, 20.0875, 20.205000000000002, 20.51, 20.6725]], "valid_accs": [[1.97, 2.54, 3.38, 4.21, 4.8500000000000005, 4.9799999999999995, 5.36, 5.84, 6.34, 6.45, 6.74, 7.380000000000001, 8.260000000000002, 8.64, 8.86, 9.41, 9.89, 10.280000000000001, 10.14, 10.69, 11.14, 11.540000000000001, 11.64, 11.85, 12.32, 12.690000000000001, 12.9, 12.64, 12.959999999999999, 13.43, 14.030000000000001, 13.66, 14.02, 14.219999999999999, 15.160000000000002, 14.97, 15.03, 15.809999999999999, 15.67, 16.36, 16.3, 16.38, 16.54, 16.24, 16.93, 17.05, 17.29, 17.01, 18.18, 17.669999999999998, 18.14, 18.64, 18.81, 19.35, 18.98, 19.650000000000002, 19.75, 20.22, 20.39]], "train_times": [[201.1838846206665, 206.62406182289124, 205.7621750831604, 211.0508577823639, 211.4456901550293, 210.53305554389954, 204.10907101631165, 208.89618182182312, 203.92710328102112, 195.7977659702301, 204.0535295009613, 202.71593499183655, 208.85948944091797, 209.61139702796936, 207.43698740005493, 208.3268427848816, 207.28665971755981, 207.50887727737427, 200.71000862121582, 202.73159670829773, 201.46787023544312, 202.7573311328888, 201.5535614490509, 202.35717749595642, 203.62483048439026, 202.93989658355713, 201.3278636932373, 204.3403480052948, 203.1693308353424, 201.59528374671936, 201.6962730884552, 202.29632830619812, 199.86548113822937, 197.97364449501038, 195.72212100028992, 199.82603812217712, 200.09056758880615, 199.7560305595398, 198.18574452400208, 197.36304354667664, 197.95968651771545, 201.1825454235077, 198.2286856174469, 198.3385877609253, 196.80224871635437, 198.54802989959717, 194.6654200553894, 198.85370182991028, 195.832848072052, 198.53554439544678, 196.08438158035278, 197.36468696594238, 197.81395745277405, 198.1088147163391, 198.8432002067566, 196.4495701789856, 199.6162567138672, 198.17831158638, 197.66631960868835]], "valid_times": [[48.607176780700684, 48.22246503829956, 50.080657958984375, 47.20501899719238, 50.054993867874146, 49.57321119308472, 49.90266990661621, 49.19207787513733, 46.855302572250366, 47.391852617263794, 47.77281045913696, 49.508121967315674, 50.53690242767334, 49.259005308151245, 49.62803053855896, 48.8402578830719, 49.72631478309631, 47.5892059803009, 47.51093888282776, 47.95965623855591, 47.885886907577515, 47.476309061050415, 47.97101306915283, 47.92073893547058, 47.61344790458679, 47.74687337875366, 46.93835663795471, 47.31919503211975, 47.99968075752258, 48.130101680755615, 47.5437490940094, 47.9674916267395, 47.167821168899536, 47.001253843307495, 46.82355332374573, 46.714675188064575, 48.958606481552124, 46.9359188079834, 46.212167263031006, 46.878718852996826, 47.35910677909851, 46.9615843296051, 46.97259449958801, 46.958150148391724, 47.36400580406189, 46.76921010017395, 47.24324131011963, 46.841251611709595, 46.98164439201355, 46.58879804611206, 47.021058797836304, 46.95647978782654, 46.443121910095215, 46.829758167266846, 46.80976390838623, 46.99811363220215, 46.98405170440674, 46.83133006095886, 46.97231864929199]], "test_accuracy": 20.16, "convergence_iteration": 59}}