{"config": {"train_options": {"learning_rate": 0.05, "optimizer": "SGD", "batch_size": 128, "number_of_epochs": 300, "loss_parameters": {"temperature": 10, "distillation_type": "FEATURE_LAST", "alpha": 0.2, "beta": 0.6}}}, "results": {"train_losses": [[NaN, NaN, NaN, NaN, NaN, 158.50974149169923, 181.67374230957032, 209.88229514160156, 228.8222833984375, 244.09253110351563, 254.31892133789063, 267.8900064453125, 279.9725773925781, 288.0531465820313, 299.28904091796875, 309.0196939697266, 317.5034748779297, 325.6826493896484, 332.39488681640626, 340.20132163085935, 346.6002157714844, 351.4448125732422, 356.9781871582031, 362.30781953125, 368.24129877929687, 373.5684029785156]], "valid_losses": [[NaN, NaN, NaN, NaN, 171.40001307373046, 157.18865256347655, 196.18244559326172, 259.05627476806643, 242.3713651123047, 227.75575893554688, 274.1437675537109, 283.64804033203126, 301.78069609375, 306.49621875, 326.4254643676758, 298.3471677246094, 309.26194686279297, 318.2231333618164, 324.11105513916016, 351.920692565918, 356.08200173339844, 350.88614721679687, 343.1024213745117, 371.7150049926758, 370.70020267333985, 380.74773497314453]], "train_accs": [[5.885, 12.379999999999999, 17.165, 21.240000000000002, 25.4325, 29.255, 32.1625, 35.475, 38.065, 40.445, 42.394999999999996, 44.3625, 46.36, 48.15, 49.152499999999996, 50.612500000000004, 51.895, 52.864999999999995, 54.345, 55.15, 55.9325, 57.0825, 57.7125, 58.6875, 59.477500000000006, 60.0375]], "valid_accs": [[10.16, 13.07, 17.61, 22.39, 26.02, 28.67, 30.830000000000002, 33.35, 35.709999999999994, 36.449999999999996, 39.17, 40.43, 42.43, 43.07, 43.39, 42.34, 44.519999999999996, 45.97, 45.98, 47.23, 47.85, 48.42, 48.66, 48.61, 47.78, 50.029999999999994]], "train_times": [[151.4412703514099, 154.122296333313, 152.44104170799255, 152.30768656730652, 149.33887553215027, 149.72712397575378, 151.9100661277771, 152.12381505966187, 150.3692808151245, 140.1860580444336, 120.68512201309204, 120.19741082191467, 120.79120182991028, 119.93417167663574, 118.93546891212463, 117.62648224830627, 120.41645693778992, 119.70238828659058, 120.15576553344727, 118.2511556148529, 118.0830512046814, 118.02316761016846, 117.85775971412659, 118.09581589698792, 117.57900404930115, 116.4936306476593]], "valid_times": [[35.780925273895264, 35.46687960624695, 36.930532455444336, 36.66910123825073, 35.18691682815552, 36.54226994514465, 36.43113899230957, 36.67424488067627, 36.35529327392578, 27.51467800140381, 27.567095041275024, 27.725138664245605, 27.517982721328735, 27.66056537628174, 26.971580505371094, 26.976165771484375, 27.483067989349365, 27.38937735557556, 27.369155883789062, 27.0770583152771, 26.967777252197266, 27.003087759017944, 27.54943561553955, 26.999396562576294, 26.629525899887085, 26.65956139564514]], "test_accuracy": 50.3, "convergence_iteration": 26}}