{"config": {"train_options": {"learning_rate": 0.01, "optimizer": "SGD", "batch_size": 128, "number_of_epochs": 300, "loss_parameters": {"temperature": 10, "distillation_type": "FEATURE_LAST", "alpha": 0.4, "beta": 0.3}}}, "results": {"train_losses": [[NaN, NaN, NaN, NaN, NaN, NaN, NaN, 71.43047891540527, 76.59062161560058, 82.82678641357423, 89.79039099121094, 96.0493684387207, 101.85180833740235, 105.29170502319336, 107.89233570556641, 111.38770560302734, 114.07592150878907, 117.12654338378906, 120.89339069824219, 122.5077955078125, 124.98283858642579, 126.40048131103515, 128.00898415527342, 130.7471992675781, 132.6924011352539, 134.18799848632813, 137.58600180664064, 139.2920661743164, 140.20569438476562, 141.91508441162108]], "valid_losses": [[NaN, NaN, NaN, NaN, NaN, NaN, NaN, NaN, NaN, 94.59412303771973, 105.53219431762696, 107.03622723083497, 108.77506337280273, 112.99710192260743, 114.88170971069336, 119.865279296875, 117.29938460083008, 119.03403717651368, 123.4917001953125, 126.81314118652344, 131.4174205078125, 135.05649653930664, 134.60771292114256, 133.35729551391603, 140.1859484741211, 142.35406623535155, 140.2862863708496, 141.4317818725586, 142.98262522583008, 145.92516455688477]], "train_accs": [[3.3550000000000004, 7.5275, 10.5625, 13.045000000000002, 15.225, 17.32, 19.155, 21.555, 23.64, 25.5375, 27.4675, 29.2425, 31.2025, 32.519999999999996, 33.67, 35.4325, 36.572500000000005, 37.735, 38.8025, 40.12, 41.082499999999996, 42.405, 43.1875, 44.4175, 45.25, 46.035, 47.089999999999996, 47.9925, 48.71, 49.445]], "valid_accs": [[5.1499999999999995, 8.97, 11.25, 13.4, 14.27, 16.45, 19.05, 20.849999999999998, 22.040000000000003, 23.53, 23.64, 26.009999999999998, 27.43, 28.389999999999997, 27.92, 30.37, 29.86, 33.300000000000004, 34.68, 33.78, 35.27, 35.21, 37.71, 37.63, 39.379999999999995, 39.81, 41.0, 40.73, 43.18, 40.71]], "train_times": [[201.48870301246643, 200.15592241287231, 199.491694688797, 189.67494583129883, 182.18562841415405, 183.82872819900513, 182.0095648765564, 188.31849026679993, 196.53082585334778, 198.32828903198242, 192.21743488311768, 188.5661814212799, 189.6582329273224, 191.64995408058167, 188.5648365020752, 191.13670706748962, 189.0580153465271, 189.47403025627136, 189.5786633491516, 189.60321283340454, 189.24506616592407, 190.36888360977173, 190.16427087783813, 188.45999789237976, 189.37819123268127, 189.12259006500244, 189.70907044410706, 188.99059581756592, 186.13825368881226, 188.48151540756226]], "valid_times": [[45.4381742477417, 47.78452444076538, 46.02369832992554, 42.868335008621216, 43.01163458824158, 43.04504346847534, 43.80575513839722, 46.67749810218811, 46.83611750602722, 45.108052253723145, 44.68735384941101, 45.43767762184143, 45.24708795547485, 45.05363440513611, 44.10612344741821, 44.6286678314209, 44.49177598953247, 44.79055094718933, 44.778135776519775, 44.78559994697571, 44.66513514518738, 44.7285737991333, 45.32012128829956, 44.310569524765015, 44.58615064620972, 44.83763360977173, 44.68613266944885, 44.63353776931763, 43.844157695770264, 44.531638383865356]], "test_accuracy": 42.0, "convergence_iteration": 30}}