{"config": {"train_options": {"learning_rate": 0.05, "optimizer": "SGD", "batch_size": 128, "number_of_epochs": 300, "loss_parameters": {"temperature": 10, "distillation_type": "FEATURE_LAST", "alpha": 0.3, "beta": 0.7}}}, "results": {"train_losses": [[NaN, NaN, NaN, 192.3173789794922, 231.0610772705078, 260.4531711669922, 287.40949838867186, 310.86834208984374, 328.6823172851563, 345.2176660644531, 359.8700168701172, 373.01229453125, 382.3212704589844, 390.7845442871094, 398.15445830078124, 405.3430658203125, 412.7688316894531, 418.8891603515625, 425.74591328125, 429.993226953125, 438.3692884765625, 445.33120068359375, 450.4221072753906, 455.44518940429685, 459.9982051269531, 463.9533516601563]], "valid_losses": [[NaN, NaN, NaN, NaN, NaN, 191.10917353210448, 240.34964235229492, 252.9207986328125, 330.8770844848633, 343.01436285400393, 369.8064039550781, 363.92233865966796, 365.96614143066404, 390.0317991333008, 418.11088413085935, 417.5763046386719, 421.32324553222657, 416.8347199951172, 424.4752806640625, 421.33001804199216, 440.6910395019531, 440.1783834960938, 453.7190742431641, 451.14206428222656, 464.99398510742185, 461.1884801025391]], "train_accs": [[5.4775, 11.375, 15.925, 19.7125, 23.494999999999997, 26.815, 29.585, 32.347500000000004, 34.870000000000005, 37.145, 39.2125, 41.2625, 43.0825, 44.7425, 46.385, 47.8225, 49.0325, 50.105, 51.1525, 51.8575, 53.27499999999999, 54.402499999999996, 55.0825, 56.1025, 56.68, 57.57]], "valid_accs": [[6.6000000000000005, 11.709999999999999, 16.16, 17.72, 22.59, 25.39, 26.619999999999997, 25.82, 32.09, 29.92, 31.14, 34.260000000000005, 35.44, 35.15, 38.46, 39.69, 34.14, 40.489999999999995, 40.660000000000004, 40.8, 42.309999999999995, 44.74, 43.39, 41.23, 42.78, 41.42]], "train_times": [[129.1192889213562, 129.34935235977173, 130.93962717056274, 130.4691252708435, 127.66351747512817, 130.49871397018433, 129.8010230064392, 128.64742970466614, 129.48285055160522, 127.82864475250244, 128.49394583702087, 130.08208537101746, 127.34650301933289, 128.18171286582947, 127.66922235488892, 129.12927269935608, 129.9129090309143, 128.87173652648926, 128.20502090454102, 129.1273958683014, 127.20403861999512, 128.21320986747742, 129.08052372932434, 129.94901037216187, 130.530042886734, 129.3066267967224]], "valid_times": [[25.57107663154602, 25.765456676483154, 26.197405099868774, 26.177382230758667, 25.438199281692505, 25.445839405059814, 25.88412618637085, 25.516052722930908, 26.986287832260132, 25.79392433166504, 25.09718155860901, 26.250882148742676, 25.591628551483154, 25.607274293899536, 26.00852632522583, 25.32087230682373, 25.887871503829956, 24.185709476470947, 25.89445734024048, 26.114964723587036, 25.921648025512695, 25.270827770233154, 24.814411878585815, 25.76042938232422, 24.891810655593872, 24.929660081863403]], "test_accuracy": 42.44, "convergence_iteration": 26}}