{"config": {"train_options": {"learning_rate": 0.005, "optimizer": "SGD", "batch_size": 128, "number_of_epochs": 300, "loss_parameters": {"temperature": 5, "distillation_type": "FEATURE_LAST", "alpha": 0.2, "beta": 0.8}}}, "results": {"train_losses": [[342.56452260742185, 306.26025541992186, 283.4574987548828, 273.5980133789063, 274.9782327148437, 279.82755908203126, 285.1705385009766, 283.81322602539063, 282.1951500488281, 277.72901801757814, 272.9717579345703, 269.87820732421875, 268.3453974609375, 269.5822725341797, 270.1806763671875, 272.3405479736328, 277.8927396240234, 280.06528837890625, 285.0182433349609, 288.3691173828125, 291.4684132324219, 297.81192248535154, 300.6698517578125, 303.24291115722656, 305.67018032226565, 308.2965382324219, 310.0217865234375, 310.97505805664065, 313.5957213378906, 315.0457240234375, 316.33705092773437, 319.08730939941404, 321.933927734375, 325.7156033203125, 328.404365234375, 332.20535712890626, 334.95320849609374, 339.0414327148437, 341.824825390625, 344.16784077148435, 347.43525048828127]], "valid_losses": [[NaN, NaN, NaN, NaN, NaN, NaN, NaN, NaN, 264.5773547851563, NaN, NaN, NaN, NaN, NaN, NaN, NaN, NaN, NaN, 245.98462517089843, NaN, 244.02389672851564, 247.78122279052735, 278.35636110839846, 286.1956359741211, 265.97270744628906, 272.0425544555664, 265.8579536254883, 283.87112259521484, 291.59472392578124, 290.0997524169922, 292.8096982421875, 291.3340933349609, 302.18702474365233, 295.6803148803711, 315.12818532714846, 305.7136659912109, 304.48111909179687, 304.05307243652345, 309.9617315551758, 339.87746107177736, 343.0755037109375]], "train_accs": [[1.855, 3.53, 4.795, 5.9375, 6.897499999999999, 7.7275, 8.5675, 9.4075, 10.1575, 10.9725, 11.512500000000001, 12.185, 12.5, 13.18, 13.52, 14.165, 14.707500000000001, 15.24, 15.834999999999999, 16.0625, 16.872500000000002, 17.119999999999997, 17.75, 18.2075, 19.0725, 19.467499999999998, 20.080000000000002, 20.4675, 21.135, 21.5525, 22.18, 22.695, 23.32, 23.7075, 23.84, 24.54, 25.040000000000003, 25.61, 25.937500000000004, 26.3675, 26.9775]], "valid_accs": [[3.18, 4.58, 5.609999999999999, 6.59, 7.39, 8.19, 9.28, 10.03, 10.36, 11.74, 12.19, 12.25, 12.98, 13.03, 14.02, 14.29, 14.899999999999999, 15.55, 15.229999999999999, 16.03, 16.6, 17.07, 17.64, 18.32, 18.47, 19.39, 19.34, 20.05, 20.68, 21.51, 21.52, 21.77, 22.7, 22.79, 23.66, 23.76, 23.46, 24.66, 25.05, 25.169999999999998, 25.779999999999998]], "train_times": [[121.42734861373901, 121.25445127487183, 121.9427924156189, 121.04366898536682, 121.8063690662384, 119.8753559589386, 123.79450845718384, 121.68387198448181, 121.59658193588257, 121.06409668922424, 121.29982924461365, 119.78413772583008, 121.38007092475891, 119.53508448600769, 121.51189255714417, 120.49011707305908, 120.08859992027283, 120.73472356796265, 119.40637016296387, 120.98522782325745, 122.00709581375122, 121.55990242958069, 119.27681398391724, 121.76788234710693, 120.4888744354248, 122.83283162117004, 119.62489318847656, 120.65743255615234, 120.75508141517639, 123.07248878479004, 119.74587750434875, 121.82721161842346, 119.93865394592285, 121.81010460853577, 121.39566683769226, 121.52086162567139, 122.86566519737244, 119.93176889419556, 121.75551080703735, 120.67264890670776, 123.52709817886353]], "valid_times": [[23.663347005844116, 23.123876333236694, 23.634007215499878, 23.38667058944702, 22.90135955810547, 23.464858293533325, 23.11837911605835, 24.141865968704224, 24.073326587677002, 23.121997117996216, 22.94608473777771, 23.24445676803589, 23.814624309539795, 24.892331838607788, 23.31254267692566, 25.335546255111694, 23.49636673927307, 23.32672929763794, 23.120692491531372, 23.59930181503296, 23.396382331848145, 23.653536796569824, 23.826769828796387, 23.42212176322937, 23.50287628173828, 23.54570746421814, 23.929009675979614, 23.282304763793945, 23.457297325134277, 23.72303032875061, 25.765000104904175, 22.79578471183777, 25.239464044570923, 23.499851942062378, 24.109854459762573, 23.27481961250305, 23.40587019920349, 23.46465826034546, 23.382617712020874, 24.06902050971985, 23.517892599105835]], "test_accuracy": 26.419999999999998, "convergence_iteration": 41}}