{"config": {"train_options": {"learning_rate": 0.005, "optimizer": "SGD", "batch_size": 128, "number_of_epochs": 300, "loss_parameters": {"temperature": 10, "distillation_type": "FEATURE_LAST", "alpha": 0.5, "beta": 0.1}}}, "results": {"train_losses": [[34.949389584350584, NaN, NaN, NaN, NaN, NaN, NaN, NaN, NaN, NaN, 21.647069493865967, NaN, 23.501974363708495, 25.210217715454103, 26.027150735473633, 27.176427542114258, 27.92378713989258, 28.600234503173827, 29.732261242675783, 30.523866278076174, 31.36447270812988, 31.588861883544922, 32.09239303283692, 33.00496430053711, 33.73752219238281, 34.156896490478516, 34.87686625976563, 35.368683392333985, 36.06390405273437, 36.419092181396486, 36.808199389648436, 37.46388690795899, 38.28253274230957, 38.69804612426758, 39.13908764953613, 39.76251186523437, 40.06424678344727, 40.738449850463866]], "valid_losses": [[NaN, NaN, NaN, NaN, NaN, NaN, NaN, NaN, NaN, NaN, NaN, NaN, 28.67216481628418, NaN, NaN, NaN, 30.002202359008788, 27.71832869873047, 30.773989685058595, 34.42070008850098, 31.5562804397583, 32.18441172790527, 31.086927899169922, 31.241589378356935, 33.60104566040039, 33.87589060058594, 34.398603329467775, 30.215640266418458, 34.116660974121096, 34.32218337097168, 33.706192739868165, 34.93949766540528, 36.68197746887207, 39.08983194274902, 36.85493345336914, 38.57064244384765, 40.05026642761231, 38.32429900512695]], "train_accs": [[3.0775, 6.34, 8.39, 10.8675, 12.712499999999999, 14.030000000000001, 15.329999999999998, 16.3875, 17.6425, 18.805, 20.0875, 21.21, 22.3675, 23.7625, 24.8425, 25.992500000000003, 27.2775, 28.5575, 29.707499999999996, 30.64, 31.540000000000003, 32.2425, 33.3825, 34.2375, 35.0, 35.785, 36.822500000000005, 37.3875, 38.2075, 38.75, 39.485, 40.2925, 41.010000000000005, 41.75, 42.2875, 42.935, 43.627500000000005, 44.2]], "valid_accs": [[5.7, 8.14, 9.87, 11.89, 13.819999999999999, 15.02, 15.67, 16.53, 18.04, 19.05, 20.5, 21.3, 22.509999999999998, 23.29, 24.779999999999998, 25.900000000000002, 26.729999999999997, 27.900000000000002, 28.549999999999997, 30.080000000000002, 30.75, 31.04, 32.31, 33.21, 33.42, 32.519999999999996, 34.81, 32.56, 34.82, 36.25, 35.14, 35.089999999999996, 36.33, 37.84, 37.519999999999996, 38.45, 37.86, 39.83]], "train_times": [[196.43674993515015, 195.3295018672943, 195.3651945590973, 196.9922170639038, 196.59562230110168, 194.11668610572815, 198.24103713035583, 194.6036274433136, 190.99656915664673, 188.79922938346863, 197.38903284072876, 194.59413480758667, 195.41370368003845, 195.6202802658081, 194.9766674041748, 195.54550337791443, 196.11275911331177, 194.98143529891968, 195.19372367858887, 194.1314446926117, 195.09304308891296, 196.0787262916565, 194.75323700904846, 193.35897302627563, 195.13077545166016, 191.9480221271515, 190.7005648612976, 191.95714735984802, 191.91682767868042, 190.58588290214539, 191.70424914360046, 189.66233491897583, 192.1675262451172, 192.77889728546143, 192.3175389766693, 191.62109923362732, 191.75107884407043, 192.05056309700012]], "valid_times": [[45.98706126213074, 46.6548638343811, 45.70645618438721, 46.02315402030945, 45.5636670589447, 45.424434423446655, 46.92741394042969, 45.02926588058472, 45.45011639595032, 45.37192392349243, 45.41019058227539, 45.504284620285034, 45.08130383491516, 45.97169637680054, 45.48473000526428, 46.27772903442383, 47.70361614227295, 45.17997598648071, 45.360031843185425, 45.17394471168518, 45.53873419761658, 45.875569343566895, 44.818952798843384, 45.239182472229004, 45.24528932571411, 44.144158363342285, 45.32960081100464, 44.926164865493774, 45.1117160320282, 44.92256689071655, 44.72563910484314, 44.87061929702759, 44.62367844581604, 45.3535795211792, 44.72102499008179, 45.27435302734375, 44.73254442214966, 45.048651456832886]], "test_accuracy": 41.05, "convergence_iteration": 38}}