{"config": {"train_options": {"learning_rate": 0.005, "optimizer": "SGD", "batch_size": 128, "number_of_epochs": 300, "loss_parameters": {"temperature": 5, "distillation_type": "FEATURE_LAST", "alpha": 0.6, "beta": 0.6}}}, "results": {"train_losses": [[220.02241420898437, 199.9148539428711, 180.8917904296875, 159.19139967041016, NaN, NaN, NaN, NaN, NaN, NaN, NaN, NaN, 133.24763767166138, 138.83030106201173, 145.7928547668457, 153.92078631591798, 163.83804522705077, 172.81337657470704, 181.28817436523437, 189.2921148071289, 196.64606685791014, 203.74550502929688, 209.6188699951172, 214.9988224609375, 220.35004995117188, 225.33055395507813, 229.87164443359376, 233.9759725830078, 237.73393063964843, 242.29321520996095, 246.22062177734375, 248.53926958007813, 251.08758798828126, 253.04747658691406, 255.77968637695312, 257.59504855957033, 260.8957223144531, 262.4989445068359, 264.86998564453125, 267.3749588623047, 268.9952465332031, 270.424315234375]], "valid_losses": [[NaN, NaN, NaN, NaN, NaN, NaN, NaN, NaN, NaN, NaN, NaN, NaN, NaN, NaN, NaN, NaN, NaN, NaN, NaN, NaN, 201.11405180664062, 204.20149114990235, NaN, 210.40987844238282, 224.38515802001953, 223.18896669921875, 232.75832939453124, 223.0635161010742, 240.08207368164062, 223.34684735107422, 234.23927141113282, 225.97418154296875, 238.68670703125, 247.04136475830077, 231.64969422607422, 245.26436632080078, 253.1578183959961, 258.8335747680664, 263.31896212158205, 255.78525427246095, 262.3070436401367, 263.5705602294922]], "train_accs": [[2.1999999999999997, 3.4750000000000005, 4.7675, 6.2, 7.1, 7.9775, 8.695, 9.4375, 10.337499999999999, 10.89, 11.602500000000001, 12.0725, 12.715000000000002, 13.29, 13.697500000000002, 14.14, 14.549999999999999, 15.0675, 15.5475, 16.0925, 16.537499999999998, 16.975, 17.3575, 17.96, 18.4675, 18.875, 19.3075, 20.1625, 20.369999999999997, 20.8925, 21.285, 21.642500000000002, 22.2425, 22.935, 23.080000000000002, 23.52, 23.76, 24.385, 24.7975, 25.235000000000003, 25.722499999999997, 25.8975]], "valid_accs": [[2.8400000000000003, 3.85, 5.01, 6.550000000000001, 7.5, 8.42, 9.049999999999999, 10.02, 10.6, 11.360000000000001, 11.59, 12.33, 13.07, 13.71, 13.8, 14.13, 13.950000000000001, 15.049999999999999, 15.57, 16.27, 16.29, 16.72, 17.59, 17.45, 18.14, 18.52, 19.0, 19.470000000000002, 20.1, 20.26, 20.979999999999997, 20.419999999999998, 21.23, 22.27, 22.15, 22.650000000000002, 22.830000000000002, 23.35, 23.69, 24.240000000000002, 24.81, 24.04]], "train_times": [[124.507479429245, 123.75864434242249, 124.10237503051758, 122.86827874183655, 123.43017601966858, 123.54809236526489, 123.82387161254883, 123.3319902420044, 122.69495630264282, 123.63013482093811, 124.1744315624237, 122.07009720802307, 124.30562257766724, 124.23382329940796, 125.48265409469604, 126.46181201934814, 125.21291065216064, 124.02764105796814, 124.03499126434326, 125.36654782295227, 125.10083174705505, 124.81494808197021, 122.55936360359192, 124.02958607673645, 123.39208555221558, 122.87207889556885, 124.63220953941345, 124.10968565940857, 126.29998135566711, 125.14699912071228, 126.01828789710999, 124.33802318572998, 125.4810745716095, 124.55273151397705, 124.15437030792236, 124.10901188850403, 124.1001284122467, 125.96371459960938, 124.76854252815247, 124.01142263412476, 124.50079584121704, 123.94496726989746]], "valid_times": [[24.13101553916931, 23.961627960205078, 24.326902866363525, 23.967013835906982, 23.75250554084778, 24.285706281661987, 24.095635414123535, 24.104728937149048, 23.983681440353394, 24.227413177490234, 23.90934419631958, 24.02343440055847, 24.258563995361328, 24.194254875183105, 24.08802103996277, 24.048208951950073, 24.11339497566223, 24.134807109832764, 23.892841815948486, 23.956596851348877, 24.043979167938232, 23.644019842147827, 24.302688121795654, 24.010360717773438, 23.85963749885559, 24.014500617980957, 24.31185817718506, 24.199172496795654, 24.00369095802307, 24.33011555671692, 23.79667615890503, 24.0795738697052, 24.24341630935669, 24.477160453796387, 23.698614597320557, 24.12723398208618, 24.019160747528076, 24.1535005569458, 24.344780445098877, 24.812602519989014, 23.847233057022095, 24.27534008026123]], "test_accuracy": 25.540000000000003, "convergence_iteration": 42}}