{"config": {"train_options": {"learning_rate": 0.005, "optimizer": "SGD", "batch_size": 128, "number_of_epochs": 300, "loss_parameters": {"temperature": 10, "distillation_type": "FEATURE_LAST", "alpha": 0.2, "beta": 0.3}}}, "results": {"train_losses": [[109.96650574951173, 78.11433947753906, 81.16334344482422, 83.93016984863281, 87.01522641601562, 92.62633941650391, 97.55799327392577, 101.13557941894531, 104.69323513183593, 109.13164370117188, 112.78551226806641, 114.42613758544923, 115.18037156982422, 115.87309729003906, 115.79706496582031, 115.45085581054687, 115.88031689453125, 116.52812222900391, 117.47618464355469, 119.28329909667968, 121.48919212646484, 123.05102901611328, 124.859573046875, 126.12834285888673, 128.30191518554687, 129.82226247558594, 130.76158133544922]], "valid_losses": [[NaN, NaN, NaN, NaN, NaN, 88.3850701171875, 103.45141096191406, 90.89745151977539, NaN, 96.38936370849609, 107.73379277954102, 116.8093110534668, 113.27024351806641, 113.73843015136718, 114.25993063354493, 117.07950368652344, 112.97037268676758, 119.9919734008789, 118.02965330810547, 122.34023557128906, 110.85282958984375, 119.07159061889648, 118.48259999389649, 126.58069526977539, 131.6878739074707, 132.4321969909668, 128.80575397338868]], "train_accs": [[2.94, 6.4625, 9.897499999999999, 12.2125, 13.850000000000001, 15.415000000000001, 16.7825, 18.37, 19.755, 21.29, 22.9025, 24.47, 25.7325, 27.3275, 28.384999999999998, 29.727500000000003, 30.964999999999996, 31.9475, 33.2275, 34.2125, 35.325, 36.485, 37.1925, 38.0625, 38.9075, 39.697500000000005, 40.6275]], "valid_accs": [[5.1, 8.32, 11.3, 12.42, 14.13, 14.84, 17.1, 18.14, 19.36, 20.84, 23.0, 23.84, 25.81, 26.939999999999998, 28.21, 28.860000000000003, 30.2, 30.990000000000002, 31.56, 32.06, 32.53, 34.150000000000006, 34.75, 35.980000000000004, 35.949999999999996, 36.34, 37.09]], "train_times": [[129.94357681274414, 132.05412483215332, 128.59553456306458, 132.22000432014465, 129.83426237106323, 134.1953513622284, 129.70037078857422, 129.64199042320251, 131.70059776306152, 130.79220271110535, 129.21029257774353, 127.65732502937317, 130.56782007217407, 128.5993046760559, 128.12590265274048, 132.18037509918213, 131.36865162849426, 131.6413767337799, 128.66221928596497, 132.70249319076538, 131.18632078170776, 130.18372893333435, 130.74786281585693, 127.96580481529236, 131.96947073936462, 130.6635160446167, 130.67867016792297]], "valid_times": [[24.58867645263672, 25.876830101013184, 25.127025604248047, 25.681682109832764, 25.71631646156311, 24.92621374130249, 25.240845680236816, 24.9250328540802, 24.480993032455444, 26.09898567199707, 25.052223443984985, 25.72199320793152, 25.63002896308899, 24.246729612350464, 26.0607750415802, 24.363898515701294, 25.321858644485474, 26.337167263031006, 23.85555624961853, 25.292916774749756, 24.036566019058228, 25.079826831817627, 24.815430879592896, 24.750102996826172, 25.617672443389893, 24.781152725219727, 25.317501544952393]], "test_accuracy": 37.97, "convergence_iteration": 27}}