{"config": {"train_options": {"learning_rate": 0.05, "optimizer": "SGD", "batch_size": 128, "number_of_epochs": 300, "loss_parameters": {"temperature": 5, "distillation_type": "FEATURE_LAST", "alpha": 0.1, "beta": 0.3}}}, "results": {"train_losses": [[NaN, NaN, NaN, NaN, NaN, NaN, NaN, NaN, NaN, NaN, NaN, NaN, NaN, NaN, NaN, NaN, NaN, 78.91166302490234, 94.66653704223633, 105.01386707763672, 110.56804953613282, 118.4112421508789, 125.09802713623047, 129.59935859375, 133.09127390136717, 139.02193177490236, 142.0282984863281, 146.09324837646486, 147.82090588378907, 150.35055540771484, 149.71342176513673, 148.60166353759766, 148.19142780761717, 147.9057563598633, 149.24023770751953, 148.2180073852539, 150.48894134521484, 150.04978420410157]], "valid_losses": [[NaN, NaN, NaN, NaN, NaN, NaN, NaN, NaN, NaN, NaN, NaN, NaN, NaN, NaN, NaN, NaN, NaN, 93.63592736816406, 98.71693055419922, 110.99360458984376, 108.38819602661133, 136.51210954589843, 135.97286505126954, 127.80045239257812, 133.47628073730468, 130.99610615844728, 153.25242199707031, 143.7118948852539, 151.22407150268555, 156.0411175415039, 153.66758515625, 143.41295404663086, 156.26909016723633, 160.77176743164063, 161.3943421813965, 147.94054291992188, 149.27553756713868, 161.9432838256836]], "train_accs": [[6.4025, 13.242499999999998, 18.565, 23.7425, 28.502499999999998, 32.5325, 35.54, 38.64, 41.112500000000004, 43.4975, 45.705, 47.3775, 49.3525, 50.932500000000005, 52.2, 53.512499999999996, 54.902499999999996, 56.027499999999996, 57.06, 58.01, 58.9325, 59.86, 60.457499999999996, 61.24000000000001, 61.807500000000005, 62.839999999999996, 63.334999999999994, 63.482499999999995, 64.35499999999999, 64.6275, 65.4575, 66.06, 66.47, 66.9275, 67.0425, 68.0225, 68.3775, 68.43249999999999]], "valid_accs": [[8.44, 13.48, 17.4, 21.43, 27.02, 30.099999999999998, 30.65, 35.63, 35.53, 37.6, 40.26, 42.3, 43.46, 43.4, 44.49, 45.7, 46.81, 47.47, 47.24, 47.72, 48.72, 48.05, 49.25, 49.69, 49.14, 51.39, 52.900000000000006, 52.410000000000004, 52.459999999999994, 53.33, 51.67, 51.239999999999995, 51.33, 52.900000000000006, 52.370000000000005, 53.790000000000006, 53.18000000000001, 51.42]], "train_times": [[197.87836575508118, 197.26921486854553, 196.9633767604828, 198.92289423942566, 198.82695603370667, 197.88096237182617, 196.14669847488403, 198.1853175163269, 190.93143463134766, 190.24692368507385, 192.10171723365784, 190.92465209960938, 192.4787015914917, 191.9567358493805, 192.61823201179504, 192.0194776058197, 192.21202063560486, 192.36172771453857, 190.13779735565186, 190.6307029724121, 199.8594994544983, 197.560471534729, 199.26179242134094, 199.40415716171265, 199.92646312713623, 199.3689420223236, 199.59857058525085, 198.7135751247406, 199.08514428138733, 198.77105450630188, 198.39432311058044, 199.52954363822937, 198.00396037101746, 196.3517882823944, 197.46398425102234, 197.13242959976196, 198.0458824634552, 198.17947363853455]], "valid_times": [[46.69720983505249, 46.46152901649475, 46.530802726745605, 46.74599862098694, 46.39097857475281, 46.30398440361023, 46.49262285232544, 45.397969245910645, 45.33464002609253, 45.4505820274353, 45.08257293701172, 45.343631744384766, 45.29359030723572, 45.22923564910889, 45.292794942855835, 45.11914896965027, 45.119733572006226, 45.10815644264221, 44.808576345443726, 44.818030834198, 46.73638391494751, 46.35497570037842, 46.41913318634033, 46.92863440513611, 46.339677572250366, 47.063512325286865, 47.19409966468811, 46.5311644077301, 46.52253532409668, 46.5176956653595, 45.84443545341492, 46.760234355926514, 46.16551184654236, 45.774412393569946, 45.850656032562256, 46.626588344573975, 45.78321290016174, 45.30357313156128]], "test_accuracy": 53.339999999999996, "convergence_iteration": 38}}