{"config": {"train_options": {"learning_rate": 0.05, "optimizer": "SGD", "batch_size": 128, "number_of_epochs": 300, "loss_parameters": {"temperature": 20, "distillation_type": "FEATURE_LAST", "alpha": 0.5, "beta": 0.7}}}, "results": {"train_losses": [[269.6169194091797, NaN, 184.33640729980468, 237.45491166992187, 278.5888718017578, 303.6310086669922, 320.51827353515625, 329.74155881347656, 340.33680795898437, 352.2470649414062, 362.9675748535156, 374.427380859375, 387.227274609375, 397.6418744628906, 408.3055522460937, 416.96679584960935, 425.09289916992185, 432.9606999023438, 440.287477734375, 446.70821796875, 454.0733089355469, 458.9279017089844, 464.65794833984376, 469.17159267578126]], "valid_losses": [[267.78261323242185, NaN, 253.76574158935546, 235.82954005126953, 285.4126678588867, 290.5990001953125, 333.0869569580078, 331.24154226074216, 321.46045634765625, 359.35976140136717, 348.8408205078125, 380.5598782470703, 383.01273928222656, 392.9657999267578, 410.61587099609375, 416.1403848144531, 424.89675988769534, 433.78731418457033, 446.4481805908203, 447.61387697753906, 451.9563536376953, 453.83245266113283, 457.01432106933595, 470.9599020996094]], "train_accs": [[3.8875, 10.0925, 13.825000000000001, 17.0625, 19.985, 22.545, 25.1175, 28.025, 30.28, 32.4525, 34.394999999999996, 36.155, 38.355, 39.62, 41.29, 42.754999999999995, 44.11, 45.34, 46.6325, 47.945, 49.0425, 50.0975, 51.177499999999995, 52.2925]], "valid_accs": [[6.94, 10.5, 14.35, 17.14, 19.189999999999998, 22.63, 25.069999999999997, 27.1, 28.51, 28.9, 31.72, 33.56, 34.38, 35.39, 36.36, 36.120000000000005, 39.18, 39.62, 40.410000000000004, 41.71, 42.69, 43.96, 43.480000000000004, 44.86]], "train_times": [[127.42489504814148, 129.14404726028442, 126.7914822101593, 127.09841513633728, 127.39340496063232, 128.8275008201599, 128.1948697566986, 129.17768669128418, 129.05641984939575, 127.63106536865234, 125.90877270698547, 129.64452481269836, 128.35294008255005, 125.89923810958862, 127.23258066177368, 129.35184574127197, 131.2966845035553, 129.61260437965393, 126.94938492774963, 128.30699276924133, 127.36631321907043, 130.0157608985901, 126.92802309989929, 130.46626043319702]], "valid_times": [[24.56602382659912, 25.225414276123047, 26.321413278579712, 23.905625104904175, 24.552366733551025, 26.087292432785034, 26.104007482528687, 25.65460467338562, 24.40727210044861, 25.315649032592773, 26.25951886177063, 25.305272579193115, 26.45517349243164, 25.686028480529785, 25.50688362121582, 24.803974151611328, 25.852306127548218, 25.95342445373535, 24.160529136657715, 25.73880958557129, 25.79316782951355, 25.78294324874878, 25.482959508895874, 24.275431394577026]], "test_accuracy": 46.31, "convergence_iteration": 24}}