{"config": {"train_options": {"learning_rate": 0.05, "optimizer": "SGD", "batch_size": 128, "number_of_epochs": 300, "loss_parameters": {"temperature": 10, "distillation_type": "FEATURE_LAST", "alpha": 0.8, "beta": 0.2}}}, "results": {"train_losses": [[60.35859248657226, 54.558267681884764, 66.5772876586914, 77.02904638061523, 83.91660563964844, 88.86260446777344, 92.1438771850586, 95.38461016845703, 99.11149782714844, 102.67916157226563, 106.84779927978515, 109.86518063964844, 112.36693518066406, 114.71589038085938, 117.07486208496094, 119.65590108642579, 121.17716512451172, 123.4689623413086, 124.66804078369141, 126.51497130126953, 127.71298162841796, 129.12046796875, 130.30206782226563]], "valid_losses": [[NaN, NaN, 70.16424491271972, 84.03531456604004, 76.80451289672851, 74.66935728149414, 89.87959861450196, 84.20961750488281, 92.42668397827148, 105.381117578125, 105.42918311157227, 110.52903596191406, 113.63828936767578, 115.0294440246582, 116.70643618164063, 119.1572657775879, 125.2673348815918, 123.1054409729004, 123.58832389526367, 125.3724092590332, 124.98816019287109, 126.27372904052734, 128.46837623291015]], "train_accs": [[4.725, 10.3725, 13.9925, 17.1175, 20.2975, 23.435, 25.627499999999998, 28.395, 30.759999999999998, 33.085, 35.3175, 37.175000000000004, 39.21, 40.5975, 42.4775, 43.7325, 45.082499999999996, 46.1525, 47.3675, 48.385, 49.542500000000004, 50.824999999999996, 51.6475]], "valid_accs": [[7.71, 11.57, 14.469999999999999, 18.18, 19.39, 22.34, 24.41, 27.33, 28.38, 31.080000000000002, 31.680000000000003, 34.33, 35.699999999999996, 35.83, 37.76, 37.7, 40.760000000000005, 41.410000000000004, 42.54, 42.86, 42.29, 41.980000000000004, 43.46]], "train_times": [[194.4322030544281, 195.31854009628296, 194.26245951652527, 192.1496901512146, 195.61208152770996, 198.71904110908508, 192.40655183792114, 189.74862027168274, 190.16400027275085, 190.0011444091797, 191.62410068511963, 194.0408890247345, 199.57480573654175, 200.44908452033997, 198.0549759864807, 196.0695903301239, 196.73273277282715, 196.05615139007568, 195.17109656333923, 196.12831354141235, 197.8137240409851, 198.43379378318787, 196.52406668663025]], "valid_times": [[45.50407028198242, 46.544904947280884, 45.70399761199951, 46.38611435890198, 46.72596478462219, 46.64323663711548, 44.17332696914673, 44.98611783981323, 44.93890023231506, 45.63321042060852, 44.67677354812622, 46.911604166030884, 47.27478575706482, 46.92939877510071, 46.1395583152771, 45.75212359428406, 45.73727631568909, 46.11396813392639, 45.97892355918884, 46.35279107093811, 45.95633149147034, 45.71630883216858, 45.33559775352478]], "test_accuracy": 43.34, "convergence_iteration": 23}}