{"config": {"train_options": {"learning_rate": 0.005, "optimizer": "SGD", "batch_size": 128, "number_of_epochs": 300, "loss_parameters": {"temperature": 5, "distillation_type": "FEATURE_LAST", "alpha": 0.5, "beta": 0.1}}}, "results": {"train_losses": [[43.69948562622071, 36.824091583251956, 32.60405075378418, 30.85725439453125, 30.69655314025879, 31.237152880859377, 31.835670309448243, 32.49283979187012, 33.59357746582031, 34.45141802062988, 35.02732662658691, 35.806415826416014, 35.868458279418945, 36.586221905517576, 37.24798408203125, 37.74459557800293, 38.1322210357666, 38.44192518005371, 38.840486697387696, 38.95547512817383, 39.219084854125974, 39.6616481628418, 39.881776470947266, 40.22339571838379, 40.63376806945801, 41.22384058227539, 41.37227100830078, 41.568399102783204]], "valid_losses": [[43.6491591796875, 38.218097375488284, NaN, NaN, NaN, 33.04680249328613, 37.00169332580566, 30.766246717834473, 38.17401879119873, 35.986664741516115, 37.762330020141604, 37.09656817932129, 37.94354226837158, 35.37514513092041, 37.53540768585205, 38.59492827758789, 38.01602635192871, 37.81058751373291, 39.06100058135986, 40.93195935211182, 41.13838279571533, 41.785511743164065, 41.56821101379394, 40.91124629669189, 43.79285114440918, 43.157161068725586, 43.533993159484865, 42.62189308319092]], "train_accs": [[2.8525, 5.5775, 7.68, 9.6275, 11.3125, 13.200000000000001, 15.0625, 16.265, 17.755000000000003, 18.925, 20.46, 21.68, 22.945, 23.962500000000002, 25.069999999999997, 26.4075, 27.5075, 28.494999999999997, 29.54, 30.099999999999998, 31.137500000000003, 32.1575, 33.11, 34.02, 34.7425, 35.6025, 36.222500000000004, 37.4775]], "valid_accs": [[4.08, 6.74, 8.12, 9.959999999999999, 11.92, 13.23, 14.799999999999999, 15.590000000000002, 17.52, 18.69, 19.580000000000002, 20.77, 21.18, 22.62, 23.419999999999998, 24.36, 25.34, 24.92, 26.640000000000004, 27.589999999999996, 27.98, 28.82, 30.270000000000003, 31.380000000000003, 31.0, 31.97, 32.550000000000004, 33.650000000000006]], "train_times": [[204.8532211780548, 205.47367024421692, 205.41496443748474, 206.0621519088745, 198.194344997406, 206.78800654411316, 206.8290491104126, 196.2423117160797, 193.42974877357483, 191.11583757400513, 192.25051283836365, 195.27105069160461, 192.48399806022644, 193.33975219726562, 193.01578760147095, 192.7780864238739, 190.32549500465393, 192.9308397769928, 191.19435930252075, 192.63571333885193, 192.332674741745, 193.33817315101624, 200.63426446914673, 198.27706742286682, 196.67933011054993, 190.45759630203247, 190.81451892852783, 200.18857169151306]], "valid_times": [[47.02808356285095, 47.834779024124146, 48.8827178478241, 49.538949966430664, 47.90271854400635, 48.4025194644928, 45.302127838134766, 46.34259343147278, 45.08310508728027, 45.51752948760986, 45.183279037475586, 46.88838529586792, 44.89818859100342, 45.84817981719971, 45.64215707778931, 45.15930366516113, 44.93569469451904, 45.479095697402954, 45.282336711883545, 45.219831228256226, 45.585716247558594, 45.392069578170776, 46.618868350982666, 46.22837734222412, 45.687530279159546, 45.221750259399414, 47.87569999694824, 45.90017127990723]], "test_accuracy": 33.72, "convergence_iteration": 28}}