{
  "config": {
    "train_options": {
      "learning_rate": 0.005,
      "optimizer": "SGD",
      "batch_size": 128,
      "number_of_epochs": 300,
      "loss_parameters": {
        "temperature": 10,
        "distillation_type": "FEATURE_LAST",
        "alpha": 0.1,
        "beta": 0.3
      }
    }
  },
  "results": {
    "train_losses": [
      [
        129.2471404296875,
        101.10104216918945,
        90.23056032104492,
        78.81501815185547,
        67.81719522399902,
        NaN,
        NaN,
        NaN,
        NaN,
        NaN,
        77.38877673950195,
        83.31398466186523,
        87.61105639038085,
        91.2606598022461,
        95.00658013916015,
        99.85547533569336,
        102.49650529174805,
        106.06766084594726,
        108.26612426757812,
        111.05197165527343,
        113.6558302734375,
        116.04915091552735,
        116.98146405029297,
        118.91628286132813,
        121.69352424316406,
        123.6695423828125,
        124.61775122070313,
        126.30064467773437,
        128.1544778808594,
        129.2394148925781,
        131.00689068603515,
        131.6473172729492
      ]
    ],
    "valid_losses": [
      [
        NaN,
        107.25072194519043,
        NaN,
        NaN,
        NaN,
        NaN,
        NaN,
        NaN,
        NaN,
        NaN,
        87.94042737884521,
        85.67991250610352,
        94.09269183959961,
        100.14649880981446,
        105.26562365112305,
        99.22717297363282,
        113.13881414794922,
        113.66432381896972,
        120.02798237915039,
        118.46283836669922,
        119.41936763916016,
        120.4392205871582,
        120.25622673950195,
        118.73813060302734,
        123.72324779663086,
        123.6488592590332,
        127.0058877319336,
        123.22836020507812,
        131.5961014038086,
        124.38170502319336,
        124.30818767089843,
        133.0515951538086
      ]
    ],
    "train_accs": [
      [
        3.435, 6.515, 9.5975, 12.1025, 14.0775, 15.8, 17.44, 18.7275,
        20.169999999999998, 21.6875, 23.48, 25.2025, 26.6725, 27.875,
        29.207499999999996, 30.514999999999997, 31.8, 33.11, 33.8725,
        34.910000000000004, 35.9475, 36.9825, 37.9625, 39.1875,
        39.642500000000005, 40.785, 41.485, 42.457499999999996, 43.37, 43.87,
        44.8225, 45.6
      ]
    ],
    "valid_accs": [
      [
        5.12, 7.85, 10.69, 12.9, 13.74, 16.13, 17.06, 18.72, 20.23, 21.43,
        21.21, 24.099999999999998, 26.029999999999998, 26.69, 28.49, 29.79,
        29.110000000000003, 31.47, 31.09, 33.29, 33.86, 34.42,
        34.849999999999994, 36.75, 36.75, 36.52, 38.7, 38.22, 39.03,
        39.879999999999995, 40.26, 39.839999999999996
      ]
    ],
    "train_times": [
      [
        126.55152368545532, 126.99738049507141, 127.5055902004242,
        129.17464303970337, 128.54363703727722, 127.03428959846497,
        130.02995109558105, 127.53172516822815, 128.2737901210785,
        129.33625268936157, 127.87360167503357, 127.10577368736267,
        126.42726564407349, 128.264897108078, 128.2795548439026,
        126.52917242050171, 128.34075093269348, 128.63014316558838,
        128.02661633491516, 128.41439485549927, 129.99497604370117,
        129.73202872276306, 128.43424606323242, 128.01637387275696,
        126.6109893321991, 130.29375886917114, 128.0721869468689,
        130.73864150047302, 128.91430687904358, 130.03866529464722,
        127.95498824119568, 128.02250576019287
      ]
    ],
    "valid_times": [
      [
        25.71793556213379, 26.261335611343384, 26.359535455703735,
        25.34736943244934, 25.83799386024475, 26.059601068496704,
        26.048178911209106, 24.8461434841156, 25.67197871208191,
        26.324193000793457, 24.97066569328308, 25.703032732009888,
        24.208498239517212, 25.782971143722534, 25.39704990386963,
        25.386569499969482, 25.4247727394104, 25.663276433944702,
        25.891178131103516, 25.699257135391235, 25.906977653503418,
        25.66346573829651, 25.392852067947388, 24.085293531417847,
        26.339824199676514, 25.628737926483154, 26.305264949798584,
        25.930985927581787, 26.27929425239563, 26.101983308792114,
        25.58112621307373, 25.399447917938232
      ]
    ],
    "test_accuracy": 41.349999999999994,
    "convergence_iteration": 32
  }
}
