{"config": {"train_options": {"learning_rate": 0.05, "optimizer": "SGD", "batch_size": 128, "number_of_epochs": 300, "loss_parameters": {"temperature": 15, "distillation_type": "FEATURE_LAST", "alpha": 0.1, "beta": 0.6}}}, "results": {"train_losses": [[NaN, NaN, NaN, NaN, 144.42049624023437, 176.28346599121093, 208.2569201171875, 227.76805024414062, 245.507805859375, 265.3898361328125, 274.6100312988281, 280.10540983886716, 290.44525341796873, 300.79659079589845, 303.3688275390625, 310.52423002929686, 317.2074612548828, 323.97138220214845, 329.4788685302734, 337.49833664550783, 342.0357852783203, 351.40503454589845, 355.79416342773436, 359.76965712890626, 366.9887423828125, 371.48516337890624, 375.58478701171873]], "valid_losses": [[NaN, NaN, NaN, NaN, NaN, NaN, 212.61163681640625, 233.01777392578126, 228.43994874267577, 254.25436235351563, 229.1419870361328, 244.76557653808592, 264.48971298828127, 290.8200718383789, 303.8087900268555, 297.3448282836914, 319.3460940917969, 328.1289669067383, 318.79650451660154, 311.4056011230469, 352.1156362548828, 350.8696065551758, 345.8715944580078, 367.7425822021484, 368.03798122558595, 375.6984137939453, 385.00060366210937]], "train_accs": [[5.9375, 13.05, 18.8675, 24.1525, 28.3825, 31.7025, 34.835, 37.7175, 40.25, 42.375, 44.3775, 46.2575, 47.7625, 49.775000000000006, 51.0375, 52.349999999999994, 53.252500000000005, 54.474999999999994, 55.645, 56.489999999999995, 57.47, 58.2225, 58.79, 59.785, 60.425, 61.07, 61.455000000000005]], "valid_accs": [[8.81, 14.540000000000001, 20.5, 24.47, 27.72, 30.049999999999997, 33.32, 36.69, 37.29, 39.09, 40.79, 42.03, 43.53, 42.730000000000004, 43.86, 44.18, 43.16, 47.099999999999994, 45.83, 47.260000000000005, 46.83, 49.51, 48.17, 48.57, 47.3, 49.480000000000004, 48.99]], "train_times": [[189.1367049217224, 192.93138027191162, 191.09624648094177, 191.5548436641693, 191.05568146705627, 191.61640310287476, 190.1770145893097, 190.6254734992981, 190.38987684249878, 189.22149062156677, 189.82142186164856, 190.02530932426453, 189.63138055801392, 189.95943570137024, 190.4740650653839, 190.0275797843933, 190.5765037536621, 192.08199095726013, 188.23539972305298, 189.9513807296753, 190.46047735214233, 190.95868682861328, 191.78099250793457, 190.58507251739502, 192.3939745426178, 192.64143419265747, 191.93617987632751]], "valid_times": [[45.74457859992981, 45.18022346496582, 45.06757855415344, 44.91018748283386, 44.782652616500854, 45.077330350875854, 45.29328942298889, 44.9665732383728, 45.289143800735474, 45.462693214416504, 45.32558727264404, 45.019559383392334, 45.05157136917114, 45.01306509971619, 45.01105976104736, 44.80511927604675, 45.05412530899048, 44.99360513687134, 44.80005955696106, 45.29973864555359, 45.19913935661316, 45.262309074401855, 45.28071689605713, 45.18915247917175, 45.39212226867676, 45.18914294242859, 45.37265729904175]], "test_accuracy": 48.67, "convergence_iteration": 27}}