{"config": {"train_options": {"learning_rate": 0.005, "optimizer": "SGD", "batch_size": 128, "number_of_epochs": 300, "loss_parameters": {"temperature": 5, "distillation_type": "FEATURE_LAST", "alpha": 0.5, "beta": 0.7}}}, "results": {"train_losses": [[275.5318034423828, 269.45095217285154, 262.2977217285156, 245.7031639892578, 233.53020146484374, 227.79838669433593, 220.82867182617187, 215.14009965820313, 213.672181640625, 215.30264711914063, 217.75706865234375, 221.00588017578124, 226.74275490722655, 231.23643010253906, 234.59340612792968, 239.71892827148437, 242.60553237304688, 245.9984423828125, 249.28356049804688, 251.3997541015625, 253.33440278320313, 256.12142885742185, 260.22457419433596, 264.44885849609375, 267.56430764160154, 271.94061860351565, 274.2260809814453, 277.1753307861328, 280.3143303955078, 283.5610484130859, 286.8919591308594, 289.13787702636716, 292.31428029785155, 293.62801804199216]], "valid_losses": [[NaN, NaN, NaN, NaN, NaN, NaN, NaN, NaN, 227.64132067871094, 230.36398420410157, 226.17812360839844, 240.12105489501954, 234.85552543945312, 222.0781721557617, 225.96172808837892, 237.99168406982423, 243.68914603271483, 239.4843830810547, 251.7903820678711, 236.87940872802736, 244.25974302978517, 251.57257098388672, 232.4552143310547, 247.3278456176758, 239.93509974365233, 244.9849867553711, 265.6531679077148, 267.09736666870117, 254.11527951660156, 264.3227779663086, 279.71445546875, 266.00548458251956, 269.2266806030273, 288.24236616210936]], "train_accs": [[1.8675000000000002, 3.5775, 4.3575, 5.83, 7.06, 7.7875, 8.6925, 9.66, 10.4025, 11.1625, 11.7625, 12.555, 13.2075, 13.747500000000002, 14.27, 14.7975, 15.162500000000001, 15.76, 16.29, 16.585, 16.8575, 17.53, 17.9275, 18.2925, 18.9625, 19.3775, 19.885, 20.349999999999998, 20.535, 21.157500000000002, 21.837500000000002, 22.2225, 22.505, 22.96]], "valid_accs": [[2.7199999999999998, 3.73, 5.18, 6.4399999999999995, 7.04, 8.559999999999999, 9.44, 10.209999999999999, 11.020000000000001, 11.5, 12.18, 12.91, 13.4, 13.36, 13.94, 14.45, 14.74, 15.010000000000002, 15.770000000000001, 16.43, 16.400000000000002, 16.96, 17.21, 17.72, 18.01, 18.82, 18.63, 19.16, 19.689999999999998, 19.75, 20.849999999999998, 20.31, 21.07, 21.55]], "train_times": [[188.12389969825745, 188.93485164642334, 187.28641438484192, 188.0801649093628, 185.8304901123047, 189.12910628318787, 181.7712893486023, 181.94403409957886, 186.4872968196869, 184.46778678894043, 184.2209131717682, 183.95219492912292, 183.04701805114746, 184.24896359443665, 186.23562836647034, 188.70895767211914, 196.7174596786499, 193.66339802742004, 196.1075780391693, 196.03230476379395, 189.77214455604553, 188.77276134490967, 192.18373250961304, 195.80597710609436, 191.13648128509521, 192.2369978427887, 188.7351794242859, 187.4210343360901, 187.9287555217743, 188.82798743247986, 187.0392701625824, 190.0373020172119, 187.51008343696594, 188.91144394874573]], "valid_times": [[44.5305495262146, 44.588695764541626, 44.19156551361084, 44.10006308555603, 44.86967921257019, 45.078702211380005, 43.78654098510742, 44.29065155982971, 44.174174785614014, 43.70810008049011, 42.98104786872864, 43.88207745552063, 44.303579807281494, 43.055726528167725, 44.31562066078186, 42.782230615615845, 47.31821393966675, 44.48514151573181, 45.65106415748596, 45.83437395095825, 45.841426610946655, 44.610819578170776, 46.558690786361694, 45.006245613098145, 44.99628710746765, 44.63133907318115, 44.77816200256348, 44.03025221824646, 45.1009259223938, 44.41247224807739, 45.75862789154053, 45.6527738571167, 45.47125434875488, 45.13156747817993]], "test_accuracy": 21.29, "convergence_iteration": 34}}