{"config": {"train_options": {"learning_rate": 0.01, "optimizer": "SGD", "batch_size": 128, "number_of_epochs": 300, "loss_parameters": {"temperature": 20, "distillation_type": "FEATURE_LAST", "alpha": 0.2, "beta": 0.5}}}, "results": {"train_losses": [[179.38355640869142, 136.7212089111328, 118.99997489013671, NaN, NaN, 153.93129704589845, 163.10104102783203, 170.5202287841797, 175.46589182128906, 179.77551530761718, 184.64419440917968, 191.43677751464844, 195.24683229980468, 198.47708264160156, 203.18057497558593, 205.58661071777342, 209.10516811523436, 210.60107836914062, 214.49482419433593, 216.73597685546875, 219.43826281738282, 219.98897451171874, 223.2700604736328, 226.48179379882814, 229.71942197265625, 232.6628858154297, 236.72166501464844, 240.633628125]], "valid_losses": [[NaN, NaN, NaN, NaN, NaN, NaN, 166.3812142211914, NaN, 182.8723400085449, 197.98512147827148, 174.8003277770996, 193.14340840454102, 197.38702133789062, 200.65831297607423, 205.7787333557129, 200.07085756835937, 212.8939639892578, 213.61226005249023, 221.7278283569336, 224.28614296875, 222.54976376953124, 218.80530838623048, 229.2662619506836, 231.38073621826172, 235.076050390625, 227.2546370727539, 232.76758813476562, 229.91151124267577]], "train_accs": [[3.8249999999999997, 7.805, 10.4, 12.770000000000001, 14.7275, 16.9625, 18.5, 20.455000000000002, 22.0, 23.6375, 25.3975, 27.1125, 28.449999999999996, 30.205, 31.5125, 33.0725, 34.405, 35.7425, 36.9425, 38.190000000000005, 39.1925, 40.325, 41.6825, 42.22, 43.152499999999996, 44.042500000000004, 45.0575, 45.995000000000005]], "valid_accs": [[6.39, 9.47, 11.12, 13.19, 14.360000000000001, 16.669999999999998, 17.75, 19.5, 21.4, 22.830000000000002, 23.369999999999997, 24.740000000000002, 27.13, 27.08, 29.45, 29.67, 31.39, 32.76, 33.23, 33.69, 35.510000000000005, 35.79, 38.09, 36.16, 39.01, 39.28, 39.67, 41.120000000000005]], "train_times": [[188.6143560409546, 188.94177842140198, 188.901451587677, 188.53394055366516, 187.63703989982605, 188.33224773406982, 188.2207567691803, 186.6720907688141, 186.91299271583557, 190.99599862098694, 189.6381471157074, 189.1714780330658, 189.41890835762024, 189.4078073501587, 190.11275219917297, 194.3337733745575, 191.957426071167, 185.84461903572083, 188.87543892860413, 185.0968418121338, 186.9100215435028, 189.58632898330688, 188.2997009754181, 190.3746852874756, 189.03965091705322, 189.9943335056305, 189.56723356246948, 189.1718237400055]], "valid_times": [[44.29804873466492, 44.39759373664856, 44.43511343002319, 44.53758382797241, 44.28784728050232, 44.609036684036255, 44.70079708099365, 45.15256094932556, 45.543723583221436, 44.9191951751709, 45.06059694290161, 44.52608871459961, 44.51603031158447, 44.90400218963623, 44.94700312614441, 45.05169939994812, 45.20292949676514, 44.632094621658325, 44.87291240692139, 44.021098375320435, 44.33426356315613, 45.253681659698486, 44.92906045913696, 45.363646030426025, 44.76633143424988, 44.758747816085815, 44.843701124191284, 44.670743465423584]], "test_accuracy": 42.18, "convergence_iteration": 28}}