{
  "config": {
    "train_options": {
      "learning_rate": 0.05,
      "optimizer": "SGD",
      "batch_size": 128,
      "number_of_epochs": 300,
      "loss_parameters": {
        "temperature": 5,
        "distillation_type": "FEATURE_LAST",
        "alpha": 0.2,
        "beta": 0.1
      }
    }
  },
  "results": {
    "train_losses": [
      [
        NaN,
        NaN,
        NaN,
        NaN,
        NaN,
        NaN,
        NaN,
        NaN,
        NaN,
        NaN,
        NaN,
        NaN,
        NaN,
        NaN,
        NaN,
        NaN,
        NaN,
        NaN,
        NaN,
        26.55207108917236,
        29.349975079345704,
        32.407506948852536,
        34.31139071350098,
        35.30521098632813,
        35.61374062805176,
        39.18383789367676,
        39.444009103393554,
        39.53278627624512,
        39.55056841430664,
        40.776542993164064,
        39.072536325073244,
        40.377029965209964,
        38.487024716186525,
        38.2123119140625,
        37.899073751831054,
        36.833185620117185,
        35.90601045837403,
        36.29398208312988,
        35.29938080444336,
        35.616414868164064,
        34.150637396240235,
        30.257488313293457,
        28.487205444335938,
        30.046204574584962,
        29.83333375854492,
        27.148645332336425,
        23.398509170532225,
        23.376165466308592,
        NaN,
        NaN,
        NaN,
        NaN,
        NaN,
        NaN,
        NaN,
        NaN,
        NaN,
        NaN,
        NaN,
        NaN,
        NaN,
        NaN,
        NaN,
        NaN,
        NaN,
        NaN,
        NaN,
        NaN,
        NaN,
        NaN,
        NaN,
        NaN,
        NaN,
        NaN,
        NaN,
        NaN,
        NaN,
        NaN,
        NaN,
        NaN,
        NaN,
        NaN,
        NaN,
        NaN,
        NaN,
        NaN,
        NaN,
        NaN,
        NaN,
        NaN,
        NaN,
        NaN,
        NaN,
        NaN,
        NaN,
        NaN,
        NaN,
        NaN,
        NaN,
        NaN,
        NaN,
        NaN,
        NaN,
        NaN,
        NaN,
        NaN,
        NaN,
        NaN,
        NaN,
        NaN,
        NaN,
        NaN,
        NaN,
        NaN,
        NaN,
        20.365457345581056,
        21.69057377319336,
        22.937072217559816,
        23.627062480163573,
        24.543873959350584,
        25.3683995513916,
        26.538938388061524,
        26.53776315307617,
        26.50778091430664,
        26.61421177520752,
        26.813583975219725,
        27.055394425964355,
        26.8976066696167,
        27.2610813079834,
        27.189920355224608,
        27.554844354248047,
        27.60977053527832,
        27.71304014892578,
        27.63474083251953,
        27.659481503295897,
        27.846297894287108,
        27.793506884765623
      ]
    ],
    "valid_losses": [
      [
        NaN,
        NaN,
        NaN,
        NaN,
        NaN,
        NaN,
        NaN,
        NaN,
        NaN,
        NaN,
        NaN,
        NaN,
        NaN,
        NaN,
        NaN,
        NaN,
        NaN,
        NaN,
        NaN,
        NaN,
        NaN,
        NaN,
        NaN,
        NaN,
        NaN,
        34.34388749389648,
        37.41380153656006,
        33.825462155151364,
        36.8781039642334,
        41.00741516571045,
        33.1669921585083,
        28.93220771636963,
        NaN,
        NaN,
        29.650236083984375,
        29.055899563598633,
        30.269473545837403,
        33.30433755950928,
        NaN,
        NaN,
        25.523196405792238,
        NaN,
        NaN,
        NaN,
        NaN,
        NaN,
        NaN,
        NaN,
        NaN,
        NaN,
        NaN,
        NaN,
        NaN,
        NaN,
        NaN,
        NaN,
        NaN,
        NaN,
        NaN,
        NaN,
        NaN,
        NaN,
        NaN,
        NaN,
        NaN,
        NaN,
        NaN,
        NaN,
        NaN,
        NaN,
        NaN,
        NaN,
        NaN,
        NaN,
        NaN,
        NaN,
        NaN,
        NaN,
        NaN,
        NaN,
        NaN,
        NaN,
        NaN,
        NaN,
        NaN,
        NaN,
        NaN,
        NaN,
        NaN,
        NaN,
        NaN,
        NaN,
        NaN,
        NaN,
        NaN,
        NaN,
        NaN,
        NaN,
        NaN,
        NaN,
        NaN,
        NaN,
        NaN,
        NaN,
        NaN,
        NaN,
        NaN,
        NaN,
        NaN,
        NaN,
        NaN,
        NaN,
        NaN,
        NaN,
        NaN,
        NaN,
        24.19706852722168,
        25.77945246887207,
        25.75616841583252,
        27.61535655670166,
        28.071827696228027,
        28.78999852142334,
        28.776646980285644,
        29.154494424438475,
        28.04333764190674,
        28.717530841064452,
        28.626523597717284,
        29.427220796203613,
        29.453934899902343,
        29.669542015075685,
        29.698157250976564,
        29.65905517425537,
        29.403281451416017,
        30.11044475402832,
        29.095799270629882,
        29.5583220993042,
        30.209816427612306
      ]
    ],
    "train_accs": [
      [
        5.92, 12.845, 18.0075, 23.427500000000002, 28.317500000000003,
        33.037499999999994, 37.08, 39.9775, 42.605, 45.01, 47.255, 49.3125,
        50.839999999999996, 52.4275, 53.64, 54.902499999999996,
        56.36750000000001, 56.96, 58.2125, 59.2075, 60.097500000000004,
        61.019999999999996, 61.2325, 62.32, 63.09, 63.7, 64.10249999999999,
        64.63250000000001, 65.2875, 65.935, 66.3575, 67.04, 67.5, 67.7775,
        68.245, 68.5625, 69.0225, 69.1675, 70.0175, 69.96, 70.505, 70.64,
        70.8625, 71.15, 71.78750000000001, 72.055, 72.18, 72.6175, 72.65,
        73.175, 73.46249999999999, 73.7, 73.82, 73.9575, 74.6675, 74.6125,
        74.99, 74.97749999999999, 75.145, 75.47749999999999, 75.4625,
        75.86500000000001, 75.8725, 76.36500000000001, 75.87, 76.4075,
        76.42999999999999, 76.605, 77.3525, 76.8825, 77.1775, 77.31,
        77.47749999999999, 77.27000000000001, 77.69749999999999, 77.955, 78.01,
        78.3625, 78.5425, 78.32000000000001, 78.705, 83.62, 86.8075, 87.72,
        88.4325, 88.7, 88.9625, 89.655, 89.56, 90.0975, 90.1925, 90.365, 90.74,
        90.97, 91.05, 91.0075, 91.3025, 91.3825, 91.58, 91.79, 91.825, 91.8775,
        92.2325, 92.3025, 92.5925, 92.445, 92.77250000000001, 92.84, 92.86,
        92.9525, 93.13, 93.1275, 93.33749999999999, 93.17999999999999, 93.405,
        93.4875, 93.54249999999999, 93.66499999999999, 93.83500000000001, 93.84,
        93.9975, 94.0925, 94.535, 94.9625, 94.7575, 95.11, 94.8475, 95.015,
        94.87, 95.0225, 94.88499999999999, 94.9925, 95.2225, 95.045, 95.2625,
        95.30499999999999, 95.185
      ]
    ],