{"config": {"train_options": {"learning_rate": 0.005, "optimizer": "SGD", "batch_size": 128, "number_of_epochs": 300, "loss_parameters": {"temperature": 5, "distillation_type": "FEATURE_LAST", "alpha": 0.5, "beta": 0.8}}}, "results": {"train_losses": [[385.3911244140625, 385.6373177734375, 377.69472880859377, 362.62421611328125, 347.8801696044922, 336.9912845214844, 325.7247351318359, 313.85031618652346, 307.4119732910156, 302.56711896972655, 299.9671602294922, 300.5064055419922, 301.6579466308594, 303.09864294433595, 304.32380485839843, 304.2273530029297, 303.93058615722657, 305.44081025390625, 306.028551953125, 308.5363834960938, 310.56364704589845, 313.619093359375, 317.5457256591797, 319.61061643066404, 323.77656240234376, 327.1009848876953, 329.65975766601565, 333.2484604003906, 335.8109058837891, 339.2926344482422, 342.96422224121096, 346.02410283203125, 348.4969385986328, 350.6692873046875, 353.99283994140626, 355.62221047363283, 357.4394561767578, 359.5128071533203, 362.27182055664065, 362.8963614501953, 365.62597578125]], "valid_losses": [[NaN, NaN, NaN, NaN, NaN, NaN, NaN, NaN, NaN, NaN, NaN, NaN, NaN, NaN, NaN, NaN, NaN, 265.70491555175784, NaN, NaN, NaN, 273.24886524658206, 278.3004086669922, 286.2667819213867, 290.2092258911133, 300.9071198364258, 308.6244887817383, 304.6949058837891, 308.105605859375, 323.90717482910156, 327.89033798828126, 324.26198596191404, 325.68461948242185, 327.7543978515625, 335.15147561035155, 327.6918903076172, 346.36065278320314, 342.89200241699217, 340.36613076171875, 346.10573793945315, 344.5423187011719]], "train_accs": [[1.5174999999999998, 2.715, 3.3375000000000004, 3.9575, 4.6125, 5.244999999999999, 5.945, 6.64, 7.37, 7.8325000000000005, 8.3475, 8.885, 9.47, 10.0775, 10.505, 10.9475, 11.29, 11.9725, 12.2575, 12.742500000000001, 13.3075, 13.5375, 13.917499999999999, 14.307500000000001, 14.4375, 14.827499999999999, 15.21, 15.375, 15.790000000000001, 16.067500000000003, 16.505, 16.7, 17.102500000000003, 17.294999999999998, 17.580000000000002, 17.845, 18.127499999999998, 18.445, 18.785, 18.9075, 19.435]], "valid_accs": [[2.4299999999999997, 3.1399999999999997, 3.63, 3.88, 4.93, 5.74, 6.67, 7.539999999999999, 8.25, 8.53, 9.049999999999999, 9.700000000000001, 9.950000000000001, 10.63, 10.94, 11.48, 11.82, 12.16, 12.49, 12.790000000000001, 13.200000000000001, 13.63, 13.58, 13.99, 14.499999999999998, 14.82, 14.89, 15.079999999999998, 15.21, 15.27, 16.2, 16.17, 16.56, 16.619999999999997, 17.24, 17.380000000000003, 17.69, 18.34, 18.34, 18.77, 19.24]], "train_times": [[190.64535903930664, 196.01398468017578, 196.72688817977905, 198.8343915939331, 195.05448246002197, 193.5999312400818, 195.46599793434143, 196.64711833000183, 191.07441568374634, 188.4694788455963, 192.75823307037354, 192.29922318458557, 191.20956230163574, 192.14545583724976, 192.8769588470459, 191.65467309951782, 190.2487096786499, 188.3273949623108, 187.6394500732422, 187.04200911521912, 187.9996054172516, 186.99228191375732, 188.24121284484863, 189.5020227432251, 194.73247981071472, 193.65276885032654, 192.53280091285706, 195.06086254119873, 188.39613342285156, 187.54867482185364, 189.30740070343018, 188.6443693637848, 196.80828642845154, 193.03953886032104, 185.2579345703125, 189.75686597824097, 192.6367745399475, 190.62755060195923, 189.4740035533905, 189.09855222702026, 188.91943216323853]], "valid_times": [[44.62862205505371, 46.654587745666504, 46.00496697425842, 49.217507123947144, 45.67470741271973, 45.337726354599, 46.40665340423584, 45.757641553878784, 44.69093704223633, 44.415223598480225, 45.661754846572876, 45.44196677207947, 44.25311636924744, 45.13861107826233, 45.91978907585144, 43.794626235961914, 44.508986711502075, 44.31222081184387, 44.29239845275879, 44.413676500320435, 44.073147773742676, 44.10874390602112, 43.88810110092163, 45.55337333679199, 47.01863145828247, 45.275031089782715, 45.15805435180664, 44.03959035873413, 45.03554105758667, 43.07818651199341, 44.4941201210022, 44.342989444732666, 46.538549184799194, 43.567545890808105, 42.69468903541565, 46.69003915786743, 44.80905604362488, 45.006537437438965, 44.941082239151, 44.749605894088745, 44.79854226112366]], "test_accuracy": 19.61, "convergence_iteration": 41}}