{"config": {"train_options": {"learning_rate": 0.01, "optimizer": "SGD", "batch_size": 128, "number_of_epochs": 300, "loss_parameters": {"temperature": 20, "distillation_type": "FEATURE_LAST", "alpha": 0.6, "beta": 0.2}}}, "results": {"train_losses": [[82.86370197143555, 66.62923809814453, 61.01585885925293, 57.7654460144043, 59.88115750732422, 63.23163986816406, 65.64521473388672, 68.14850350952149, 70.30483465576172, 73.32180412597656, 76.17959302368165, 78.03827778930665, 79.61553527832031, 80.55474896850586, 81.42886217041016, 82.07854923706054, 82.53984858398438, 83.63594349365235, 84.11495422363281, 84.89636736450196, 85.51315159912109, 85.95843266601563, 87.29926697998047, 88.46643579101563, 89.34592349853516, 90.69362659912109, 92.10908175659179, 93.25312872314453, 93.93339733276368]], "valid_losses": [[NaN, NaN, NaN, NaN, NaN, NaN, 68.0855223876953, 66.66035928955078, 65.37883210296631, 72.72185486297607, 79.49253270263672, 76.03106007080078, 77.50336495361329, 78.25763440856933, 77.38925977478027, 75.17280296936035, 77.5291936706543, 77.06664639892578, 76.48062776794434, 70.33343484802246, 74.92844365844726, 82.37674068908692, 80.89726105651856, 82.5917900390625, 84.9899312927246, 81.81809434509277, 86.04890086669921, 90.302627835083, 89.35259295043946]], "train_accs": [[2.8825, 7.047499999999999, 10.1925, 12.435, 14.395, 16.025, 18.0, 19.755, 21.377499999999998, 23.0225, 24.3675, 26.240000000000002, 27.8675, 29.104999999999997, 30.69, 32.25, 33.4875, 34.735, 35.9125, 36.775000000000006, 38.042500000000004, 38.769999999999996, 39.845000000000006, 40.527499999999996, 41.74, 42.4325, 43.2575, 44.13, 44.865]], "valid_accs": [[5.029999999999999, 8.450000000000001, 10.24, 12.3, 14.149999999999999, 15.83, 17.45, 19.32, 20.46, 22.23, 23.5, 25.81, 27.47, 27.450000000000003, 29.060000000000002, 30.380000000000003, 30.2, 32.029999999999994, 31.919999999999998, 32.87, 34.050000000000004, 35.21, 35.53, 36.21, 37.36, 37.730000000000004, 38.550000000000004, 39.660000000000004, 39.629999999999995]], "train_times": [[124.21789956092834, 127.81779670715332, 123.17872643470764, 123.47322511672974, 121.72430968284607, 120.85576868057251, 119.99791669845581, 120.10689997673035, 119.83949732780457, 119.07900905609131, 119.70638728141785, 119.53676748275757, 119.29942226409912, 119.33321237564087, 119.08805799484253, 118.23150181770325, 119.49886226654053, 119.41017389297485, 119.58595418930054, 119.72476005554199, 120.70214319229126, 120.5676417350769, 120.9709370136261, 118.67996621131897, 119.40126061439514, 118.97390985488892, 119.92930769920349, 119.49078631401062, 121.00265717506409]], "valid_times": [[29.367908239364624, 29.353160619735718, 28.522029638290405, 28.065041542053223, 27.797521829605103, 27.462743520736694, 27.384336709976196, 27.420520782470703, 27.235039472579956, 27.278456926345825, 27.30005431175232, 27.271268367767334, 27.29000425338745, 27.29067087173462, 27.05529499053955, 27.59069848060608, 27.230365753173828, 27.94252872467041, 27.34767746925354, 27.51575255393982, 27.60667395591736, 27.549651384353638, 28.600984811782837, 27.06690216064453, 27.901110887527466, 27.222191095352173, 27.269872188568115, 27.59175753593445, 27.45430326461792]], "test_accuracy": 39.68, "convergence_iteration": 29}}