{"config": {"train_options": {"learning_rate": 0.005, "optimizer": "SGD", "batch_size": 128, "number_of_epochs": 300, "loss_parameters": {"temperature": 10, "distillation_type": "FEATURE_LAST", "alpha": 0.8, "beta": 0.6}}}, "results": {"train_losses": [[248.19969077148437, 229.92851330566407, 209.09760080566406, 202.10457419433592, 194.86035861816407, 189.94266931152345, 185.67972185058593, 183.68224670410157, 183.98220810546874, 184.86970375976563, 185.2784634033203, 184.8323520751953, 184.00924638671876, 183.93316384277344, 184.57646166992188, 185.59574970703125, 187.58210615234375, 189.3482716308594, 191.85488552246093, 194.3652987060547, 198.52649365234376, 201.28453732910157, 206.3080168701172, 209.03066420898438, 213.5133009033203, 217.24531232910155, 222.14519294433595, 226.62655812988282, 230.1874134765625, 233.98195048828126, 237.73531147460938, 240.77029704589845, 244.92475432128907, 248.14320263671874, 252.27323642578125, 255.32097565917968, 257.78415805664065, 260.5128353515625, 263.86251274414064, 266.1698901855469, 268.77096025390625, 271.97463073730466, 274.31685126953124, 276.2127372558594]], "valid_losses": [[NaN, NaN, NaN, NaN, NaN, NaN, NaN, NaN, NaN, NaN, NaN, NaN, NaN, NaN, NaN, NaN, NaN, NaN, NaN, NaN, NaN, NaN, 194.48533431396484, 198.0126900756836, NaN, 198.90410021972656, 207.8487307128906, 218.7048665527344, 205.91631357421875, 212.35799846191406, 226.54393057861327, 232.83602729492188, 232.72755780029297, 230.89172578125, 240.01411480712892, 244.0101520385742, 239.12577674560546, 246.8780180175781, 249.15179307861328, 254.13525303955078, 255.1114033935547, 258.10859200439455, 266.8706407836914, 263.9686801147461]], "train_accs": [[1.27, 2.0175, 2.895, 3.5549999999999997, 4.1674999999999995, 4.54, 4.9725, 5.555000000000001, 5.89, 6.5275, 6.93, 7.6274999999999995, 8.15, 8.52, 9.0325, 9.442499999999999, 9.94, 10.557500000000001, 11.05, 11.4925, 11.8475, 12.342500000000001, 12.7025, 12.995000000000001, 13.345, 13.705, 14.005, 14.2175, 14.545, 14.872499999999999, 15.115, 15.5525, 15.7925, 16.085, 16.475, 16.5075, 16.84, 17.2375, 17.39, 17.6225, 18.0375, 18.1625, 18.490000000000002, 18.905]], "valid_accs": [[1.5599999999999998, 2.5100000000000002, 3.54, 4.21, 4.53, 4.75, 5.43, 5.66, 6.0, 6.959999999999999, 7.23, 8.16, 8.88, 8.94, 9.69, 10.18, 10.52, 10.9, 11.48, 11.790000000000001, 12.31, 12.67, 13.16, 13.54, 13.88, 14.21, 14.24, 14.610000000000001, 15.0, 14.879999999999999, 15.629999999999999, 15.39, 15.909999999999998, 16.38, 16.259999999999998, 16.7, 17.14, 17.11, 17.79, 17.810000000000002, 18.360000000000003, 18.63, 18.95, 19.139999999999997]], "train_times": [[161.55602645874023, 160.3542444705963, 161.27975487709045, 160.3488690853119, 161.51170301437378, 160.61397457122803, 160.55822229385376, 161.1664695739746, 160.3370864391327, 160.55493092536926, 160.91766214370728, 160.77104115486145, 163.1147391796112, 165.04202556610107, 165.03841996192932, 166.29924321174622, 163.36218452453613, 160.88304209709167, 160.83518505096436, 160.47975492477417, 161.20000433921814, 161.5135896205902, 160.70047688484192, 160.70785093307495, 160.9914309978485, 160.61572098731995, 161.56469416618347, 160.5181062221527, 161.83423376083374, 161.59833097457886, 160.15975880622864, 161.39037346839905, 160.964599609375, 161.76136708259583, 161.1305651664734, 160.48612666130066, 162.0867109298706, 161.29663014411926, 160.65278792381287, 161.04267287254333, 160.83832168579102, 160.92397212982178, 161.60423612594604, 160.80257511138916]], "valid_times": [[37.87573194503784, 37.69671964645386, 37.57696318626404, 37.62622046470642, 37.068790912628174, 37.85641264915466, 37.62330412864685, 37.4522020816803, 37.587676763534546, 37.71964383125305, 37.63353133201599, 37.777230978012085, 38.327054262161255, 38.873562812805176, 38.72216534614563, 38.57762432098389, 37.583720445632935, 37.53061032295227, 37.93028783798218, 37.73483681678772, 37.256200551986694, 37.62810659408569, 37.7668194770813, 37.522207736968994, 37.75113081932068, 37.6477267742157, 37.74395775794983, 37.97502517700195, 37.43877863883972, 37.60111403465271, 37.67915940284729, 37.95357823371887, 37.711111068725586, 37.45727229118347, 37.762330770492554, 38.02156090736389, 37.493125200271606, 37.60467553138733, 37.91324758529663, 37.632768630981445, 37.85082745552063, 37.219568967819214, 37.83635640144348, 37.74372315406799]], "test_accuracy": 19.64, "convergence_iteration": 44}}