{"config": {"train_options": {"learning_rate": 0.05, "optimizer": "SGD", "batch_size": 128, "number_of_epochs": 300, "loss_parameters": {"temperature": 10, "distillation_type": "FEATURE_LAST", "alpha": 0.5, "beta": 0.2}}}, "results": {"train_losses": [[NaN, NaN, NaN, NaN, NaN, NaN, NaN, NaN, 51.733432495117185, 59.66544139404297, 65.77944949951171, 73.92327192382812, 77.29646984252929, 81.80679963378907, 85.83770079345703, 88.722055078125, 92.6073855834961, 96.71981218261719, 99.8694148803711, 102.41766059570313, 105.26269645996094, 108.76551004638672, 110.05262877197265, 111.59856328125, 113.61318032226562, 115.19752209472657, 117.58415579833985, 119.25422019042969, 121.14761845703126, 122.39318074951171, 122.92890329589844, 123.77452670898437]], "valid_losses": [[NaN, NaN, NaN, NaN, NaN, NaN, NaN, NaN, NaN, NaN, 68.82835604095459, 65.89305150146484, 78.17523860168457, 74.05195696258545, 84.14738966369629, 73.91850140991211, 85.35810595703126, 80.22197240905761, 94.91040668945313, 96.12840121154785, 96.94058601379395, 106.29201429138183, 105.38465337524414, 108.81440856323242, 108.79711198425294, 112.14571099853515, 107.33232173156738, 113.85321767578125, 117.44482122802734, 117.5850633605957, 120.80375556640625, 119.25446887817382]], "train_accs": [[6.3825, 12.85, 18.017500000000002, 22.8375, 27.4125, 30.8025, 34.3275, 37.072500000000005, 39.78, 42.105, 44.205, 46.1775, 47.657500000000006, 49.435, 50.64999999999999, 52.17, 53.21, 54.1525, 55.235, 56.1175, 57.317499999999995, 58.1225, 59.067499999999995, 59.425, 60.1325, 61.19, 61.567499999999995, 62.277499999999996, 62.74999999999999, 63.405, 64.3475, 64.31750000000001]], "valid_accs": [[9.180000000000001, 14.6, 19.18, 22.21, 26.009999999999998, 28.29, 33.36, 34.699999999999996, 35.23, 37.0, 37.9, 39.589999999999996, 41.24, 40.68, 41.83, 44.37, 42.44, 43.59, 46.44, 45.67, 47.92, 48.54, 46.77, 47.3, 48.43, 48.14, 48.47, 47.54, 50.0, 50.93, 50.59, 50.68]], "train_times": [[123.61376667022705, 122.56382369995117, 123.20296239852905, 122.3373293876648, 123.83207654953003, 124.13328003883362, 124.32682490348816, 123.13391637802124, 125.11499762535095, 123.2296736240387, 123.50337243080139, 123.6253309249878, 122.82157111167908, 123.24595355987549, 123.51755046844482, 123.43606066703796, 123.6730568408966, 122.5302004814148, 122.09410572052002, 121.8158655166626, 122.01830697059631, 122.20889782905579, 122.42319369316101, 122.4636082649231, 124.04581499099731, 124.17862176895142, 123.0751039981842, 124.63279819488525, 123.27564358711243, 125.52035403251648, 123.25864362716675, 123.99488282203674]], "valid_times": [[23.7565975189209, 24.004042387008667, 23.95479440689087, 23.58847665786743, 23.511976957321167, 24.55476689338684, 24.04110288619995, 24.768720149993896, 24.161508798599243, 24.01997184753418, 23.871569395065308, 24.124933004379272, 23.789665937423706, 23.523574829101562, 23.824154138565063, 23.65427041053772, 23.4653582572937, 23.845500469207764, 23.877718687057495, 24.197903394699097, 24.221644401550293, 24.00196647644043, 24.322001934051514, 23.776930332183838, 23.895664930343628, 23.951573848724365, 24.135211944580078, 24.176342010498047, 24.495480060577393, 23.842163801193237, 23.797972440719604, 23.88112163543701]], "test_accuracy": 51.470000000000006, "convergence_iteration": 32}}