{"config": {"train_options": {"learning_rate": 0.01, "optimizer": "SGD", "batch_size": 128, "number_of_epochs": 300, "loss_parameters": {"temperature": 20, "distillation_type": "FEATURE_LAST", "alpha": 0.8, "beta": 0.1}}}, "results": {"train_losses": [[38.28765781555176, 33.10302945251465, 31.05973672180176, 31.34109178466797, 33.56651926879883, 35.511048986816405, 37.13300057067871, 38.24849209289551, 39.37016876831055, 40.06552278442383, 40.729802291870115, 41.26440217285156, 41.6570645904541, 41.855481057739254, 41.76130692749023, 41.358911981201175, 41.24601108398438, 41.42007012329102, 41.543795382690426, 41.7275307220459, 42.02262933959961, 42.517359005737305, 42.92517343444824]], "valid_losses": [[NaN, NaN, 31.958136157226562, 33.59778954162598, 35.28515430603027, 37.192737588500975, 38.24590219726562, 37.86200582275391, 35.810254518127444, 38.765539294433594, 38.924855407714844, 40.47964651489258, 40.17660433502197, 41.34399025421143, 40.876491557312015, 41.46723498535156, 42.34401091308594, 39.2813275177002, 41.971221810913086, 40.60422510375977, 41.52567502746582, 41.450086376953124, 42.4869970626831]], "train_accs": [[2.5250000000000004, 5.975, 8.2075, 9.8075, 11.1675, 12.365, 13.3725, 14.372499999999999, 15.53, 16.5775, 17.365, 18.4975, 19.3, 20.495, 21.7875, 22.78, 23.3125, 24.47, 25.490000000000002, 26.279999999999998, 27.1225, 28.0025, 28.902499999999996]], "valid_accs": [[4.760000000000001, 7.2700000000000005, 9.049999999999999, 10.25, 11.899999999999999, 12.46, 13.66, 13.51, 15.010000000000002, 15.98, 16.55, 17.810000000000002, 18.69, 19.21, 20.93, 22.16, 23.13, 24.04, 25.31, 25.95, 26.27, 27.63, 27.49]], "train_times": [[121.44523024559021, 119.26465201377869, 121.01213836669922, 118.54278898239136, 119.17111349105835, 118.26782131195068, 118.23864603042603, 118.3039014339447, 118.22660565376282, 118.38539695739746, 118.51203322410583, 118.5199842453003, 118.63459467887878, 119.04516410827637, 118.67352938652039, 118.6953535079956, 119.07550311088562, 118.44548082351685, 118.62642359733582, 118.88615369796753, 118.51195645332336, 118.57087731361389, 118.45550751686096]], "valid_times": [[27.86599826812744, 27.195835828781128, 27.79601788520813, 26.941120147705078, 27.318713903427124, 27.032276153564453, 27.036402940750122, 26.960577249526978, 27.00122880935669, 27.181470155715942, 27.06886100769043, 27.082583904266357, 27.160531282424927, 27.18313193321228, 27.061830282211304, 27.180665731430054, 27.07273507118225, 26.995112657546997, 27.29753041267395, 27.113776206970215, 27.11051368713379, 27.093032836914062, 27.054017543792725]], "test_accuracy": 27.950000000000003, "convergence_iteration": 23}}