{"config": {"train_options": {"learning_rate": 0.01, "optimizer": "SGD", "batch_size": 128, "number_of_epochs": 300, "loss_parameters": {"temperature": 20, "distillation_type": "FEATURE_LAST", "alpha": 0.1, "beta": 0.6}}}, "results": {"train_losses": [[194.22355776367186, NaN, NaN, NaN, 149.66657768554688, 171.09088210449218, 187.2396209716797, 200.5781852294922, 212.94724013671876, 223.95669020996093, 230.66063337402343, 236.48379587402343, 242.7526912109375, 247.67614689941405, 251.9603944580078, 257.4056354003906, 259.51333395996096, 265.50762729492186, 268.91669418945315, 272.94704074707033, 276.5657818847656, 279.01921484375, 283.53007287597654, 285.6165603271484, 287.95550705566404, 290.6794940185547, 293.89729462890625, 296.43419887695313, 299.18051430664065]], "valid_losses": [[NaN, NaN, NaN, NaN, 171.87939014892578, NaN, NaN, 158.21393651123046, NaN, 219.05658819580077, 223.1261444091797, 233.6011532104492, 245.73693302001953, 245.30512960205078, 239.67997628173828, 250.10020455322265, 261.5829175048828, 258.07700681152346, 270.55942175292967, 284.4781328735352, 271.1652300048828, 267.337384765625, 268.89810595703125, 274.5659751953125, 269.06288616943357, 282.8771326416016, 269.7280124633789, 287.35947083740234, 288.2459004272461]], "train_accs": [[3.6975000000000002, 7.985, 10.9, 12.97, 14.827499999999999, 16.9225, 18.575, 20.072499999999998, 21.834999999999997, 23.14, 24.7025, 26.572499999999998, 27.884999999999998, 29.2775, 30.887500000000003, 32.35, 33.725, 35.07, 35.915, 37.0825, 38.292500000000004, 39.465, 40.294999999999995, 41.1425, 42.5675, 43.355, 44.330000000000005, 45.129999999999995, 45.739999999999995]], "valid_accs": [[6.01, 9.520000000000001, 11.469999999999999, 12.950000000000001, 14.99, 16.41, 17.599999999999998, 19.189999999999998, 20.96, 22.07, 23.77, 24.46, 26.650000000000002, 27.47, 28.720000000000002, 29.53, 31.3, 32.35, 33.0, 34.94, 34.589999999999996, 34.78, 35.91, 36.43, 38.68, 39.36, 38.06, 38.85, 41.43]], "train_times": [[166.05770707130432, 167.1633641719818, 166.6319682598114, 166.19735670089722, 165.41396689414978, 166.23307299613953, 166.40530562400818, 165.91528296470642, 166.36451768875122, 166.50953483581543, 166.2183017730713, 166.70602297782898, 165.68779373168945, 165.60931777954102, 166.9876630306244, 167.00176692008972, 175.54794788360596, 165.7126567363739, 164.67672109603882, 172.9042522907257, 170.4785213470459, 170.85128378868103, 165.89521288871765, 167.508038520813, 168.82752203941345, 168.78532886505127, 166.42161083221436, 167.4468638896942, 166.2428855895996]], "valid_times": [[38.53419351577759, 38.685203313827515, 38.83776879310608, 39.03285336494446, 38.86011552810669, 38.445637702941895, 38.9025993347168, 39.006133794784546, 38.40900421142578, 38.88913655281067, 38.65329623222351, 38.5899555683136, 38.7676956653595, 38.87465286254883, 38.77963352203369, 39.0006046295166, 40.80604839324951, 38.239325523376465, 39.58384895324707, 39.377110719680786, 39.352120876312256, 39.20772361755371, 38.90904903411865, 38.50471782684326, 39.24151420593262, 39.14502263069153, 38.86007285118103, 38.59360957145691, 38.84540677070618]], "test_accuracy": 41.91, "convergence_iteration": 29}}