{"config": {"train_options": {"learning_rate": 0.05, "optimizer": "SGD", "batch_size": 128, "number_of_epochs": 300, "loss_parameters": {"temperature": 10, "distillation_type": "FEATURE_LAST", "alpha": 0.1, "beta": 0.3}}}, "results": {"train_losses": [[NaN, NaN, NaN, NaN, NaN, NaN, NaN, NaN, NaN, NaN, NaN, NaN, NaN, NaN, NaN, NaN, 81.5361232421875, 91.946749609375, 102.45241346435547, 107.34044470214843, 117.2729409790039, 123.82134881591797, 125.3162748046875, 129.06508292236327, 134.06716979980467, 135.2604510131836, 138.92732199707032, 143.9504260253906, 143.95340291748047, 146.92954602050781, 147.24375496826173, 147.48105666503906, 150.34098386230468, 149.61436297607423, 148.73056748046875, 149.07109044189454, 150.57176033935548, 149.90776939697267, 147.60397911376953]], "valid_losses": [[NaN, NaN, NaN, NaN, NaN, NaN, NaN, NaN, NaN, NaN, NaN, NaN, NaN, NaN, NaN, NaN, NaN, 97.01231115722656, 92.59468178100586, 98.6208090637207, 106.77859674682617, 100.64475556640625, 126.44089075927734, 122.08764814453124, 125.48656557006836, 129.74245996704101, 141.01987470703125, 137.2494238220215, 139.56633731079103, 151.73559375610353, 140.15017802124024, 146.34323633422852, 142.62717883911134, 145.33498688354493, 152.69857377319335, 138.24798069458006, 154.17944018554687, 139.29162524414062, 131.48541608276366]], "train_accs": [[6.9825, 14.02, 20.2775, 25.587500000000002, 30.819999999999997, 34.9575, 38.53, 41.222500000000004, 43.9225, 46.394999999999996, 48.089999999999996, 50.065000000000005, 52.04, 53.2925, 54.462500000000006, 55.9925, 57.097500000000004, 57.98, 59.0075, 59.99, 60.4025, 61.502500000000005, 62.214999999999996, 63.195, 63.402499999999996, 63.895, 64.955, 65.3675, 65.9, 66.32249999999999, 66.78, 67.3925, 67.77, 68.26, 68.63, 69.27250000000001, 69.395, 69.7575, 70.08]], "valid_accs": [[7.84, 13.99, 18.81, 23.77, 27.11, 30.919999999999998, 33.08, 33.78, 37.43, 37.9, 38.87, 40.36, 43.169999999999995, 43.56, 44.54, 45.660000000000004, 46.739999999999995, 47.06, 47.43, 46.89, 49.29, 50.8, 49.85, 49.17, 48.74, 52.01, 50.14999999999999, 50.7, 50.019999999999996, 51.690000000000005, 50.029999999999994, 52.27, 52.349999999999994, 48.84, 51.739999999999995, 51.559999999999995, 53.26, 52.78, 50.55]], "train_times": [[196.1937358379364, 191.06995224952698, 192.24990129470825, 193.43562197685242, 192.88637614250183, 193.06047868728638, 191.9545452594757, 193.06101942062378, 192.89115405082703, 193.01193523406982, 192.72083473205566, 192.71293091773987, 192.53771042823792, 190.32121062278748, 192.5289614200592, 189.58508205413818, 192.0261402130127, 192.03410363197327, 192.05033254623413, 192.22222423553467, 191.7989113330841, 192.23519492149353, 190.8562467098236, 190.18869996070862, 192.58834147453308, 192.38705682754517, 192.11163640022278, 191.84022116661072, 192.01276779174805, 193.21033549308777, 193.56306099891663, 192.71443700790405, 192.5241379737854, 192.70007610321045, 192.9425230026245, 194.2926857471466, 194.65643739700317, 191.4142906665802, 191.78326272964478]], "valid_times": [[44.683647871017456, 45.47362470626831, 45.18503165245056, 45.24315810203552, 45.21482253074646, 45.35442757606506, 45.329238176345825, 44.95475649833679, 45.38758111000061, 44.646183490753174, 44.860617876052856, 45.547561168670654, 45.363160610198975, 44.54002070426941, 44.89911484718323, 45.49376606941223, 45.52539348602295, 44.82459807395935, 45.30811357498169, 44.675546407699585, 45.36205554008484, 45.015589237213135, 45.17574739456177, 45.102986335754395, 44.90314865112305, 44.83006954193115, 45.22913885116577, 45.34203577041626, 45.188172578811646, 45.07664942741394, 45.14617371559143, 45.461002349853516, 45.50306034088135, 45.11560869216919, 45.659648180007935, 45.50461769104004, 45.561182737350464, 45.771700859069824, 44.993120431900024]], "test_accuracy": 52.25, "convergence_iteration": 39}}