{
  "config": {
    "train_options": {
      "learning_rate": 0.01,
      "optimizer": "SGD",
      "batch_size": 128,
      "number_of_epochs": 300,
      "loss_parameters": {
        "temperature": 10,
        "distillation_type": "FEATURE_LAST",
        "alpha": 0.1,
        "beta": 0.1
      }
    }
  },
  "results": {
    "train_losses": [
      [
        NaN,
        NaN,
        NaN,
        NaN,
        NaN,
        NaN,
        NaN,
        NaN,
        NaN,
        NaN,
        NaN,
        25.124262454223633,
        27.340094650268554,
        26.807265826416014,
        27.231792568969727,
        27.334518576049806,
        28.14104115600586,
        29.26035450439453,
        29.74588237915039,
        30.601535745239257,
        32.12167543945313,
        32.670765625,
        33.496949447631835,
        34.044620974731444,
        35.555058526611326,
        36.47663754882812,
        36.39218566589356,
        37.329426501464845,
        38.488900952148434,
        39.078403564453126,
        40.27649800415039,
        40.97204555664062,
        41.12380228881836,
        41.448536285400394,
        42.03324229431152,
        42.04819025878906,
        42.70814606628418,
        43.17615093383789,
        43.64325262756348,
        43.97565664367676,
        44.218397821044924
      ]
    ],
    "valid_losses": [
      [
        NaN,
        NaN,
        NaN,
        NaN,
        NaN,
        NaN,
        NaN,
        NaN,
        NaN,
        NaN,
        NaN,
        NaN,
        27.580915588378907,
        NaN,
        31.629566340637208,
        25.9725446395874,
        32.42226947631836,
        26.761288711547852,
        29.724581996154786,
        25.294175914001464,
        NaN,
        27.397834223937988,
        35.8044441116333,
        33.36114117431641,
        38.42556044311524,
        34.53347528381347,
        37.05023936462403,
        36.02888994750977,
        37.60590518341064,
        40.26401092681885,
        39.06782879638672,
        40.77700559387207,
        38.89921288909912,
        38.03447412414551,
        41.269576119995115,
        39.54067586975098,
        38.94918826599121,
        41.49498219604492,
        45.52890517578125,
        44.15015842285156,
        41.9433278137207
      ]
    ],
    "train_accs": [
      [
        4.8275, 10.755, 14.067499999999999, 17.41, 20.275000000000002, 23.2825,
        25.919999999999998, 28.575, 31.2075, 33.455, 35.6, 37.46,
        39.050000000000004, 40.807500000000005, 42.4275, 43.95, 45.08, 46.61,
        47.599999999999994, 48.765, 49.7775, 50.739999999999995, 51.38,
        52.542500000000004, 53.557500000000005, 54.64, 55.089999999999996,
        56.00000000000001, 56.6175, 57.355000000000004, 58.155, 58.495, 59.47,
        59.9375, 60.7275, 60.982499999999995, 61.745000000000005,
        62.175000000000004, 62.43, 63.2425, 64.11
      ]
    ],
    "valid_accs": [
      [
        7.48, 11.25, 13.889999999999999, 16.63, 18.29, 22.63, 22.35, 23.57,
        30.04, 29.270000000000003, 31.080000000000002, 33.48, 35.64, 37.78,
        38.190000000000005, 38.32, 39.660000000000004, 39.12,
        40.910000000000004, 40.839999999999996, 41.89, 41.75, 40.31, 43.59,
        44.05, 44.05, 44.330000000000005, 44.55, 46.22, 45.87, 47.57, 45.46,
        47.04, 46.87, 48.06, 47.73, 49.11, 49.24, 49.28, 50.44,
        50.129999999999995
      ]
    ],
    "train_times": [
      [
        131.83771395683289, 130.6179976463318, 129.5085427761078,
        129.57804679870605, 129.8385148048401, 130.10951137542725,
        129.92899870872498, 129.7215187549591, 129.8635377883911,
        130.11351370811462, 130.22499704360962, 130.38200044631958,
        130.51151132583618, 130.45551562309265, 130.48399996757507,
        130.6892328262329, 130.9672155380249, 130.6683440208435,
        130.48200058937073, 130.46855092048645, 131.19451379776,
        131.17200255393982, 131.17051219940186, 131.26199793815613,
        130.80003333091736, 131.1635172367096, 131.2039999961853,
        131.2955584526062, 131.27250981330872, 131.00053811073303,
        131.09153866767883, 131.33251667022705, 117.74806809425354,
        117.7650294303894, 117.74951434135437, 117.7760374546051,
        117.70803594589233, 117.76351428031921, 117.64700031280518,
        117.80951261520386, 117.80658197402954
      ]
    ],
    "valid_times": [
      [
        29.7530198097229, 29.92551898956299, 29.78400230407715,
        29.827999591827393, 30.059999704360962, 29.894001007080078,
        29.84151840209961, 29.883000135421753, 30.035518884658813,
        30.040003061294556, 30.13399910926819, 30.06000280380249,
        30.04600191116333, 30.127999544143677, 30.13659119606018,
        30.09500002861023, 30.145188570022583, 29.92500066757202,
        30.018998861312866, 30.23651123046875, 30.158999919891357,
        30.311997413635254, 30.26500177383423, 30.239002466201782,
        30.174999237060547, 30.251999378204346, 30.16751456260681,
        30.105998277664185, 30.410518407821655, 30.162004232406616,
        30.149510145187378, 28.627999544143677, 26.839999675750732,
        26.876999378204346, 26.834513902664185, 26.90799856185913,
        26.92400026321411, 26.905514240264893, 26.84200167655945,
        26.900002002716064, 26.875999450683594
      ]
    ],
    "test_accuracy": 50.529999999999994,
    "convergence_iteration": 41
  }
}
