{"config": {"train_options": {"learning_rate": 0.005, "optimizer": "SGD", "batch_size": 128, "number_of_epochs": 300, "loss_parameters": {"temperature": 20, "distillation_type": "FEATURE_LAST", "alpha": 0.7, "beta": 0.7}}}, "results": {"train_losses": [[299.6358792236328, 304.23693630371093, 298.52017443847654, 283.45065620117185, 263.58408276367186, 244.27614453125, 225.05686778564453, 207.9093746826172, 193.19084533691407, 185.66924869384766, 182.21694938964845, 182.9336084472656, 187.22583068847655, 189.91423427734375, 194.1698447265625, 193.9502477294922, 196.50372436523438, 196.62559970703126, 199.6289140625, 202.22903337402343, 204.9215919921875, 207.63758054199218, 207.5998464111328, 211.25679877929687, 214.49140183105467, 218.57566857910157, 223.4912600830078, 227.3086953857422, 230.66945505371095, 234.5329999267578, 239.03781311035155, 243.05558889160156, 246.4472194091797, 250.16444123535157, 253.89523713378907, 256.17087224121093, 259.14141513671876, 263.8163989501953, 266.56649438476563, 268.56784392089844, 272.04718833007814, 273.9665366210937, 276.1336002197266, 278.38078681640627, 280.52784450683595, 282.42957763671876, 285.5306205810547, 287.0231267578125, 289.4971802001953, 290.347253515625, 293.4465518066406, 295.8297982421875]], "valid_losses": [[294.82043864746095, NaN, NaN, 272.3777583618164, NaN, NaN, NaN, NaN, NaN, NaN, NaN, NaN, NaN, NaN, NaN, NaN, NaN, NaN, NaN, NaN, NaN, NaN, NaN, NaN, NaN, NaN, NaN, NaN, NaN, NaN, 219.9661344970703, 202.87084947509766, 226.00023347167968, 218.75797309570314, 216.49390859375, 228.63294328613281, 241.79687399902343, 251.37787138671874, 241.55188118896484, 254.27648498535157, 252.09455291748046, 266.72559399414064, 267.21306165771483, 274.5199500366211, 281.5486506958008, 267.2373664794922, 260.06489295654296, 275.0217484008789, 291.82943894042967, 292.42456071777343, 289.14582072753905, 299.7549684448242]], "train_accs": [[1.3125, 2.11, 2.9675, 3.5325, 4.324999999999999, 5.065, 5.81, 6.1850000000000005, 6.882499999999999, 7.4225, 7.9125, 8.3475, 8.885, 9.475, 9.782499999999999, 10.36, 10.79, 11.165, 11.675, 12.182500000000001, 12.8, 13.2325, 13.4575, 13.99, 14.325, 14.582500000000001, 14.835, 15.325, 15.440000000000001, 15.737499999999999, 16.1575, 16.29, 16.7125, 17.0, 17.3175, 17.69, 18.082500000000003, 18.240000000000002, 18.4475, 18.86, 19.134999999999998, 19.41, 19.7425, 19.9575, 20.485, 20.7975, 20.979999999999997, 21.255, 21.515, 21.807499999999997, 22.1775, 22.33]], "valid_accs": [[1.5599999999999998, 2.65, 3.32, 3.7600000000000002, 4.63, 5.1499999999999995, 5.72, 6.239999999999999, 7.04, 7.7700000000000005, 8.07, 8.799999999999999, 8.959999999999999, 9.91, 10.2, 10.74, 11.24, 11.469999999999999, 12.07, 12.67, 13.059999999999999, 13.43, 14.26, 14.16, 14.469999999999999, 14.979999999999999, 15.03, 15.659999999999998, 15.939999999999998, 16.520000000000003, 16.34, 16.74, 17.16, 17.0, 17.47, 17.59, 18.14, 18.26, 18.25, 19.009999999999998, 19.25, 19.66, 19.650000000000002, 20.19, 20.23, 20.05, 20.74, 21.21, 21.07, 21.64, 21.7, 22.05]], "train_times": [[122.28677415847778, 121.66841244697571, 123.84590411186218, 120.96444416046143, 121.6930890083313, 120.83856225013733, 120.65844821929932, 121.21779108047485, 122.01473498344421, 120.45323395729065, 121.11938667297363, 121.33204007148743, 119.81528067588806, 121.03622555732727, 122.08432102203369, 121.05951023101807, 123.25109648704529, 121.0491828918457, 120.97785544395447, 120.78478288650513, 121.19591903686523, 120.84699058532715, 122.02813792228699, 120.02465605735779, 121.31189799308777, 121.52533507347107, 121.23367309570312, 122.03506278991699, 120.68083238601685, 120.95744490623474, 120.14242100715637, 120.77627635002136, 121.21268558502197, 121.18825697898865, 121.40491533279419, 122.46191596984863, 121.4626898765564, 121.19239592552185, 120.96227836608887, 121.57777380943298, 120.02098226547241, 120.50805902481079, 120.3825945854187, 120.54225659370422, 122.98420143127441, 120.74358224868774, 121.4932188987732, 120.96179366111755, 121.77159762382507, 122.0489604473114, 119.8140172958374, 120.12425303459167]], "valid_times": [[23.48220920562744, 23.784584999084473, 23.421584129333496, 24.1249680519104, 23.8271222114563, 23.20990824699402, 23.91142511367798, 23.28283190727234, 23.875982761383057, 23.524266242980957, 23.37569761276245, 24.192260026931763, 23.47737455368042, 23.420475959777832, 23.48434019088745, 23.565017461776733, 23.94401979446411, 23.831003427505493, 23.525980949401855, 23.504092693328857, 23.42421817779541, 24.29863953590393, 23.639265298843384, 23.84185552597046, 24.085323095321655, 23.65144658088684, 23.953794956207275, 23.503406286239624, 23.93341898918152, 23.6353976726532, 24.148810625076294, 23.97090482711792, 23.835957050323486, 24.471957683563232, 23.64482617378235, 24.16814088821411, 23.930591821670532, 23.63483738899231, 23.593957662582397, 23.504249334335327, 23.686242818832397, 23.692875385284424, 23.681652784347534, 23.83923649787903, 23.555185317993164, 23.912736892700195, 23.305683135986328, 23.734315633773804, 23.806889057159424, 24.122266054153442, 23.67029857635498, 24.31494688987732]], "test_accuracy": 22.54, "convergence_iteration": 52}}