{"config": {"train_options": {"learning_rate": 0.005, "optimizer": "SGD", "batch_size": 128, "number_of_epochs": 300, "loss_parameters": {"temperature": 5, "distillation_type": "FEATURE_LAST", "alpha": 0.2, "beta": 0.9}}}, "results": {"train_losses": [[410.07696186523435, 399.31864619140623, 384.0877376953125, 371.08030444335935, 353.6187666992187, 336.2722239746094, 319.7261711181641, 306.28214716796873, 298.10748356933595, 293.0161965820312, 292.1888669921875, 293.04795178222656, 298.7001784423828, 302.66378256835935, 305.9581460449219, 308.88455185546877, 313.0064599121094, 314.58522084960936, 315.87794079589844, 317.6239961181641, 318.87837321777346, 322.2021802734375, 323.5442590332031, 327.45441398925783, 330.8667176513672, 334.1349576171875, 337.43527041015625, 341.42103935546874, 345.648373046875, 350.7552602539063, 355.6319904296875, 359.54862563476564, 363.30451372070314, 369.03430395507814, 372.26646494140624, 378.0591591796875, 382.64681752929687, 386.4672177246094, 390.11585981445313, 395.23166357421877, 398.90873583984376, 403.0902536621094, 407.95534877929686, 411.79075249023435, 415.4860177246094, 420.39050888671875, 424.9790293457031]], "valid_losses": [[NaN, NaN, NaN, NaN, NaN, NaN, NaN, NaN, NaN, NaN, NaN, NaN, NaN, NaN, NaN, NaN, NaN, NaN, NaN, NaN, NaN, NaN, NaN, NaN, 310.6912634643555, 316.87991857910157, NaN, 318.73593732910155, 334.75347409667967, 337.3048814575195, 321.67913649902346, 333.9256337158203, NaN, 341.3098394165039, 338.83580251464844, 351.66513603515625, 359.70363135986327, 369.1940398071289, 356.34052263183594, 352.2354946777344, 377.5734818969727, 374.39586853027345, 372.47725670166017, 392.4160610961914, 391.3897987304687, 410.7790356201172, 416.0830073486328]], "train_accs": [[1.34, 2.4975, 3.5025, 4.32, 4.745, 5.18, 5.505, 6.2225, 6.7075, 7.4725, 7.925, 8.655, 9.0, 9.5525, 9.985, 10.299999999999999, 10.835, 11.1175, 11.4225, 11.84, 12.389999999999999, 12.705, 13.087499999999999, 13.4975, 13.7625, 14.052500000000002, 14.249999999999998, 14.5075, 14.952499999999999, 15.0575, 15.4325, 15.61, 15.925, 16.16, 16.4725, 16.842499999999998, 16.935, 17.26, 17.322499999999998, 17.605, 17.6125, 18.0575, 18.16, 18.535, 18.66, 18.787499999999998, 19.1275]], "valid_accs": [[1.95, 2.6, 3.92, 4.46, 4.88, 5.6899999999999995, 5.7700000000000005, 6.79, 6.78, 7.779999999999999, 8.01, 8.42, 9.22, 9.47, 9.76, 10.2, 10.4, 10.979999999999999, 11.709999999999999, 11.32, 12.04, 12.17, 13.100000000000001, 13.309999999999999, 13.600000000000001, 13.98, 14.31, 14.29, 14.540000000000001, 15.22, 15.22, 15.45, 15.620000000000001, 16.09, 16.220000000000002, 16.28, 16.53, 16.43, 16.650000000000002, 17.380000000000003, 17.130000000000003, 17.39, 17.48, 17.71, 18.16, 18.2, 18.92]], "train_times": [[122.80974006652832, 123.9135754108429, 121.1086778640747, 123.26991868019104, 122.86497163772583, 121.2021644115448, 121.78891110420227, 123.6206693649292, 122.2641613483429, 122.0485315322876, 123.9095025062561, 124.34025025367737, 120.9660964012146, 122.77971506118774, 121.97956800460815, 124.53806233406067, 122.9621741771698, 122.10532808303833, 125.36236929893494, 124.41956090927124, 124.3667311668396, 123.82454538345337, 124.76825785636902, 121.54824185371399, 123.87574934959412, 123.89965462684631, 123.63609457015991, 123.8153727054596, 122.99621534347534, 125.25217270851135, 122.20792555809021, 124.2630250453949, 121.37046766281128, 124.43714570999146, 122.08385229110718, 124.18673849105835, 123.1587483882904, 123.57968974113464, 123.10874366760254, 123.4592502117157, 124.30482268333435, 122.97031092643738, 124.9967393875122, 122.85267734527588, 124.71997594833374, 122.71002578735352, 123.80763220787048]], "valid_times": [[23.990007877349854, 24.113800287246704, 23.360490798950195, 23.564439296722412, 23.142849445343018, 23.65917420387268, 23.83879327774048, 24.12236738204956, 23.48328709602356, 23.709202766418457, 23.189961433410645, 23.73116707801819, 24.667160987854004, 23.17020535469055, 24.761629819869995, 23.919848442077637, 23.805537223815918, 23.772300243377686, 23.74855923652649, 24.040709018707275, 23.480806350708008, 23.52347993850708, 23.456605434417725, 23.109452962875366, 23.968748807907104, 24.538930892944336, 23.913125038146973, 23.720587015151978, 23.938626050949097, 23.973291873931885, 23.759428024291992, 24.05698013305664, 24.28413152694702, 23.643439054489136, 22.846208572387695, 23.998202085494995, 23.553269147872925, 23.80234122276306, 24.514366149902344, 24.256750345230103, 23.800257444381714, 23.411752700805664, 24.061460971832275, 23.730592727661133, 23.99649715423584, 24.029264450073242, 23.59064793586731]], "test_accuracy": 19.6, "convergence_iteration": 47}}