{"config": {"train_options": {"learning_rate": 0.01, "optimizer": "SGD", "batch_size": 128, "number_of_epochs": 300, "loss_parameters": {"temperature": 20, "distillation_type": "FEATURE_LAST", "alpha": 0.4, "beta": 0.8}}}, "results": {"train_losses": [[344.82475986328126, 317.983836328125, 282.45790947265624, 266.04595029296877, 261.27050561523436, 255.07228911132813, 251.65774946289062, 253.9451302734375, 258.19761015625, 261.9472586669922, 268.6909282226562, 278.1185907470703, 285.4066211425781, 294.08618010253906, 304.46910185546875, 312.2396030273438, 319.51205373535157, 328.51609702148437, 335.03356506347654, 342.93160290527345, 348.33677678222654, 353.84816103515624, 358.6641480957031, 365.4351202636719, 370.3482696777344, 375.9306204589844]], "valid_losses": [[NaN, NaN, NaN, NaN, NaN, 257.71905030517576, 273.6113243896484, 278.18558900146485, 278.01427646484376, 282.50628873291015, 296.74618369140626, 298.91728283691407, 307.07775897216794, 319.3543082519531, 322.2715774169922, 325.66252001953126, 334.0054971313477, 340.097413269043, 342.49718620605466, 360.0630258789063, 357.3046015625, 374.98568565673827, 360.89086275634764, 361.977623059082, 373.57590009765624, 377.3694393676758]], "train_accs": [[2.265, 4.205, 5.4425, 6.99, 8.282499999999999, 9.9675, 10.895000000000001, 11.95, 12.717500000000001, 13.557500000000001, 14.0375, 14.9475, 15.675, 16.5725, 17.18, 17.925, 18.805, 19.467499999999998, 20.2325, 21.145, 21.75, 22.4025, 23.2525, 24.2225, 24.5, 25.4275]], "valid_accs": [[3.81, 5.2299999999999995, 6.61, 8.200000000000001, 9.950000000000001, 11.12, 11.5, 12.620000000000001, 13.29, 14.13, 14.580000000000002, 15.42, 15.989999999999998, 16.27, 17.169999999999998, 17.919999999999998, 18.459999999999997, 19.23, 19.52, 20.3, 20.86, 20.919999999999998, 21.77, 22.3, 22.58, 23.9]], "train_times": [[196.83011150360107, 196.95172905921936, 197.9918406009674, 198.15116143226624, 194.73586344718933, 194.9568898677826, 187.1222722530365, 186.93109345436096, 187.93417358398438, 188.9901089668274, 192.21007108688354, 190.98201656341553, 191.9622287750244, 187.92855978012085, 194.37783288955688, 187.41087865829468, 190.35090494155884, 189.98577308654785, 188.25063395500183, 189.68829703330994, 192.26499772071838, 190.46528959274292, 192.42195987701416, 190.59744930267334, 191.95134234428406, 190.05605816841125]], "valid_times": [[46.16591787338257, 45.96223592758179, 46.05548405647278, 45.56565737724304, 45.5754919052124, 44.93629693984985, 45.09880828857422, 45.37131667137146, 45.90021228790283, 45.285285234451294, 44.59012532234192, 44.69876050949097, 45.441457748413086, 45.30602216720581, 44.916996479034424, 44.66456079483032, 44.960837602615356, 44.88166332244873, 45.126875162124634, 44.97709584236145, 45.11551856994629, 45.15505051612854, 45.0175940990448, 45.13699650764465, 45.082539081573486, 44.97611045837402]], "test_accuracy": 24.69, "convergence_iteration": 26}}