{"config": {"train_options": {"learning_rate": 0.01, "optimizer": "SGD", "batch_size": 128, "number_of_epochs": 300, "loss_parameters": {"temperature": 10, "distillation_type": "FEATURE_LAST", "alpha": 0.8, "beta": 0.2}}}, "results": {"train_losses": [[88.59847370605469, 78.6631476196289, 72.32847041015626, 72.44679049682617, 71.99597583618164, 72.92165678710937, 74.35864444580078, 75.14357729492187, 75.39379122924805, 75.88569835205078, 76.05748307495116, 77.11272028808594, 78.37699600830078, 79.36786807250976, 80.9951410522461, 82.58590993652344, 84.08835068359375, 84.9350432006836, 85.78747280883789, 86.75835817871094, 87.53966088256836, 88.58138131103516, 89.5653169128418, 90.46407106323242, 91.31400727539062, 92.17423612060547, 93.17162053222657, 94.04190118408204, 95.42166549072266]], "valid_losses": [[NaN, NaN, NaN, NaN, NaN, NaN, 68.88241095581054, 68.52961892089844, 72.79625386657715, 70.25021809997558, NaN, 77.23463650207519, 72.35418714904785, 79.44985004577637, 81.12867502746582, 84.25728641662597, 83.53806406860352, 83.56630013122559, 84.64738243103028, 87.3272295928955, 85.89197332458497, 87.54431138000488, 84.40781154937744, 86.32532299194337, 88.49619236450195, 87.74922804870606, 90.58596903076172, 90.41551876220703, 93.14483434143067]], "train_accs": [[1.9375, 4.58, 7.31, 9.165, 10.6675, 12.457500000000001, 13.594999999999999, 14.735000000000001, 15.9525, 16.945, 17.740000000000002, 18.66, 19.7225, 20.674999999999997, 21.2775, 22.33, 23.1125, 24.115000000000002, 24.95, 25.6, 26.572499999999998, 27.22, 28.155, 28.8925, 29.702499999999997, 30.330000000000002, 31.209999999999997, 31.785000000000004, 32.4225]], "valid_accs": [[2.91, 5.36, 7.870000000000001, 9.48, 10.47, 11.76, 13.23, 13.639999999999999, 14.99, 15.290000000000001, 16.78, 17.46, 18.33, 19.68, 20.849999999999998, 20.97, 22.439999999999998, 22.7, 24.15, 24.85, 25.95, 26.83, 27.18, 28.28, 28.810000000000002, 29.57, 30.11, 30.659999999999997, 31.65]], "train_times": [[116.22990345954895, 116.66412544250488, 117.59064555168152, 117.20509815216064, 117.31954383850098, 118.99804925918579, 121.82909560203552, 118.84551811218262, 120.59802675247192, 119.37704038619995, 119.90551519393921, 117.55901598930359, 116.56705069541931, 116.56254291534424, 116.5005145072937, 116.42305159568787, 121.65425777435303, 121.08808493614197, 120.64891505241394, 119.74168062210083, 119.14674878120422, 121.09509348869324, 119.31853938102722, 119.7872269153595, 120.3647518157959, 121.0069317817688, 117.21905660629272, 116.53207659721375, 116.69659495353699]], "valid_times": [[26.513126373291016, 26.772002458572388, 26.767000436782837, 26.762001752853394, 26.730515003204346, 29.957053184509277, 27.44009828567505, 27.22752070426941, 27.27400279045105, 27.151997327804565, 29.72299838066101, 26.655998945236206, 26.863511562347412, 26.538000106811523, 26.604999780654907, 28.474003076553345, 27.850696325302124, 26.637944221496582, 27.464746713638306, 26.722519874572754, 28.113556146621704, 27.040569305419922, 27.674624919891357, 27.319000959396362, 29.463000297546387, 27.107000589370728, 26.55299997329712, 26.62103009223938, 26.53851318359375]], "test_accuracy": 32.59, "convergence_iteration": 29}}