{"config": {"train_options": {"learning_rate": 0.01, "optimizer": "SGD", "batch_size": 128, "number_of_epochs": 300, "loss_parameters": {"temperature": 20, "distillation_type": "FEATURE_LAST", "alpha": 0.7, "beta": 0.6}}}, "results": {"train_losses": [[251.2285392578125, 215.1574358154297, 193.4416944091797, 186.65207360839844, 175.54974650878907, 165.73425717773438, 158.0857909423828, 156.87437021484374, 162.29695849609374, 170.87534704589845, 181.69110979003906, 192.58022197265626, 203.00820654296874, 213.48703674316405, 223.3984832763672, 232.7265382324219, 240.16760126953125, 246.92283120117187, 251.99739562988282, 255.15116166992186, 259.09755390625, 261.4745722900391, 265.53911538085936, 268.3079446289062, 272.3143417480469, 274.7930884521484, 277.34309025878906, 280.92761877441404, 284.2163443359375, 286.74658420410157, 291.1304588623047, 294.3524842041016, 297.2138436035156, 300.9897215332031, 304.79689287109375, 307.83710344238284, 310.4468813964844, 314.038160546875, 317.6954561279297, 320.3492214355469, 323.1449151611328]], "valid_losses": [[NaN, NaN, NaN, NaN, NaN, NaN, NaN, NaN, NaN, NaN, NaN, NaN, NaN, NaN, NaN, NaN, NaN, NaN, NaN, NaN, 252.4534755859375, 263.4028467895508, 265.3255242950439, 256.9818051635742, 279.3636878173828, 270.1686297729492, 272.29856797485354, 280.4673033447266, 278.8455973388672, 278.45826281738283, 283.4492280029297, 286.30700233154295, 297.7873463256836, 292.94448209228517, 288.81862720947265, 300.4764216796875, 302.5076959838867, 298.0924177001953, 308.7823952880859, 313.78190900878906, 316.28728968505857]], "train_accs": [[2.3425000000000002, 4.715, 6.5600000000000005, 8.2375, 9.31, 10.56, 11.645, 12.365, 13.405000000000001, 14.082500000000001, 14.774999999999999, 15.45, 16.1275, 16.755, 17.405, 18.4375, 18.8225, 19.885, 20.6925, 21.21, 22.02, 22.67, 23.3625, 23.7625, 24.325, 25.374999999999996, 26.015, 26.47, 27.1775, 27.767500000000002, 28.455000000000002, 29.1325, 29.69, 30.112499999999997, 30.680000000000003, 31.095, 31.6175, 32.385000000000005, 33.0625, 33.46, 33.6175]], "valid_accs": [[3.53, 5.050000000000001, 7.630000000000001, 8.41, 9.67, 10.870000000000001, 12.01, 12.139999999999999, 13.120000000000001, 13.61, 14.499999999999998, 15.379999999999999, 15.959999999999999, 16.27, 17.11, 17.18, 18.05, 18.82, 19.15, 19.5, 20.96, 21.51, 22.06, 22.470000000000002, 23.400000000000002, 23.84, 24.21, 24.43, 24.69, 25.05, 26.21, 26.13, 26.86, 27.639999999999997, 27.35, 28.29, 28.499999999999996, 28.29, 28.93, 30.159999999999997, 30.45]], "train_times": [[118.54524731636047, 118.70530152320862, 118.32223653793335, 118.46493315696716, 118.4666075706482, 118.6018078327179, 118.70770049095154, 118.39056658744812, 118.3721239566803, 118.72284007072449, 118.77851796150208, 118.68251276016235, 118.40689897537231, 118.43617033958435, 124.88564610481262, 122.28920221328735, 118.41967439651489, 118.61167907714844, 118.61411619186401, 118.44997477531433, 118.25555229187012, 118.21546196937561, 118.24797773361206, 118.5481607913971, 118.60893988609314, 118.51087164878845, 118.95556020736694, 118.96444463729858, 118.31557250022888, 118.95078730583191, 118.87022185325623, 118.38149690628052, 118.84330654144287, 118.36491322517395, 118.35583209991455, 118.95944952964783, 118.41119837760925, 118.99032783508301, 118.75259041786194, 118.43815851211548, 118.68917918205261]], "valid_times": [[27.206533193588257, 27.125998735427856, 27.16852116584778, 27.133532524108887, 27.18018126487732, 27.212826013565063, 27.215555906295776, 27.14577603340149, 27.124568939208984, 27.134000301361084, 27.319728136062622, 27.154710054397583, 27.168737173080444, 27.171552419662476, 28.591207027435303, 27.137282371520996, 27.11401343345642, 27.157613039016724, 27.184998035430908, 27.177517890930176, 27.073057174682617, 27.19001269340515, 27.097139596939087, 27.16759991645813, 27.183856964111328, 27.20571804046631, 27.140048503875732, 27.103976249694824, 27.14951777458191, 27.224586963653564, 27.494585037231445, 27.11717963218689, 27.164519548416138, 27.18957543373108, 27.15101408958435, 27.25160551071167, 27.154074907302856, 27.208903789520264, 27.147590398788452, 27.202998638153076, 27.54984426498413]], "test_accuracy": 32.24, "convergence_iteration": 41}}