{"config": {"train_options": {"learning_rate": 0.005, "optimizer": "SGD", "batch_size": 128, "number_of_epochs": 300, "loss_parameters": {"temperature": 10, "distillation_type": "FEATURE_LAST", "alpha": 0.8, "beta": 0.3}}}, "results": {"train_losses": [[109.73480961914062, 111.15352375488281, 110.6464110961914, 110.06691047363282, 109.05105074462891, 106.77551571044921, 104.43651832275391, 102.09926405029297, 100.78435037841797, 101.41726015625, 102.91462381591796, 106.03876591796875, 108.95313626708985, 111.58086507568359, 113.93329041748046, 116.17074240722657, 117.5604127319336, 119.61031652832031, 120.89743214111328, 123.06824575195313, 124.47747943115235, 126.3281419921875, 127.57141068115234, 129.40754483642579, 130.7257916748047, 132.4192105834961, 133.6616431640625, 134.7210918701172, 136.0394947998047, 137.4252630493164, 138.08559500732423, 139.5675744140625, 140.734959375, 141.6633833984375, 142.67852449951172, 143.83730034179686]], "valid_losses": [[NaN, NaN, NaN, NaN, NaN, NaN, NaN, NaN, NaN, NaN, NaN, NaN, NaN, NaN, NaN, 102.72584378051758, 111.2340407775879, 106.71036563110351, 108.26717071533203, 106.80268045654297, 110.7180571472168, 113.5246484375, 113.12698811645508, 115.49075854492187, 114.233975390625, 116.77925005493164, 120.66900620727539, 115.27010072631836, 121.82606599731446, 121.75999374389649, 126.60815131225586, 123.68688957519531, 127.78599652709961, 130.86920615844727, 133.13296508178712, 131.34889842529296]], "train_accs": [[1.66, 2.75, 3.9050000000000002, 4.765, 5.5625, 6.2425, 7.0075, 7.642500000000001, 8.5175, 9.202499999999999, 9.9, 10.7225, 11.442499999999999, 12.015, 12.695, 13.425, 14.075, 14.249999999999998, 14.89, 15.437500000000002, 15.907499999999999, 16.3175, 16.86, 17.2425, 17.69, 18.2575, 18.6125, 18.9225, 19.415, 19.72, 20.2575, 20.5075, 20.907500000000002, 21.205, 21.555, 22.1475]], "valid_accs": [[2.41, 3.4099999999999997, 4.26, 5.140000000000001, 5.9799999999999995, 6.569999999999999, 7.07, 7.670000000000001, 8.89, 9.48, 10.39, 11.27, 11.559999999999999, 12.34, 13.059999999999999, 13.61, 14.23, 14.52, 14.85, 15.45, 15.659999999999998, 15.920000000000002, 16.38, 16.55, 17.119999999999997, 17.76, 18.11, 18.2, 18.9, 18.63, 19.6, 19.919999999999998, 20.18, 20.93, 21.02, 21.12]], "train_times": [[119.00220727920532, 118.68546175956726, 118.7791018486023, 118.4546766281128, 120.41933989524841, 121.42518353462219, 119.91774106025696, 121.32819676399231, 122.79748892784119, 169.2206015586853, 162.19448590278625, 161.5398871898651, 152.1240119934082, 154.31189227104187, 151.0260944366455, 151.09368205070496, 150.14108443260193, 151.13982820510864, 151.34262084960938, 151.75615048408508, 150.94274592399597, 151.000004529953, 151.8774721622467, 152.47846245765686, 151.56456446647644, 152.26841139793396, 151.598064661026, 151.56607508659363, 152.14860486984253, 152.64481806755066, 157.3418140411377, 160.1654052734375, 159.11902165412903, 162.4310004711151, 161.69251799583435, 164.16107869148254]], "valid_times": [[27.606467962265015, 26.649048328399658, 27.06855797767639, 27.763514518737793, 27.464518070220947, 27.631426334381104, 27.516681432724, 27.334643363952637, 38.623833417892456, 37.67047047615051, 37.79179048538208, 34.85603094100952, 35.4493453502655, 36.234644412994385, 34.80054306983948, 34.91270589828491, 35.36882162094116, 35.21479392051697, 36.04599976539612, 35.316479206085205, 35.13230776786804, 35.598485231399536, 35.27465105056763, 35.37285017967224, 35.28743290901184, 35.49464178085327, 35.368706941604614, 35.26975226402283, 35.51091027259827, 36.804543018341064, 34.391512870788574, 37.867003440856934, 37.42700147628784, 37.736000776290894, 37.17799758911133, 36.90500020980835]], "test_accuracy": 21.959999999999997, "convergence_iteration": 36}}