{"config": {"train_options": {"learning_rate": 0.05, "optimizer": "SGD", "batch_size": 128, "number_of_epochs": 300, "loss_parameters": {"temperature": 10, "distillation_type": "FEATURE_LAST", "alpha": 0.8, "beta": 0.4}}}, "results": {"train_losses": [[138.0272262207031, 108.50950922851563, 116.30010783691407, 135.70997489013672, 154.56772169189452, 167.12689219970704, 179.75911264648437, 189.81784645996095, 201.27118369140624, 209.78551110839842, 217.88605373535157, 225.01240041503905, 230.8668735839844, 235.91131604003905, 240.5977008544922, 244.60677756347656, 247.9986037841797, 252.02137377929688, 255.7457501953125, 259.34551018066406, 262.36730339355466, 264.52289680175784, 267.62830134277345, 270.5009557861328, 272.5680553955078]], "valid_losses": [[NaN, NaN, NaN, NaN, 134.00034864501953, 151.04342203979493, 164.73885814208984, 177.30791622314453, 200.8600071472168, 201.14046635742187, 208.05245762939452, 220.77601972045898, 226.80418607177734, 234.73982368164062, 237.5295615600586, 239.63900611572265, 243.49607021484374, 245.69584743652345, 251.37869671630858, 260.34646490478514, 256.9484141723633, 262.9707875, 266.5508015258789, 268.32884448242186, 273.08637528076173]], "train_accs": [[4.2299999999999995, 9.9475, 13.270000000000001, 15.725, 18.525, 20.5875, 23.752499999999998, 26.05, 28.16, 30.325000000000003, 32.5525, 34.235, 35.9425, 37.3025, 39.3025, 40.6725, 41.99, 43.317499999999995, 44.565, 45.769999999999996, 47.14, 48.199999999999996, 48.9825, 49.8925, 51.115]], "valid_accs": [[7.2700000000000005, 11.72, 12.620000000000001, 15.989999999999998, 18.23, 20.36, 22.42, 24.22, 27.339999999999996, 26.83, 29.020000000000003, 30.209999999999997, 33.22, 33.489999999999995, 35.64, 36.61, 37.0, 38.769999999999996, 39.160000000000004, 40.39, 40.77, 40.97, 41.349999999999994, 42.57, 43.4]], "train_times": [[192.3043336868286, 192.58596110343933, 194.37110710144043, 195.32459950447083, 192.958087682724, 195.8418309688568, 197.770525932312, 196.0425727367401, 198.95150208473206, 198.3072428703308, 197.69270277023315, 197.7885763645172, 200.6570703983307, 197.02407240867615, 198.54422044754028, 199.49278736114502, 197.9392750263214, 199.32605648040771, 198.7420859336853, 197.74255347251892, 198.43966031074524, 193.18588876724243, 190.90591502189636, 192.65018820762634, 192.61127734184265]], "valid_times": [[45.513537645339966, 45.670350313186646, 45.607975244522095, 45.48106503486633, 45.249863624572754, 45.71800994873047, 45.79159641265869, 46.29721426963806, 46.61443901062012, 45.95462369918823, 45.71849203109741, 46.95498442649841, 45.9053053855896, 47.00969219207764, 46.284168004989624, 45.77711534500122, 46.12652635574341, 46.2134211063385, 46.36427354812622, 46.08658027648926, 46.98785614967346, 45.228630781173706, 45.14208197593689, 44.93317246437073, 44.93687057495117]], "test_accuracy": 44.629999999999995, "convergence_iteration": 25}}