{"config": {"train_options": {"learning_rate": 0.05, "optimizer": "SGD", "batch_size": 128, "number_of_epochs": 300, "loss_parameters": {"temperature": 5, "distillation_type": "FEATURE_LAST", "alpha": 0.4, "beta": 0.7}}}, "results": {"train_losses": [[NaN, NaN, 211.7555962158203, 261.00039931640623, 289.07706987304687, 308.6901381591797, 324.612805078125, 340.4849097167969, 354.4337669921875, 368.2673060058594, 379.85206235351563, 389.69034741210936, 398.63150283203123, 406.8195969238281, 413.6153665039063, 419.61000805664065, 426.6572120605469, 431.57582446289064, 437.9557802734375, 442.5449860351562, 448.09570346679686, 452.9607306640625, 457.8993630859375]], "valid_losses": [[NaN, NaN, 203.19893463134767, 233.38955251464844, 260.5753703979492, 282.1353765136719, 315.2075327758789, 331.68187673339844, 355.36433024902345, 375.87441389160153, 393.2262338745117, 391.5373903564453, 386.11714465332034, 407.3062776123047, 415.80689846191405, 411.2090452880859, 417.4166210693359, 434.84024558105466, 441.73316469726564, 445.64262915039063, 440.6870140869141, 445.02723515625, 448.6094365722656]], "train_accs": [[5.489999999999999, 11.365, 15.387500000000001, 18.5, 21.8775, 25.1175, 27.932499999999997, 30.3025, 32.915, 35.15, 37.0925, 39.155, 40.715, 42.405, 43.9525, 45.3375, 46.589999999999996, 47.775, 49.105, 50.15500000000001, 51.1875, 52.3075, 53.339999999999996]], "valid_accs": [[8.89, 13.33, 16.13, 18.83, 21.21, 25.55, 27.339999999999996, 27.92, 30.819999999999997, 30.580000000000002, 31.819999999999997, 35.24, 36.199999999999996, 37.55, 38.89, 39.28, 40.760000000000005, 41.43, 41.980000000000004, 43.26, 42.38, 44.48, 41.959999999999994]], "train_times": [[121.85028004646301, 123.15402030944824, 122.21603107452393, 120.83918404579163, 120.77715682983398, 121.99757266044617, 122.19546818733215, 122.95246505737305, 122.01448845863342, 121.72500324249268, 121.96733951568604, 121.9568202495575, 120.41427397727966, 122.71442651748657, 119.92015838623047, 121.09721374511719, 121.91109776496887, 122.15043425559998, 122.3520815372467, 120.64565682411194, 121.36219835281372, 121.09790992736816, 120.10451078414917]], "valid_times": [[23.375193119049072, 23.913900136947632, 23.745222568511963, 23.880569219589233, 23.338698863983154, 23.846936464309692, 23.750061988830566, 23.5295889377594, 23.909523248672485, 23.631593465805054, 23.97924780845642, 23.706334114074707, 24.127687692642212, 23.26379942893982, 23.896690845489502, 23.466984748840332, 23.67608904838562, 23.34919548034668, 23.213599681854248, 24.21797204017639, 23.588568210601807, 23.68692135810852, 23.374001502990723]], "test_accuracy": 43.51, "convergence_iteration": 23}}