{"config": {"train_options": {"learning_rate": 0.005, "optimizer": "SGD", "batch_size": 128, "number_of_epochs": 300, "loss_parameters": {"temperature": 15, "distillation_type": "FEATURE_LAST", "alpha": 0.4, "beta": 0.1}}}, "results": {"train_losses": [[31.299487649536132, NaN, NaN, NaN, NaN, NaN, NaN, NaN, 24.754033419799804, 25.647393112182616, 26.77612499084473, 27.671962127685546, 28.39237289123535, 29.27154006347656, 29.79484992980957, 30.306934469604492, 30.798617907714842, 30.991788317871094, 31.841932348632813, 32.65265010986328, 33.46832134094238, 34.43814597473145, 34.869613110351565, 35.2902169342041, 36.283204635620116, 36.883883270263674, 37.05500775756836, 37.27264225769043, 37.734442630004885, 37.92740509643555, 38.60177497863769, 38.59029529724121, 38.96203869628906, 39.23828313598633, 39.58262073974609]], "valid_losses": [[NaN, NaN, NaN, NaN, NaN, NaN, NaN, NaN, NaN, NaN, NaN, NaN, NaN, 26.37506638031006, 27.744176272583008, NaN, 31.53991994934082, 28.793535633850098, 31.51858364562988, 36.26890893707275, 36.04210816345215, 34.899153437805175, 36.67146225128174, 37.133026612854, 38.48370445404053, 36.67686061553955, 39.88618698120117, 39.20028575286865, 39.639488046264646, 40.24953744659424, 40.72383439788818, 39.18754674072266, 38.38123360900879, 38.08165885620117, 39.3815520904541]], "train_accs": [[2.41, 5.82, 8.8275, 11.537500000000001, 13.1325, 14.754999999999999, 16.025, 17.5425, 18.83, 20.2525, 21.665, 22.830000000000002, 24.0075, 25.332500000000003, 26.165, 27.3625, 28.355000000000004, 29.867500000000003, 30.79, 31.705, 32.6875, 33.8925, 34.845, 35.8825, 36.86, 37.6325, 38.2975, 39.18, 40.5, 40.6825, 41.6975, 42.54, 43.33, 43.795, 44.925]], "valid_accs": [[4.12, 7.290000000000001, 9.719999999999999, 11.82, 13.26, 14.510000000000002, 15.68, 17.88, 18.14, 19.77, 20.7, 22.03, 22.6, 24.060000000000002, 25.39, 26.029999999999998, 27.42, 28.52, 28.599999999999998, 29.759999999999998, 30.17, 31.5, 31.740000000000002, 32.7, 33.56, 33.62, 34.99, 35.339999999999996, 35.809999999999995, 36.07, 36.720000000000006, 36.93, 37.28, 38.97, 38.29]], "train_times": [[122.63737368583679, 123.31001877784729, 121.30425190925598, 121.79185557365417, 122.1144483089447, 123.97322726249695, 121.24275398254395, 121.31147265434265, 123.91932153701782, 121.16392946243286, 124.59245038032532, 121.55841112136841, 123.06158781051636, 120.47600030899048, 122.21649765968323, 120.95250391960144, 122.80827832221985, 120.89321374893188, 122.78253507614136, 121.50544476509094, 123.59961295127869, 122.80265927314758, 122.60555934906006, 123.41827082633972, 122.38258242607117, 124.56133270263672, 122.11923599243164, 121.67175340652466, 120.82105708122253, 122.31902432441711, 122.64907455444336, 122.56306290626526, 122.19891953468323, 124.0374321937561, 121.74110960960388]], "valid_times": [[23.87683629989624, 23.629974603652954, 23.41870951652527, 24.444254159927368, 23.156309604644775, 24.010247230529785, 25.63670778274536, 24.024686336517334, 24.491238594055176, 24.906111478805542, 23.613823413848877, 23.489164352416992, 23.692426204681396, 24.648030757904053, 24.146173238754272, 23.508898735046387, 23.50894570350647, 24.473555088043213, 24.421993494033813, 25.023958444595337, 24.128336191177368, 23.340915203094482, 23.936256170272827, 24.39760947227478, 24.122222661972046, 23.872692108154297, 24.54833745956421, 23.609612464904785, 24.043298482894897, 23.291852474212646, 23.408313512802124, 23.9307541847229, 24.057703018188477, 23.416025638580322, 25.55615234375]], "test_accuracy": 39.93, "convergence_iteration": 35}}