{"config": {"train_options": {"learning_rate": 0.01, "optimizer": "SGD", "batch_size": 128, "number_of_epochs": 300, "loss_parameters": {"temperature": 15, "distillation_type": "FEATURE_LAST", "alpha": 0.4, "beta": 0.9}}}, "results": {"train_losses": [[306.5144950927734, 306.7817333740234, 303.0274464355469, 290.70342482910155, 273.7233046875, 262.29301625976564, 256.2110280029297, 258.57078498535157, 265.48215268554685, 271.4929850830078, 281.0143181884766, 288.4596083984375, 294.12701208496094, 298.24440170898436, 303.46378210449217, 306.7647603515625, 311.9116938720703, 318.21854887695315, 324.7101288330078, 331.16267158203124, 337.5088226318359, 345.49437856445314, 351.4285895751953, 360.65652966308596, 367.31630134277344, 374.15066845703126, 381.1473566162109, 389.0465263183594, 395.44127314453124, 402.68617841796873, 408.6550402832031, 415.0216550292969]], "valid_losses": [[NaN, NaN, NaN, NaN, NaN, NaN, NaN, NaN, NaN, NaN, NaN, 284.35965660400393, 293.8242412475586, 305.4924119873047, 324.2693722900391, 344.2608798828125, 336.80568955078127, 337.79047963867185, 341.9591891357422, 338.02534147949217, 327.18477746582033, 341.71985854492186, 362.4016960693359, 362.978491015625, 385.0871073486328, 388.8852868164063, 382.74670100097654, 399.1583578125, 381.4726478515625, 411.5168814453125, 415.3465026123047, 426.78724604492186]], "train_accs": [[1.7075, 2.7625, 3.9225000000000003, 5.0825000000000005, 5.9174999999999995, 6.765000000000001, 7.5649999999999995, 8.43, 9.045, 9.5075, 10.040000000000001, 10.577499999999999, 11.157499999999999, 11.5925, 12.045, 12.617500000000001, 13.05, 13.725000000000001, 13.9125, 14.2825, 14.702499999999999, 15.095, 15.5175, 15.8025, 16.145, 16.580000000000002, 16.935, 17.14, 17.655, 17.9575, 18.5675, 19.0725]], "valid_accs": [[2.45, 3.39, 4.65, 5.7, 6.23, 7.2700000000000005, 8.34, 8.959999999999999, 9.16, 9.45, 10.12, 10.65, 11.21, 11.469999999999999, 12.1, 12.46, 13.43, 13.420000000000002, 14.01, 14.35, 14.24, 14.92, 14.860000000000001, 15.28, 16.11, 16.43, 16.42, 17.04, 17.4, 17.69, 18.35, 18.18]], "train_times": [[185.69600129127502, 186.52239990234375, 186.25873351097107, 186.0380346775055, 186.20629000663757, 186.26489567756653, 187.37852573394775, 185.40005946159363, 186.60203170776367, 185.26614212989807, 185.53964972496033, 183.01009058952332, 181.42205214500427, 183.6924135684967, 184.00735807418823, 183.4439399242401, 186.85231757164001, 185.82866954803467, 186.55026626586914, 185.21055221557617, 186.0175657272339, 186.49292159080505, 186.85681986808777, 186.46676921844482, 184.85871815681458, 187.15507793426514, 185.39730501174927, 184.8627986907959, 184.90435576438904, 185.3048357963562, 186.19771361351013, 185.26951241493225]], "valid_times": [[44.23002314567566, 43.93411946296692, 43.7245831489563, 43.96057653427124, 44.139225482940674, 43.96492075920105, 44.07479929924011, 43.93966579437256, 43.955617904663086, 44.05992889404297, 44.627609968185425, 44.34066033363342, 44.113749742507935, 43.84122824668884, 44.77769684791565, 43.62113690376282, 44.1480438709259, 43.971288204193115, 44.09216833114624, 43.99629330635071, 44.18118453025818, 44.16015434265137, 43.9931218624115, 44.255062103271484, 44.789679288864136, 44.315083026885986, 44.00751543045044, 44.73406624794006, 44.019784927368164, 43.946945667266846, 43.964606523513794, 45.03909969329834]], "test_accuracy": 19.55, "convergence_iteration": 32}}