{"config": {"train_options": {"learning_rate": 0.005, "optimizer": "SGD", "batch_size": 128, "number_of_epochs": 300, "loss_parameters": {"temperature": 10, "distillation_type": "FEATURE_LAST", "alpha": 0.9, "beta": 0.7}}}, "results": {"train_losses": [[302.74110703125, 310.79815817871093, 315.2639031494141, 318.90590163574217, 320.5233233886719, 320.4535192626953, 319.85513579101564, 318.91757229003906, 317.75058857421874, 316.7911335205078, 315.3822337158203, 314.66012387695315, 313.663298828125, 314.4593006591797, 313.4440745117187, 313.8610785644531, 314.08696872558596, 314.36941333007815, 314.8985990234375, 315.8214449951172, 316.5989996826172, 318.20630336914064, 318.878480859375, 319.0116779052734, 319.8188050048828, 321.17308154296876, 321.68280942382813, 321.5529017333984, 322.53340769042967, 323.5590235107422, 324.17132238769534, 325.27521618652344, 325.7102967529297, 326.679208203125, 328.4688464355469]], "valid_losses": [[292.43844190673826, NaN, NaN, NaN, NaN, NaN, NaN, NaN, NaN, NaN, NaN, NaN, 287.1072718383789, 278.40750184326174, NaN, 279.583246105957, 285.3854040161133, 292.0152190795898, 295.8764037475586, 293.01966417236326, 297.1020768798828, 299.2805293334961, 298.13605291748047, 296.09113367919923, 300.9701900390625, 301.19103173828125, 308.0897797607422, 302.57448004150393, 308.0376438354492, 306.44999022216797, 312.042646887207, 307.0856656616211, 315.45265368652343, 314.12984327392576, 318.57124150390626]], "train_accs": [[1.06, 1.1575, 1.7000000000000002, 2.0324999999999998, 2.535, 2.9499999999999997, 3.4450000000000003, 4.02, 4.3575, 4.715, 4.8275, 4.987500000000001, 5.3125, 5.427499999999999, 5.5875, 5.905, 6.125, 6.3375, 6.407499999999999, 6.6725, 7.0525, 7.352499999999999, 7.3950000000000005, 7.6, 7.825, 7.9799999999999995, 8.37, 8.4875, 8.6175, 8.7575, 8.9175, 9.077499999999999, 9.4025, 9.354999999999999, 9.705]], "valid_accs": [[1.02, 1.7000000000000002, 1.8599999999999999, 2.01, 2.6599999999999997, 3.09, 3.83, 4.34, 4.68, 4.79, 4.78, 5.2299999999999995, 5.029999999999999, 5.57, 5.74, 5.54, 6.0, 5.79, 6.32, 6.49, 6.800000000000001, 7.02, 7.42, 7.5600000000000005, 7.93, 8.02, 8.129999999999999, 8.33, 8.16, 8.649999999999999, 8.95, 8.64, 8.85, 9.2, 9.54]], "train_times": [[199.28200602531433, 198.20605087280273, 196.68645405769348, 199.1416790485382, 200.99828386306763, 200.42398118972778, 195.8135256767273, 200.6659255027771, 199.23184275627136, 199.4721703529358, 199.57867860794067, 199.28647756576538, 200.06382775306702, 200.2990698814392, 195.42381262779236, 199.56708097457886, 200.67399263381958, 195.61020588874817, 199.59601831436157, 200.42831349372864, 199.36542677879333, 196.12297701835632, 199.22696447372437, 196.2137644290924, 196.10475730895996, 198.44146394729614, 195.58100199699402, 196.3139328956604, 199.2265441417694, 195.7878704071045, 200.98459553718567, 197.24531865119934, 197.46384644508362, 195.5750229358673, 197.11408185958862]], "valid_times": [[47.43833684921265, 47.037877559661865, 47.35141730308533, 47.81414532661438, 47.59718585014343, 47.054763078689575, 47.26706266403198, 47.33375024795532, 47.317054271698, 46.740607261657715, 47.45015621185303, 46.906574010849, 47.43827414512634, 46.53274917602539, 47.232237815856934, 46.69358015060425, 47.14610266685486, 47.00558352470398, 46.1800811290741, 46.57311129570007, 47.08766460418701, 46.07151412963867, 46.94952034950256, 46.88823056221008, 46.65830445289612, 47.502158641815186, 46.35958743095398, 47.22679400444031, 47.8366858959198, 47.16577863693237, 46.92876410484314, 47.12513184547424, 45.84311771392822, 47.22807741165161, 46.99215126037598]], "test_accuracy": 9.99, "convergence_iteration": 35}}