{"config": {"train_options": {"learning_rate": 0.01, "optimizer": "SGD", "batch_size": 128, "number_of_epochs": 300, "loss_parameters": {"temperature": 20, "distillation_type": "FEATURE_LAST", "alpha": 0.8, "beta": 0.9}}}, "results": {"train_losses": [[407.4595870117187, 422.927450390625, 428.1311833496094, 429.8213387695312, 430.9040163574219, 429.15560825195314, 422.79098120117186, 415.2620352050781, 409.33151977539063, 405.58625268554687, 403.3998191894531, 403.8210862304687, 404.46593125, 405.3984703125, 406.4172202636719, 409.503973046875, 412.680679296875, 415.66506577148436, 418.3673219238281, 421.65421909179685, 425.41184135742185, 429.4382704589844, 432.76935844726563, 436.71414291992187, 440.5641461914062, 442.77770146484374, 446.0515423339844, 450.2973173339844, 452.7822939453125, 456.0980021972656, 459.85594946289064, 463.1584232421875, 466.7517107910156]], "valid_losses": [[384.2967769287109, 407.4869405029297, 404.2613859130859, 403.1112569335937, 392.3633543701172, 399.817318359375, 385.0787519287109, 384.803159765625, 367.5225966796875, 357.9333671386719, 357.2612585449219, 365.4697433105469, 353.0521041381836, 374.1973409912109, 379.21696228027344, 369.432057421875, 372.56495251464844, 382.9071436767578, 384.535548046875, 377.6392882446289, 404.07400485839844, 397.21979912109373, 406.9988937011719, 411.7596094482422, 417.16572545166014, 428.95882463378905, 438.2772401367188, 429.5135693847656, 432.6068298095703, 446.1346272216797, 449.39997360839845, 447.62537221679685, 459.7259155273438]], "train_accs": [[0.9900000000000001, 1.3975, 1.7825, 2.3625, 2.77, 2.955, 3.1525, 3.4625000000000004, 3.695, 3.8375, 4.365, 4.83, 5.2775, 5.63, 5.8925, 6.1125, 6.47, 6.7075, 6.819999999999999, 7.065, 7.295, 7.4624999999999995, 7.8, 8.055, 8.325000000000001, 8.584999999999999, 8.91, 9.035, 9.375, 9.64, 9.93, 10.0625, 10.3475]], "valid_accs": [[1.25, 1.6099999999999999, 1.9800000000000002, 2.41, 3.18, 3.44, 3.45, 3.7199999999999998, 3.71, 4.130000000000001, 4.65, 4.91, 5.38, 5.58, 6.03, 6.03, 6.419999999999999, 6.660000000000001, 6.660000000000001, 6.909999999999999, 7.21, 7.41, 7.46, 7.79, 8.61, 8.799999999999999, 8.9, 9.049999999999999, 8.99, 9.790000000000001, 9.959999999999999, 9.92, 10.190000000000001]], "train_times": [[129.9442617893219, 130.01897954940796, 129.35343647003174, 130.05962538719177, 129.9560523033142, 130.13771963119507, 130.02178406715393, 130.29864168167114, 129.87824630737305, 129.91075086593628, 130.0973515510559, 131.27369713783264, 131.30574750900269, 130.12175846099854, 130.3037850856781, 130.18026304244995, 130.21222114562988, 130.26516723632812, 130.49307870864868, 130.0123941898346, 130.03072476387024, 130.4466736316681, 130.25066876411438, 130.39840531349182, 130.14465308189392, 130.34127926826477, 130.24969172477722, 130.2212634086609, 130.05716705322266, 130.29481744766235, 130.075275182724, 130.06870698928833, 130.53711485862732]], "valid_times": [[30.008569478988647, 29.75212287902832, 29.895999908447266, 29.999563694000244, 29.94105887413025, 29.92655086517334, 30.008044004440308, 29.874049425125122, 29.905543088912964, 29.86453914642334, 30.01657223701477, 30.345030307769775, 30.167542457580566, 29.98405361175537, 30.092034578323364, 30.079511404037476, 30.012567281723022, 30.017550706863403, 29.925025701522827, 29.961544036865234, 30.01002836227417, 30.08051633834839, 30.019678592681885, 30.059545040130615, 29.928029537200928, 30.105574131011963, 29.95002269744873, 29.931544065475464, 29.95057439804077, 29.978002548217773, 30.000603199005127, 30.043030738830566, 30.034545421600342]], "test_accuracy": 10.879999999999999, "convergence_iteration": 33}}