{"config": {"train_options": {"learning_rate": 0.01, "optimizer": "SGD", "batch_size": 128, "number_of_epochs": 300, "loss_parameters": {"temperature": 20, "distillation_type": "FEATURE_LAST", "alpha": 0.2, "beta": 0.4}}}, "results": {"train_losses": [[162.8402985473633, 136.2812564086914, 124.79273369140626, 120.73987711181641, 123.8991734375, 125.84493973388672, 124.30182416992187, 124.48359565429688, 125.09354615478516, 128.96503540039063, 131.7065474121094, 134.96923248291014, 136.65924567871093, 138.43214067382812, 139.39802279052734, 141.04113759765625, 144.61907102050782, 147.4079882446289, 152.3777130493164, 154.27295643310546, 157.4528842529297, 159.7429014770508, 163.75598354492186, 166.8678750854492, 170.8512275756836, 172.5965235473633, 174.0298264892578, 175.49796154785156, 180.2459067626953]], "valid_losses": [[NaN, 125.98690911254883, 115.42975295410156, NaN, NaN, NaN, NaN, NaN, 110.15087876586914, 115.94137258300782, 112.0556482421875, 129.52898876342775, 128.85088020629883, 119.51845908203126, 138.28011627807618, 115.57954922485352, 135.07335195922852, 130.87670739135743, 155.99331453857423, 142.03517438964843, 145.6991594909668, 156.38262810668945, 154.20427369995116, 156.60514470825194, 155.7779338256836, 159.86899435424806, 159.66762640380858, 160.78258282470702, 174.07558489990234]], "train_accs": [[3.9325, 8.0025, 11.63, 14.0325, 16.18, 18.7175, 20.44, 22.6525, 24.79, 26.63, 28.542499999999997, 30.0475, 31.71, 33.4175, 34.855000000000004, 36.4525, 37.8125, 39.39, 40.4225, 41.7275, 42.912499999999994, 43.91, 45.237500000000004, 45.975, 46.9225, 47.955, 48.69, 49.627500000000005, 50.5325]], "valid_accs": [[6.09, 10.459999999999999, 12.45, 13.919999999999998, 18.23, 19.509999999999998, 21.029999999999998, 23.400000000000002, 25.66, 25.71, 28.1, 28.720000000000002, 31.86, 32.769999999999996, 33.81, 34.82, 35.67, 36.59, 36.85, 38.800000000000004, 40.19, 40.300000000000004, 40.8, 41.260000000000005, 41.120000000000005, 42.79, 43.51, 44.42, 44.3]], "train_times": [[189.55515956878662, 190.02378749847412, 196.48485255241394, 193.71369743347168, 188.71062231063843, 189.8851294517517, 187.4355480670929, 192.24197721481323, 187.27423334121704, 185.59872245788574, 183.57516264915466, 187.81176567077637, 184.53430438041687, 185.93921399116516, 183.3917737007141, 186.98276710510254, 187.01423263549805, 189.9073407649994, 190.93038725852966, 191.82209467887878, 192.03879809379578, 190.8907914161682, 191.53604745864868, 189.41209530830383, 190.69706201553345, 191.18160676956177, 191.7799072265625, 189.381196975708, 188.58083033561707]], "valid_times": [[44.63075041770935, 44.25699234008789, 46.03912973403931, 44.323529958724976, 43.28108024597168, 44.694480419158936, 44.656373500823975, 43.189549922943115, 43.931743144989014, 43.36182379722595, 43.638347148895264, 43.23095893859863, 44.12810206413269, 43.15354061126709, 43.30465793609619, 42.43606996536255, 43.12567138671875, 43.41608142852783, 44.42716979980469, 44.75404071807861, 44.28909873962402, 44.261576652526855, 44.25021290779114, 43.84421730041504, 43.864330530166626, 44.85713076591492, 43.949697732925415, 44.28365516662598, 44.538670778274536]], "test_accuracy": 43.93, "convergence_iteration": 29}}