{"config": {"train_options": {"learning_rate": 0.005, "optimizer": "SGD", "batch_size": 128, "number_of_epochs": 300, "loss_parameters": {"temperature": 20, "distillation_type": "FEATURE_LAST", "alpha": 0.4, "beta": 0.9}}}, "results": {"train_losses": [[395.70223442382814, 386.5615162597656, 377.31933090820314, 372.98304497070313, 369.2553318847656, 367.00237294921874, 365.72548784179685, 364.63883544921873, 360.84364794921873, 355.94124443359374, 355.08791899414064, 355.1237669433594, 354.50968852539063, 355.4412948730469, 355.00156606445313, 357.2848540039063, 356.9606366699219, 358.7722676269531, 360.0857442382812, 361.4707346191406, 363.7135051757812, 366.00527670898435, 366.9989942871094, 370.0134256347656, 370.81001088867185, 373.41823583984376, 375.14980512695314, 375.70106088867186, 377.8035189453125, 380.27772265625, 382.0976701171875, 382.6548504882812, 385.2873757324219, 387.70383041992187, 388.09146337890627, 389.7620423828125, 391.5310153808594, 393.1651237792969, 394.54351899414064, 395.7032763671875, 397.55105776367185, 400.01407529296876, 400.86756962890627, 402.4715771484375, 405.27506865234375, 406.60739521484373, 408.597507421875, 410.5339057128906, 411.7230599609375, 414.30256342773436, 415.8111283203125, 418.00976157226563, 420.15817358398436, 421.48089975585935]], "valid_losses": [[373.20491044921874, NaN, NaN, NaN, NaN, NaN, NaN, NaN, NaN, NaN, NaN, NaN, NaN, NaN, NaN, NaN, NaN, NaN, NaN, NaN, NaN, NaN, NaN, NaN, 357.87050266113283, NaN, NaN, NaN, NaN, NaN, NaN, 360.16125895385744, NaN, NaN, NaN, 372.1808213867188, 375.7407554321289, 376.3633382446289, 373.9629407897949, 377.83277634277346, 381.3288758972168, 388.08315455322264, 397.16086502685545, 393.4715394287109, 394.14142592773436, 404.9601751586914, 397.5608862060547, 398.9664056396484, 396.2044558349609, 398.48498289794924, 402.1911140014648, 401.64802495117186, 399.3589518310547, 399.8971781982422]], "train_accs": [[1.4324999999999999, 2.32, 3.3375000000000004, 3.955, 4.45, 4.91, 5.244999999999999, 5.5325, 5.8950000000000005, 6.282500000000001, 6.6725, 7.03, 7.5775, 7.925, 8.175, 8.412500000000001, 8.9375, 9.185, 9.325, 9.6425, 9.887500000000001, 10.127500000000001, 10.39, 10.595, 10.9125, 11.145, 11.2425, 11.5575, 11.955, 12.1, 12.3575, 12.7775, 12.812499999999998, 12.995000000000001, 13.23, 13.54, 13.780000000000001, 13.81, 14.1875, 14.347499999999998, 14.530000000000001, 14.795, 14.99, 15.1275, 15.395, 15.7625, 15.717500000000001, 16.085, 16.175, 16.5825, 16.8875, 17.01, 16.98, 17.1225]], "valid_accs": [[1.7999999999999998, 2.78, 3.38, 3.9899999999999998, 4.38, 4.61, 5.07, 5.53, 5.57, 6.419999999999999, 6.83, 6.92, 7.24, 7.5, 8.12, 8.37, 8.459999999999999, 9.120000000000001, 9.24, 9.370000000000001, 9.71, 10.209999999999999, 10.45, 10.59, 10.489999999999998, 11.200000000000001, 11.03, 11.450000000000001, 11.68, 11.78, 12.3, 11.87, 12.479999999999999, 12.950000000000001, 12.85, 12.920000000000002, 13.05, 13.320000000000002, 13.719999999999999, 13.83, 13.669999999999998, 14.000000000000002, 14.360000000000001, 14.2, 14.649999999999999, 14.790000000000001, 14.95, 15.340000000000002, 15.440000000000001, 15.78, 15.55, 16.07, 16.16, 16.189999999999998]], "train_times": [[199.59635210037231, 197.43387293815613, 195.15127444267273, 196.05265426635742, 196.1934461593628, 195.16470670700073, 192.59701204299927, 192.4267122745514, 192.13899493217468, 192.23347210884094, 192.87158131599426, 192.6841208934784, 192.89029049873352, 192.4379940032959, 192.45274710655212, 197.9672212600708, 193.58504629135132, 194.52726674079895, 191.461364030838, 194.72582983970642, 195.6688871383667, 192.50709414482117, 192.33651971817017, 196.03914380073547, 193.97152090072632, 187.8769338130951, 188.9749472141266, 187.53204250335693, 187.02993607521057, 191.97996735572815, 192.05348229408264, 191.5959107875824, 190.31812071800232, 190.59878635406494, 196.8177149295807, 197.42582869529724, 198.7062599658966, 198.65444660186768, 194.67564964294434, 197.68787670135498, 197.35927438735962, 198.2380633354187, 197.31401681900024, 196.67451882362366, 196.83607721328735, 196.86888074874878, 195.21754360198975, 199.8444390296936, 202.7674102783203, 204.24718642234802, 194.77991843223572, 194.28518557548523, 205.01696968078613, 206.1937038898468]], "valid_times": [[45.76884865760803, 46.87381434440613, 45.47293305397034, 45.47248315811157, 46.652849197387695, 43.90667963027954, 45.20054769515991, 45.42462110519409, 45.20613932609558, 45.56064200401306, 44.5084502696991, 45.48225140571594, 44.76153898239136, 44.345571517944336, 45.52981615066528, 45.83233141899109, 46.12973141670227, 45.92295289039612, 46.140342235565186, 45.72073936462402, 45.77555322647095, 44.58528685569763, 45.82631850242615, 46.254180908203125, 46.434025049209595, 44.86272048950195, 44.70722794532776, 44.80921506881714, 45.26405572891235, 44.48913216590881, 44.81958317756653, 44.77931261062622, 44.7930543422699, 45.602081537246704, 46.301865100860596, 46.891844749450684, 46.53813624382019, 45.65475296974182, 46.43465518951416, 45.821656465530396, 45.60618495941162, 46.55732250213623, 46.49382710456848, 45.51397228240967, 46.201956033706665, 45.50629210472107, 46.31020784378052, 48.05472016334534, 47.166242361068726, 48.90716361999512, 45.15743613243103, 48.780861377716064, 47.04416489601135, 47.441107988357544]], "test_accuracy": 18.11, "convergence_iteration": 54}}