{"config": {"train_options": {"learning_rate": 0.05, "optimizer": "SGD", "batch_size": 128, "number_of_epochs": 300, "loss_parameters": {"temperature": 15, "distillation_type": "FEATURE_LAST", "alpha": 0.9, "beta": 0.3}}}, "results": {"train_losses": [[107.54905934448242, 88.00339050903321, 99.93837410888672, 115.43688676757813, 127.62326064453126, 136.57547099609374, 144.7142053955078, 150.8161288330078, 156.0578680053711, 161.00546591796876, 166.07675063476563, 171.10985797119142, 175.12431475830078, 179.05152907714844, 182.13732994384765, 185.44478930664062, 188.5653697998047, 191.8902740234375, 194.61194169921876, 197.03414541015624, 199.40392102050782, 201.66942985839844, 203.17978630371093]], "valid_losses": [[NaN, NaN, 107.824753515625, 119.04568107299805, 134.81230064697266, 144.83908001708986, 155.96178251953125, 158.12103916015624, 161.68581416015624, 170.1217376159668, 174.47754018554687, 179.37790245361327, 180.38806619873046, 183.37961373291014, 189.2205559814453, 192.2552934814453, 195.00603084716798, 194.8522094116211, 197.9102827392578, 200.02894614257812, 204.027889453125, 205.46508780517578, 207.7044775024414]], "train_accs": [[3.795, 8.21, 10.827499999999999, 13.025, 15.162500000000001, 16.9775, 18.65, 20.2575, 21.762500000000003, 23.265, 24.7175, 26.1625, 27.4775, 28.9375, 29.95, 31.695, 32.9225, 34.5675, 35.74, 36.99, 38.3925, 39.6725, 40.6725]], "valid_accs": [[5.9799999999999995, 9.629999999999999, 11.67, 13.65, 15.329999999999998, 17.36, 18.12, 19.84, 21.529999999999998, 22.31, 23.65, 24.59, 25.2, 26.840000000000003, 27.05, 30.89, 30.470000000000002, 31.15, 33.22, 33.77, 35.480000000000004, 35.83, 36.04]], "train_times": [[132.2051067352295, 129.02338552474976, 129.28282618522644, 130.51817774772644, 129.34618639945984, 127.68776297569275, 128.77342462539673, 131.30896759033203, 129.1781234741211, 131.18158102035522, 127.34761261940002, 131.34089398384094, 130.4241828918457, 129.7068886756897, 129.75428295135498, 128.36687111854553, 130.71840262413025, 129.5404772758484, 131.6809070110321, 129.4091351032257, 128.72911286354065, 130.45069861412048, 127.60714483261108]], "valid_times": [[25.936638832092285, 26.44920802116394, 24.73556900024414, 26.29894709587097, 25.132984161376953, 27.003825426101685, 24.58453631401062, 25.233131885528564, 25.817809104919434, 24.406044244766235, 24.348253965377808, 25.403003215789795, 26.99245810508728, 25.16542339324951, 26.199227571487427, 25.738468408584595, 24.137940883636475, 25.872975826263428, 26.404269695281982, 27.320868968963623, 25.225106716156006, 26.17403507232666, 26.272321462631226]], "test_accuracy": 36.870000000000005, "convergence_iteration": 23}}