{"config": {"train_options": {"learning_rate": 0.05, "optimizer": "SGD", "batch_size": 128, "number_of_epochs": 300, "loss_parameters": {"temperature": 15, "distillation_type": "FEATURE_LAST", "alpha": 0.8, "beta": 0.4}}}, "results": {"train_losses": [[NaN, NaN, NaN, 109.74972336425782, 131.83819150390624, 149.55882947998046, 165.08323223876954, 180.77894835205078, 194.44776271972657, 204.65062338867187, 213.7887659667969, 221.51759575195314, 228.52655593261719, 234.5889725830078, 239.95934096679687, 244.504264453125, 248.63422023925781, 253.0826569091797, 256.82727268066407, 260.6834751708984, 263.8616747558594, 267.1994595703125, 269.60997099609375, 272.2945532470703, 274.18023515625, 276.2266427001953, 279.1491452392578, 280.1954878173828]], "valid_losses": [[NaN, NaN, NaN, NaN, NaN, NaN, 150.68901159667968, 137.63333770751953, 163.85575744628906, 178.7330876525879, 198.62218958740235, 203.37597403564453, 216.3292975341797, 228.07416799316405, 234.91032514648438, 241.05307598876954, 243.33029239501954, 250.15746435546876, 256.36964633789063, 251.83112707519533, 261.5352174682617, 263.87756872558595, 267.8302333862305, 270.3082077636719, 272.7710451416016, 276.9613245727539, 274.51286323242186, 279.73454134521484]], "train_accs": [[3.9375, 9.065, 12.495000000000001, 15.27, 18.240000000000002, 20.697499999999998, 23.4675, 25.717499999999998, 28.1675, 30.48, 32.255, 33.629999999999995, 35.8425, 37.4475, 38.93, 40.4725, 41.5275, 42.932500000000005, 44.1975, 45.36, 46.7975, 47.82, 48.3675, 49.5475, 50.4625, 51.334999999999994, 52.1875, 53.14]], "valid_accs": [[6.35, 10.549999999999999, 12.379999999999999, 14.44, 17.2, 20.18, 22.79, 25.069999999999997, 26.150000000000002, 27.900000000000002, 29.84, 29.609999999999996, 31.180000000000003, 33.160000000000004, 34.08, 32.440000000000005, 35.07, 37.51, 38.04, 36.83, 38.690000000000005, 38.21, 40.400000000000006, 39.17, 42.65, 44.03, 43.18, 43.7]], "train_times": [[192.89777302742004, 192.9503893852234, 192.3747673034668, 193.25754928588867, 192.6635057926178, 192.96001935005188, 190.87491273880005, 191.8012137413025, 198.11841130256653, 199.04469513893127, 199.49531531333923, 200.51056933403015, 200.22909498214722, 199.53197360038757, 199.69599533081055, 199.21392846107483, 199.06049418449402, 199.58393239974976, 199.9973964691162, 198.98280882835388, 199.2581286430359, 196.31972360610962, 197.7051022052765, 196.5666642189026, 196.99984288215637, 195.92136144638062, 196.3457579612732, 189.65239334106445]], "valid_times": [[45.46415853500366, 45.02161645889282, 44.447187185287476, 45.61553764343262, 45.09364724159241, 45.24141526222229, 44.938594579696655, 45.54251480102539, 46.59818625450134, 46.24658679962158, 47.117510080337524, 46.66268539428711, 47.25256323814392, 46.90913152694702, 45.950597047805786, 46.56526231765747, 46.10229182243347, 46.45513319969177, 46.11209774017334, 47.80423164367676, 46.21357822418213, 46.44257616996765, 45.80129265785217, 46.138394832611084, 46.18462562561035, 46.12882852554321, 45.730565547943115, 44.999138593673706]], "test_accuracy": 45.800000000000004, "convergence_iteration": 28}}