{"config": {"train_options": {"learning_rate": 0.005, "optimizer": "SGD", "batch_size": 128, "number_of_epochs": 300, "loss_parameters": {"temperature": 15, "distillation_type": "FEATURE_LAST", "alpha": 0.6, "beta": 0.1}}}, "results": {"train_losses": [[45.782315747070314, 43.18851372680664, 39.80575262145996, 38.99445556335449, 38.79944503479004, 39.084585299682615, 39.429525933837894, 39.529448461914065, 39.511024755859374, 39.05873112487793, 39.090572665405276, 39.08691251220703, 39.078601559448245, 39.62394657592773, 40.13401466064453, 40.7156611328125, 41.23438409423828, 41.96824888305664, 42.30955178527832, 42.66074963378906, 42.87509715576172, 43.0327020690918, 43.06245308837891, 43.0252556274414, 43.07908178100586]], "valid_losses": [[39.44609827880859, 40.38816952819824, 40.63430997467041, 35.48140863647461, 33.687743872070314, 37.20273735656738, 38.46102736816406, 39.33158083343506, 38.847992401123044, 37.14897100372315, 40.2232437210083, 39.781393040466305, 38.697798094177244, 39.947632275390625, 38.973463607788084, 41.17721107330322, 42.201484225463865, 41.564845631408694, 44.63697874603272, 44.2002931427002, 45.14766092681885, 44.5311285736084, 42.13622203979492, 41.86974750213623, 43.75182080078125]], "train_accs": [[2.0774999999999997, 4.7524999999999995, 7.46, 9.4875, 11.015, 12.2675, 13.225000000000001, 14.685, 15.6225, 16.8225, 17.6475, 18.8425, 19.735, 20.702499999999997, 21.5375, 22.4725, 23.4925, 24.43, 25.2925, 26.327499999999997, 27.0775, 28.2275, 28.6925, 30.117500000000003, 30.645]], "valid_accs": [[3.9899999999999998, 6.65, 8.81, 10.280000000000001, 11.68, 12.97, 13.489999999999998, 14.469999999999999, 15.06, 15.82, 16.5, 17.96, 18.69, 19.62, 20.75, 21.89, 22.62, 22.78, 24.25, 24.98, 25.369999999999997, 26.1, 26.41, 28.37, 28.73]], "train_times": [[123.63180446624756, 122.54847288131714, 122.45089650154114, 124.54332137107849, 123.8389356136322, 124.0202944278717, 123.82515144348145, 124.154953956604, 121.76959419250488, 124.4205572605133, 124.0356695652008, 123.42322707176208, 123.23470211029053, 123.39732694625854, 122.96751666069031, 124.83164811134338, 123.86350154876709, 122.99048495292664, 122.78147840499878, 123.92194056510925, 123.13592958450317, 123.53287601470947, 124.68135476112366, 123.84616899490356, 123.32394742965698]], "valid_times": [[24.289501667022705, 24.261966466903687, 24.73200297355652, 24.58276128768921, 23.900851726531982, 23.83991050720215, 24.348692893981934, 23.846980810165405, 24.11474061012268, 23.915297269821167, 24.091713905334473, 24.157716751098633, 24.992002248764038, 23.820071697235107, 24.747312307357788, 23.53028678894043, 23.76061177253723, 24.305124044418335, 24.686447858810425, 23.990966796875, 24.21756672859192, 24.372401237487793, 24.286678075790405, 24.09329342842102, 24.374788284301758]], "test_accuracy": 29.9, "convergence_iteration": 25}}