{"config": {"train_options": {"learning_rate": 0.005, "optimizer": "SGD", "batch_size": 128, "number_of_epochs": 300, "loss_parameters": {"temperature": 5, "distillation_type": "FEATURE_LAST", "alpha": 0.9, "beta": 0.2}}}, "results": {"train_losses": [[84.12917926635743, 83.53999090576171, 82.88676019897461, 78.39161629638672, 72.24817101440429, 68.08366768188476, 64.51647119750976, 61.338623046875, 59.74731840209961, 58.64681170043945, 58.41567235717773, 58.08644694213867, 58.51125681762695, 58.91865571899414, 59.5711208984375, 60.13901905517578, 60.597970391845706, 61.21119662475586, 61.33064166870117, 61.55558095703125, 61.33406684570313, 61.68123688964844, 61.48729430541992, 61.96287477416992, 62.41705014648438, 62.50492896118164, 63.58623327636719, 63.99988461303711, 64.62181795043945, 65.23212075805664, 66.3155555053711, 67.21144384155274, 68.05636895751954, 69.17358719482422, 69.95257725219727, 71.00908899536132, 72.14822978515625, 72.89516752929687, 73.49625663452149, 74.59321802978516, 75.48566397705078, 76.70349673461914, 77.39241059570313, 78.0152256652832, 78.95578298950196, 80.14129285278321, 80.95855631713867, 81.83148427124023, 82.82048063354492, 83.72073106079101, 84.58787954711914, 85.4271026550293, 85.97875965576172, 86.99251797485351, 87.89585852661133]], "valid_losses": [[NaN, NaN, NaN, NaN, NaN, NaN, NaN, NaN, NaN, NaN, NaN, NaN, NaN, NaN, NaN, NaN, NaN, NaN, NaN, NaN, NaN, NaN, NaN, 64.62321101837158, NaN, NaN, NaN, NaN, NaN, NaN, NaN, NaN, 70.98405709533691, 69.74042281341552, 74.31093935852051, 72.866151171875, 70.50940592651367, NaN, 75.88642714233399, 76.7916896911621, 77.99263153686523, NaN, 78.32762378540039, 77.32485742797851, 78.52113240966797, 78.82597286376954, 77.98021717529296, NaN, 77.73671261901856, 80.01755094833374, 81.12683843688964, 85.05867501220703, 85.8093738494873, 87.04855195617675, 84.54498164367676]], "train_accs": [[1.8825, 2.8899999999999997, 3.385, 3.9524999999999997, 4.55, 5.1450000000000005, 5.680000000000001, 6.39, 6.592499999999999, 7.265000000000001, 7.739999999999999, 8.067499999999999, 8.5725, 8.9425, 9.5075, 10.1525, 10.4225, 10.6375, 11.2125, 11.5175, 11.8925, 12.23, 12.659999999999998, 13.025, 13.267499999999998, 13.567499999999999, 13.792499999999999, 14.122499999999999, 14.4225, 14.765, 14.979999999999999, 15.3975, 15.805, 16.04, 16.0425, 16.4825, 16.8625, 17.0375, 17.2525, 17.419999999999998, 17.447499999999998, 17.837500000000002, 18.085, 18.529999999999998, 18.545, 18.81, 19.09, 19.317500000000003, 19.59, 19.9725, 19.9725, 20.1625, 20.552500000000002, 20.7425, 21.0075]], "valid_accs": [[2.6599999999999997, 3.3300000000000005, 3.6900000000000004, 4.3, 4.72, 5.38, 5.94, 6.370000000000001, 6.93, 7.61, 8.07, 8.290000000000001, 8.94, 9.43, 9.92, 10.290000000000001, 10.84, 11.540000000000001, 11.5, 12.06, 12.46, 12.58, 12.78, 13.19, 13.209999999999999, 13.66, 14.57, 14.540000000000001, 14.92, 14.84, 15.65, 15.479999999999999, 16.34, 15.959999999999999, 16.39, 16.669999999999998, 16.509999999999998, 16.85, 17.19, 17.71, 17.75, 18.43, 17.91, 18.6, 18.47, 19.09, 19.02, 18.62, 19.62, 19.5, 20.03, 19.68, 20.169999999999998, 20.349999999999998, 20.150000000000002]], "train_times": [[201.42089891433716, 199.03688549995422, 204.10925936698914, 204.7342405319214, 195.8376533985138, 196.44614839553833, 196.05311059951782, 195.38697934150696, 196.83147144317627, 197.96101117134094, 198.01303577423096, 200.04808902740479, 198.15696024894714, 197.21376299858093, 199.72702026367188, 195.71607065200806, 199.50126338005066, 199.79010653495789, 194.5726957321167, 200.14812445640564, 197.92946934700012, 198.40105533599854, 198.61359572410583, 195.50755500793457, 195.38503217697144, 196.1490125656128, 194.85564374923706, 198.71706175804138, 196.276859998703, 198.01487803459167, 196.1811225414276, 197.46806168556213, 198.78770470619202, 195.9750657081604, 199.45157933235168, 198.25702261924744, 199.67762112617493, 197.37943959236145, 197.79943871498108, 198.44539260864258, 197.61217641830444, 199.41574501991272, 199.13631677627563, 194.7674868106842, 197.3131787776947, 198.2890646457672, 197.70951533317566, 198.21091985702515, 195.59051966667175, 198.9193832874298, 197.87344431877136, 195.33425045013428, 198.07294058799744, 199.00193071365356, 197.5089271068573]], "valid_times": [[48.078765630722046, 48.101091623306274, 47.954668045043945, 47.751100301742554, 47.096386671066284, 46.592461347579956, 46.97186350822449, 46.50366806983948, 46.74743580818176, 47.15131592750549, 46.67702651023865, 46.83061718940735, 47.05957508087158, 46.64266109466553, 46.985820293426514, 46.894323110580444, 46.257761001586914, 46.94486904144287, 46.81670379638672, 46.241556882858276, 46.90938854217529, 46.80915451049805, 46.8382203578949, 47.1413688659668, 46.662394285202026, 46.555665493011475, 46.935686111450195, 44.60367178916931, 46.76418709754944, 47.20822095870972, 46.451412200927734, 46.591474771499634, 46.61382865905762, 46.73436498641968, 47.1766939163208, 47.051735162734985, 46.94865417480469, 47.247663736343384, 46.67261457443237, 46.689685344696045, 46.424206495285034, 46.56973648071289, 46.573506593704224, 46.72575879096985, 46.58108925819397, 46.745399713516235, 46.58211708068848, 46.374977111816406, 46.79365682601929, 47.2716498374939, 46.67788028717041, 46.700740337371826, 47.19051432609558, 46.5479199886322, 47.02305555343628]], "test_accuracy": 21.07, "convergence_iteration": 55}}