{"config": {"train_options": {"learning_rate": 0.005, "optimizer": "SGD", "batch_size": 128, "number_of_epochs": 300, "loss_parameters": {"temperature": 5, "distillation_type": "FEATURE_LAST", "alpha": 0.5, "beta": 0.5}}}, "results": {"train_losses": [[190.50903793945312, 182.87013278808593, 128.91513302001954, NaN, NaN, NaN, NaN, NaN, NaN, 113.08464086914063, 126.94041391601563, 136.42682056884766, 144.81372115478516, 151.80038159179688, 157.59852164306642, 162.5852367919922, 167.1442664794922, 168.48207568359376, 171.62125107421875, 174.86938427734376, 178.0371158203125, 180.33719443359374, 185.11132761230468, 189.07235620117189, 192.45767211914062, 197.02006181640624, 201.17332299804687, 205.10016369628906, 208.60225185546875, 211.46239621582032, 215.5508455810547, 218.30284921875, 221.69079553222656, 224.33247163085937, 226.7966615234375, 228.5129535644531, 229.57716955566406, 232.19968071289063, 233.3051807861328, 235.0945734375, 236.62718483886718, 238.34337648925782, 239.19271362304687, 240.8004056640625, 243.08437419433594]], "valid_losses": [[NaN, NaN, NaN, NaN, NaN, NaN, NaN, NaN, NaN, NaN, NaN, NaN, NaN, NaN, NaN, 157.40216911621093, NaN, NaN, NaN, NaN, NaN, NaN, NaN, NaN, 153.80409420166015, 175.64211535644532, 181.17804656982423, 176.23102540283202, 195.73977563476564, 183.6363013305664, 199.51332225341798, 198.50825637207032, 203.72315084228515, 194.44790369873047, 213.0490701904297, 216.53032493896484, 220.30646749267578, 219.60042263183593, 225.96958853759764, 218.0027396118164, 217.52353365478515, 219.24532835693358, 217.3132206298828, 221.51654301757813, 228.262817578125]], "train_accs": [[1.53, 3.3674999999999997, 4.6475, 6.2775, 7.8125, 9.307500000000001, 10.702499999999999, 11.92, 12.657499999999999, 13.525, 13.969999999999999, 14.677499999999998, 15.625, 16.2275, 16.794999999999998, 17.7325, 18.52, 19.4025, 20.27, 21.0625, 22.125, 22.9375, 23.6675, 24.4275, 25.235000000000003, 25.777499999999996, 26.39, 27.26, 27.705000000000002, 28.64, 29.312500000000004, 29.9025, 30.3, 30.7925, 31.285, 32.23, 32.5675, 33.32, 33.43, 34.0725, 34.7675, 35.3175, 35.86, 36.385, 36.79]], "valid_accs": [[3.04, 4.36, 5.46, 7.55, 8.85, 9.89, 11.39, 11.98, 13.07, 13.780000000000001, 14.13, 15.14, 15.25, 16.220000000000002, 17.380000000000003, 18.16, 18.23, 19.11, 20.18, 20.44, 21.790000000000003, 22.39, 23.200000000000003, 23.94, 24.93, 25.89, 25.89, 26.77, 27.18, 27.55, 28.95, 28.68, 29.21, 29.99, 29.830000000000002, 30.659999999999997, 31.5, 31.85, 31.900000000000002, 32.33, 32.97, 33.19, 33.660000000000004, 34.510000000000005, 35.14]], "train_times": [[185.3911771774292, 185.81490659713745, 186.8760540485382, 188.08623814582825, 186.99108362197876, 187.0289967060089, 186.7700662612915, 186.84884071350098, 184.6798460483551, 186.00939512252808, 186.64724564552307, 186.86868405342102, 185.21868181228638, 186.64845085144043, 186.32393050193787, 187.07042455673218, 186.65995573997498, 185.90714263916016, 185.6617398262024, 187.15584349632263, 186.76619720458984, 187.16598439216614, 185.82430219650269, 187.35412001609802, 186.650372505188, 191.89439821243286, 185.81184887886047, 183.0028111934662, 185.67428827285767, 183.98253226280212, 186.01481890678406, 186.68351864814758, 186.8781681060791, 187.39106583595276, 186.72829127311707, 185.56674909591675, 186.83610272407532, 186.85618138313293, 187.02754092216492, 189.13498067855835, 186.35952973365784, 185.76693892478943, 186.24390411376953, 186.77502489089966, 185.45319414138794]], "valid_times": [[44.06564426422119, 43.98858976364136, 44.90965151786804, 44.35745859146118, 44.12079215049744, 44.296664237976074, 44.908535957336426, 44.13408398628235, 44.861950635910034, 44.224082946777344, 43.87016296386719, 43.94114112854004, 44.00002598762512, 44.12852668762207, 44.00260519981384, 44.02102303504944, 43.990636587142944, 43.95918130874634, 44.28118324279785, 44.43067121505737, 44.57014441490173, 44.973620891571045, 44.44055509567261, 43.95915746688843, 45.933152198791504, 44.9409441947937, 44.60621929168701, 44.00510931015015, 43.873270750045776, 45.01356768608093, 44.2652370929718, 44.27056002616882, 44.32224130630493, 44.244741439819336, 43.974098682403564, 44.78760051727295, 44.22330284118652, 44.163700580596924, 44.20522165298462, 43.85565948486328, 44.10705089569092, 43.95706915855408, 43.94324612617493, 44.130746603012085, 44.00461435317993]], "test_accuracy": 34.65, "convergence_iteration": 45}}