{"config": {"train_options": {"learning_rate": 0.01, "optimizer": "SGD", "batch_size": 128, "number_of_epochs": 300, "loss_parameters": {"temperature": 15, "distillation_type": "FEATURE_LAST", "alpha": 0.3, "beta": 0.7}}}, "results": {"train_losses": [[232.52440380859375, 181.69922291259766, 160.8459918701172, NaN, 175.87355791015625, 192.69412641601562, 207.7808875, 219.29278920898437, 230.67021779785156, 238.80178283691407, 247.90874992675782, 258.3422664550781, 267.17855002441405, 272.7299239746094, 278.7892001220703, 283.61137749023436, 287.0444443847656, 290.285876953125, 296.02192517089844, 300.3722703125, 304.57822568359376, 308.4839651611328, 314.5856487548828, 317.5898881103516, 321.2214227783203, 324.64961955566406, 328.49672282714846, 332.88142153320314]], "valid_losses": [[NaN, NaN, NaN, NaN, NaN, 250.15533731079103, NaN, 239.212602935791, 254.5519194458008, 248.18555712738038, 270.60826671142576, 248.38188901367187, 284.1341655883789, 287.2610007080078, 285.9972423706055, 304.2201335693359, 301.1276305175781, 296.30031055908205, 294.68167459716796, 304.8699400634766, 311.2306333618164, 317.01230748291016, 312.24501575927735, 320.22575319824216, 325.90247545166017, 318.6415770629883, 317.1211786865234, 327.77259272460935]], "train_accs": [[2.5149999999999997, 4.95, 7.66, 9.852500000000001, 11.49, 12.9725, 14.5175, 15.615000000000002, 17.0575, 18.060000000000002, 19.03, 20.055, 21.205, 22.3125, 23.43, 24.4175, 25.52, 26.435, 27.492499999999996, 28.6325, 29.6625, 30.447499999999998, 31.41, 32.07, 32.8625, 33.45, 34.5375, 35.66]], "valid_accs": [[3.61, 6.01, 8.55, 10.08, 11.31, 12.61, 13.469999999999999, 14.59, 15.939999999999998, 17.169999999999998, 18.18, 19.259999999999998, 20.0, 21.099999999999998, 21.89, 21.740000000000002, 23.51, 23.549999999999997, 24.86, 26.400000000000002, 26.85, 27.36, 28.110000000000003, 30.080000000000002, 30.39, 30.869999999999997, 30.42, 32.6]], "train_times": [[182.94672083854675, 183.96075963974, 184.24050951004028, 184.15125584602356, 184.00543427467346, 184.3428249359131, 182.64047527313232, 184.2129147052765, 184.89599204063416, 183.52764415740967, 183.85520601272583, 183.759948015213, 184.29641556739807, 184.8155119419098, 184.62215971946716, 184.05170941352844, 183.8797595500946, 181.73452639579773, 183.24626541137695, 183.59373497962952, 184.19519424438477, 184.01677584648132, 183.61276626586914, 184.3962857723236, 182.85711693763733, 183.67794370651245, 184.530841588974, 184.01389503479004]], "valid_times": [[42.76717257499695, 43.26265048980713, 43.385178327560425, 42.51838755607605, 43.44323658943176, 43.516446352005005, 43.53585171699524, 43.48977446556091, 43.22723054885864, 43.391711950302124, 43.807769775390625, 43.97812557220459, 42.88327622413635, 43.12220859527588, 43.18244981765747, 43.58478665351868, 42.60165095329285, 43.615532636642456, 43.38963556289673, 43.62430381774902, 43.660290241241455, 43.522324323654175, 42.19013237953186, 43.77926540374756, 42.49833273887634, 42.499202251434326, 43.56416988372803, 43.65126895904541]], "test_accuracy": 33.35, "convergence_iteration": 28}}