{"config": {"train_options": {"learning_rate": 0.01, "optimizer": "SGD", "batch_size": 128, "number_of_epochs": 300, "loss_parameters": {"temperature": 15, "distillation_type": "FEATURE_LAST", "alpha": 0.7, "beta": 0.7}}}, "results": {"train_losses": [[263.4432258789063, 213.089453515625, 190.4127065185547, 177.53837761230469, 173.46622421875, 179.72515756835938, 185.97936110839845, 188.24247026367186, 192.7874818847656, 196.29783293457032, 204.0820615234375, 211.566378125, 219.9845705078125, 230.9173452392578, 240.35581025390624, 248.80650563964844, 258.44649086914063, 265.2245720458984, 272.43953330078125, 279.8270817626953, 285.2632755615234, 290.2948255371094, 297.35542783203124, 302.10303984375, 308.40841564941405, 313.52169240722657, 318.6107868896484, 324.10349990234374, 329.15060341796874, 334.44631201171876, 339.5634635253906, 343.75052265625, 349.0565486328125, 353.2387310546875, 357.63896904296877, 362.3968659667969, 367.30740747070314, 370.84233969726563, 374.17097026367185, 376.752184375, 379.83338676757813, 383.5264897460938, 385.80508935546874]], "valid_losses": [[NaN, NaN, NaN, NaN, NaN, NaN, NaN, NaN, NaN, NaN, NaN, NaN, NaN, NaN, NaN, NaN, NaN, NaN, NaN, 276.20649119262697, NaN, 275.0918699707031, NaN, 297.48573217773435, 289.909459967041, 311.1574373413086, 321.2363468261719, 311.22440427246096, 334.318415637207, 331.8347170410156, 336.55018737792966, 336.23732795410154, 345.38596213378906, 344.26376206054687, 353.0882789550781, 359.58628349609376, 360.17678146972656, 366.45284826660156, 369.50651511230467, 371.68186318359375, 371.9959289550781, 376.47416879882815, 379.4059663330078]], "train_accs": [[2.175, 3.7375, 4.9375, 5.91, 7.242500000000001, 8.6675, 9.75, 10.764999999999999, 11.6525, 12.1975, 13.1075, 13.777500000000002, 14.442499999999999, 14.7525, 15.507499999999999, 16.215, 16.7075, 17.385, 18.1375, 18.675, 19.2, 19.93, 20.702499999999997, 21.197499999999998, 21.682499999999997, 22.317500000000003, 22.775000000000002, 23.36, 23.995, 24.404999999999998, 25.0925, 25.71, 26.3075, 26.982499999999998, 27.229999999999997, 27.8075, 28.51, 28.985, 29.5425, 29.685, 30.485, 30.922500000000003, 31.2325]], "valid_accs": [[2.87, 4.67, 5.56, 6.859999999999999, 8.290000000000001, 9.610000000000001, 10.280000000000001, 11.26, 12.23, 12.94, 13.41, 14.180000000000001, 14.760000000000002, 15.06, 15.740000000000002, 16.11, 16.869999999999997, 17.130000000000003, 18.12, 17.77, 19.37, 19.68, 20.24, 20.87, 20.73, 21.88, 21.45, 22.24, 22.75, 24.07, 23.77, 24.63, 25.31, 25.629999999999995, 26.179999999999996, 26.939999999999998, 27.38, 27.650000000000002, 28.43, 28.52, 29.060000000000002, 29.14, 29.849999999999998]], "train_times": [[118.60029649734497, 118.56744360923767, 122.29562783241272, 122.4892086982727, 124.09747457504272, 124.23297333717346, 124.2672872543335, 120.92449927330017, 120.54983878135681, 120.74526190757751, 120.72381091117859, 120.36407828330994, 119.30313110351562, 117.47577095031738, 117.75081729888916, 122.15261483192444, 121.08836770057678, 121.36610054969788, 121.73535442352295, 121.19987797737122, 118.72398352622986, 117.61337399482727, 117.36678504943848, 117.19543647766113, 117.18473243713379, 118.41561484336853, 117.91899824142456, 117.80715489387512, 118.15926432609558, 117.80664348602295, 117.82041549682617, 117.84033012390137, 117.84497928619385, 117.76687288284302, 118.04026079177856, 118.04943323135376, 117.84673142433167, 117.85395526885986, 118.03242921829224, 120.75822162628174, 119.19267153739929, 117.91868305206299, 118.80435991287231]], "valid_times": [[27.191574811935425, 29.904457807540894, 27.94246482849121, 28.332195520401, 28.66737174987793, 27.994815826416016, 27.718308687210083, 27.601502895355225, 27.540974140167236, 27.822361946105957, 27.58238410949707, 27.936177015304565, 26.99825930595398, 27.124181032180786, 26.934093713760376, 27.376512050628662, 29.153908252716064, 27.51131558418274, 27.6464684009552, 28.29277539253235, 26.922560691833496, 26.951756477355957, 26.939008951187134, 26.86275839805603, 26.94127368927002, 27.079546689987183, 27.071776390075684, 27.099663496017456, 27.138126373291016, 27.07443070411682, 27.00902509689331, 27.0565824508667, 27.05036973953247, 27.10299587249756, 27.026280641555786, 27.089519262313843, 27.045449018478394, 27.05354142189026, 27.049068927764893, 27.37914752960205, 27.04414701461792, 27.11464762687683, 27.375062465667725]], "test_accuracy": 30.580000000000002, "convergence_iteration": 43}}