{"config": {"train_options": {"learning_rate": 0.01, "optimizer": "SGD", "batch_size": 128, "number_of_epochs": 300, "loss_parameters": {"temperature": 20, "distillation_type": "FEATURE_LAST", "alpha": 0.8, "beta": 0.3}}}, "results": {"train_losses": [[121.00714752197266, 104.76427005615234, 88.10666608886719, 83.36143923339844, 81.50197285766602, 83.3868348815918, 85.4777489440918, 90.83654578247071, 96.55888416748047, 101.59696204223633, 106.18159523925782, 110.76442340087891, 114.88333262939453, 118.69410958251953, 122.24577709960937, 125.22487166748047, 127.68573115234375, 130.0570708984375, 131.95915615234375, 134.78427879638673, 136.03028752441406, 138.1936786743164, 139.85599783935547, 141.87181652832032, 143.68158919677734, 145.08148099365235, 146.96849318847657, 148.37386947021486, 149.51824072265626]], "valid_losses": [[NaN, NaN, NaN, NaN, NaN, NaN, NaN, NaN, 100.79345853881836, 112.31887489013671, 115.65071170654296, 121.91581748352051, 126.79576021118164, 127.43799022827149, 130.94122212524414, 132.47775465698243, 131.36874461669922, 135.07554438476564, 136.07279395751954, 141.23799920654298, 141.01412393798827, 141.21786052246094, 142.95365440063478, 144.11313213500978, 150.07644272460936, 150.23587084350586, 149.1614765136719, 153.33533289794923, 151.75061717529297]], "train_accs": [[2.36, 4.5975, 6.987500000000001, 8.7075, 9.85, 11.047500000000001, 12.1625, 12.782499999999999, 13.737499999999999, 14.685, 15.315000000000001, 16.142500000000002, 16.7825, 17.39, 18.4125, 19.0775, 19.67, 20.227500000000003, 20.9775, 21.5525, 22.482499999999998, 23.05, 23.827499999999997, 24.355, 25.0525, 25.7275, 26.1775, 26.855, 27.737499999999997]], "valid_accs": [[3.3099999999999996, 6.54, 8.290000000000001, 9.27, 10.57, 11.81, 12.740000000000002, 13.600000000000001, 14.829999999999998, 14.979999999999999, 16.35, 16.27, 17.11, 17.86, 17.96, 18.92, 19.46, 20.73, 20.96, 21.78, 21.82, 22.45, 23.3, 24.0, 24.62, 25.25, 25.47, 25.540000000000003, 26.71]], "train_times": [[116.78395438194275, 116.68395209312439, 116.54733467102051, 116.63926887512207, 116.56680107116699, 116.77442240715027, 116.65789222717285, 116.71740937232971, 116.61895632743835, 116.67716360092163, 116.62385511398315, 117.00424718856812, 116.67480993270874, 116.6797742843628, 116.58835077285767, 116.67894887924194, 116.63568949699402, 116.81718945503235, 116.5371150970459, 116.50573492050171, 116.62168049812317, 116.6404287815094, 116.8196165561676, 116.54371786117554, 116.76726627349854, 116.60937857627869, 116.76320791244507, 116.596435546875, 116.85207414627075]], "valid_times": [[26.659997701644897, 26.58569073677063, 26.63203263282776, 26.54967761039734, 26.620030879974365, 26.52500033378601, 26.587186574935913, 26.6455340385437, 26.55480432510376, 26.620209217071533, 26.617554664611816, 26.7391037940979, 26.581029891967773, 26.625516891479492, 26.614128589630127, 26.637556791305542, 26.633549213409424, 26.65651798248291, 26.59354567527771, 26.611571073532104, 26.578028917312622, 26.66654920578003, 26.61654567718506, 26.549537181854248, 26.60914134979248, 26.640520095825195, 26.57354211807251, 26.609519481658936, 26.652040719985962]], "test_accuracy": 26.82, "convergence_iteration": 29}}