{"config": {"train_options": {"learning_rate": 0.01, "optimizer": "SGD", "batch_size": 128, "number_of_epochs": 300, "loss_parameters": {"temperature": 5, "distillation_type": "FEATURE_LAST", "alpha": 0.1, "beta": 0.9}}}, "results": {"train_losses": [[419.99689658203124, 408.72916865234373, 369.6444864257812, 337.6567081542969, 336.9222503417969, 344.2738582763672, 352.7204521484375, 358.9516897216797, 362.16292963867187, 363.7068048828125, 366.18506787109374, 368.92084418945313, 370.62567250976565, 372.8902064941406, 373.11890009765625, 375.2722708984375, 377.984947265625, 381.5991378417969, 385.85124990234374, 390.4346571777344, 397.0088396484375, 402.8817738769531, 409.0706518066406, 415.8035536132812, 422.0544048339844, 427.6734611816406, 434.16003125, 440.14988959960937, 446.75397421875]], "valid_losses": [[NaN, NaN, NaN, NaN, NaN, NaN, NaN, NaN, 330.36116209716795, 337.94985703125, 341.49235803222655, 352.1413327758789, 345.9074681274414, 336.2040828979492, 342.253396472168, 359.7389417114258, 359.55489306640624, 367.9672039794922, 373.0918262451172, 381.7872438232422, 373.5132674072266, 389.6132692626953, 392.8233402099609, 405.66505246582034, 407.6007966796875, 413.7639360595703, 416.15677321777343, 431.43903383789063, 425.91844711914064]], "train_accs": [[1.2175, 1.955, 3.11, 4.9325, 6.2625, 7.3475, 8.3475, 9.4, 10.2975, 11.254999999999999, 12.342500000000001, 12.9575, 13.975000000000001, 14.615, 15.52, 15.995000000000001, 16.9825, 17.6175, 18.232499999999998, 18.759999999999998, 19.53, 20.2575, 20.6375, 21.2825, 22.03, 22.5575, 23.24, 23.6125, 24.3275]], "valid_accs": [[1.49, 2.75, 3.9, 5.41, 6.67, 8.129999999999999, 9.28, 10.299999999999999, 11.1, 11.97, 12.68, 13.450000000000001, 14.21, 14.979999999999999, 15.299999999999999, 16.509999999999998, 16.88, 17.919999999999998, 18.92, 19.220000000000002, 19.689999999999998, 20.49, 20.810000000000002, 21.45, 22.18, 22.720000000000002, 22.68, 23.25, 24.46]], "train_times": [[158.4960105419159, 157.21061992645264, 157.88794374465942, 157.4296760559082, 157.39337038993835, 157.97991728782654, 157.32712364196777, 157.7967517375946, 157.58719325065613, 157.04210782051086, 157.7292947769165, 157.39583683013916, 156.9009301662445, 157.85933351516724, 157.20697593688965, 157.47595310211182, 157.91263031959534, 157.02591848373413, 158.10783290863037, 158.123694896698, 157.69821214675903, 158.0422224998474, 157.50148105621338, 157.7976357936859, 157.82374739646912, 157.43584728240967, 158.48152589797974, 157.6536886692047, 157.29428482055664]], "valid_times": [[37.15227794647217, 37.07592582702637, 36.59321308135986, 37.2082736492157, 37.032344341278076, 37.001718282699585, 37.17420220375061, 36.84113073348999, 37.154780626297, 37.29425835609436, 36.82885694503784, 37.20486664772034, 37.09817576408386, 37.20427632331848, 37.212353229522705, 36.663713455200195, 37.18856930732727, 37.23262882232666, 37.085673332214355, 37.14516830444336, 37.13047814369202, 37.09474563598633, 37.18008732795715, 36.653403520584106, 37.166189670562744, 37.28329801559448, 36.62687373161316, 37.15978765487671, 37.11036515235901]], "test_accuracy": 23.66, "convergence_iteration": 29}}