{"config": {"train_options": {"learning_rate": 0.01, "optimizer": "SGD", "batch_size": 128, "number_of_epochs": 300, "loss_parameters": {"temperature": 10, "distillation_type": "FEATURE_LAST", "alpha": 0.9, "beta": 0.8}}}, "results": {"train_losses": [[341.00371682128906, 352.8663119140625, 359.9226602050781, 362.6342598144531, 364.87740180664065, 366.84404326171875, 369.07946069335935, 371.33879497070313, 374.6866093261719, 377.71649516601565, 380.37946064453126, 382.79245043945315, 384.57110234375, 383.97918720703126, 385.04805405273436, 385.6367248535156, 386.20007607421877, 387.14279755859377, 389.6139145019531, 392.0001228515625, 394.1749173828125, 397.88476357421877, 399.571748828125, 402.63359833984373, 405.476098046875, 408.37500283203127, 410.842710546875, 413.9912053222656]], "valid_losses": [[365.66983447265625, 369.9780133728027, 373.56018168945315, 376.5854891845703, 360.5607477783203, NaN, 353.3795448730469, 352.975957421875, 359.3946897705078, 362.5382514892578, 378.05124582519534, 381.55446818847656, 373.22819650878904, 377.1349874267578, 379.45779228515624, 382.22443837890626, 376.05584575195314, 378.3665131835937, 381.63001892089846, 385.45543693847657, 391.174203515625, 396.4999145019531, 398.10317517089845, 398.5575348388672, 399.7126009521484, 405.514221875, 403.8403354736328, 405.6768528320313]], "train_accs": [[1.05, 1.0999999999999999, 1.505, 1.745, 2.17, 2.6224999999999996, 2.855, 3.2, 3.7350000000000003, 4.1775, 4.5025, 4.7775, 5.04, 5.62, 5.865, 6.1975, 6.425, 6.6225000000000005, 7.0874999999999995, 7.2875, 7.455, 7.5575, 7.945, 8.305, 8.4225, 8.665000000000001, 8.81, 9.045]], "valid_accs": [[1.2, 1.41, 1.5599999999999998, 1.8800000000000001, 2.63, 3.1399999999999997, 3.34, 3.8899999999999997, 4.4799999999999995, 4.81, 4.75, 4.93, 5.41, 5.92, 6.11, 6.38, 6.76, 6.88, 7.4399999999999995, 7.32, 7.68, 7.88, 8.17, 8.16, 8.52, 8.790000000000001, 8.86, 9.370000000000001]], "train_times": [[192.56199097633362, 191.95034885406494, 191.98660445213318, 192.30920839309692, 192.3868601322174, 191.62555766105652, 190.92095232009888, 191.76159858703613, 191.12424635887146, 191.84207820892334, 190.67610573768616, 191.29857444763184, 188.42383360862732, 191.54817080497742, 188.7092890739441, 189.51742792129517, 191.3403549194336, 190.65127611160278, 189.8390393257141, 192.38858461380005, 188.72623443603516, 188.41707491874695, 189.87634682655334, 188.69063639640808, 187.64099025726318, 185.8544306755066, 186.88071846961975, 189.35750150680542]], "valid_times": [[45.31967329978943, 45.0540246963501, 45.908637046813965, 45.188602924346924, 45.313361167907715, 44.89981245994568, 45.29803705215454, 45.22513818740845, 45.351163387298584, 45.21469068527222, 45.296738624572754, 45.20258688926697, 45.17365264892578, 45.02163314819336, 45.88658165931702, 45.1580650806427, 45.259063720703125, 44.92351722717285, 45.04761266708374, 45.205618381500244, 44.805649757385254, 44.69302582740784, 44.74393653869629, 44.639941692352295, 44.93524980545044, 44.52119040489197, 44.80026936531067, 44.62426161766052]], "test_accuracy": 9.67, "convergence_iteration": 28}}