{"config": {"train_options": {"learning_rate": 0.01, "optimizer": "SGD", "batch_size": 128, "number_of_epochs": 300, "loss_parameters": {"temperature": 5, "distillation_type": "FEATURE_LAST", "alpha": 0.7, "beta": 0.4}}}, "results": {"train_losses": [[162.3274034423828, 142.1674716430664, 133.88806400146484, 130.60082745361328, 133.48953104248048, 136.45646595458985, 140.67883985595702, 143.6205198852539, 146.1852138183594, 148.63529875488283, 149.57917886962892, 148.68554512939454, 148.54548737792967, 148.35881329345702, 147.92705356445313, 150.3225992919922, 153.5651546875, 155.46030100097656, 159.60599514160157, 163.08893439941406, 167.14520041503906, 170.82024733886718, 174.37713068847657, 178.24731203613283, 181.0932944091797, 183.29793403320312, 185.4846244140625, 187.68943715820313, 188.41869169921875, 189.94966267089845, 191.7064912109375, 192.34666579589845]], "valid_losses": [[NaN, NaN, NaN, NaN, NaN, NaN, NaN, NaN, NaN, NaN, 115.59801185913086, NaN, 126.59500005493165, 142.17415249023438, 153.96234756469727, 144.50792390136718, 148.53958059082032, 160.28831637573242, 159.4257689880371, 156.20135444335938, 161.88296615600586, 170.14631942138672, 171.84775418701173, 171.7730752441406, 174.24705543212892, 173.37784002685547, 177.65874837646484, 181.53846729736327, 182.51519953613283, 179.59507814941406, 187.67786798095702, 184.54873392333985]], "train_accs": [[2.085, 4.605, 6.645, 8.57, 10.0075, 11.65, 13.0575, 14.17, 15.492500000000001, 16.63, 17.655, 18.4875, 19.6475, 20.53, 21.5225, 22.537499999999998, 23.602500000000003, 24.6325, 25.285000000000004, 26.4475, 27.292499999999997, 28.115000000000002, 29.04, 29.74, 30.617499999999996, 31.39, 32.29, 32.99, 33.68, 34.582499999999996, 35.212500000000006, 35.917500000000004]], "valid_accs": [[3.4299999999999997, 5.949999999999999, 7.870000000000001, 9.67, 11.19, 12.41, 13.139999999999999, 14.05, 14.93, 16.939999999999998, 17.919999999999998, 18.459999999999997, 20.630000000000003, 20.62, 21.279999999999998, 22.6, 23.599999999999998, 24.07, 24.77, 25.759999999999998, 26.69, 26.900000000000002, 27.860000000000003, 28.249999999999996, 28.74, 29.39, 29.770000000000003, 30.259999999999998, 31.209999999999997, 31.869999999999997, 33.12, 32.68]], "train_times": [[117.4912633895874, 117.84690976142883, 118.01591897010803, 117.89735531806946, 117.93330836296082, 117.841792345047, 118.10409545898438, 117.69761824607849, 117.91560220718384, 117.85414099693298, 118.23304557800293, 117.87346768379211, 118.0487732887268, 118.15758109092712, 118.17463612556458, 117.99699687957764, 118.1576795578003, 118.13954544067383, 118.14214539527893, 118.12447261810303, 118.30409550666809, 117.90664339065552, 118.25462770462036, 118.2060649394989, 118.40082263946533, 118.15535235404968, 118.50431394577026, 118.31128215789795, 118.31130146980286, 118.40235304832458, 118.32830834388733, 118.38159370422363]], "valid_times": [[26.92755675315857, 27.02752995491028, 26.937140703201294, 26.940524578094482, 26.965124130249023, 27.02052879333496, 26.92099905014038, 26.98151445388794, 26.884998559951782, 26.958064794540405, 27.04704713821411, 26.9775128364563, 27.008044719696045, 27.012518405914307, 26.956517219543457, 26.969516038894653, 27.017000198364258, 27.00501585006714, 26.99655318260193, 27.0340735912323, 27.02104377746582, 26.988518476486206, 27.07902455329895, 27.0214204788208, 27.050307512283325, 27.038997888565063, 27.261561393737793, 27.015999794006348, 27.096155405044556, 27.085529565811157, 27.111672163009644, 27.094035625457764]], "test_accuracy": 34.239999999999995, "convergence_iteration": 32}}