{"config": {"train_options": {"learning_rate": 0.05, "optimizer": "SGD", "batch_size": 128, "number_of_epochs": 300, "loss_parameters": {"temperature": 20, "distillation_type": "FEATURE_LAST", "alpha": 0.9, "beta": 0.8}}}, "results": {"train_losses": [[362.84407294921874, 354.10282883300783, 358.83509711914064, 369.003363671875, 382.6450403320313, 397.31066572265627, 410.27450473632814, 423.4185898925781, 434.1524922363281, 445.7722469238281, 458.769672265625, 469.63511752929685, 481.19876186523436, 491.8514138183594, 502.43475712890626, 510.9435848632813, 519.4993352539062, 527.0346032714843, 533.2065338867187, 538.7998981445312, 544.9540731445312, 549.9452181640625, 555.1921474121094, 560.1505605957032, 564.7700034667969]], "valid_losses": [[NaN, NaN, NaN, 383.2458883789063, 378.68203654785157, 405.47128120117185, 413.1156953613281, 424.9632750244141, 443.7904046386719, 443.7243711181641, 448.76123754882815, 465.461683203125, 476.661335546875, 489.65522165527346, 499.29994606933593, 508.83977282714847, 517.6339433105469, 523.7011937255859, 531.2226853027344, 536.1038524902344, 539.3637958984375, 546.1545186523438, 552.751086694336, 556.41648984375, 564.5244748779297]], "train_accs": [[1.5425, 3.5624999999999996, 5.1925, 6.5525, 7.907500000000001, 8.9475, 10.032499999999999, 11.2025, 11.8575, 12.712499999999999, 13.425, 13.915, 14.4475, 15.049999999999999, 15.55, 16.21, 16.7125, 17.26, 17.9325, 18.8025, 19.4725, 20.11, 20.77, 21.855, 22.162499999999998]], "valid_accs": [[2.12, 4.25, 5.81, 7.1, 8.450000000000001, 9.74, 10.17, 11.42, 12.4, 13.03, 13.84, 13.819999999999999, 15.010000000000002, 15.27, 15.709999999999999, 15.83, 17.26, 17.37, 17.72, 18.09, 18.9, 19.89, 19.580000000000002, 20.48, 21.72]], "train_times": [[127.11239695549011, 126.94442558288574, 127.3820309638977, 126.9916124343872, 127.90961217880249, 127.25725173950195, 126.74593091011047, 128.4721269607544, 127.37199687957764, 126.84938049316406, 126.67719101905823, 128.85716319084167, 126.07521295547485, 124.8189868927002, 126.6899733543396, 128.17953872680664, 128.3208134174347, 128.2580075263977, 126.8522539138794, 127.20063900947571, 130.0959861278534, 127.31247639656067, 126.75937986373901, 126.14352655410767, 127.10808777809143]], "valid_times": [[23.607998371124268, 25.85759949684143, 25.23598551750183, 25.262197732925415, 26.20920443534851, 26.217084884643555, 24.46782374382019, 23.909726858139038, 25.461021184921265, 25.949568271636963, 24.415538549423218, 25.097325563430786, 24.957937955856323, 25.424270629882812, 25.0216703414917, 25.23548412322998, 25.427043914794922, 25.221691608428955, 25.721481800079346, 25.618695497512817, 25.181801080703735, 24.262009859085083, 25.76232933998108, 25.036460876464844, 24.91528630256653]], "test_accuracy": 21.18, "convergence_iteration": 25}}