{"config": {"train_options": {"learning_rate": 0.005, "optimizer": "SGD", "batch_size": 128, "number_of_epochs": 300, "loss_parameters": {"temperature": 20, "distillation_type": "FEATURE_LAST", "alpha": 0.3, "beta": 0.2}}}, "results": {"train_losses": [[67.7276109375, 48.71541281738281, 50.50856661376953, 53.1806443145752, 53.400144683837894, 54.62374846801758, 57.12074834594726, 59.88469118041992, 61.99437789306641, 63.9277463684082, 65.83418889160156, 68.01038421020507, 69.36715832519532, 71.18395585327148, 72.8005473815918, 73.75998602294922, 74.95633930053711, 75.42957192382812, 76.4550809814453, 77.6529894165039, 77.76284361572266, 78.54553732910156, 78.95590405273437, 79.53775416870117, 80.66903319702149, 81.0816182800293, 81.71943481445312, 81.95350449829101, 82.9974364074707, 83.84783993530273]], "valid_losses": [[NaN, NaN, NaN, 69.05668432617188, 63.12416597290039, NaN, NaN, NaN, NaN, NaN, 65.49870797424316, 70.87445526733399, 74.54951701049805, 80.30118068237304, 79.04497904052734, 84.12537757873535, 83.21030561523438, 82.79225380859376, 81.12194133911133, 80.39407286376954, 83.31537160034179, 81.37741364746094, 80.70122306823731, 83.97034965209961, 81.65833133544922, 79.54258053588867, 87.67053718261718, 85.28635510864258, 82.81470319213867, 86.07976733398438]], "train_accs": [[3.0675, 6.3325000000000005, 8.6675, 10.785, 12.812499999999998, 14.245, 16.035, 17.4425, 18.64, 20.380000000000003, 21.5925, 22.8825, 24.515, 25.637500000000003, 27.1175, 28.51, 29.599999999999998, 30.562499999999996, 31.655, 33.1175, 33.865, 34.81, 35.6625, 36.7575, 37.6, 38.4075, 39.255, 40.075, 40.9375, 41.735]], "valid_accs": [[4.8, 7.41, 9.53, 11.12, 12.68, 14.02, 15.76, 16.86, 17.93, 18.35, 20.830000000000002, 22.09, 22.869999999999997, 24.52, 25.380000000000003, 26.419999999999998, 27.3, 28.07, 28.99, 29.12, 30.85, 30.959999999999997, 32.57, 32.629999999999995, 33.53, 34.89, 34.53, 36.41, 36.16, 36.89]], "train_times": [[126.73516201972961, 124.15290570259094, 125.17857050895691, 124.46553134918213, 125.70849704742432, 124.5413146018982, 124.91259098052979, 123.74785041809082, 123.70443439483643, 124.6252715587616, 124.96217727661133, 125.31933450698853, 123.60783267021179, 124.68418526649475, 123.15752577781677, 123.80270433425903, 125.46485304832458, 125.06664848327637, 125.18374681472778, 125.12985730171204, 124.33382892608643, 124.36013436317444, 125.36166095733643, 124.74179196357727, 124.94240427017212, 124.76266837120056, 123.24572134017944, 123.55694937705994, 123.44967603683472, 126.54863023757935]], "valid_times": [[24.30373191833496, 24.57298731803894, 24.468412160873413, 24.56486678123474, 24.425827026367188, 24.385027647018433, 23.95104718208313, 24.260665893554688, 24.578912258148193, 24.324618577957153, 24.93690800666809, 24.4650137424469, 24.439093589782715, 24.049562692642212, 23.88947606086731, 24.463204383850098, 24.207554578781128, 23.932311058044434, 24.434765100479126, 23.946818828582764, 23.71069622039795, 24.2244930267334, 23.59426784515381, 24.084595680236816, 24.42349672317505, 24.4209988117218, 23.78489065170288, 24.549096822738647, 24.081820964813232, 24.017009019851685]], "test_accuracy": 38.11, "convergence_iteration": 30}}