{"config": {"train_options": {"learning_rate": 0.05, "optimizer": "SGD", "batch_size": 128, "number_of_epochs": 300, "loss_parameters": {"temperature": 10, "distillation_type": "FEATURE_LAST", "alpha": 0.4, "beta": 0.3}}}, "results": {"train_losses": [[NaN, NaN, NaN, NaN, NaN, NaN, NaN, NaN, NaN, 76.97751720581054, 87.36779832763672, 96.36913618164063, 108.22083612060547, 116.18072552490234, 121.22356119384766, 129.40456446533204, 135.3386104370117, 140.2658544921875, 144.8706289428711, 149.61350228271485, 155.69040645751954, 159.18876611328125, 163.82134982910156, 166.81450986328124, 170.70428227539063, 173.31649482421875, 175.8746138671875, 178.32677822265626, 181.42168637695312, 183.84498146972658, 184.44594111328124]], "valid_losses": [[NaN, NaN, NaN, NaN, NaN, NaN, NaN, NaN, NaN, 87.56583621826172, 85.02741049804688, 111.46557922363282, 98.32615961914063, 115.50635686035156, 123.03285841064454, 131.7594491088867, 135.47841873168946, 154.1304049194336, 153.52799077148438, 162.56496819458008, 160.87609342651368, 163.23548446655275, 170.45964802246093, 177.7847041748047, 173.5628353881836, 184.8010475830078, 178.4254090942383, 186.7116732788086, 192.17161143798828, 192.1325763671875, 188.69015622558595]], "train_accs": [[6.45, 13.447500000000002, 18.4, 23.1875, 27.560000000000002, 31.272499999999997, 34.35, 37.7575, 40.355000000000004, 42.42, 44.8425, 46.69, 48.4525, 50.0, 51.535, 52.5925, 53.8775, 54.945, 55.8825, 56.9925, 57.725, 58.6875, 59.440000000000005, 60.0625, 61.0225, 61.662499999999994, 62.55500000000001, 62.8575, 63.495000000000005, 64.0275, 64.385]], "valid_accs": [[9.629999999999999, 13.33, 17.2, 23.21, 25.740000000000002, 28.17, 31.130000000000003, 33.36, 36.58, 37.059999999999995, 38.06, 41.02, 42.01, 44.440000000000005, 44.46, 46.07, 46.400000000000006, 46.67, 47.57, 45.47, 46.489999999999995, 47.339999999999996, 45.92, 44.61, 51.39, 48.449999999999996, 51.1, 50.33, 47.96, 49.35, 50.239999999999995]], "train_times": [[121.43085408210754, 124.87207818031311, 122.10234642028809, 121.77960443496704, 122.00192427635193, 121.19614481925964, 121.26506614685059, 121.73358106613159, 120.83679580688477, 121.83901596069336, 122.5592532157898, 122.65475583076477, 121.69690799713135, 121.60727381706238, 121.44926714897156, 122.3088903427124, 122.13712978363037, 121.90038251876831, 122.12156963348389, 121.34942054748535, 120.61010217666626, 121.74735498428345, 122.91434836387634, 121.1621482372284, 121.73540568351746, 121.47030115127563, 122.53222370147705, 122.86261177062988, 121.79185461997986, 122.61944079399109, 121.19873142242432]], "valid_times": [[24.328716039657593, 23.239711046218872, 23.834656715393066, 23.721816301345825, 23.40989589691162, 23.309775829315186, 23.821054935455322, 23.429829597473145, 23.68458318710327, 23.776267051696777, 23.660161018371582, 24.535841941833496, 23.338860988616943, 23.949589729309082, 23.28669047355652, 23.617645978927612, 23.568692684173584, 23.360535383224487, 24.065348148345947, 23.408325672149658, 23.4690682888031, 23.881074905395508, 23.644498348236084, 23.64315390586853, 23.737091779708862, 24.391814470291138, 23.86806011199951, 24.67687463760376, 24.16683292388916, 23.57070565223694, 23.513351678848267]], "test_accuracy": 50.3, "convergence_iteration": 31}}