{"config": {"train_options": {"learning_rate": 0.05, "optimizer": "SGD", "batch_size": 128, "number_of_epochs": 300, "loss_parameters": {"temperature": 15, "distillation_type": "FEATURE_LAST", "alpha": 0.5, "beta": 0.5}}}, "results": {"train_losses": [[NaN, NaN, NaN, NaN, 148.5614780395508, 170.93331069335937, 187.91935266113282, 204.259549609375, 221.41629951171876, 233.87141584472656, 242.45537739257813, 251.65090625, 259.3319796630859, 264.7969958496094, 269.3200839111328, 275.66921293945313, 281.109240625, 287.9414563964844, 293.0929139648438, 299.23320668945314, 303.7806931152344, 308.2755716796875, 312.571746484375, 316.9547064941406, 320.61188933105467, 323.27389067382813]], "valid_losses": [[NaN, NaN, NaN, NaN, NaN, 174.3248743774414, 174.83475345458984, 205.51826260375975, 207.55529833984374, 228.23208369140625, 240.5676514770508, 237.01589301757812, 247.5394933227539, 267.4221571411133, 278.66767435302734, 279.86522653808595, 292.13986662597654, 287.91813902587893, 293.73221044921877, 289.49799572753903, 301.7389259277344, 308.54431068115235, 303.1556910400391, 313.6482386230469, 316.004602734375, 324.6227156494141]], "train_accs": [[6.055, 12.120000000000001, 16.865, 20.302500000000002, 24.055, 27.224999999999998, 30.5425, 33.405, 36.13, 38.35, 40.2975, 42.2175, 44.1725, 45.9275, 47.5175, 48.935, 50.0325, 50.7175, 52.225, 53.24250000000001, 54.2, 55.385, 56.074999999999996, 56.747499999999995, 57.67, 58.3175]], "valid_accs": [[9.66, 12.55, 16.04, 19.68, 23.89, 25.56, 29.21, 31.240000000000002, 33.15, 36.8, 37.36, 37.31, 39.800000000000004, 40.12, 42.17, 41.46, 44.41, 45.08, 44.68, 44.690000000000005, 45.47, 44.79, 46.53, 46.32, 45.739999999999995, 45.93]], "train_times": [[128.13264393806458, 128.15289759635925, 127.31177473068237, 127.99974322319031, 128.63332509994507, 130.3877170085907, 127.81016063690186, 128.91617727279663, 129.8968427181244, 127.77979612350464, 130.92855525016785, 128.50356531143188, 129.0920238494873, 127.46095442771912, 126.48923444747925, 125.84862804412842, 129.0338397026062, 131.64662146568298, 127.72947669029236, 129.20607137680054, 127.20791006088257, 129.62603378295898, 127.5301525592804, 127.59879565238953, 129.60951924324036, 126.550044298172]], "valid_times": [[25.67371368408203, 25.790191888809204, 25.037193536758423, 24.75117802619934, 25.380707263946533, 25.486755847930908, 25.485817670822144, 26.23086905479431, 25.621062994003296, 24.99302077293396, 25.036105155944824, 24.40807867050171, 23.62921667098999, 24.54435443878174, 24.056851625442505, 25.79211711883545, 26.107608318328857, 25.803690910339355, 25.7859206199646, 25.00597333908081, 25.64489221572876, 25.444438457489014, 26.32051110267639, 26.179660081863403, 24.751139163970947, 25.52330231666565]], "test_accuracy": 47.760000000000005, "convergence_iteration": 26}}