{"config": {"train_options": {"learning_rate": 0.005, "optimizer": "SGD", "batch_size": 128, "number_of_epochs": 300, "loss_parameters": {"temperature": 15, "distillation_type": "FEATURE_LAST", "alpha": 0.7, "beta": 0.5}}}, "results": {"train_losses": [[221.80138256835937, 217.62888684082031, 205.44899052734374, 196.15102290039061, 187.4819089477539, 181.1669323364258, 175.18910506591797, 166.26445347900392, 158.83757313232422, 154.2366841430664, 151.49488259277345, 150.71716270751952, 152.1189513671875, 153.87898217773437, 156.07853364257812, 160.0655491821289, 160.82791153564452, 163.6381437133789, 167.4105748779297, 170.25451892089845, 173.44415170898438, 176.99443259277345, 179.38121491699218, 182.20578635253906, 184.6913431640625, 186.6589953125, 188.36763676757812, 191.21269685058593, 193.65770053710938, 196.4161407470703, 198.56767121582033, 201.0649175048828, 203.16489089355468, 206.3854567626953, 209.8199083984375, 212.35903464355468, 214.40006938476563, 216.3619908203125, 219.1856130859375, 220.91841225585938, 223.66159904785155, 226.2172268310547, 227.36636091308594, 229.52937587890625, 230.80156677246094]], "valid_losses": [[NaN, NaN, NaN, NaN, NaN, NaN, NaN, NaN, NaN, NaN, NaN, NaN, NaN, NaN, NaN, 161.819227734375, NaN, NaN, NaN, NaN, NaN, 159.15274567871094, NaN, 148.95020330810547, 157.13692103271484, 165.54605291748047, NaN, 163.0401853149414, 161.86543497314454, 174.51668377685547, 157.8833655517578, 184.94440581054687, 188.33685654296875, 191.89297684326172, 192.9784898071289, 190.97930805664063, 201.18660498046876, 201.4504984741211, 202.6417199951172, 214.5713437866211, 213.5433716430664, 210.22090919189452, 213.29871025390625, 221.6087791381836, 222.13405861816406]], "train_accs": [[2.0825, 3.1075, 4.1325, 5.095000000000001, 6.2975, 7.5775, 8.8275, 9.4825, 10.495000000000001, 11.17, 11.735, 12.442499999999999, 13.055, 13.700000000000001, 14.067499999999999, 14.6275, 15.285000000000002, 15.5225, 16.150000000000002, 16.5725, 17.1075, 17.935000000000002, 18.2875, 18.8975, 19.145, 19.842499999999998, 20.3425, 20.71, 21.4525, 21.8525, 22.525000000000002, 22.997500000000002, 23.122500000000002, 23.794999999999998, 24.1825, 24.675, 25.14, 25.572499999999998, 25.91, 26.445, 26.619999999999997, 27.3625, 27.787499999999998, 28.0075, 28.345]], "valid_accs": [[2.83, 3.7600000000000002, 4.84, 5.87, 7.1, 8.66, 9.45, 10.03, 11.219999999999999, 12.22, 12.479999999999999, 12.97, 13.87, 14.31, 14.249999999999998, 15.290000000000001, 15.55, 16.32, 16.71, 16.689999999999998, 16.89, 17.57, 17.89, 18.88, 19.49, 20.61, 20.19, 20.41, 21.9, 22.07, 22.3, 23.04, 23.35, 24.060000000000002, 23.810000000000002, 24.27, 24.65, 25.28, 24.98, 25.82, 26.58, 26.51, 26.61, 26.83, 27.83]], "train_times": [[120.58289384841919, 122.16154909133911, 119.91055750846863, 119.92327737808228, 120.52687811851501, 121.58382034301758, 120.6762843132019, 120.54121088981628, 121.63725280761719, 120.94594836235046, 122.19703030586243, 120.13879179954529, 120.54539036750793, 122.58234715461731, 119.91943526268005, 120.71311259269714, 119.69710040092468, 120.07886075973511, 120.02247190475464, 121.70865178108215, 120.71532845497131, 121.23182702064514, 121.1566424369812, 120.07573795318604, 121.56502056121826, 123.13588953018188, 121.0476016998291, 120.09377264976501, 121.5126121044159, 121.87298965454102, 121.35509777069092, 120.78421640396118, 119.96993565559387, 120.74364161491394, 120.17965412139893, 121.87156391143799, 120.57488942146301, 121.21055245399475, 122.14078044891357, 120.54777550697327, 121.99972414970398, 121.24389290809631, 122.76876497268677, 120.35636782646179, 121.59496235847473]], "valid_times": [[23.46676230430603, 23.45736074447632, 23.834384202957153, 23.11642289161682, 23.564924478530884, 23.556493282318115, 23.566562175750732, 23.51012396812439, 23.810251235961914, 23.73011064529419, 23.283839464187622, 23.457980155944824, 23.977694034576416, 24.135360717773438, 23.46324372291565, 23.839970111846924, 23.218165397644043, 23.888716220855713, 24.194074392318726, 23.429672241210938, 23.31876540184021, 23.85670781135559, 23.946587800979614, 23.906832456588745, 24.035934925079346, 23.639183282852173, 23.598552703857422, 23.50789737701416, 23.82493758201599, 24.374566078186035, 23.681852340698242, 23.942615032196045, 23.55940079689026, 24.140971899032593, 23.4917414188385, 23.340812921524048, 24.098681449890137, 24.383978605270386, 23.508634567260742, 23.42551302909851, 23.354170083999634, 23.901944637298584, 23.578686714172363, 23.64796471595764, 23.48704743385315]], "test_accuracy": 27.91, "convergence_iteration": 45}}