{"config": {"train_options": {"learning_rate": 0.05, "optimizer": "SGD", "batch_size": 128, "number_of_epochs": 300, "loss_parameters": {"temperature": 15, "distillation_type": "FEATURE_LAST", "alpha": 0.6, "beta": 0.7}}}, "results": {"train_losses": [[208.57682194824218, NaN, 192.78192119140624, 229.9630690673828, 264.75040419921874, 290.94068090820315, 312.81962971191405, 332.3996351074219, 351.5477098876953, 368.03893491210937, 384.1466994140625, 395.7560307128906, 406.0537846679687, 413.18967451171875, 420.85927729492187, 428.00702211914063, 435.6981133300781, 442.68184677734376, 449.1336949707031, 454.5912558105469, 460.25932998046875, 466.16256391601564, 470.90418959960937, 475.0354667480469]], "valid_losses": [[NaN, NaN, NaN, 276.81778575439455, 303.68129979248044, 312.5149993774414, 350.93778299560546, 372.90828212890625, 355.6280442626953, 399.27146510009766, 420.00511723632815, 426.0517358154297, 425.5639673828125, 433.560693359375, 435.3560751953125, 444.42451232910156, 449.0337509033203, 448.76203471679685, 461.9302137451172, 460.1007415771484, 465.8238807617187, 476.44365270996093, 479.2274034423828, 483.46999645996095]], "train_accs": [[4.4225, 9.26, 12.537499999999998, 14.807500000000001, 17.495, 20.3375, 22.795, 24.87, 26.802500000000002, 28.897499999999997, 30.8475, 32.8075, 34.25, 35.89, 37.292500000000004, 39.1, 40.3675, 41.7575, 43.004999999999995, 44.1575, 45.25, 46.300000000000004, 47.302499999999995, 48.47]], "valid_accs": [[6.04, 10.83, 12.4, 14.29, 16.59, 18.35, 21.8, 21.78, 23.87, 26.790000000000003, 26.66, 29.15, 31.77, 33.07, 31.180000000000003, 35.22, 34.56, 37.51, 38.56, 38.39, 39.46, 39.18, 41.53, 40.53]], "train_times": [[187.41004419326782, 187.3570418357849, 187.84651517868042, 187.33563947677612, 190.57259130477905, 193.3320541381836, 191.99446940422058, 192.8409481048584, 191.7717354297638, 190.02795910835266, 196.04124927520752, 195.0555980205536, 193.9326388835907, 195.01348614692688, 193.62208580970764, 190.63932943344116, 195.1324017047882, 195.28369569778442, 195.12966918945312, 193.1682324409485, 194.12433886528015, 194.37791681289673, 194.20334005355835, 193.13842272758484]], "valid_times": [[44.73783206939697, 45.05323362350464, 44.248443603515625, 45.18406534194946, 44.26431608200073, 44.79026746749878, 44.280335664749146, 44.02178120613098, 44.53732919692993, 45.678070068359375, 46.86917567253113, 45.35066485404968, 45.58021378517151, 45.86118221282959, 45.35382056236267, 45.32583546638489, 46.033998250961304, 45.28927564620972, 45.65883779525757, 45.59406876564026, 45.491852045059204, 45.55254054069519, 45.68475079536438, 45.14672827720642]], "test_accuracy": 42.0, "convergence_iteration": 24}}