{"config": {"train_options": {"learning_rate": 0.01, "optimizer": "SGD", "batch_size": 128, "number_of_epochs": 300, "loss_parameters": {"temperature": 15, "distillation_type": "FEATURE_LAST", "alpha": 0.1, "beta": 0.3}}}, "results": {"train_losses": [[99.53950450439453, 76.20360793457031, NaN, 70.89660664978027, 75.29015328979492, 76.3952739868164, 79.48828433227538, 82.04149484863281, 85.51651561279297, 88.30295469970703, 93.39783607177735, 93.72358864746094, 97.27931500244141, 100.22333337402344, 104.01157259521484, 105.9471383178711, 108.41201721191406, 109.5361283203125, 111.21841818847656, 113.91254392089844, 113.73929191894531, 114.40347720947265, 115.52098709716797, 117.44896959228515, 118.71251611328125, 119.62673352050781, 120.46838972167969, 121.60952052001953, 123.4901000366211, 123.69797666015624, 125.74418015136719, 126.27825024414062, 127.43779239501953, 127.79960689697266, 129.32073782958983]], "valid_losses": [[NaN, NaN, NaN, NaN, NaN, NaN, NaN, NaN, NaN, NaN, NaN, 90.2660848083496, NaN, NaN, 86.58533699951172, 110.78689872436523, 102.16508515014648, 91.86900614624024, 100.69685546264648, 102.25305205078125, 102.29187116699218, 96.08624085083008, 110.92364088134765, 105.82416194458008, 119.76324849853516, 97.67325932617187, 116.75494997558594, 124.3743101196289, 114.02977516479493, 105.86777041625976, 111.8877231994629, 115.55775083618164, 114.81629517822266, 113.21500796508789, 124.40059368896485]], "train_accs": [[4.185, 9.8425, 13.337499999999999, 16.0425, 18.127499999999998, 20.765, 23.68, 25.995, 28.5525, 30.3475, 32.4925, 33.92, 35.875, 37.580000000000005, 39.195, 40.745, 42.285000000000004, 43.2025, 44.347500000000004, 45.945, 46.6275, 47.410000000000004, 48.6175, 49.605, 50.195, 51.0875, 51.975, 52.837500000000006, 53.825, 54.24, 54.74250000000001, 55.5425, 56.3275, 56.665, 57.220000000000006]], "valid_accs": [[7.53, 11.12, 14.05, 16.009999999999998, 18.490000000000002, 20.4, 23.419999999999998, 25.77, 27.05, 30.19, 31.66, 33.550000000000004, 35.27, 36.24, 36.35, 38.01, 39.57, 39.660000000000004, 40.129999999999995, 40.14, 41.620000000000005, 41.25, 43.04, 42.95, 43.99, 43.64, 44.85, 45.73, 45.04, 45.58, 46.949999999999996, 44.85, 47.28, 46.760000000000005, 47.22]], "train_times": [[122.3162133693695, 123.89557480812073, 122.15938019752502, 123.02830696105957, 122.4923996925354, 123.92994332313538, 122.47896981239319, 123.45913338661194, 121.6826696395874, 122.62158370018005, 122.41475296020508, 120.7563304901123, 123.83134913444519, 123.55612754821777, 124.50599479675293, 122.59228277206421, 124.78169393539429, 122.70552015304565, 123.03522181510925, 123.28756809234619, 125.08363842964172, 123.22488737106323, 123.78793597221375, 122.86339783668518, 124.421071767807, 124.49567222595215, 122.07954120635986, 123.76778149604797, 122.5311918258667, 122.2717638015747, 122.38300895690918, 124.06639504432678, 122.67356729507446, 124.592946767807, 123.37286853790283]], "valid_times": [[23.98313856124878, 23.976272583007812, 24.940009117126465, 23.588972568511963, 23.94302201271057, 24.145413637161255, 23.739400148391724, 24.240843296051025, 25.737969160079956, 23.55134868621826, 23.628690481185913, 23.611512660980225, 25.032162189483643, 24.07459831237793, 24.286638021469116, 24.391398429870605, 23.80307364463806, 24.455131769180298, 24.11278223991394, 23.72068762779236, 24.704628467559814, 25.36847424507141, 23.567744493484497, 23.809391498565674, 24.146005392074585, 23.939865112304688, 23.371649742126465, 23.543058156967163, 24.643343210220337, 23.974023818969727, 23.781586408615112, 23.681663513183594, 23.83435845375061, 24.989513635635376, 25.366944789886475]], "test_accuracy": 48.49, "convergence_iteration": 35}}