{"config": {"train_options": {"learning_rate": 0.005, "optimizer": "SGD", "batch_size": 128, "number_of_epochs": 300, "loss_parameters": {"temperature": 20, "distillation_type": "FEATURE_LAST", "alpha": 0.4, "beta": 0.2}}}, "results": {"train_losses": [[59.566640328979496, 51.16067102050781, 54.36456434326172, 51.464339837646484, 46.81364921569824, NaN, 49.63378120727539, 55.03402589111328, 59.19751109008789, 64.10891734008788, 67.47224982299805, 70.25788301391601, 72.70356532592774, 75.281081640625, 77.09723197631835, 78.5378919921875, 79.52758557739257, 80.9119295349121, 81.874073828125, 82.99010795898438, 84.05074383544923, 84.45742611083985, 85.17806637573243, 86.1551611328125, 86.23970006103515, 87.23975123291015, 87.5639171875, 88.69316451416016, 89.50991958007812, 90.50935399169921, 90.6670276611328]], "valid_losses": [[NaN, NaN, NaN, NaN, NaN, NaN, NaN, NaN, NaN, NaN, 61.70504522399902, 72.07479588928223, 67.83941085968017, 71.36215802307129, 72.37917893981934, 79.60910330505371, 77.86124920654296, 79.16435129089355, 79.98812637939453, 87.15610894165039, 84.50588759765625, 86.80017246398926, 82.44069434204101, 86.07383174743653, 86.72895269470214, 88.47750665893555, 87.28564196472168, 90.21955436401367, 87.92557003173827, 90.52002200927734, 84.32647975463867]], "train_accs": [[2.92, 6.1725, 9.3275, 11.405, 13.3025, 14.52, 15.8725, 17.177500000000002, 18.37, 19.9075, 21.3125, 22.74, 23.82, 24.9275, 25.932500000000005, 27.1225, 27.794999999999998, 29.0425, 30.2375, 30.869999999999997, 32.005, 32.8525, 33.42, 34.599999999999994, 35.065000000000005, 35.8825, 36.635, 37.574999999999996, 38.4225, 38.987500000000004, 39.805]], "valid_accs": [[4.22, 7.62, 10.22, 12.13, 13.77, 14.430000000000001, 15.479999999999999, 16.34, 17.810000000000002, 19.259999999999998, 21.59, 22.31, 22.53, 24.55, 24.77, 25.46, 26.889999999999997, 27.229999999999997, 28.389999999999997, 28.95, 30.159999999999997, 30.55, 30.919999999999998, 32.76, 33.339999999999996, 31.790000000000003, 33.589999999999996, 34.17, 34.870000000000005, 34.81, 35.63]], "train_times": [[125.51672649383545, 121.75163269042969, 120.79460191726685, 121.55679655075073, 122.01527881622314, 121.25376558303833, 120.19986820220947, 121.63133311271667, 121.26773238182068, 121.46472668647766, 122.18877005577087, 121.39046573638916, 121.71304059028625, 121.15225887298584, 120.65793800354004, 121.79824423789978, 121.23431158065796, 122.11384892463684, 122.00883674621582, 121.28823757171631, 122.34027004241943, 121.62734270095825, 122.4444751739502, 121.83590984344482, 122.20034408569336, 120.49020910263062, 120.46987128257751, 122.25922060012817, 121.82210302352905, 120.2908296585083, 121.68318772315979]], "valid_times": [[24.170920848846436, 23.52794122695923, 23.8588809967041, 23.993363618850708, 24.02624797821045, 23.52104139328003, 23.761752128601074, 24.103907823562622, 23.490569353103638, 23.565630674362183, 23.181885719299316, 23.779747009277344, 23.64455246925354, 23.27731418609619, 23.82227897644043, 23.677462577819824, 23.508755207061768, 24.041805505752563, 24.205024480819702, 24.154396057128906, 24.025066614151, 23.887282371520996, 23.889771223068237, 23.905519008636475, 23.728195667266846, 23.360235691070557, 24.00396966934204, 23.66818904876709, 24.036821842193604, 23.37549376487732, 23.65831446647644]], "test_accuracy": 36.480000000000004, "convergence_iteration": 31}}