{"config": {"train_options": {"learning_rate": 0.01, "optimizer": "SGD", "batch_size": 128, "number_of_epochs": 300, "loss_parameters": {"temperature": 10, "distillation_type": "FEATURE_LAST", "alpha": 0.8, "beta": 0.9}}}, "results": {"train_losses": [[355.85935859375, 365.6838654541016, 374.6554083251953, 381.3097025390625, 385.46659853515627, 387.72920173339844, 390.2204284179688, 392.24478251953127, 394.57096435546873, 396.85861557617187, 397.6700771484375, 399.15176494140627, 400.5354062744141, 402.94670517578123, 404.94282634277346, 407.33106252441405, 410.28338955078124, 413.65697924804687, 416.94647236328126, 422.68007431640626, 425.42131938476564, 430.27239951171873, 435.26135703125, 439.2690590332031, 442.0427470214844, 446.50954497070313, 450.2419068359375, 453.7769990234375]], "valid_losses": [[NaN, NaN, NaN, NaN, NaN, 365.4355611083984, 366.96197842407224, 376.11834407348636, 375.0077253540039, 382.7018200317383, NaN, 385.0321900024414, 391.48873929443357, NaN, 403.233642590332, 400.0585806884766, 407.1475291259766, 411.5604826538086, 410.767536340332, 420.09823200683593, 427.6616166015625, 423.9492548950195, 430.9219719482422, 433.2195638549805, 441.889426184082, 444.03182126464844, 442.7811718261719, 451.3279894042969]], "train_accs": [[0.815, 1.5, 2.4299999999999997, 3.1574999999999998, 3.6225, 3.94, 4.24, 4.4125, 4.7, 4.8925, 5.2749999999999995, 5.705, 6.0, 6.5525, 6.8175, 7.1, 7.335, 7.8475, 8.09, 8.555, 8.77, 9.2075, 9.4525, 9.8125, 9.9025, 10.1825, 10.440000000000001, 10.65]], "valid_accs": [[0.9900000000000001, 1.79, 2.9499999999999997, 3.52, 4.01, 4.12, 4.279999999999999, 4.64, 4.79, 5.08, 5.42, 5.970000000000001, 6.41, 6.65, 6.890000000000001, 7.090000000000001, 7.5, 8.02, 8.3, 8.7, 9.02, 9.33, 9.82, 9.89, 10.11, 10.47, 10.51, 10.84]], "train_times": [[127.96164131164551, 127.97665858268738, 128.09618306159973, 128.24611258506775, 128.63129210472107, 128.38964104652405, 128.19716906547546, 128.33271169662476, 128.4477574825287, 128.35664057731628, 130.25659012794495, 131.38866448402405, 131.06169366836548, 130.92192149162292, 130.92887949943542, 130.201096534729, 130.28933143615723, 130.1587154865265, 131.0359034538269, 130.70171999931335, 130.49533033370972, 129.84865355491638, 129.79068446159363, 130.78365659713745, 130.84121870994568, 130.57868456840515, 130.74272441864014, 130.46021389961243]], "valid_times": [[29.497000217437744, 29.401513814926147, 29.455088138580322, 30.807000875473022, 29.507059574127197, 29.495036840438843, 29.617117404937744, 29.554535627365112, 29.58454394340515, 29.497046947479248, 30.213027238845825, 30.283000230789185, 30.39999771118164, 30.229097604751587, 30.43494486808777, 29.953001260757446, 30.060100317001343, 30.01808214187622, 30.165449380874634, 30.172593116760254, 29.81059193611145, 29.94402289390564, 29.863033294677734, 30.051027297973633, 30.063026666641235, 30.160048484802246, 30.069573163986206, 30.102020978927612]], "test_accuracy": 10.47, "convergence_iteration": 28}}