{"config": {"train_options": {"learning_rate": 0.005, "optimizer": "SGD", "batch_size": 128, "number_of_epochs": 300, "loss_parameters": {"temperature": 15, "distillation_type": "FEATURE_LAST", "alpha": 0.9, "beta": 0.8}}}, "results": {"train_losses": [[338.80170302734376, 342.3642877685547, 346.40310383300783, 349.87764577636716, 353.54147836914063, 356.9659290771484, 361.1937435058594, 364.562723046875, 368.1748509765625, 369.8879532226562, 371.6558357421875, 374.11924443359374, 375.66047104492185, 377.9071880859375, 378.71980439453125, 382.51164111328126, 382.671828125, 384.5787435546875, 386.32161596679686, 387.922474609375, 388.7387385253906, 390.13033291015626, 391.7462859375, 393.01633837890626, 392.9947596191406, 394.39545395507815, 395.37359311523437, 396.5930834472656, 397.9872370117188, 398.9481890136719, 400.62899106445315, 400.64157158203125, 402.5635240234375, 403.2257567871094, 404.74834223632814, 405.6038285644531, 407.5330254394531, 408.6816924316406, 409.94172094726565, 411.38076767578127, 412.78431953125, 413.73048081054685]], "valid_losses": [[NaN, NaN, NaN, NaN, NaN, NaN, NaN, NaN, NaN, NaN, NaN, NaN, NaN, NaN, NaN, NaN, 383.25973842773436, NaN, 385.23684072265627, 385.53246520996095, 383.9612231689453, 379.3046763671875, 385.84451591796875, 386.41107626953124, 383.56432883300783, 391.0576520263672, 390.13260368652345, 393.21009079589845, 389.5809577880859, 393.72962775878904, 392.8118728027344, 394.86891740722655, 395.2005664306641, 392.10711765136716, 398.5567214355469, 397.90228010253907, 400.6579919433594, 398.0859162353516, 398.9524906494141, 403.7709227783203, 406.341371875, 407.03871103515627]], "train_accs": [[1.0425, 1.685, 1.9449999999999998, 2.2950000000000004, 2.4175, 2.4074999999999998, 2.5475000000000003, 2.7075, 2.795, 3.11, 3.6125, 3.92, 4.1575, 4.295, 4.5475, 4.7524999999999995, 4.8075, 4.865, 5.025, 5.1275, 5.2975, 5.3100000000000005, 5.4575, 5.55, 5.65, 5.7250000000000005, 5.8125, 5.8175, 6.0375, 6.0475, 6.245, 6.3175, 6.38, 6.4575, 6.6049999999999995, 6.757499999999999, 6.9125000000000005, 6.9975, 7.049999999999999, 7.090000000000001, 7.2325, 7.4399999999999995]], "valid_accs": [[1.44, 1.63, 1.8399999999999999, 2.03, 2.26, 2.36, 2.59, 2.73, 2.77, 3.2099999999999995, 3.54, 3.74, 3.92, 4.09, 4.16, 4.47, 4.31, 4.41, 4.84, 4.73, 5.0200000000000005, 4.83, 4.84, 5.140000000000001, 5.220000000000001, 5.34, 5.45, 5.48, 5.65, 5.89, 5.680000000000001, 6.01, 6.18, 6.23, 6.550000000000001, 6.18, 6.660000000000001, 6.59, 6.819999999999999, 6.800000000000001, 7.2700000000000005, 7.290000000000001]], "train_times": [[172.83680367469788, 173.86293768882751, 173.75277662277222, 174.33313298225403, 174.86492729187012, 175.2253017425537, 169.88736295700073, 170.23803281784058, 169.67337250709534, 170.46440386772156, 170.009752035141, 169.81486678123474, 178.04455494880676, 177.0623152256012, 173.37929558753967, 173.65844917297363, 173.28113842010498, 174.16208171844482, 174.6262722015381, 173.67421054840088, 174.5174915790558, 173.70948338508606, 182.73420977592468, 186.5883936882019, 182.939297914505, 176.7351634502411, 175.4573962688446, 174.95345497131348, 176.263596534729, 175.41375613212585, 175.23828434944153, 175.68244886398315, 175.92130374908447, 176.5530333518982, 177.52493906021118, 176.31575870513916, 176.7978515625, 177.5399899482727, 177.70363473892212, 178.16114449501038, 177.49648571014404, 177.8804829120636]], "valid_times": [[40.286659955978394, 40.2306170463562, 40.31402540206909, 40.49595093727112, 40.63220524787903, 39.89617156982422, 39.775776624679565, 39.65129041671753, 39.777697801589966, 39.765313386917114, 39.63678812980652, 39.893598794937134, 41.48677039146423, 41.318588972091675, 40.21567225456238, 40.61917471885681, 40.708170652389526, 40.48063945770264, 40.77057504653931, 40.66809105873108, 40.93696403503418, 41.07188391685486, 41.793646812438965, 43.509373903274536, 42.5577552318573, 40.54552626609802, 41.24526071548462, 40.99527859687805, 41.10759687423706, 41.01880407333374, 41.07550001144409, 41.15186524391174, 41.232879400253296, 40.948713541030884, 40.82484769821167, 41.094791650772095, 41.212833642959595, 40.941503047943115, 41.2383873462677, 41.0311393737793, 41.24598550796509, 41.06474447250366]], "test_accuracy": 7.62, "convergence_iteration": 42}}