{"config": {"train_options": {"learning_rate": 0.005, "optimizer": "SGD", "batch_size": 128, "number_of_epochs": 300, "loss_parameters": {"temperature": 5, "distillation_type": "FEATURE_LAST", "alpha": 0.8, "beta": 0.7}}}, "results": {"train_losses": [[246.27589165039063, 269.7825390869141, 274.60919262695313, 272.6267608154297, 270.0539548339844, 268.71586357421876, 269.95383610839843, 272.251276171875, 270.63665766601565, 266.0158310791016, 261.8827828369141, 257.4735737792969, 254.75112097167968, 254.52950024414062, 254.08916643066405, 253.74392885742188, 254.17941293945313, 253.06498447265625, 254.2584349609375, 253.3518484375, 253.19911052246093, 253.63003237304687, 254.4921608642578, 253.406131640625, 252.64482026367187, 253.08448129882814, 253.76771462402343, 255.03941611328125, 256.5874569335937, 257.52953718261716, 259.00853168945315, 260.32863330078123, 260.5487765869141, 262.7556147705078, 264.24452497558593, 265.8887677978516, 267.93782199707033, 269.30836721191406, 271.28656096191406, 273.7278308105469, 275.7721035888672, 278.44545703125, 280.1975844970703, 282.0728626708984, 284.0291829345703, 285.9307688232422, 287.76955712890623]], "valid_losses": [[NaN, NaN, NaN, NaN, NaN, NaN, NaN, NaN, NaN, NaN, NaN, NaN, NaN, NaN, NaN, NaN, NaN, NaN, NaN, NaN, NaN, NaN, NaN, NaN, 226.815638671875, 224.79826647949218, 218.72589256591797, 238.58266911621095, 226.92915197753905, 232.75612825927735, 229.62430567626953, 236.5560287475586, 249.35373603515626, 252.58994812011719, 241.68172291259765, 252.82169759521486, 245.17986088867187, 251.25309443359376, 266.7439150390625, 263.1554797363281, 267.5159007080078, 264.4635956665039, 268.0223564453125, 261.51877653808594, 278.1312706054687, 274.7369030151367, 269.870988671875]], "train_accs": [[1.23, 1.9924999999999997, 2.6224999999999996, 2.92, 3.2724999999999995, 3.83, 4.5525, 4.96, 5.427499999999999, 5.79, 6.1075, 6.7425, 6.950000000000001, 7.327500000000001, 7.904999999999999, 8.2775, 8.4275, 8.695, 8.9375, 9.2075, 9.465, 9.69, 10.1675, 10.355, 10.745000000000001, 11.0925, 11.387500000000001, 11.73, 11.89, 12.2525, 12.617500000000001, 12.67, 13.092500000000001, 13.4025, 13.3725, 13.7875, 14.252500000000001, 14.317499999999999, 14.7, 14.772499999999999, 15.2525, 15.55, 15.52, 16.0425, 16.23, 16.4925, 16.5125]], "valid_accs": [[1.67, 2.59, 2.9899999999999998, 3.29, 3.58, 4.22, 4.96, 5.3, 5.63, 6.02, 6.39, 6.93, 7.41, 7.670000000000001, 8.38, 8.06, 8.38, 8.72, 9.1, 9.08, 9.54, 9.99, 10.209999999999999, 10.31, 10.95, 11.4, 11.91, 11.790000000000001, 12.57, 12.65, 12.590000000000002, 12.82, 12.91, 13.68, 13.76, 13.8, 14.099999999999998, 14.24, 14.729999999999999, 14.81, 15.02, 15.17, 15.310000000000002, 15.35, 16.18, 16.04, 16.54]], "train_times": [[168.34284925460815, 168.16260504722595, 168.0641164779663, 168.17558693885803, 167.7045817375183, 168.077495098114, 168.87579822540283, 168.36748433113098, 167.3589026927948, 167.0444257259369, 166.6370086669922, 167.04639220237732, 166.46176862716675, 166.49616026878357, 167.13710069656372, 166.42214441299438, 166.97643876075745, 166.7048556804657, 166.8412663936615, 167.16629791259766, 167.07810926437378, 166.832843542099, 166.98981428146362, 167.91150403022766, 169.59108805656433, 167.38443040847778, 166.52321600914001, 168.3959641456604, 168.13389039039612, 166.75547337532043, 169.00458788871765, 169.11968517303467, 177.19918823242188, 172.53918623924255, 165.89655542373657, 165.932758808136, 165.6833324432373, 165.95219922065735, 166.25840091705322, 163.83859658241272, 166.72488355636597, 166.07224702835083, 169.23369216918945, 163.86969876289368, 165.0917682647705, 164.38270449638367, 165.83256077766418]], "valid_times": [[39.24194407463074, 39.53792977333069, 39.63292145729065, 39.429956674575806, 39.04965114593506, 39.17229175567627, 39.43453502655029, 39.69369983673096, 38.89173340797424, 39.21078300476074, 39.09823274612427, 39.205331802368164, 39.23921537399292, 38.85513091087341, 39.082091093063354, 39.28217792510986, 38.7747015953064, 39.199339866638184, 39.13776397705078, 39.189027309417725, 39.094401597976685, 38.902997970581055, 39.300135374069214, 39.07847857475281, 38.85932922363281, 39.129841327667236, 39.3864586353302, 39.616389751434326, 39.4221305847168, 39.19903349876404, 39.490992307662964, 40.61942005157471, 41.26075887680054, 39.15207767486572, 39.04828119277954, 38.77654981613159, 39.20007610321045, 38.43890404701233, 38.92315602302551, 38.927892446517944, 38.65388822555542, 39.15280771255493, 38.69438719749451, 38.90036225318909, 38.270116567611694, 38.39557433128357, 39.49240708351135]], "test_accuracy": 17.03, "convergence_iteration": 47}}