{"config": {"train_options": {"learning_rate": 0.01, "optimizer": "SGD", "batch_size": 128, "number_of_epochs": 300, "loss_parameters": {"temperature": 10, "distillation_type": "FEATURE_LAST", "alpha": 0.1, "beta": 0.5}}}, "results": {"train_losses": [[158.5911751953125, 109.82678358764649, NaN, NaN, 106.40830593261718, 120.48365521240234, 131.14939324951172, 139.89211270751954, 151.0851275024414, 161.48486871337892, 169.4984491455078, 175.86557286376953, 179.68140405273436, 183.17826439208986, 185.4882669189453, 187.8370875, 190.81367060546876, 195.26349111328125, 197.91724445800781, 199.4791006591797, 200.98439873046874, 204.80367751464843, 208.1554113769531, 213.18161743164063, 213.94256513671874, 217.34737060546874, 220.44986794433595, 223.64408205566406, 225.62596157226562, 227.39200490722655, 230.8910950439453]], "valid_losses": [[NaN, NaN, NaN, NaN, NaN, NaN, NaN, NaN, 121.24078490600586, NaN, NaN, 145.844442388916, 148.10353814086915, 144.80436547851562, 134.28163062744142, 154.0865340576172, 169.0467643676758, 161.41468983154297, 168.8023375732422, 177.80753475341797, 188.15082962646485, 175.4175239074707, 192.34857055664062, 182.2693951171875, 188.3521408996582, 188.33414700927733, 215.8905039916992, 195.81051881103517, 200.2531005493164, 220.4284406616211, 211.06789659423828]], "train_accs": [[4.08, 8.932500000000001, 12.6375, 15.415000000000001, 17.6825, 19.3075, 21.465, 23.330000000000002, 25.272499999999997, 27.165, 29.01, 30.4625, 31.945, 33.3675, 34.82, 35.83, 37.395, 38.3125, 39.705, 41.0325, 42.0, 42.895, 44.015, 44.9925, 46.01, 46.935, 47.7825, 48.667500000000004, 49.512499999999996, 50.12, 50.8625]], "valid_accs": [[6.75, 10.93, 13.26, 14.899999999999999, 16.33, 19.59, 20.91, 23.189999999999998, 25.03, 25.72, 27.900000000000002, 28.54, 29.599999999999998, 31.230000000000004, 32.59, 32.25, 34.72, 33.95, 36.309999999999995, 37.25, 37.56, 38.71, 38.49, 40.07, 39.92, 40.5, 42.46, 43.11, 41.05, 43.66, 44.73]], "train_times": [[122.44441723823547, 123.06188201904297, 121.26726484298706, 122.50537848472595, 121.68957090377808, 122.06103086471558, 123.91022253036499, 121.82610774040222, 124.69183874130249, 120.98564052581787, 123.90303540229797, 121.88992691040039, 122.52285766601562, 121.97656846046448, 124.89536046981812, 121.42997169494629, 123.13707780838013, 122.2618670463562, 123.24797892570496, 124.88402962684631, 121.33506107330322, 123.78262662887573, 121.04809236526489, 123.7644693851471, 121.46559977531433, 122.64877128601074, 122.21764874458313, 123.22361373901367, 121.44472432136536, 122.74594616889954, 121.44359922409058]], "valid_times": [[23.587092638015747, 23.67428755760193, 23.88649034500122, 25.589539527893066, 25.006905794143677, 23.711707592010498, 24.508928775787354, 23.67287254333496, 23.733442068099976, 23.700035095214844, 23.649059534072876, 24.62321162223816, 25.799818515777588, 23.992183208465576, 24.168578624725342, 24.548418045043945, 24.28258967399597, 26.129453659057617, 24.389253616333008, 24.667917490005493, 23.751898765563965, 23.86107850074768, 23.339292287826538, 23.79520845413208, 23.8634614944458, 23.69600224494934, 24.540515899658203, 24.253047943115234, 23.43687129020691, 24.042719841003418, 26.13865613937378]], "test_accuracy": 44.75, "convergence_iteration": 31}}