{"config": {"train_options": {"learning_rate": 0.05, "optimizer": "SGD", "batch_size": 128, "number_of_epochs": 300, "loss_parameters": {"temperature": 15, "distillation_type": "FEATURE_LAST", "alpha": 0.8, "beta": 0.6}}}, "results": {"train_losses": [[238.98097316894533, 198.792769921875, 197.16007446289063, 224.313972265625, 251.19054526367188, 275.51506494140625, 295.4316455322266, 310.62498959960936, 323.70444150390625, 334.0858884277344, 341.8441969482422, 350.55621430664064, 359.8454486816406, 368.671933203125, 375.34818432617186, 381.80433452148435, 388.07707431640625, 393.54905180664065, 399.0680439941406, 404.3751792480469, 407.9372738769531, 411.7982422851563, 415.18620102539063, 418.32670361328127, 421.23124956054687]], "valid_losses": [[NaN, NaN, 225.96173929443358, NaN, NaN, 249.54349810791015, 282.59252338867185, 303.97358341064455, 313.13400998535155, 324.5514864013672, 326.05894396972656, 344.17370638427735, 360.45579128417967, 359.3712111572266, 373.15113946533205, 380.0175529663086, 389.2514881591797, 393.54045905761717, 392.796018371582, 402.617734765625, 405.2658440185547, 411.6010869140625, 412.7227237548828, 418.67333176269534, 422.2440998291016]], "train_accs": [[3.6900000000000004, 8.075000000000001, 11.225, 13.469999999999999, 15.4275, 17.345, 19.622500000000002, 21.6175, 23.669999999999998, 25.662499999999998, 27.517500000000002, 29.395, 30.7475, 32.2625, 33.815, 34.862500000000004, 36.265, 37.8075, 38.947500000000005, 39.805, 41.167500000000004, 42.46, 43.625, 44.43, 45.6875]], "valid_accs": [[5.609999999999999, 9.73, 11.92, 13.469999999999999, 15.809999999999999, 16.439999999999998, 19.61, 21.83, 24.169999999999998, 24.45, 26.63, 28.499999999999996, 29.049999999999997, 30.070000000000004, 31.6, 31.119999999999997, 34.18, 34.760000000000005, 34.33, 36.61, 35.08, 36.4, 37.15, 36.02, 38.22]], "train_times": [[177.93358993530273, 179.22624516487122, 177.97587609291077, 177.98739576339722, 179.15815567970276, 178.69904232025146, 176.90651440620422, 179.0241858959198, 180.4268651008606, 178.54441738128662, 177.93490767478943, 178.6772301197052, 178.61910915374756, 178.61815524101257, 178.96776175498962, 179.52558040618896, 178.7666380405426, 178.1112687587738, 178.74339365959167, 178.65588927268982, 179.3043339252472, 180.2366828918457, 179.19266080856323, 180.30857229232788, 179.86414456367493]], "valid_times": [[43.30965971946716, 43.14302897453308, 43.385724782943726, 43.461714029312134, 43.58705115318298, 43.13164138793945, 42.94911336898804, 43.182735443115234, 44.012219190597534, 43.19667148590088, 43.49867796897888, 43.76068997383118, 43.584693908691406, 43.33526134490967, 43.5425968170166, 43.524688482284546, 42.8772497177124, 43.134140491485596, 43.21206021308899, 43.54565906524658, 43.50306510925293, 43.865384340286255, 43.25401973724365, 43.21581411361694, 43.992729902267456]], "test_accuracy": 40.64, "convergence_iteration": 25}}