{"config": {"train_options": {"learning_rate": 0.05, "optimizer": "SGD", "batch_size": 128, "number_of_epochs": 300, "loss_parameters": {"temperature": 10, "distillation_type": "FEATURE_LAST", "alpha": 0.7, "beta": 0.7}}}, "results": {"train_losses": [[250.07950560302734, 232.6141142944336, 247.0327802001953, 279.2460969970703, 310.2451752441406, 331.1643921142578, 348.48510078125, 362.2446151855469, 375.9722914794922, 385.7672084228516, 395.42173466796874, 405.30026416015625, 414.3203792480469, 423.45089267578123, 434.15352119140624, 441.7478679199219, 447.6100121582031, 454.45732241210936, 460.24421840820315, 464.90079365234374, 469.78172631835935, 474.01186455078124, 478.72490361328124]], "valid_losses": [[NaN, NaN, 247.82580095214843, 270.91991759033203, 300.7252235107422, 322.1436509033203, 355.74806188964845, 371.095818359375, 387.49242075195315, 388.5062190185547, 386.0810972167969, 400.75468356933595, 417.4363836669922, 418.4001653808594, 432.1718143066406, 439.92243791503904, 440.67100537109377, 447.83879860839846, 460.53257521972654, 454.76236982421875, 464.28280246582034, 464.8590021972656, 474.5028291748047]], "train_accs": [[3.9875000000000003, 8.334999999999999, 11.6525, 14.1875, 16.3825, 18.3325, 20.2575, 21.815, 23.9525, 25.814999999999998, 27.49, 29.507499999999997, 31.4225, 32.28, 34.3425, 35.839999999999996, 37.292500000000004, 38.76, 39.75, 41.1425, 42.7125, 43.305, 44.427499999999995]], "valid_accs": [[6.1899999999999995, 9.959999999999999, 12.32, 13.5, 15.659999999999998, 18.14, 19.5, 22.259999999999998, 24.2, 26.06, 27.389999999999997, 28.87, 30.349999999999998, 32.1, 31.75, 33.01, 33.85, 35.11, 36.71, 36.99, 39.660000000000004, 38.36, 38.89]], "train_times": [[183.18206071853638, 184.5774109363556, 183.51147937774658, 185.05792093276978, 182.9045696258545, 183.41398286819458, 180.12374091148376, 188.02356433868408, 192.23773837089539, 190.89698958396912, 190.28017044067383, 190.4360065460205, 186.68764901161194, 190.27844548225403, 190.41144704818726, 190.36559748649597, 193.71989607810974, 193.56414699554443, 192.98119807243347, 193.20055174827576, 197.29552125930786, 200.115882396698, 198.555246591568]], "valid_times": [[42.562662839889526, 43.70997738838196, 42.30534219741821, 43.78752565383911, 43.57664942741394, 40.951648473739624, 42.98905634880066, 45.473087787628174, 44.30941128730774, 45.05717730522156, 44.334068059921265, 43.63123083114624, 45.33381652832031, 45.03185963630676, 44.208266735076904, 44.497960567474365, 45.140686988830566, 46.71600008010864, 45.16374707221985, 46.25655269622803, 46.39805269241333, 46.67221021652222, 46.029895305633545]], "test_accuracy": 39.290000000000006, "convergence_iteration": 23}}