{"config": {"train_options": {"learning_rate": 0.01, "optimizer": "SGD", "batch_size": 128, "number_of_epochs": 300, "loss_parameters": {"temperature": 20, "distillation_type": "FEATURE_LAST", "alpha": 0.9, "beta": 0.9}}}, "results": {"train_losses": [[401.7135100585937, 397.7578334960937, 389.9229439941406, 388.53797778320313, 388.6942346191406, 391.1752390136719, 393.4114425292969, 396.45093525390627, 398.995362890625, 403.06819770507815, 406.286594921875, 410.08455283203125, 414.0134937988281, 415.68818291015623, 418.6866041992188, 422.9114539550781, 425.65298154296875, 429.01174951171873, 432.1477051269531, 435.7126415527344, 439.32577939453125, 443.3969450683594, 446.5594832519531, 450.27410927734377, 452.6266056640625, 456.7542390625, 459.781425390625, 464.17929287109376, 467.55960947265623, 471.03543505859375, 474.1008041503906, 477.1957669921875, 480.22825322265624, 482.9582564453125, 486.9672641601563, 488.8967212402344, 492.25193364257814, 495.90932456054685]], "valid_losses": [[395.1355541381836, NaN, NaN, NaN, NaN, NaN, NaN, NaN, NaN, NaN, NaN, NaN, NaN, NaN, NaN, NaN, 391.1424364013672, NaN, 411.13396032714843, 410.40073564453127, 415.72833342285156, 419.6754517089844, 418.5635606689453, 433.9426388671875, 431.9759565917969, 438.8323090576172, 444.8681670410156, 448.2235858154297, 448.4574436279297, 454.2605097412109, 462.7178835693359, 464.4053301757813, 466.6432782958984, 470.6484365234375, 473.22172717285156, 480.63618784179687, 484.5254424316406, 488.38329108886717]], "train_accs": [[0.9650000000000001, 1.4500000000000002, 1.8450000000000002, 2.0625, 2.19, 2.235, 2.5175, 2.62, 3.0525, 3.1725000000000003, 3.5075000000000003, 3.6325000000000003, 3.7275, 3.7775000000000003, 3.955, 4.2250000000000005, 4.26, 4.452500000000001, 4.54, 4.6375, 4.81, 4.945, 5.1525, 5.2675, 5.3075, 5.53, 5.5425, 5.7625, 5.970000000000001, 6.285, 6.4174999999999995, 6.595, 6.737500000000001, 6.895, 7.1075, 7.2325, 7.3, 7.515]], "valid_accs": [[1.17, 1.76, 2.19, 2.04, 2.15, 2.31, 2.68, 2.81, 3.25, 3.26, 3.74, 3.88, 3.8899999999999997, 3.91, 4.45, 4.03, 4.29, 4.36, 4.65, 4.84, 5.21, 5.029999999999999, 5.11, 5.1499999999999995, 5.19, 5.55, 5.91, 5.72, 6.279999999999999, 6.239999999999999, 6.47, 6.7, 6.9, 7.01, 7.42, 7.13, 7.340000000000001, 7.61]], "train_times": [[191.53764081001282, 192.24410033226013, 192.95520782470703, 191.15711998939514, 192.86921501159668, 193.71048188209534, 192.98139548301697, 192.8484709262848, 192.65138363838196, 192.94389128684998, 192.67870116233826, 192.306823015213, 192.46035432815552, 192.79880475997925, 192.91122794151306, 192.50431203842163, 191.8428030014038, 190.34594774246216, 191.9327290058136, 191.49060368537903, 191.39788222312927, 192.27661061286926, 192.6221001148224, 192.1897497177124, 192.01901817321777, 191.62412643432617, 191.39386010169983, 189.25046634674072, 191.83536744117737, 190.98211574554443, 192.65258073806763, 195.60880255699158, 194.769371509552, 194.07647824287415, 194.59514594078064, 194.64672350883484, 194.96502256393433, 197.2237148284912]], "valid_times": [[44.45461106300354, 43.87763023376465, 44.001776695251465, 45.52114391326904, 44.452146768569946, 45.52471733093262, 45.21229529380798, 44.123804330825806, 44.04275131225586, 44.5110239982605, 44.21839714050293, 44.68686127662659, 44.28765511512756, 45.23055028915405, 44.501999616622925, 45.70068383216858, 44.02318215370178, 44.779144287109375, 43.82982349395752, 44.85523986816406, 44.84077763557434, 45.16603374481201, 43.75073266029358, 45.231606006622314, 45.22487807273865, 45.260735273361206, 44.30688714981079, 44.49566602706909, 45.288614988327026, 44.42163443565369, 46.39202547073364, 45.62157702445984, 45.99677610397339, 45.6168372631073, 45.195960521698, 46.16112732887268, 47.02812385559082, 44.83367896080017]], "test_accuracy": 7.430000000000001, "convergence_iteration": 38}}