{"config": {"train_options": {"learning_rate": 0.01, "optimizer": "SGD", "batch_size": 128, "number_of_epochs": 300, "loss_parameters": {"temperature": 15, "distillation_type": "FEATURE_LAST", "alpha": 0.8, "beta": 0.4}}}, "results": {"train_losses": [[159.5412693725586, 155.24199664306641, 148.70998957519532, 141.47033692626954, 134.26833083496095, 133.32962139892578, 135.83079757080077, 140.52519197998046, 144.58023690185547, 148.762801953125, 153.88511446533204, 156.3058646484375, 159.7492396118164, 163.38714475097657, 165.7221972290039, 167.60990428466798, 171.37711984863282, 173.64873919677734, 176.53317423095703, 180.04968116455078, 183.11116083984376, 185.92377153320314, 188.24213278808594, 191.62573376464843, 194.31688220214843, 195.915651953125, 198.59044985351562, 200.69443122558593, 202.2973932861328, 204.43819956054688, 205.851815234375, 207.41227761230468]], "valid_losses": [[NaN, NaN, NaN, NaN, NaN, NaN, 158.89073045654297, NaN, NaN, NaN, NaN, NaN, 160.27058176269531, 158.95966368408205, 160.43248780212403, 172.9636979827881, 173.57286220092774, 175.33566777648926, 180.92035923461913, 183.62814182739257, 184.06557711791993, 191.01295455932618, 187.86101733398436, 195.9683299621582, 197.1758669067383, 195.14926591796876, 202.2200797241211, 206.69721741333007, 200.72396674194337, 204.29081783447265, 206.115524407959, 206.4081670654297]], "train_accs": [[2.165, 4.3525, 5.89, 7.3475, 8.4225, 9.8275, 10.8725, 11.862499999999999, 12.8525, 13.807500000000001, 14.725, 15.465000000000002, 16.5025, 17.1625, 17.8125, 18.7025, 19.2925, 20.0375, 20.69, 21.26, 22.0025, 22.6325, 23.427500000000002, 24.26, 24.75, 25.230000000000004, 26.11, 26.790000000000003, 27.575, 27.947499999999998, 28.5475, 29.044999999999998]], "valid_accs": [[4.06, 5.27, 7.449999999999999, 8.24, 9.5, 10.82, 11.41, 12.31, 13.309999999999999, 14.149999999999999, 15.260000000000002, 15.5, 16.6, 17.04, 17.75, 18.37, 19.31, 19.48, 20.54, 21.14, 22.28, 22.3, 23.49, 23.86, 24.560000000000002, 24.83, 25.52, 25.88, 26.779999999999998, 26.58, 28.000000000000004, 27.800000000000004]], "train_times": [[114.85801815986633, 115.07820987701416, 114.89719843864441, 115.54834246635437, 115.09548282623291, 115.58967447280884, 115.26311326026917, 115.18884778022766, 115.56138229370117, 115.25505495071411, 115.24225330352783, 115.4048433303833, 115.15846228599548, 115.2638430595398, 115.18104529380798, 115.23294353485107, 115.43469953536987, 115.22504472732544, 115.19192671775818, 115.22290539741516, 115.32787656784058, 115.18846106529236, 115.07714533805847, 115.04443097114563, 115.21795988082886, 115.32051038742065, 115.2924256324768, 115.39376854896545, 115.32611107826233, 116.70529103279114, 116.13102459907532, 116.03597927093506]], "valid_times": [[26.25064778327942, 26.266427040100098, 26.31023645401001, 26.406992435455322, 26.428295612335205, 26.47300934791565, 26.395044565200806, 26.34399938583374, 26.420661449432373, 26.335114240646362, 26.351059675216675, 26.46390652656555, 26.372071266174316, 26.390620708465576, 26.431578159332275, 26.398038625717163, 26.373000144958496, 26.433032751083374, 26.464528560638428, 26.373347520828247, 26.38458776473999, 26.35914969444275, 26.400054931640625, 26.409999132156372, 26.374614238739014, 26.36857771873474, 26.385405778884888, 26.331411838531494, 27.62100124359131, 26.610223293304443, 26.62760066986084, 26.708747625350952]], "test_accuracy": 28.52, "convergence_iteration": 32}}