{"config": {"train_options": {"learning_rate": 0.05, "optimizer": "SGD", "batch_size": 128, "number_of_epochs": 300, "loss_parameters": {"temperature": 5, "distillation_type": "FEATURE_LAST", "alpha": 0.3, "beta": 0.2}}}, "results": {"train_losses": [[NaN, NaN, NaN, NaN, NaN, NaN, NaN, NaN, NaN, NaN, NaN, NaN, NaN, 48.50405025939941, 56.088083203125, 65.42092140502929, 73.73164727172852, 78.8453129333496, 84.74469400024414, 89.35223299560546, 91.919625390625, 95.13603742675781, 97.45026506958008, 99.68136430664063, 101.72478211669922, 104.32207091064453, 105.24319395751954, 106.54946364746094, 107.87456479492188, 108.18132801513671, 109.1264122680664, 109.89003619384765, 110.387487109375, 110.4833560546875, 110.376879296875]], "valid_losses": [[NaN, NaN, NaN, NaN, NaN, NaN, NaN, NaN, NaN, NaN, NaN, NaN, NaN, 63.45463770446777, 58.06153798217773, 72.03421718139649, 75.86857720336914, 91.17283710327149, 90.93456516723633, 90.03857233886718, 91.01859730834961, 104.22393392944336, 101.41295466308594, 107.67481936645508, 104.63396436157227, 107.82965622558594, 109.62013939819336, 109.98683233032227, 110.27205248413085, 102.7896720703125, 103.10100911865234, 108.67337134399413, 112.13341040039063, 108.75891005859376, 109.85819265747071]], "train_accs": [[5.99, 13.0375, 18.135, 23.3925, 28.4425, 32.190000000000005, 35.75, 38.865, 41.472500000000004, 43.932500000000005, 46.21, 47.9675, 49.792500000000004, 51.322500000000005, 52.839999999999996, 53.947500000000005, 55.362500000000004, 56.265, 57.03, 58.2025, 58.917500000000004, 60.212500000000006, 60.9425, 61.214999999999996, 61.9375, 62.7325, 63.2425, 63.92, 64.47749999999999, 65.21249999999999, 65.6875, 66.155, 66.57499999999999, 67.1575, 67.6325]], "valid_accs": [[9.87, 13.389999999999999, 19.37, 22.33, 26.71, 29.74, 30.599999999999998, 34.74, 37.87, 36.559999999999995, 39.78, 40.81, 40.92, 43.89, 43.07, 47.410000000000004, 44.25, 47.02, 47.49, 49.24, 48.9, 47.49, 50.09, 49.65, 48.84, 51.959999999999994, 49.730000000000004, 52.05, 52.64, 50.86000000000001, 51.88, 50.849999999999994, 50.91, 51.09, 52.15]], "train_times": [[123.44490790367126, 123.63560223579407, 123.51144480705261, 125.36823987960815, 125.71942043304443, 124.53207278251648, 124.30433583259583, 125.6412570476532, 125.3458878993988, 124.97250556945801, 124.89671802520752, 124.52205872535706, 124.76643514633179, 124.65505313873291, 124.57761263847351, 124.59330606460571, 124.85958337783813, 123.70476913452148, 123.57752346992493, 122.94239521026611, 124.8016836643219, 125.36836838722229, 124.84636664390564, 125.45966911315918, 124.46482825279236, 124.55601263046265, 123.8426878452301, 122.97091746330261, 123.79285454750061, 124.11945486068726, 124.11783957481384, 126.01637244224548, 124.73543310165405, 125.34058022499084, 125.21899151802063]], "valid_times": [[24.209232091903687, 23.847617864608765, 24.455248832702637, 24.3183331489563, 24.525550365447998, 24.968618869781494, 24.598294496536255, 24.69630002975464, 24.269338607788086, 24.126736640930176, 24.611133337020874, 23.826609134674072, 24.163803577423096, 23.94461441040039, 24.793583869934082, 24.132648944854736, 23.964593648910522, 23.691915273666382, 23.95978021621704, 24.20337176322937, 24.521592378616333, 24.88212513923645, 23.932178497314453, 24.429454565048218, 24.19898533821106, 23.65965747833252, 23.755158185958862, 23.922279834747314, 24.08927631378174, 24.130869150161743, 24.111226558685303, 24.083003759384155, 24.152146339416504, 24.254263401031494, 24.305927991867065]], "test_accuracy": 51.910000000000004, "convergence_iteration": 35}}