{"config": {"train_options": {"learning_rate": 0.01, "optimizer": "SGD", "batch_size": 128, "number_of_epochs": 300, "loss_parameters": {"temperature": 10, "distillation_type": "FEATURE_LAST", "alpha": 0.6, "beta": 0.8}}}, "results": {"train_losses": [[286.500790234375, 237.01637075195313, 235.81941220703126, 248.56669892578125, 261.3106739013672, 269.37552407226565, 271.79393825683593, 275.99253603515626, 279.66677282714846, 284.0048999267578, 291.5088515869141, 297.17116000976563, 303.9550788330078, 309.5199474609375, 316.4851285888672, 324.0491041015625, 330.63649091796873, 337.85060825195313, 343.30302182617186, 350.78368359375, 356.9573454101562, 362.27805849609376, 367.57353994140624, 373.46258056640625, 377.74001513671874, 382.6798069824219, 387.25646748046876, 391.66535336914063, 395.7276522949219, 398.8242477050781, 402.5900082519531, 406.90530830078126, 410.600763671875]], "valid_losses": [[NaN, NaN, NaN, NaN, NaN, NaN, NaN, NaN, NaN, NaN, 303.5970123291016, 295.4379938598633, NaN, 317.3462095825195, 315.37744846191407, 324.91920844726565, 325.00037473144533, 343.27325885009765, 340.3051311889648, 353.70669140625, 345.732181640625, 354.3555551879883, 378.31527138671873, 379.62417525634766, 388.3322559326172, 392.03759455566404, 397.9750846191406, 398.15093345947264, 392.3414855102539, 403.49500736083985, 406.56139841308595, 410.81199479980467, 415.3705526489258]], "train_accs": [[2.3325, 3.8524999999999996, 5.1975, 6.5775, 7.6825, 8.7475, 9.77, 10.2875, 11.165, 11.4925, 12.504999999999999, 13.059999999999999, 13.665, 14.2875, 14.804999999999998, 15.18, 15.64, 15.989999999999998, 16.545, 16.927500000000002, 17.3975, 17.97, 18.1875, 18.970000000000002, 19.375, 19.8175, 20.6225, 20.935000000000002, 21.4225, 21.912499999999998, 22.0925, 22.63, 23.1625]], "valid_accs": [[3.1, 4.9, 5.86, 7.23, 8.23, 9.54, 10.41, 10.530000000000001, 11.15, 12.24, 13.29, 13.87, 14.49, 15.09, 15.83, 15.64, 16.31, 16.64, 16.919999999999998, 17.51, 17.580000000000002, 18.279999999999998, 18.82, 19.25, 19.42, 20.119999999999997, 19.950000000000003, 20.59, 20.53, 21.19, 21.490000000000002, 22.040000000000003, 22.38]], "train_times": [[121.53652501106262, 116.74339747428894, 116.90935492515564, 116.37481355667114, 116.65271544456482, 116.62491297721863, 116.77022314071655, 116.3833384513855, 116.57529330253601, 117.03536081314087, 116.6994309425354, 118.54023718833923, 118.41929745674133, 118.44376397132874, 118.57540202140808, 120.6889533996582, 116.55424523353577, 119.13336992263794, 119.12179231643677, 119.11798524856567, 118.5442864894867, 121.63783931732178, 117.11076283454895, 120.89584517478943, 120.12232327461243, 119.29865169525146, 120.30270576477051, 120.71089100837708, 120.65195035934448, 120.37030625343323, 120.77761697769165, 120.34131813049316, 120.52187657356262]], "valid_times": [[26.978086471557617, 26.714052438735962, 26.792087078094482, 26.789497137069702, 26.692037105560303, 26.78517436981201, 26.651031732559204, 26.692142963409424, 26.79884433746338, 26.67000937461853, 26.73341679573059, 27.018296241760254, 27.12648630142212, 27.10108184814453, 27.701027870178223, 26.761041164398193, 26.658034563064575, 27.189067602157593, 28.22055459022522, 27.09554362297058, 27.19614815711975, 27.664024114608765, 26.72676134109497, 27.604114294052124, 27.512000799179077, 27.369450092315674, 27.687551021575928, 27.600576877593994, 27.635066032409668, 27.970022439956665, 27.51055407524109, 27.497154235839844, 27.689563512802124]], "test_accuracy": 22.93, "convergence_iteration": 33}}