{"config": {"train_options": {"learning_rate": 0.005, "optimizer": "SGD", "batch_size": 128, "number_of_epochs": 300, "loss_parameters": {"temperature": 10, "distillation_type": "FEATURE_LAST", "alpha": 0.4, "beta": 0.7}}}, "results": {"train_losses": [[247.4002734375, 234.81258647460936, 216.58807036132814, 190.45819711914064, 173.14007893066406, 172.46004370117188, 179.74952243652345, 186.95440166015624, 191.27085764160157, 198.14623073730468, 204.26770407714844, 210.4954041748047, 217.18509526367188, 219.85972995605468, 223.18675654296874, 225.4028727783203, 227.065092578125, 231.10301994628907, 233.94212270507813, 238.20916030273438, 240.93607392578124, 244.4390108154297, 247.73124443359376, 251.16818854980468, 253.342146875, 255.1987532470703, 258.07774819335935, 262.07536611328123, 266.2009541259766, 270.1757717285156, 272.7754241943359, 276.5037552001953]], "valid_losses": [[NaN, NaN, NaN, NaN, NaN, NaN, NaN, NaN, NaN, 220.2533798828125, NaN, NaN, 221.02525402832032, 222.45558500976563, 246.05271262207032, 235.26856350097657, 253.39632524414063, 244.0329008544922, 253.94255046386718, 261.1014947998047, 255.70630261230468, 254.14573834228514, 251.2346780761719, 264.45782543945313, 283.029835546875, 251.36459444580078, 266.2367197387695, 275.41533076171874, 264.33079239501956, 274.76910556640627, 286.3018062988281, 283.70053416748044]], "train_accs": [[1.7175, 3.5249999999999995, 4.6475, 5.575, 6.7775, 7.735, 8.584999999999999, 9.5525, 10.205, 10.995000000000001, 11.87, 12.68, 13.48, 14.152500000000002, 15.015, 15.565000000000001, 16.2, 16.900000000000002, 17.4, 18.285, 18.7775, 19.4375, 20.2375, 20.7175, 21.377499999999998, 22.06, 22.650000000000002, 22.975, 23.6525, 24.279999999999998, 24.69, 25.217499999999998]], "valid_accs": [[2.46, 4.1000000000000005, 5.09, 5.8999999999999995, 7.01, 7.8, 9.19, 9.9, 9.9, 11.41, 11.98, 12.879999999999999, 13.5, 14.540000000000001, 14.430000000000001, 15.040000000000001, 15.659999999999998, 15.67, 16.73, 17.06, 18.05, 18.29, 19.41, 19.509999999999998, 20.369999999999997, 20.94, 21.62, 21.44, 22.5, 22.58, 23.400000000000002, 23.56]], "train_times": [[125.79501008987427, 126.35306477546692, 127.4788932800293, 128.11343836784363, 126.06768321990967, 129.03000402450562, 127.53064441680908, 126.8564076423645, 128.04100370407104, 127.55808973312378, 130.73154067993164, 128.2064573764801, 128.51328802108765, 128.5922727584839, 128.17812514305115, 130.90343928337097, 127.80111074447632, 131.28536009788513, 127.00879454612732, 128.03235054016113, 128.89897084236145, 128.82161688804626, 127.60436129570007, 129.05363607406616, 129.8319981098175, 130.0190999507904, 129.83030700683594, 129.07418656349182, 130.43263936042786, 127.53023743629456, 129.81210231781006, 129.10467958450317]], "valid_times": [[25.057085514068604, 25.771966218948364, 24.137438535690308, 24.06841516494751, 24.908331394195557, 25.632883071899414, 25.438404083251953, 25.176715850830078, 25.532973527908325, 25.520466327667236, 25.86485981941223, 25.259070873260498, 25.78835940361023, 25.733104705810547, 26.262423753738403, 26.240370512008667, 25.85766291618347, 25.781590461730957, 25.832003116607666, 25.787062168121338, 26.1538405418396, 24.923500299453735, 24.056159734725952, 25.627588748931885, 26.376349210739136, 25.27350902557373, 25.25295376777649, 25.861228704452515, 24.2410671710968, 25.416442394256592, 25.34155511856079, 25.237892627716064]], "test_accuracy": 24.85, "convergence_iteration": 32}}