{"config": {"train_options": {"learning_rate": 0.01, "optimizer": "SGD", "batch_size": 128, "number_of_epochs": 300, "loss_parameters": {"temperature": 15, "distillation_type": "FEATURE_LAST", "alpha": 0.1, "beta": 0.5}}}, "results": {"train_losses": [[232.574548828125, 201.14954753417967, 185.47284852294922, 170.53351887207032, 165.04247586669922, 166.2063814086914, 170.47870366210938, 178.44968896484374, 182.9516604736328, 182.7857609375, 186.54139396972656, 193.28295122070313, 198.28115322265626, 200.8832180419922, 202.796478515625, 206.36904509277343, 209.4394253173828, 213.04340913085937, 215.6944310546875, 218.7269498046875, 221.08272724609375, 223.0585115966797]], "valid_losses": [[NaN, 153.32800170288087, 190.11638291015626, 174.92407125854493, 177.22265733642578, 168.12438986816406, 181.7499648742676, 192.11818013305665, 178.04149336547852, 176.51694139404296, 180.89684738769532, 197.24206235351562, 193.34846484375, 190.44975309448242, 201.9823327392578, 185.64810192871093, 209.53773798828124, 213.71168905029296, 201.8266175415039, 209.99174306640626, 220.59694129638672, 226.07511888427734]], "train_accs": [[3.5475, 7.965, 11.39, 14.075, 15.837499999999999, 17.9125, 19.925, 21.9775, 23.9775, 25.955000000000002, 27.925, 29.7775, 31.105, 32.79, 34.4325, 35.75, 37.1075, 38.585, 39.7075, 40.9275, 41.885, 42.8725]], "valid_accs": [[5.47, 9.26, 11.87, 14.01, 15.7, 16.939999999999998, 18.84, 21.04, 23.35, 24.86, 26.39, 27.83, 28.96, 27.650000000000002, 29.330000000000002, 30.759999999999998, 32.11, 29.599999999999998, 33.23, 33.48, 35.83, 35.17]], "train_times": [[121.19790267944336, 122.10286569595337, 121.17804098129272, 121.00732278823853, 122.22423386573792, 122.41954302787781, 123.42220568656921, 124.19982528686523, 122.89447689056396, 124.68638944625854, 121.6745092868805, 125.35144972801208, 123.5981605052948, 122.15907120704651, 123.48367190361023, 121.84492921829224, 122.96019053459167, 121.85580921173096, 123.16147494316101, 121.36430883407593, 122.65484023094177, 123.4560854434967]], "valid_times": [[23.460736513137817, 24.099849939346313, 23.754964351654053, 24.30431890487671, 23.523008823394775, 23.551448583602905, 24.908599376678467, 23.579612255096436, 23.730093240737915, 22.92159938812256, 23.516444444656372, 24.319392681121826, 25.09766697883606, 23.16186547279358, 24.580739736557007, 23.913005352020264, 23.791444301605225, 23.144567251205444, 24.617182731628418, 24.410763025283813, 23.88741898536682, 24.240328073501587]], "test_accuracy": 37.07, "convergence_iteration": 22}}