{"config": {"train_options": {"learning_rate": 0.05, "optimizer": "SGD", "batch_size": 128, "number_of_epochs": 300, "loss_parameters": {"temperature": 20, "distillation_type": "FEATURE_LAST", "alpha": 0.2, "beta": 0.7}}}, "results": {"train_losses": [[NaN, NaN, NaN, 199.76359125976563, 242.81565681152344, 265.84820139160155, 289.4630682617188, 307.45155576171874, 324.0713196533203, 334.6619064453125, 346.45655830078124, 355.3893039550781, 365.92263442382813, 373.7152270019531, 384.4181787109375, 392.2733544433594, 399.8298302734375, 409.6093913574219, 416.89974750976563, 422.8123905761719, 429.928825390625, 435.2112409179687, 441.1348861328125, 446.8052640136719, 451.6583725585937, 455.64197583007814, 461.2331459472656]], "valid_losses": [[NaN, NaN, NaN, NaN, NaN, 276.22631501464843, 234.50602486572265, 261.3818289672852, 311.90215482177734, 328.61227114257815, 340.29527117919923, 356.91253981933596, 373.74634920654296, 369.11318688964843, 373.9546171875, 388.65154240722654, 387.6638571044922, 418.1799783691406, 409.9534639892578, 427.39231655273437, 437.43199650878904, 442.5614785644531, 444.1133781494141, 444.8370384765625, 443.03971733398436, 464.15031328125, 461.03876130371094]], "train_accs": [[5.1475, 10.917499999999999, 15.052499999999998, 18.9725, 22.6275, 25.759999999999998, 28.78, 32.005, 34.602500000000006, 36.95, 39.184999999999995, 41.15, 42.99, 44.4125, 46.23, 47.445, 48.902499999999996, 49.9925, 51.1475, 52.14, 52.795, 54.167500000000004, 54.94, 55.7125, 56.505, 57.4175, 58.0025]], "valid_accs": [[7.84, 12.45, 15.659999999999998, 19.0, 21.21, 25.91, 28.08, 29.909999999999997, 32.08, 33.57, 35.43, 36.78, 40.03, 39.57, 39.75, 40.98, 41.79, 43.519999999999996, 42.6, 44.17, 44.91, 45.24, 46.07, 46.82, 45.190000000000005, 46.83, 47.74]], "train_times": [[146.80257296562195, 147.35188174247742, 146.8614411354065, 146.18572449684143, 147.47611045837402, 144.3288450241089, 147.5153784751892, 144.09544897079468, 143.16637921333313, 143.29534649848938, 143.25714230537415, 143.050767660141, 146.72501945495605, 146.33579325675964, 147.45294833183289, 147.47991800308228, 147.70096278190613, 147.04170870780945, 147.10152077674866, 147.283527135849, 148.30910563468933, 146.01822018623352, 146.11157774925232, 148.84941458702087, 156.1051890850067, 150.39129614830017, 152.09990668296814]], "valid_times": [[34.73555326461792, 35.828068256378174, 34.33500003814697, 35.17494487762451, 34.2808313369751, 34.6696662902832, 34.59329152107239, 33.38115572929382, 33.47358226776123, 33.62365651130676, 33.44254469871521, 33.428544759750366, 33.78315711021423, 35.012882471084595, 35.107401847839355, 34.84493803977966, 34.44402766227722, 34.509220123291016, 34.76712656021118, 34.426713943481445, 34.57709622383118, 34.373714447021484, 34.135132789611816, 35.22767639160156, 35.74059844017029, 35.0280020236969, 35.757129192352295]], "test_accuracy": 48.6, "convergence_iteration": 27}}