{"config": {"train_options": {"learning_rate": 0.005, "optimizer": "SGD", "batch_size": 128, "number_of_epochs": 300, "loss_parameters": {"temperature": 15, "distillation_type": "FEATURE_LAST", "alpha": 0.4, "beta": 0.8}}}, "results": {"train_losses": [[337.9353169433594, 319.6930360595703, 301.8656881591797, 281.4371881591797, 271.9821793701172, 272.4229496337891, 273.50426674804686, 271.93344047851565, 269.5397134521484, 267.70525700683595, 268.3587007324219, 272.1420284667969, 276.46181623535153, 279.68631997070315, 284.1535396484375, 288.1253930908203, 290.7662537841797, 294.02654311523435, 297.2418649414063, 301.35865043945313, 304.9906916503906, 309.57635385742185, 313.3581283691406, 317.8079353027344, 322.05292778320313, 326.76868994140625, 330.2586353515625, 334.17808764648436, 337.8546639160156, 341.4141611816406, 346.4442503417969, 351.15959409179686, 354.8927395996094, 359.24132377929686, 363.418329296875, 366.644038671875, 370.48269829101565, 373.0783193359375, 375.57697822265624, 379.42761752929687, 382.1186338867187, 384.73160834960936, 387.926979296875, 388.97483911132815, 391.65598149414063, 393.18651064453127]], "valid_losses": [[NaN, NaN, NaN, NaN, NaN, NaN, NaN, NaN, NaN, NaN, NaN, NaN, NaN, NaN, NaN, NaN, NaN, NaN, NaN, 266.94625873718263, NaN, 278.0675734008789, 275.00046021728514, 288.2765473388672, 273.8684252319336, 260.80240334472654, 296.74103715820314, 290.7290820678711, 299.599335144043, 313.0348266113281, 314.3862206665039, 315.5988130004883, 332.2228598388672, 324.66845711669924, 324.47233192138674, 335.76040380859376, 332.87313635253906, 332.18606954345705, 349.17926123046874, 344.800758581543, 353.52517072753903, 351.4665783203125, 345.1441995361328, 365.84744537353515, 351.60453247070313, 366.2882605712891]], "train_accs": [[1.4949999999999999, 2.5749999999999997, 3.5700000000000003, 4.765, 5.72, 6.465, 7.06, 7.9174999999999995, 8.7475, 9.3125, 10.09, 10.854999999999999, 11.3925, 11.967500000000001, 12.379999999999999, 12.950000000000001, 13.337499999999999, 13.672500000000001, 14.552499999999998, 14.799999999999999, 15.2525, 15.6825, 16.0225, 16.49, 16.967499999999998, 17.185, 17.7075, 18.232499999999998, 18.61, 18.77, 19.3675, 19.537499999999998, 19.6725, 20.2125, 20.6325, 20.9375, 21.212500000000002, 21.790000000000003, 21.925, 22.4475, 22.805, 23.36, 23.645, 24.005000000000003, 24.23, 24.759999999999998]], "valid_accs": [[1.7500000000000002, 3.11, 3.9899999999999998, 4.97, 6.17, 6.2700000000000005, 6.94, 7.630000000000001, 8.63, 9.139999999999999, 9.78, 10.6, 11.04, 11.41, 12.27, 12.76, 13.51, 13.76, 14.030000000000001, 14.280000000000001, 14.69, 15.370000000000001, 15.07, 15.809999999999999, 16.669999999999998, 16.8, 17.02, 17.169999999999998, 17.93, 18.37, 18.529999999999998, 18.67, 18.92, 19.439999999999998, 19.97, 19.97, 19.89, 20.71, 21.13, 21.67, 21.83, 22.1, 22.0, 23.18, 22.79, 23.73]], "train_times": [[131.60208702087402, 130.71840262413025, 129.06821870803833, 128.2205822467804, 130.7784354686737, 129.12762236595154, 128.28165197372437, 130.0958034992218, 129.1080663204193, 127.85840082168579, 128.8017086982727, 130.62174081802368, 128.66882038116455, 129.0927815437317, 127.45814967155457, 129.98533129692078, 130.81988263130188, 128.87941813468933, 130.58153533935547, 129.30352425575256, 130.49586057662964, 125.8680009841919, 125.84146046638489, 128.1497519016266, 129.07810926437378, 127.62101340293884, 128.52133417129517, 128.35186123847961, 130.8195457458496, 130.05028438568115, 127.57326817512512, 129.64213800430298, 129.6537606716156, 128.43227362632751, 130.56945204734802, 128.2241027355194, 129.94177985191345, 128.7176742553711, 128.50864267349243, 128.80070304870605, 128.0974268913269, 126.96022272109985, 128.68557739257812, 127.47778487205505, 128.0853374004364, 127.6322546005249]], "valid_times": [[25.01857590675354, 26.287076234817505, 26.06108331680298, 26.04677391052246, 25.293333053588867, 23.97063398361206, 24.9130539894104, 25.50524663925171, 25.810990571975708, 24.049865007400513, 25.489306449890137, 23.905641078948975, 26.407982349395752, 25.93233847618103, 25.90736150741577, 25.693030834197998, 26.42784547805786, 26.893555879592896, 25.06400966644287, 25.773964881896973, 25.254051446914673, 25.619462966918945, 26.05421781539917, 25.43227767944336, 26.021347761154175, 24.91978359222412, 24.921916484832764, 25.68161630630493, 26.585474491119385, 25.62757897377014, 25.27834916114807, 25.242609977722168, 24.656853199005127, 25.385135650634766, 25.29936122894287, 25.27811908721924, 25.659307718276978, 25.543741703033447, 25.340254306793213, 26.180792093276978, 25.78229594230652, 24.033226490020752, 25.893764972686768, 25.827462434768677, 25.53658390045166, 25.9275860786438]], "test_accuracy": 23.669999999999998, "convergence_iteration": 46}}