{"config": {"train_options": {"learning_rate": 0.01, "optimizer": "SGD", "batch_size": 128, "number_of_epochs": 300, "loss_parameters": {"temperature": 10, "distillation_type": "FEATURE_LAST", "alpha": 0.9, "beta": 0.4}}}, "results": {"train_losses": [[177.7314555053711, 164.06512374267578, 150.24091596679688, 142.71706311035157, 142.67555317382812, 146.5541746948242, 150.76210780029297, 153.88893885498047, 157.02558498535157, 158.7001415283203, 159.10996295166015, 159.35800941162108, 160.88000596923828, 161.8675272338867, 162.92673260498046, 165.20755137939454, 166.9016441040039, 169.63446378173828, 172.0707037109375, 174.60662556152343, 176.91378262939452, 179.14693033447264, 181.79676893310548, 184.4394116821289, 186.80036232910157, 189.00739537353516, 191.3784485473633, 193.7146629638672, 195.93067583007812, 198.27259924316405]], "valid_losses": [[NaN, NaN, NaN, NaN, NaN, NaN, NaN, 153.96563638305665, 159.96261966552734, 150.05533973999025, 160.09081739501954, 154.91228037109374, 157.92535338745117, 152.86727509765626, 159.45962476196289, 155.0503071899414, 160.93742235717772, 165.18467158203126, 164.60166974487305, 178.5739896484375, 180.20270843505858, 179.23687565307617, 177.1104948852539, 187.39957961425782, 188.85261197509766, 189.70733937988282, 191.8337360107422, 200.02021376953124, 196.9367639526367, 198.85909505615234]], "train_accs": [[1.53, 2.7325, 3.6624999999999996, 4.324999999999999, 5.125, 5.8549999999999995, 6.370000000000001, 7.225, 8.1225, 8.86, 9.817499999999999, 10.39, 11.0225, 11.5875, 12.370000000000001, 12.655, 13.425, 13.88, 14.3125, 14.747499999999999, 15.340000000000002, 15.7775, 15.8825, 16.54, 16.935, 17.244999999999997, 17.765, 18.25, 18.512500000000003, 18.8975]], "valid_accs": [[1.92, 3.3300000000000005, 4.07, 4.65, 5.24, 5.92, 6.63, 7.290000000000001, 8.18, 9.31, 10.12, 10.47, 11.379999999999999, 11.48, 11.67, 12.45, 13.089999999999998, 13.209999999999999, 13.750000000000002, 14.32, 14.610000000000001, 15.03, 15.45, 15.98, 16.220000000000002, 16.5, 16.73, 16.93, 17.9, 17.86]], "train_times": [[156.29714012145996, 160.16030383110046, 160.36524033546448, 156.23488116264343, 160.6338906288147, 161.13637590408325, 159.76351118087769, 160.78433752059937, 156.29126739501953, 160.3368375301361, 160.36393356323242, 160.41901874542236, 160.58809423446655, 160.418288230896, 160.33268928527832, 160.36930084228516, 160.66378474235535, 160.93983554840088, 160.29680585861206, 160.40053009986877, 160.33135533332825, 157.8398473262787, 152.91268014907837, 153.37548685073853, 160.6408097743988, 160.51811504364014, 153.90495109558105, 156.25671410560608, 160.20943641662598, 160.29081201553345]], "valid_times": [[37.850807666778564, 37.816158294677734, 36.28467154502869, 37.32664132118225, 38.12564182281494, 35.812577962875366, 35.73603177070618, 37.40154838562012, 37.577096462249756, 37.634589433670044, 38.09460520744324, 37.938729763031006, 38.06819415092468, 37.62264108657837, 37.746132135391235, 37.61507320404053, 37.599032402038574, 37.79685926437378, 37.74153542518616, 38.02161121368408, 37.676607608795166, 37.63352584838867, 37.50911235809326, 36.401257276535034, 37.934096574783325, 37.62455463409424, 36.35262727737427, 37.60900068283081, 37.77461338043213, 37.72560715675354]], "test_accuracy": 18.17, "convergence_iteration": 30}}