{"config": {"train_options": {"learning_rate": 0.01, "optimizer": "SGD", "batch_size": 128, "number_of_epochs": 300, "loss_parameters": {"temperature": 5, "distillation_type": "FEATURE_LAST", "alpha": 0.1, "beta": 0.7}}}, "results": {"train_losses": [[256.1293138671875, 233.81506950683593, 202.61649995117187, 219.81501313476562, 235.37175490722657, 245.53851845703124, 251.96280786132812, 258.33709873046877, 264.781440625, 270.3855328125, 276.9613730224609, 286.1700242919922, 292.3567382568359, 296.64057563476564, 300.300739453125, 303.39680375976565, 305.45137802734376, 310.1965742675781, 309.9107164306641, 312.8746134765625, 313.8252973144531, 317.4534876708984, 320.1860554443359, 322.4499780761719, 325.75890986328125, 328.04811469726565, 331.22648271484377, 333.7347330322266, 336.97146274414064, 339.8567081542969, 342.4635948242188]], "valid_losses": [[267.98982934570313, NaN, NaN, NaN, NaN, NaN, NaN, NaN, NaN, NaN, 250.766048046875, 274.64422099609374, 266.53940087890624, 260.98754870605467, 275.58486973876956, 282.21317598876954, 293.65223016357425, 290.91522896728515, 311.22786943359375, 309.8814379394531, 303.35466650390623, 306.7500457397461, 299.0177906616211, 314.1284991333008, 312.2969130493164, 319.3066729736328, 318.4343726196289, 326.84089697265625, 333.3485844116211, 325.86891895751955, 333.6028931396484]], "train_accs": [[2.5524999999999998, 5.57, 8.260000000000002, 10.4775, 12.6925, 14.2325, 15.7475, 17.1875, 18.54, 19.8775, 21.349999999999998, 22.525000000000002, 23.9275, 25.2, 26.3075, 27.6775, 28.8625, 30.007499999999997, 31.337500000000002, 32.695, 33.7325, 34.9, 35.8125, 37.03, 38.1025, 38.735, 39.887499999999996, 40.7175, 41.302499999999995, 42.385, 43.25]], "valid_accs": [[4.37, 7.32, 9.36, 11.16, 11.88, 13.450000000000001, 15.229999999999999, 16.93, 17.49, 19.38, 20.96, 21.32, 22.81, 22.97, 24.5, 25.8, 26.790000000000003, 26.8, 29.25, 30.84, 30.759999999999998, 31.790000000000003, 32.76, 32.940000000000005, 35.03, 33.989999999999995, 34.83, 35.9, 36.96, 36.9, 37.92]], "train_times": [[157.26918768882751, 166.00795984268188, 167.6872181892395, 160.90309500694275, 164.44938778877258, 161.74443435668945, 161.4949827194214, 162.26242232322693, 161.86942648887634, 161.72275495529175, 161.95712518692017, 164.94008135795593, 163.5038242340088, 164.41141629219055, 163.71660017967224, 164.93266129493713, 164.26220035552979, 165.10650491714478, 165.73401713371277, 163.23336720466614, 163.95118355751038, 164.31171679496765, 163.3807339668274, 164.30756998062134, 164.07496786117554, 163.518705368042, 164.36741089820862, 163.73873114585876, 164.0652253627777, 164.37381649017334, 163.4315779209137]], "valid_times": [[39.28600192070007, 39.317925214767456, 38.15645146369934, 37.72661733627319, 37.532280921936035, 38.044394969940186, 38.015634536743164, 38.303597927093506, 38.00268507003784, 38.059218645095825, 38.029620885849, 38.45590901374817, 38.12928748130798, 38.5062472820282, 38.50465106964111, 38.22525477409363, 38.78011655807495, 38.6606330871582, 38.834179401397705, 38.56888151168823, 37.950011253356934, 38.469531774520874, 38.36155343055725, 38.16721248626709, 38.444716691970825, 38.35721564292908, 38.369457721710205, 38.48585247993469, 38.02508330345154, 38.26572513580322, 38.3270206451416]], "test_accuracy": 39.14, "convergence_iteration": 31}}