{"config": {"train_options": {"learning_rate": 0.005, "optimizer": "SGD", "batch_size": 128, "number_of_epochs": 300, "loss_parameters": {"temperature": 5, "distillation_type": "FEATURE_LAST", "alpha": 0.4, "beta": 0.9}}}, "results": {"train_losses": [[395.31969526367186, 396.08157788085936, 384.73052133789065, 375.7186932617187, 365.74348159179686, 356.1596591308594, 349.0660369628906, 343.7432483886719, 335.9165924560547, 326.09849765625, 317.1188971191406, 307.2109428955078, 302.65965646972654, 300.5753143310547, 298.68797946777346, 299.91463100585935, 300.68498237304686, 302.85016506347654, 304.4835016845703, 306.243342578125, 310.2145617919922, 312.9118430664063, 315.8011001220703, 320.74225036621095, 325.6338502197266, 330.3847549316406, 333.3052958251953, 340.263966796875, 342.52445681152346, 347.36462224121095, 350.9770125488281, 355.4718071777344, 358.99919536132813, 363.3468855957031, 366.0085111328125, 367.30826030273437, 371.9119555175781, 374.07787109375, 378.40398842773436, 383.5149674316406, 387.3105482421875, 391.09038466796875, 393.60510170898436, 398.48235317382813]], "valid_losses": [[402.42561796875, NaN, NaN, NaN, NaN, NaN, NaN, NaN, NaN, NaN, NaN, NaN, NaN, NaN, NaN, NaN, NaN, NaN, NaN, NaN, NaN, NaN, 328.07235864257814, 319.5496447265625, 343.3069368041992, 348.9021501953125, 346.52219837646487, 344.9555026855469, 367.18281213378907, 336.9115453979492, 358.66183259277346, 368.35686395263673, 368.0802734375, 361.9362858154297, 371.42482866210935, 370.9830355224609, 375.6633956176758, 388.2481327880859, 377.88149415283203, 397.0530493041992, 390.20600139160155, 395.9091265625, 398.7441171142578, 396.27964053955077]], "train_accs": [[1.015, 1.735, 2.3975, 3.075, 3.7449999999999997, 4.205, 4.565, 5.157500000000001, 5.4625, 5.8549999999999995, 6.5125, 6.9575, 7.375, 7.765, 8.1625, 8.352500000000001, 8.7975, 9.115, 9.3975, 9.6425, 9.9875, 10.084999999999999, 10.405000000000001, 10.7475, 10.92, 11.29, 11.3925, 11.7925, 12.202499999999999, 12.34, 12.7275, 12.839999999999998, 13.167499999999999, 13.44, 13.625000000000002, 13.975000000000001, 14.072499999999998, 14.249999999999998, 14.565, 14.64, 14.67, 15.165000000000001, 15.21, 15.4]], "valid_accs": [[1.39, 2.04, 2.4, 3.17, 3.73, 4.35, 4.63, 4.83, 5.26, 5.609999999999999, 6.419999999999999, 6.47, 7.04, 7.64, 7.5, 7.9799999999999995, 8.6, 8.94, 9.17, 9.47, 9.92, 10.290000000000001, 10.48, 10.7, 10.97, 11.27, 11.42, 12.030000000000001, 11.98, 12.379999999999999, 12.509999999999998, 12.889999999999999, 13.16, 13.23, 13.639999999999999, 13.600000000000001, 13.74, 14.46, 14.41, 15.190000000000001, 14.860000000000001, 14.52, 15.120000000000001, 15.160000000000002]], "train_times": [[129.38290405273438, 130.04637670516968, 129.84251236915588, 129.24786567687988, 128.07283902168274, 128.61657786369324, 128.64769196510315, 128.34598922729492, 127.77634382247925, 128.69194555282593, 127.58556056022644, 128.04333448410034, 129.2440061569214, 128.65496611595154, 129.3144657611847, 128.6796097755432, 127.63969683647156, 129.312641620636, 126.76611566543579, 126.48740220069885, 128.79015564918518, 129.10996675491333, 130.66625094413757, 127.1587746143341, 128.9647011756897, 129.4352810382843, 128.24702310562134, 131.0808002948761, 129.6393105983734, 131.11847496032715, 128.827086687088, 128.43341040611267, 129.74212098121643, 128.7539186477661, 127.81091713905334, 129.12284088134766, 127.78030681610107, 131.08462810516357, 131.2083854675293, 128.78873467445374, 129.7524015903473, 128.33601140975952, 128.89636206626892, 129.1188759803772]], "valid_times": [[25.37268090248108, 25.69343066215515, 25.849013090133667, 23.79394030570984, 23.914310693740845, 25.635014533996582, 25.33515238761902, 25.894176959991455, 25.706941604614258, 24.834731817245483, 25.090543508529663, 26.221421241760254, 25.954362392425537, 26.205543279647827, 23.871932983398438, 25.767810821533203, 26.050999402999878, 25.157469272613525, 25.85692024230957, 23.839524030685425, 25.619155645370483, 24.69035506248474, 26.02788805961609, 25.249545097351074, 25.946886777877808, 25.416555643081665, 25.582940816879272, 26.089483737945557, 24.11644983291626, 24.43660593032837, 24.04318118095398, 25.696815490722656, 25.654991149902344, 25.60158610343933, 25.39737892150879, 25.557276725769043, 26.261134386062622, 24.81125807762146, 25.60222601890564, 25.901885986328125, 25.142929553985596, 26.120050191879272, 25.590678215026855, 25.243564128875732]], "test_accuracy": 15.870000000000001, "convergence_iteration": 44}}