{"config": {"train_options": {"learning_rate": 0.01, "optimizer": "SGD", "batch_size": 128, "number_of_epochs": 300, "loss_parameters": {"temperature": 10, "distillation_type": "FEATURE_LAST", "alpha": 0.7, "beta": 0.1}}}, "results": {"train_losses": [[42.38826036071777, 36.26366703796387, 32.9136945678711, 31.711148287963866, 31.10228293762207, 29.97635902709961, 29.77486544189453, 29.81947727355957, 30.561711703491213, 31.88319407348633, 33.519046307373046, 35.02823374023438, 36.10885547485351, 37.630056326293946, 39.32717805480957, 40.644670068359375, 41.78922634582519, 42.64171920166016, 43.447676306152346, 44.26219510498047, 44.901925817871096, 45.57415548095703, 46.07786928100586, 46.592423974609375, 47.28015763549805, 47.75605541992188, 48.32530667114258, 49.08840834350586, 49.51617844238281, 49.900696588134764, 50.40555867919922, 50.939571490478514, 51.28606068725586]], "valid_losses": [[NaN, NaN, NaN, NaN, NaN, NaN, NaN, NaN, NaN, NaN, NaN, NaN, 34.4912984664917, 38.311747587013244, 38.60592420883179, 39.71504072113037, 40.09309505004883, 42.53183464050293, 41.6654881942749, 43.414419766235355, 42.72322265319824, 43.59958841705322, 43.19791513366699, 44.497117776489254, 45.10236205596924, 45.935030157470706, 45.429287341308594, 47.4450952331543, 48.4149603149414, 48.37532486114502, 49.04348397064209, 49.79582689208984, 49.27443420715332]], "train_accs": [[2.6224999999999996, 6.772499999999999, 10.645, 12.9025, 14.485000000000001, 15.7475, 16.9325, 18.587500000000002, 19.869999999999997, 21.337500000000002, 22.2225, 23.51, 24.705, 25.785000000000004, 26.9275, 28.1775, 29.270000000000003, 30.312499999999996, 31.44, 32.73, 33.7025, 34.2925, 35.3425, 36.59, 37.65, 38.3975, 39.495000000000005, 40.4075, 41.29, 41.905, 42.96, 43.5025, 44.385000000000005]], "valid_accs": [[4.47, 8.24, 10.89, 12.280000000000001, 14.149999999999999, 15.21, 16.68, 17.53, 19.43, 20.369999999999997, 21.82, 22.97, 23.5, 24.98, 24.83, 26.179999999999996, 27.16, 28.46, 28.93, 30.11, 31.77, 32.06, 32.800000000000004, 32.550000000000004, 34.01, 35.23, 35.28, 36.18, 37.04, 38.14, 38.84, 39.25, 39.22]], "train_times": [[115.84060215950012, 116.13509249687195, 115.93610525131226, 115.64347529411316, 115.62915897369385, 115.66613721847534, 115.6990852355957, 116.04862451553345, 116.17407274246216, 115.53503036499023, 115.49063611030579, 115.57111597061157, 115.67208504676819, 115.55012607574463, 115.5446560382843, 115.72454524040222, 115.5500705242157, 115.65903067588806, 115.52664184570312, 115.8410849571228, 115.52705526351929, 115.86948561668396, 115.43025088310242, 115.62634468078613, 115.622891664505, 115.698659658432, 115.81571006774902, 115.78923797607422, 115.64977073669434, 115.69276714324951, 115.7317533493042, 115.81611061096191, 116.05006909370422]], "valid_times": [[26.564515352249146, 26.606000423431396, 26.365000009536743, 26.405516862869263, 26.42351770401001, 26.389514207839966, 26.523003339767456, 26.45300054550171, 26.363516569137573, 26.360514879226685, 26.32533025741577, 26.40500020980835, 26.34151840209961, 26.368032217025757, 26.35300087928772, 26.367998123168945, 26.349002599716187, 26.40500044822693, 26.38155245780945, 26.399370193481445, 26.513680696487427, 26.403037309646606, 26.44700026512146, 26.542518854141235, 26.418596506118774, 26.390999794006348, 26.355620861053467, 26.38227605819702, 26.47499942779541, 26.39163041114807, 26.456030130386353, 26.47600245475769, 26.45799970626831]], "test_accuracy": 40.25, "convergence_iteration": 33}}