{"config": {"train_options": {"learning_rate": 0.01, "optimizer": "SGD", "batch_size": 128, "number_of_epochs": 300, "loss_parameters": {"temperature": 20, "distillation_type": "FEATURE_LAST", "alpha": 0.2, "beta": 0.8}}}, "results": {"train_losses": [[259.33079875488284, NaN, NaN, NaN, NaN, 197.33376854248047, 224.39947905273436, 240.66473186035157, 254.35153374023437, 269.4114031005859, 282.89108984375, 294.74998186035157, 301.9183791015625, 313.32664138183594, 322.2597932373047, 332.081124609375, 340.3572440429688, 348.1709266113281, 357.655536328125, 362.68070595703125, 370.6967999511719, 376.10701796875, 380.1735027832031, 384.95976962890626, 389.91798193359375, 393.8829837890625, 398.11346411132814, 401.25652421875]], "valid_losses": [[NaN, NaN, NaN, NaN, NaN, NaN, NaN, 229.6890610107422, 265.13414752197264, 255.68729500732422, 297.4232679443359, 277.3290831054687, 276.86396380615236, 306.5902589599609, 335.1739159057617, 322.0432576660156, 332.058799206543, 339.76910190429686, 358.9471900024414, 369.14009022216794, 367.90000910644534, 370.1616269042969, 370.97036634521487, 381.45981708984374, 383.060709765625, 393.42609436035156, 394.14681149902344, 386.5348811279297]], "train_accs": [[2.93, 5.2475000000000005, 6.8525, 8.7025, 10.165000000000001, 11.765, 12.8525, 14.2375, 15.254999999999999, 16.4925, 17.3625, 18.61, 19.717499999999998, 20.94, 21.915000000000003, 22.7025, 23.669999999999998, 24.7225, 25.327499999999997, 26.25, 27.0225, 27.955000000000002, 28.5775, 29.67, 30.165, 30.9875, 31.819999999999997, 32.54]], "valid_accs": [[4.42, 6.12, 7.5200000000000005, 9.76, 11.35, 12.280000000000001, 13.83, 14.93, 15.55, 16.74, 17.49, 18.310000000000002, 19.919999999999998, 20.5, 21.27, 22.400000000000002, 22.81, 24.490000000000002, 25.36, 25.27, 26.279999999999998, 26.240000000000002, 27.37, 28.000000000000004, 28.499999999999996, 28.17, 29.68, 30.620000000000005]], "train_times": [[188.77165412902832, 188.41542530059814, 187.12235236167908, 188.01618552207947, 188.29041743278503, 188.83473873138428, 188.58177661895752, 189.99743032455444, 189.46134877204895, 187.65678000450134, 189.99050545692444, 187.31317591667175, 189.01806616783142, 189.15852093696594, 189.17029809951782, 187.3866684436798, 188.74126744270325, 189.91939759254456, 190.11585402488708, 189.9744520187378, 190.30531692504883, 190.84777450561523, 189.8753547668457, 189.6263198852539, 189.92887234687805, 189.36726689338684, 189.5123233795166, 189.19516324996948]], "valid_times": [[44.699187994003296, 44.58122277259827, 44.51975059509277, 44.6278281211853, 44.70674443244934, 44.467050552368164, 44.346128702163696, 44.611127614974976, 44.75557041168213, 44.94898962974548, 44.6256206035614, 44.66814041137695, 44.75604772567749, 44.572649240493774, 44.50516414642334, 44.758567094802856, 44.87714743614197, 44.782023668289185, 44.70159959793091, 44.76953649520874, 45.114997148513794, 44.69812893867493, 44.609522104263306, 44.61002564430237, 44.754607915878296, 44.73811340332031, 44.692028284072876, 44.768662214279175]], "test_accuracy": 31.46, "convergence_iteration": 28}}