{"config": {"train_options": {"learning_rate": 0.05, "optimizer": "SGD", "batch_size": 128, "number_of_epochs": 300, "loss_parameters": {"temperature": 5, "distillation_type": "FEATURE_LAST", "alpha": 0.9, "beta": 0.7}}}, "results": {"train_losses": [[297.1507145751953, 308.68513666992186, 319.5009240478516, 324.50688513183593, 330.7538935546875, 339.05894211425783, 349.4430776367187, 361.97088276367185, 376.4183318359375, 388.8073342773437, 400.09124501953124, 411.4399049316406, 422.2528923828125, 431.271171875, 440.49642524414065, 448.1448657226563, 455.06429174804686, 460.91218305664063, 466.18493505859374, 471.1647344238281, 475.8074189941406, 480.73291166992186, 484.5551427734375, 489.06557646484373, 492.53962163085936]], "valid_losses": [[NaN, 302.45565943603515, 308.5382773193359, 285.61004677734377, 290.51997593841554, NaN, 327.95033771362307, 344.1385715454102, 381.38558548583984, 389.7317536254883, 405.53445224609374, 416.3098686035156, 425.20958972167966, 426.65725009765623, 446.93842341308596, 454.20358134765627, 454.2655634765625, 460.6481275146484, 465.5942049560547, 469.5896572753906, 472.9534423828125, 476.51019409179685, 482.0392274902344, 486.97912963867185, 491.56799729003905]], "train_accs": [[1.7274999999999998, 3.49, 5.3100000000000005, 6.8500000000000005, 8.559999999999999, 10.09, 11.584999999999999, 12.9125, 13.6575, 14.6425, 15.7325, 16.37, 17.3275, 18.1025, 19.142500000000002, 20.0875, 20.915, 21.955, 23.0375, 24.035, 24.9925, 25.869999999999997, 26.9675, 27.71, 28.512500000000003]], "valid_accs": [[2.35, 4.64, 6.800000000000001, 8.32, 9.01, 10.12, 11.129999999999999, 11.89, 13.450000000000001, 14.510000000000002, 15.09, 16.25, 16.76, 17.59, 18.64, 19.2, 19.96, 21.37, 21.27, 23.150000000000002, 23.89, 24.59, 24.82, 27.089999999999996, 25.97]], "train_times": [[134.70357847213745, 130.95206665992737, 128.83930230140686, 128.23751664161682, 130.66326427459717, 132.16104459762573, 130.34110116958618, 131.24117612838745, 128.948810338974, 129.54855108261108, 128.05162525177002, 130.21258187294006, 133.17702174186707, 128.25024914741516, 131.40430545806885, 128.63024806976318, 132.58966398239136, 131.17330861091614, 132.5417618751526, 131.26706385612488, 130.20818614959717, 131.4437952041626, 127.85930967330933, 131.54174494743347, 129.29860615730286]], "valid_times": [[25.27026104927063, 26.384715795516968, 25.49242639541626, 26.73362159729004, 25.827964067459106, 25.79930567741394, 25.69313955307007, 24.70478916168213, 25.614842414855957, 25.23425817489624, 25.707019805908203, 24.598828077316284, 26.212310552597046, 25.778881549835205, 26.24543809890747, 26.173558712005615, 26.250330209732056, 25.69974136352539, 24.41276264190674, 25.292093753814697, 26.510790824890137, 23.811349391937256, 25.795597076416016, 26.45654606819153, 26.886695623397827]], "test_accuracy": 26.55, "convergence_iteration": 25}}