{"config": {"train_options": {"learning_rate": 0.01, "optimizer": "SGD", "batch_size": 128, "number_of_epochs": 300, "loss_parameters": {"temperature": 15, "distillation_type": "FEATURE_LAST", "alpha": 0.8, "beta": 0.2}}}, "results": {"train_losses": [[63.865198120117185, 46.74439175109863, 48.020838488769535, 57.062230432128906, 61.66188508300781, 64.9227011352539, 67.82354257202148, 69.46654376831054, 71.07253234863282, 72.78316061401367, 74.86788305664062, 76.7173817993164, 78.99815553588867, 80.55559645385742, 82.30503884277344, 83.76812376098633, 85.07740844726563, 86.39874750366211, 87.99113494262696, 88.94668430786133, 89.86678806762696, 91.19395242309571, 92.12439986572265, 92.71311524047852, 93.22616509399414, 94.07489898681641]], "valid_losses": [[NaN, NaN, NaN, NaN, NaN, 68.41430694274902, 71.30359567260743, 71.06405942993165, 71.18283841247559, 74.66714617614745, 72.89610256958008, 74.7667622619629, 79.15142129821777, 81.97248547363282, 84.30811130981445, 83.85459250488282, 87.51691287231445, 82.35072659606934, 90.23115114135742, 90.6369142944336, 90.7603811553955, 89.87448530578614, 91.1989405883789, 87.94886130065917, 93.72970180053711, 89.35694641723633]], "train_accs": [[2.17, 4.31, 5.7625, 7.385, 9.0475, 10.337499999999999, 11.7625, 12.86, 14.015, 14.860000000000001, 15.9475, 16.705000000000002, 17.5, 18.392500000000002, 19.575, 20.2675, 21.357499999999998, 22.1725, 22.99, 23.985, 24.59, 25.724999999999998, 26.3, 27.1775, 27.815, 28.7275]], "valid_accs": [[3.0, 5.27, 6.68, 8.559999999999999, 9.92, 10.979999999999999, 12.540000000000001, 13.320000000000002, 14.09, 14.46, 14.96, 16.11, 16.939999999999998, 18.35, 18.84, 19.689999999999998, 20.39, 21.93, 22.27, 23.810000000000002, 24.759999999999998, 25.290000000000003, 25.66, 26.41, 27.189999999999998, 27.700000000000003]], "train_times": [[116.66106057167053, 116.91802668571472, 116.88254690170288, 116.99102473258972, 116.9475462436676, 117.24961066246033, 116.99205350875854, 117.00610494613647, 123.15057229995728, 121.55102300643921, 119.70202660560608, 119.19503116607666, 118.73206734657288, 116.10453534126282, 115.37759065628052, 120.35461187362671, 115.67306876182556, 115.8000020980835, 116.22955560684204, 121.36959266662598, 117.81969952583313, 117.5899269580841, 120.33525514602661, 118.63394975662231, 122.53526186943054, 125.30830097198486]], "valid_times": [[26.568517446517944, 26.706003427505493, 26.648517847061157, 26.718040227890015, 26.6721088886261, 26.65151309967041, 26.66702914237976, 26.738028526306152, 28.014511346817017, 27.296523332595825, 27.030997037887573, 27.407549381256104, 26.5470027923584, 26.30651307106018, 26.33999800682068, 27.704198360443115, 26.716142654418945, 26.73800039291382, 27.130003213882446, 26.68303656578064, 27.20003390312195, 26.884637117385864, 27.177607536315918, 27.228060960769653, 27.510000228881836, 28.62600040435791]], "test_accuracy": 28.18, "convergence_iteration": 26}}