{"config": {"train_options": {"learning_rate": 0.05, "optimizer": "SGD", "batch_size": 128, "number_of_epochs": 300, "loss_parameters": {"temperature": 15, "distillation_type": "FEATURE_LAST", "alpha": 0.2, "beta": 0.9}}}, "results": {"train_losses": [[269.4765768310547, 213.84713081054687, 275.83393598632813, 318.7831695556641, 361.0731588378906, 395.12116293945314, 423.2461109863281, 447.20872626953127, 466.5306849609375, 484.62998427734374, 502.3027779785156, 518.3535577148438, 533.0822916992188, 545.5025292480469, 557.3385066894531, 567.0604103027343, 576.7397586425782, 585.7421241210938, 593.0522897949219, 600.2411746582031, 606.9149415527344, 613.8270091796875, 619.5261750976563, 624.7769768066406]], "valid_losses": [[NaN, NaN, NaN, 298.5216006347656, 349.7330143066406, 351.3260528076172, 421.1131318359375, 426.04908354492187, 449.96708356933595, 474.5320087646484, 506.1523519042969, 516.9871260986328, 510.7376970214844, 543.4127402587891, 556.7829349609375, 556.3823611083984, 572.9268783447266, 584.8539235839844, 590.1652413330078, 600.5650532958985, 604.1849716796875, 610.2509070800782, 617.8127489013672, 611.2751992919922]], "train_accs": [[3.505, 7.175, 10.4075, 13.0775, 15.465000000000002, 17.645, 19.695, 21.465, 23.477500000000003, 25.392500000000002, 27.189999999999998, 29.03, 30.5225, 32.324999999999996, 33.665, 35.1375, 36.2925, 38.097500000000004, 39.445, 40.2875, 41.6725, 42.8975, 43.877500000000005, 44.875]], "valid_accs": [[6.140000000000001, 9.8, 11.35, 14.12, 16.509999999999998, 18.48, 20.599999999999998, 22.07, 23.419999999999998, 23.69, 25.6, 27.18, 28.43, 30.17, 31.19, 32.11, 33.26, 33.89, 35.94, 36.78, 36.95, 37.71, 37.480000000000004, 39.73]], "train_times": [[211.14040160179138, 211.53134441375732, 215.0479724407196, 212.460693359375, 211.7646825313568, 212.9415774345398, 209.15027689933777, 216.07416772842407, 215.3830440044403, 210.34178042411804, 215.36806559562683, 210.2652280330658, 212.10700488090515, 211.80438113212585, 210.04174947738647, 211.2290403842926, 212.6766710281372, 209.51245069503784, 212.65618538856506, 210.53819680213928, 211.77303767204285, 212.60903215408325, 208.50152730941772, 213.11987972259521]], "valid_times": [[51.36914801597595, 50.86100387573242, 48.96009349822998, 50.79761242866516, 48.92456650733948, 50.5859432220459, 50.6202027797699, 49.60612893104553, 52.07183527946472, 48.98874616622925, 49.34129285812378, 50.69215536117554, 47.29212188720703, 49.2803909778595, 50.45577836036682, 48.758549213409424, 50.97582387924194, 49.26275706291199, 49.47065758705139, 50.084333181381226, 48.903109312057495, 49.53912115097046, 49.51027250289917, 49.0180504322052]], "test_accuracy": 41.15, "convergence_iteration": 24}}