{"config": {"train_options": {"learning_rate": 0.05, "optimizer": "SGD", "batch_size": 128, "number_of_epochs": 300, "loss_parameters": {"temperature": 5, "distillation_type": "FEATURE_LAST", "alpha": 0.7, "beta": 0.1}}}, "results": {"train_losses": [[NaN, NaN, NaN, 24.115682496643068, 29.32222399902344, 32.47016048278809, 35.82325842590332, 38.81799252319336, 41.38752106018067, 42.98560553894043, 43.97866259765625, 45.2008309967041, 46.42523756103515, 48.04649122314453, 49.492109350585935, 50.79428370361328, 51.927059411621094, 52.96048474731445, 54.47080439453125, 55.76583834838867, 56.46192586669922, 57.565648400878906, 58.75173248901367, 59.79106016845703, 60.565422674560544, 61.05996410522461, 62.198986749267576]], "valid_losses": [[NaN, NaN, NaN, NaN, NaN, NaN, 34.071141163635254, 35.62013706817627, 41.88315742797852, 45.33120090942383, 41.93898162536621, 41.997203524780275, 45.42740380859375, 46.178772688293456, 46.47171253662109, 49.92067651977539, 53.47371135253906, 52.43196297912598, 54.74329353027344, 54.86891485290527, 57.12579664306641, 56.74124267578125, 58.20289323120117, 59.171864624023435, 61.63848333740234, 59.75909112243652, 60.61842954101562]], "train_accs": [[5.5075, 12.1675, 16.84, 20.4925, 24.709999999999997, 28.302500000000002, 31.46, 34.307500000000005, 36.89, 39.28, 41.0975, 42.795, 44.495000000000005, 46.19, 47.865, 48.905, 50.15500000000001, 51.495000000000005, 52.3675, 53.269999999999996, 54.5675, 55.1725, 56.230000000000004, 56.95, 57.6425, 58.037499999999994, 58.76]], "valid_accs": [[8.75, 14.399999999999999, 17.849999999999998, 22.509999999999998, 24.81, 26.46, 28.84, 32.81, 31.740000000000002, 36.66, 38.37, 38.14, 40.73, 41.38, 42.01, 43.769999999999996, 44.47, 40.54, 44.46, 45.769999999999996, 46.12, 46.53, 46.86, 41.71, 46.760000000000005, 47.42, 48.06]], "train_times": [[187.19343781471252, 191.24762058258057, 194.48002290725708, 185.89682626724243, 186.47009992599487, 185.58364248275757, 187.10532665252686, 184.94422125816345, 185.25399088859558, 184.89870595932007, 183.46042728424072, 185.29207396507263, 184.51520562171936, 184.59553408622742, 184.44962811470032, 185.8145546913147, 187.1629135608673, 188.39747405052185, 187.98686575889587, 187.6955966949463, 186.56280207633972, 188.37375664710999, 186.24572777748108, 187.1611363887787, 187.86785984039307, 189.36308336257935, 188.3489453792572]], "valid_times": [[42.68096971511841, 44.97316789627075, 44.54261136054993, 44.24011993408203, 43.79124307632446, 43.93382143974304, 43.91372036933899, 44.05928587913513, 42.823137044906616, 42.80701780319214, 44.04868984222412, 43.94819450378418, 42.94829058647156, 44.126261472702026, 43.70016598701477, 44.20574688911438, 43.60721516609192, 42.438318729400635, 43.428722858428955, 44.24959874153137, 43.98271131515503, 44.559165954589844, 44.62819218635559, 43.13839650154114, 44.6558883190155, 45.31008529663086, 44.5036346912384]], "test_accuracy": 48.67, "convergence_iteration": 27}}