{"config": {"train_options": {"learning_rate": 0.005, "optimizer": "SGD", "batch_size": 128, "number_of_epochs": 300, "loss_parameters": {"temperature": 15, "distillation_type": "FEATURE_LAST", "alpha": 0.7, "beta": 0.6}}}, "results": {"train_losses": [[217.4767358154297, 211.74434594726563, 207.9604728027344, 203.07456260986328, 195.10341416015626, 184.47325341796875, 172.97283927001953, 161.32818723144533, 152.62805772094725, 142.0285315185547, 131.22402541503905, 129.23595658569337, 132.47337084350585, 136.76978697509765, 141.2570422729492, 148.03198537597657, 154.5914815673828, 160.29015290527343, 167.1158666748047, 173.93388924560546, 178.12348415527345, 184.14711931152343, 189.64709106445312, 196.51102348632813, 201.70912061767578, 206.99552883300782, 211.25506960449218, 216.99369675292968, 221.8909126953125, 226.10981950683595, 231.01590307617187, 235.29310014648436, 238.4581022216797, 242.0685836669922, 245.65275505371093, 249.67305012207032, 253.32527182617187, 256.61136767578125, 259.5628456787109, 263.624527734375, 265.88435915527344, 269.06202795410155, 271.71824614257815, 274.3860631103516, 276.65834333496093, 279.61340607910154, 282.28687497558593, 283.8096433837891]], "valid_losses": [[NaN, NaN, NaN, NaN, NaN, NaN, NaN, NaN, NaN, NaN, NaN, NaN, NaN, NaN, NaN, NaN, NaN, NaN, NaN, NaN, NaN, NaN, NaN, NaN, NaN, NaN, 212.51925252685547, 206.15422641601563, 212.77202915039064, 208.16991180419922, 220.58517458496092, 228.0674690551758, 242.73971986083984, 230.0092911254883, 231.09756821289062, 241.04851225585938, 234.81453212890625, 237.53979536132812, 246.71191041259766, 255.43892208251953, 252.70688591308593, 260.0505745361328, 268.1870612548828, 252.99696174316406, 267.2755908569336, 269.3903348754883, 269.5303425415039, 269.71404556884767]], "train_accs": [[1.6324999999999998, 3.0700000000000003, 4.65, 5.465, 6.2225, 6.8425, 7.495, 8.35, 9.035, 9.665, 10.3575, 10.865, 11.540000000000001, 11.965, 12.7325, 13.135, 13.502500000000001, 13.9075, 14.4225, 14.912500000000001, 15.1425, 15.6025, 15.8175, 16.3625, 16.6975, 16.9575, 17.1525, 17.8275, 18.145, 18.365000000000002, 18.6775, 19.067500000000003, 19.5175, 19.71, 20.16, 20.455000000000002, 20.915, 21.357499999999998, 21.432499999999997, 21.85, 22.475, 22.747500000000002, 23.175, 23.36, 23.8325, 24.1775, 24.7175, 24.732499999999998]], "valid_accs": [[2.31, 4.09, 5.01, 5.94, 6.25, 7.3, 7.739999999999999, 8.469999999999999, 9.11, 9.47, 10.56, 11.19, 11.72, 12.559999999999999, 12.75, 13.41, 13.600000000000001, 13.530000000000001, 14.24, 14.23, 14.510000000000002, 15.39, 15.540000000000001, 15.690000000000001, 15.870000000000001, 16.45, 16.650000000000002, 16.79, 17.130000000000003, 17.27, 17.69, 18.33, 18.360000000000003, 18.75, 19.21, 19.830000000000002, 19.81, 19.939999999999998, 20.16, 21.39, 21.02, 21.5, 22.0, 21.98, 22.27, 22.58, 23.23, 23.32]], "train_times": [[121.40094995498657, 121.50438499450684, 121.46968340873718, 120.42466235160828, 121.00863552093506, 120.82275819778442, 122.27318072319031, 120.67879486083984, 121.30628538131714, 120.62788462638855, 121.0228226184845, 120.20430898666382, 121.54901838302612, 120.99853110313416, 120.76450967788696, 120.82690024375916, 121.26469850540161, 121.96151614189148, 121.07152533531189, 121.67119789123535, 121.52086043357849, 120.10757780075073, 120.56449747085571, 121.22266364097595, 121.14128851890564, 122.54992604255676, 119.78894448280334, 120.80330920219421, 120.72612810134888, 121.16121482849121, 120.03302836418152, 121.31794881820679, 121.99610090255737, 120.7033064365387, 120.59739279747009, 120.98468112945557, 122.90774416923523, 120.52518343925476, 120.40942907333374, 120.40404057502747, 120.39036297798157, 121.9689040184021, 120.14333820343018, 121.02512621879578, 121.39696550369263, 119.98678636550903, 120.5638337135315, 120.548574924469]], "valid_times": [[24.086188077926636, 23.241180181503296, 24.03855538368225, 23.636080265045166, 23.832693099975586, 23.47590446472168, 23.8650221824646, 23.659985303878784, 23.404004096984863, 23.91261911392212, 23.795615911483765, 23.7657413482666, 24.065155506134033, 23.980071544647217, 23.489385843276978, 23.707924842834473, 24.245153665542603, 23.987852573394775, 24.073402881622314, 24.29156732559204, 24.239151000976562, 23.694626808166504, 23.611207723617554, 23.584242343902588, 23.910028219223022, 23.66277813911438, 23.55837869644165, 23.507545948028564, 24.753320693969727, 23.455141067504883, 23.7933611869812, 23.83395481109619, 23.514959812164307, 23.605361700057983, 23.801554679870605, 23.64247155189514, 24.03655195236206, 24.259077072143555, 23.71642255783081, 23.86976170539856, 23.873356580734253, 23.839017868041992, 23.770742416381836, 23.89790391921997, 23.92091727256775, 24.98544669151306, 23.662901639938354, 23.906699419021606]], "test_accuracy": 24.69, "convergence_iteration": 48}}