{
  "config": {
    "train_options": {
      "learning_rate": 0.05,
      "optimizer": "SGD",
      "batch_size": 128,
      "number_of_epochs": 300,
      "loss_parameters": {
        "temperature": 10,
        "distillation_type": "FEATURE_LAST",
        "alpha": 0.7,
        "beta": 0.8
      }
    }
  },
  "results": {
    "train_losses": [
      [
        370.6156840576172, 331.42518337402345, 334.6834411376953,
        348.9276935058594, 372.00830908203125, 390.46869501953125, 404.88363125,
        415.06250219726564, 427.28050771484374, 438.85912114257815,
        451.60102265625, 463.79183095703127, 474.1715818359375,
        485.9341128417969, 495.1706708984375, 504.96559296875,
        513.7203001953125, 521.9208719726563, 528.9401055664063,
        536.4347576171875, 542.8000170898438, 547.9022934570313,
        553.2290955566406, 557.7287873535156
      ]
    ],
    "valid_losses": [
      [
        NaN,
        NaN,
        NaN,
        324.2497427856445,
        359.40442166748045,
        376.88091134033203,
        392.61122186279295,
        414.2966586425781,
        409.10175439453127,
        415.5687000732422,
        448.3759686523438,
        456.4467856933594,
        471.2744551513672,
        481.28247900390625,
        495.3037242675781,
        515.7864955810547,
        519.5937043701172,
        525.9977240478515,
        536.9327536376953,
        548.8750611572266,
        550.269370703125,
        557.3655423339844,
        558.5714729248047,
        562.2041413085938
      ]
    ],
    "train_accs": [
      [
        3.315, 6.6850000000000005, 9.7775, 12.345, 14.1575, 15.765, 17.24,
        18.235, 19.9075, 21.34, 22.3975, 23.7875, 25.1225, 26.332499999999996,
        27.7175, 28.994999999999997, 30.044999999999998, 31.264999999999997,
        32.73, 33.53, 34.975, 36.045, 37.0325, 38.6575
      ]
    ],
    "valid_accs": [
      [
        5.1, 8.16, 10.97, 12.959999999999999, 15.040000000000001, 16.17, 16.81,
        17.96, 18.75, 19.86, 20.830000000000002, 22.259999999999998, 22.49,
        23.49, 26.479999999999997, 27.750000000000004, 28.67, 29.4,
        29.799999999999997, 30.070000000000004, 32.74, 33.28, 33.85, 35.18
      ]
    ],
    "train_times": [
      [
        182.3353054523468, 182.6403579711914, 182.86057090759277,
        184.33015036582947, 184.4001111984253, 182.26260948181152,
        183.6909008026123, 183.70820784568787, 183.25985264778137,
        183.5508954524994, 184.10147404670715, 184.1060926914215,
        184.11302185058594, 182.62076950073242, 182.15522933006287,
        183.07609748840332, 183.66691327095032, 181.80555176734924,
        183.35507798194885, 183.23079919815063, 184.1116964817047,
        182.93894290924072, 183.69634532928467, 182.68042755126953
      ]
    ],
    "valid_times": [
      [
        42.469101428985596, 43.526612281799316, 43.3610897064209,
        43.34290885925293, 42.809648275375366, 42.72367525100708,
        43.850252628326416, 43.59615874290466, 42.81060838699341,
        42.82061409950256, 43.368085622787476, 43.58762049674988,
        42.612295150756836, 43.590089082717896, 43.10663723945618,
        42.61265826225281, 43.28816342353821, 42.325252056121826,
        42.89716672897339, 43.4632511138916, 43.38260769844055,
        43.34725093841553, 42.99801445007324, 43.31409668922424
      ]
    ],
    "test_accuracy": 35.23,
    "convergence_iteration": 24
  }
}
