{"config": {"train_options": {"learning_rate": 0.005, "optimizer": "SGD", "batch_size": 128, "number_of_epochs": 300, "loss_parameters": {"temperature": 10, "distillation_type": "FEATURE_LAST", "alpha": 0.9, "beta": 0.6}}}, "results": {"train_losses": [[215.55841481933595, 212.92332998046874, 214.18516579589843, 214.7452922363281, 215.2123529296875, 212.21183735351562, 209.66261345214843, 206.44846420898438, 204.48369399414062, 201.78909194335938, 196.93064438476563, 191.243203125, 184.15396625976564, 179.3412006591797, 175.26214897460937, 173.17153745117187, 172.5706067138672, 172.33926557617187, 174.5814721435547, 176.94701423339845, 180.11311799316405, 183.89072661132812, 187.96503330078124, 191.29456303710938, 196.04242846679688, 199.86237817382812, 204.03195314941405, 207.92979504394532, 210.9495087890625, 214.94376125488282, 216.8901235107422, 220.5450115234375, 222.12110473632814, 225.447730078125, 228.4056172607422, 230.03903857421875, 231.9291720703125, 235.09201625976561, 236.52807670898437, 238.55675393066406, 241.43892502441406, 243.1722737792969, 245.57918227539062, 247.7998958251953, 249.83697463378905, 251.76458596191407, 254.56912307128906, 256.55321435546875, 258.19834958496097, 260.1624666748047, 262.73952819824217, 264.8001996826172, 266.6837235595703, 269.0390219482422, 271.2926163330078, 273.05842983398435, 275.44048671875, 277.49959985351563]], "valid_losses": [[NaN, NaN, NaN, NaN, NaN, NaN, NaN, NaN, NaN, NaN, NaN, NaN, NaN, NaN, NaN, NaN, NaN, NaN, NaN, NaN, NaN, NaN, NaN, NaN, NaN, NaN, NaN, NaN, NaN, NaN, NaN, NaN, NaN, NaN, NaN, NaN, 242.25393330688476, 239.40870635681154, 244.81395357055663, 248.11698513183595, 244.90454351196288, 251.3382998046875, 251.07290270996094, 249.52275759887695, 253.52745710449219, 257.2719257751465, 254.2670282470703, 260.32299556884766, 262.3050236450195, 263.94313571777343, 267.5054010131836, 266.17323845214844, 271.33179522094724, 271.800915045166, 270.8704880432129, 281.9124513183594, 275.7914495788574, 277.47842397460937]], "train_accs": [[1.275, 2.0075, 2.5775, 3.2399999999999998, 3.685, 4.1125, 4.34, 4.8175, 5.165, 5.3575, 5.695, 5.9375, 6.425, 6.7275, 7.0925, 7.39, 7.492500000000001, 7.725, 8.067499999999999, 8.2225, 8.575000000000001, 8.649999999999999, 8.975, 9.345, 9.5225, 9.700000000000001, 9.9175, 10.299999999999999, 10.4075, 10.67, 10.885, 11.047500000000001, 11.175, 11.559999999999999, 11.709999999999999, 11.727500000000001, 12.1575, 12.3775, 12.445, 12.642500000000002, 12.8225, 13.209999999999999, 13.25, 13.3875, 13.59, 13.725000000000001, 13.8675, 14.272499999999999, 14.3125, 14.475, 14.6425, 14.75, 14.8475, 14.9425, 15.2075, 15.2975, 15.49, 15.757499999999999]], "valid_accs": [[1.7500000000000002, 2.3, 2.71, 3.02, 3.7699999999999996, 4.05, 4.45, 4.96, 5.050000000000001, 5.4, 5.66, 6.08, 6.4399999999999995, 6.529999999999999, 7.06, 7.26, 7.739999999999999, 8.04, 8.14, 8.559999999999999, 8.81, 8.74, 9.0, 9.04, 9.54, 9.42, 9.87, 10.11, 10.31, 10.51, 10.84, 10.780000000000001, 11.27, 11.110000000000001, 11.540000000000001, 11.42, 11.78, 12.049999999999999, 12.04, 12.370000000000001, 12.950000000000001, 12.870000000000001, 13.059999999999999, 13.16, 13.28, 13.28, 13.74, 13.700000000000001, 13.819999999999999, 13.87, 13.99, 13.900000000000002, 14.57, 14.75, 14.59, 14.940000000000001, 14.89, 15.45]], "train_times": [[198.3190619945526, 200.19520020484924, 199.430184841156, 198.9699945449829, 199.9991466999054, 199.13159823417664, 199.13825011253357, 199.0088803768158, 195.28038096427917, 199.6059958934784, 200.25128054618835, 197.69633197784424, 197.48121643066406, 199.9947054386139, 197.87319445610046, 199.30054998397827, 199.73180866241455, 198.48403787612915, 199.7028374671936, 199.25540471076965, 198.89544439315796, 199.60850763320923, 198.9382884502411, 198.1793248653412, 199.00425601005554, 198.79976320266724, 199.48677730560303, 198.24668192863464, 198.37335348129272, 195.82956647872925, 199.79551458358765, 198.44103121757507, 195.96934509277344, 197.62022757530212, 198.38849782943726, 200.09886956214905, 195.1286747455597, 198.7288098335266, 200.0570068359375, 199.52637338638306, 194.97072911262512, 199.20654559135437, 199.41972827911377, 196.47875046730042, 198.59834384918213, 199.25008153915405, 195.928364276886, 199.31258416175842, 198.05129981040955, 195.69504857063293, 199.04628586769104, 195.1433937549591, 199.58733439445496, 199.89618945121765, 198.20192527770996, 199.57377791404724, 198.77430486679077, 198.98661470413208]], "valid_times": [[47.607085943222046, 47.57520818710327, 47.75371313095093, 47.04017686843872, 47.171616077423096, 46.60559844970703, 47.51166367530823, 47.57114839553833, 47.392616987228394, 46.99946570396423, 47.26204204559326, 45.699732303619385, 47.011255741119385, 47.496755838394165, 47.37322664260864, 47.35811996459961, 47.72052597999573, 47.08206605911255, 47.08364486694336, 47.55017924308777, 46.54161286354065, 47.229167461395264, 47.66002798080444, 47.30758619308472, 47.26107382774353, 46.688092947006226, 47.41006946563721, 47.09259486198425, 46.97679901123047, 46.073962688446045, 47.06455612182617, 46.27167248725891, 45.76106643676758, 45.847233057022095, 45.8880729675293, 46.24510335922241, 45.942065477371216, 45.61772322654724, 46.027437925338745, 46.68273878097534, 47.1645565032959, 46.750123262405396, 47.28903913497925, 45.82127022743225, 47.00413107872009, 46.81862187385559, 46.825085401535034, 47.10170793533325, 46.56550335884094, 45.403674840927124, 47.39114189147949, 47.34830045700073, 46.10428333282471, 47.35763335227966, 46.99622988700867, 47.125078201293945, 46.94720506668091, 47.07710075378418]], "test_accuracy": 16.220000000000002, "convergence_iteration": 58}}