{"config": {"train_options": {"learning_rate": 0.005, "optimizer": "SGD", "batch_size": 128, "number_of_epochs": 300, "loss_parameters": {"temperature": 5, "distillation_type": "FEATURE_LAST", "alpha": 0.7, "beta": 0.5}}}, "results": {"train_losses": [[202.53224997558593, 186.88195, 168.23694283447264, 163.33868458251953, 166.58481743164063, 169.66019360351564, 168.60512283935546, 163.43129315185547, 158.97448603515625, 154.70570675048828, 152.70992293701173, 152.23908930664064, 152.3019860595703, 152.86127590332032, 154.12281372070314, 156.8713524902344, 159.68275126953125, 163.0833141479492, 166.33843491210936, 168.89148826904298, 173.05912752685546, 174.45300146484374, 176.9936872680664, 179.70083049316406, 181.83909122314452, 183.6779486694336, 185.04499465332032, 186.91308685302735, 188.69235908203126, 190.69775270996092, 192.90263896484376, 195.0110294921875, 196.8731998779297, 199.10635732421875, 201.41363681640624, 204.0908259277344, 205.54944165039063, 207.40122099609374, 210.12760158691407, 212.45321638183594]], "valid_losses": [[NaN, NaN, NaN, NaN, NaN, NaN, 159.4830609008789, 155.30037813720702, NaN, 138.67290419311524, NaN, NaN, NaN, NaN, NaN, NaN, NaN, NaN, NaN, 158.2126158203125, 151.0659410888672, NaN, 155.4352262084961, 154.86452500610352, 154.0447649230957, 160.32107938232423, 156.35118864746093, 153.5356388244629, 181.37741591796876, 162.95139809570313, 174.02192310180664, 174.35256503295898, 172.2260009338379, 176.1085997314453, 183.07935299682617, 186.23986630249024, 187.4227966369629, 189.90267863159178, 189.74239536743164, 212.77165717773437]], "train_accs": [[1.735, 3.1, 4.26, 5.6125, 6.619999999999999, 7.3950000000000005, 8.66, 9.5125, 10.255, 11.025, 11.8075, 12.432500000000001, 13.175, 13.8025, 14.432500000000001, 14.7575, 15.4225, 16.014999999999997, 16.3825, 16.814999999999998, 17.5175, 18.0125, 18.605, 19.0475, 19.6975, 20.135, 20.585, 21.044999999999998, 21.6525, 22.0775, 22.400000000000002, 22.8775, 23.345, 23.9125, 24.1375, 24.7025, 25.107499999999998, 25.627499999999998, 25.805, 26.3525]], "valid_accs": [[2.5, 3.7699999999999996, 5.29, 6.460000000000001, 7.12, 8.12, 9.17, 10.01, 10.61, 11.59, 12.07, 13.0, 13.639999999999999, 14.469999999999999, 14.75, 14.81, 15.25, 15.89, 16.03, 17.04, 17.5, 17.740000000000002, 18.3, 17.79, 18.77, 19.09, 19.31, 19.55, 21.19, 20.9, 21.38, 21.8, 22.05, 22.16, 23.119999999999997, 24.04, 23.95, 24.43, 24.62, 24.94]], "train_times": [[120.41454887390137, 121.1574604511261, 120.1564040184021, 120.56165313720703, 120.08047199249268, 120.69523596763611, 119.9033854007721, 121.73940181732178, 120.69181632995605, 120.42215824127197, 120.6204481124878, 121.43046426773071, 120.1251118183136, 120.33218312263489, 121.033287525177, 121.88170504570007, 119.49303078651428, 120.68309664726257, 121.17923402786255, 119.77566051483154, 121.20061707496643, 121.65562725067139, 121.9077787399292, 119.55631566047668, 120.17533946037292, 121.29456186294556, 120.83870577812195, 119.83250546455383, 119.27865743637085, 120.0087718963623, 122.10617327690125, 120.37034916877747, 120.91171836853027, 120.489981174469, 120.0860116481781, 119.3905668258667, 121.670254945755, 120.15984964370728, 119.73175311088562, 123.68506693840027]], "valid_times": [[23.651214838027954, 23.104432106018066, 23.654521703720093, 23.806782245635986, 23.537991523742676, 23.91437792778015, 23.67930507659912, 23.497586727142334, 23.65760636329651, 23.346726417541504, 23.220797061920166, 23.908957481384277, 23.38975763320923, 23.313762187957764, 23.476646423339844, 23.668622732162476, 23.271395444869995, 23.918375492095947, 24.271219968795776, 23.842831134796143, 23.733177423477173, 23.611116647720337, 23.549521923065186, 23.669044017791748, 24.13730025291443, 23.364779233932495, 23.519477128982544, 23.609411478042603, 23.633490085601807, 23.398190021514893, 23.871832370758057, 23.665151596069336, 23.55475950241089, 24.059206247329712, 23.311346530914307, 23.281434774398804, 23.46093511581421, 23.278162479400635, 23.437663793563843, 23.226332902908325]], "test_accuracy": 25.85, "convergence_iteration": 40}}