{"config": {"train_options": {"learning_rate": 0.01, "optimizer": "SGD", "batch_size": 128, "number_of_epochs": 300, "loss_parameters": {"temperature": 5, "distillation_type": "FEATURE_LAST", "alpha": 0.8, "beta": 0.6}}}, "results": {"train_losses": [[268.59261970214845, 273.33968679199216, 260.5967626953125, 247.34139638671874, 240.42179848632813, 240.01445183105469, 243.1846919189453, 246.08558217773438, 251.60009975585936, 255.3990962890625, 261.25963315429686, 264.82336059570315, 269.48039611816404, 273.6131437255859, 276.96755395507813, 281.23135295410157, 283.8825255859375, 287.65015881347654, 289.4068239501953, 292.44225876464844, 294.7984357910156, 297.26816650390623, 299.12464672851564, 301.82500078125, 304.51018352050784, 306.6880237060547, 309.43679497070315]], "valid_losses": [[NaN, NaN, NaN, NaN, NaN, NaN, 242.62046568908693, 248.03204320983886, 246.66088905639648, 249.6355317993164, 261.67892884521484, 255.40281279296875, 261.74669939575193, 266.93966426391603, 271.43818985595703, 274.2783268676758, 280.4432926208496, 281.39707059326173, 281.7969483642578, 284.9056616333008, 296.9416681518555, 296.59433155517576, 293.7280479248047, 300.634144519043, 303.5672499633789, 305.7493574951172, 305.3041772583008]], "train_accs": [[2.125, 3.8600000000000003, 5.035, 6.2225, 7.352499999999999, 8.27, 9.0, 9.7425, 10.549999999999999, 10.9625, 11.5725, 12.1425, 12.709999999999999, 13.1775, 13.692499999999999, 14.497499999999999, 14.8525, 15.565000000000001, 15.945, 16.6475, 17.275, 17.6625, 18.375, 18.935, 19.6675, 20.06, 20.435]], "valid_accs": [[3.04, 3.85, 5.7, 6.69, 7.359999999999999, 8.04, 9.02, 9.66, 10.43, 10.73, 11.43, 12.17, 12.4, 12.879999999999999, 13.79, 14.14, 14.879999999999999, 15.58, 16.02, 17.05, 16.85, 17.24, 18.26, 18.37, 18.67, 19.439999999999998, 20.3]], "train_times": [[117.91986227035522, 117.47107124328613, 117.4942216873169, 117.80769729614258, 117.67777824401855, 117.8148581981659, 118.03458142280579, 117.85548448562622, 117.91014909744263, 117.87111568450928, 117.83427309989929, 118.0422523021698, 118.54722046852112, 118.08517789840698, 117.86676597595215, 117.80736517906189, 118.06927990913391, 118.04723119735718, 118.37858033180237, 118.15223574638367, 118.21001386642456, 118.01399374008179, 118.21988987922668, 118.01482033729553, 118.3175094127655, 118.52943396568298, 118.3344337940216]], "valid_times": [[26.84087562561035, 27.07751750946045, 27.06420111656189, 27.14104461669922, 27.156863689422607, 27.03166651725769, 27.170575857162476, 27.025084018707275, 27.09186601638794, 26.986048460006714, 26.900118350982666, 27.07703185081482, 27.17951989173889, 27.17323589324951, 27.080584287643433, 27.063637018203735, 27.141586780548096, 27.08068537712097, 27.263126850128174, 27.079618215560913, 27.26831316947937, 27.17103123664856, 27.113070964813232, 27.132161617279053, 27.17002511024475, 27.197062015533447, 27.30804133415222]], "test_accuracy": 20.66, "convergence_iteration": 27}}