{"config": {"train_options": {"learning_rate": 0.01, "optimizer": "SGD", "batch_size": 128, "number_of_epochs": 300, "loss_parameters": {"temperature": 20, "distillation_type": "FEATURE_LAST", "alpha": 0.4, "beta": 0.7}}}, "results": {"train_losses": [[302.6816562255859, 254.24511528320312, 211.4020725341797, 194.91342241210938, 200.6594465576172, 207.46634226074218, 214.5604014404297, 219.7943719482422, 226.15473923339843, 233.37710874023438, 240.13976926269532, 250.55818142089845, 258.8708935546875, 266.1024575927734, 275.0684524169922, 283.0146106689453, 290.35487741699217, 296.3915287109375, 303.10470334472654, 308.9043517089844, 314.7650272460937, 320.6665100341797, 326.3116205566406, 332.2999625, 336.42891875, 339.94147404785156, 344.0071897705078, 346.6185789794922, 350.77938168945315, 354.62575310058594, 358.03467443847654]], "valid_losses": [[NaN, NaN, NaN, NaN, 242.42734489746093, NaN, 227.32159982910156, NaN, 216.51135231933594, NaN, 221.28249135742186, NaN, 246.6551335083008, 232.45690454101563, 266.14869975585935, 290.8619464477539, 265.0937588867188, 292.8232283935547, 303.18515178222657, 293.87962270507813, 309.0144082763672, 321.20387239990237, 319.73144403076174, 341.46699611816405, 339.15186520996093, 339.2237826904297, 344.9542036376953, 342.22912377929686, 356.29375380859375, 360.79888395996096, 357.9549155029297]], "train_accs": [[1.8450000000000002, 4.315, 6.7125, 8.6375, 10.3325, 11.799999999999999, 13.0675, 14.315, 15.61, 16.509999999999998, 17.595, 18.817500000000003, 19.705000000000002, 20.7725, 21.95, 23.06, 23.775, 24.732499999999998, 25.595000000000002, 26.5375, 27.3725, 28.1875, 29.1275, 29.709999999999997, 30.917499999999997, 31.632500000000004, 32.235, 32.947500000000005, 33.955, 34.325, 35.2025]], "valid_accs": [[3.58, 5.949999999999999, 7.85, 9.34, 10.76, 12.08, 13.16, 14.099999999999998, 14.56, 15.68, 16.830000000000002, 17.18, 17.75, 20.09, 20.68, 21.790000000000003, 21.93, 23.14, 23.47, 25.430000000000003, 25.840000000000003, 26.46, 26.029999999999998, 27.200000000000003, 28.4, 28.07, 28.720000000000002, 28.349999999999998, 30.470000000000002, 31.169999999999998, 31.31]], "train_times": [[194.86304235458374, 190.58126831054688, 188.48123717308044, 194.08733367919922, 191.71129155158997, 191.64617466926575, 190.9235963821411, 192.02076601982117, 193.21158385276794, 193.4884738922119, 203.09458446502686, 194.58725118637085, 195.34064173698425, 195.15699291229248, 195.17597365379333, 194.67343401908875, 194.78234434127808, 195.02859807014465, 194.3063588142395, 195.01797080039978, 198.59998083114624, 194.35957598686218, 194.7102015018463, 194.52787518501282, 195.5363953113556, 195.90259218215942, 190.0099995136261, 191.65502619743347, 192.545916557312, 191.91216230392456, 197.27772283554077]], "valid_times": [[46.83880376815796, 44.45994782447815, 44.46905732154846, 45.44057655334473, 45.20956778526306, 45.25254464149475, 45.3361554145813, 44.842647314071655, 45.19061613082886, 44.988513231277466, 45.8356499671936, 46.01689887046814, 45.247422218322754, 45.74505686759949, 45.77874445915222, 46.166797399520874, 45.762930154800415, 46.334091663360596, 45.033567667007446, 45.545576095581055, 46.24564027786255, 45.74817895889282, 45.794910192489624, 46.05820965766907, 45.538926124572754, 45.5153272151947, 45.667519330978394, 45.26110482215881, 44.96353769302368, 45.46578907966614, 46.21773862838745]], "test_accuracy": 32.66, "convergence_iteration": 31}}