{"config": {"train_options": {"learning_rate": 0.01, "optimizer": "SGD", "batch_size": 128, "number_of_epochs": 300, "loss_parameters": {"temperature": 10, "distillation_type": "FEATURE_LAST", "alpha": 0.5, "beta": 0.6}}}, "results": {"train_losses": [[224.25107651367188, 189.81753122558592, 173.39789603271484, 175.41438779296874, 178.42181947021484, 183.4253474975586, 189.70533759765624, 197.79009689941407, 200.65903830566407, 207.62844077148438, 216.2603693359375, 224.78095119628907, 232.44550395507812, 237.85909326171875, 244.78044587402343, 250.319564453125, 253.8164078857422, 258.2538852050781, 261.2779452636719, 266.1851388916016, 268.87220642089846, 272.88341545410157, 275.5507022705078, 279.4379020996094, 282.7668394042969, 286.2227825195312, 288.75529982910155, 291.9787453857422, 295.08473415527345]], "valid_losses": [[NaN, NaN, NaN, NaN, NaN, NaN, 184.21813678283692, NaN, 181.11126548461914, 198.61610755615234, 208.19619911499024, 197.1852099975586, 226.0970598083496, 233.27515479736329, 221.32709505004883, 224.85169533691408, 228.31129338378906, 243.4097404296875, 242.77156842041015, 241.36705540771484, 251.40321444091796, 257.0930567260742, 266.53200677490236, 268.9316522827148, 270.23144942626953, 271.1767328613281, 266.2245113769531, 279.2023043457031, 277.2867996826172]], "train_accs": [[2.7824999999999998, 5.395, 7.635, 9.5825, 11.215, 12.4875, 13.722500000000002, 14.7375, 15.9575, 16.98, 18.029999999999998, 19.035, 20.3425, 21.245, 22.4075, 23.5075, 24.665, 25.937500000000004, 26.7675, 27.932499999999997, 29.122500000000002, 30.0525, 31.0775, 31.917499999999997, 32.7125, 33.660000000000004, 34.4525, 35.2425, 35.8125]], "valid_accs": [[3.91, 6.239999999999999, 8.36, 9.58, 11.08, 11.97, 13.4, 14.719999999999999, 15.329999999999998, 16.13, 17.79, 18.35, 20.02, 20.95, 21.89, 22.1, 22.6, 24.59, 25.05, 26.13, 27.29, 27.200000000000003, 29.09, 28.71, 29.7, 30.81, 31.080000000000002, 31.269999999999996, 32.129999999999995]], "train_times": [[192.02363085746765, 189.6066882610321, 190.02607607841492, 190.18681693077087, 191.05777740478516, 190.10043859481812, 190.21791434288025, 191.73395991325378, 191.73526287078857, 189.56784534454346, 191.2935287952423, 191.34331154823303, 191.50042033195496, 190.86080312728882, 190.4540572166443, 191.65033745765686, 190.5067536830902, 189.52310395240784, 189.42818307876587, 191.28733205795288, 191.1019470691681, 191.79230666160583, 191.74130606651306, 191.8072853088379, 191.72854566574097, 191.0743384361267, 191.75719022750854, 191.8118896484375, 191.25111937522888]], "valid_times": [[44.72816252708435, 44.4066686630249, 44.99313139915466, 44.479703187942505, 45.10915398597717, 44.484002113342285, 44.84013605117798, 44.77615785598755, 44.97967314720154, 44.97164034843445, 45.09761905670166, 44.707621574401855, 44.641897439956665, 45.301623582839966, 43.74559164047241, 45.22464203834534, 44.73763942718506, 44.84063506126404, 44.24013376235962, 44.510695695877075, 45.1107280254364, 45.23170828819275, 45.141472578048706, 44.18773627281189, 45.181551694869995, 45.09709692001343, 45.08514356613159, 45.27767300605774, 45.31106233596802]], "test_accuracy": 33.95, "convergence_iteration": 29}}